ticket_id,customer_id,order_id,issue_type,priority,created_at,resolved_at
T100001,C100243,O1003587,Product Query,High,2025-07-26 23:00:00,2025-07-29 06:00:00
T100002,C100272,O1009050,Product Query,High,2025-08-16 15:00:00,2025-08-20 08:00:00
T100003,C100930,O1002523,Payment,Low,2025-07-26 18:00:00,2025-07-27 10:00:00
T100004,C100263,O1002038,Product Query,Medium,2025-01-07 08:00:00,2025-01-08 18:00:00
T100005,C100514,O1000085,Late Delivery,Critical,2025-03-31 17:00:00,2025-04-03 02:00:00
T100006,C100930,O1008022,Late Delivery,Medium,2025-07-09 15:00:00,2025-07-13 16:00:00
T100007,C100694,O1002009,Damaged Product,Low,2025-08-09 20:00:00,2025-08-14 04:00:00
T100008,C100478,O1004317,Damaged Product,Low,2025-03-16 19:00:00,2025-03-19 08:00:00
T100009,C100606,O1000424,Late Delivery,Medium,2025-02-12 19:00:00,2025-02-17 13:00:00
T100010,C100677,O1005155,Damaged Product,High,2025-02-21 22:00:00,2025-02-26 18:00:00
T100011,C100108,O1006927,Late Delivery,High,2025-10-17 01:00:00,2025-10-17 03:00:00
T100012,C100264,O1003259,Damaged Product,Low,2025-02-04 16:00:00,2025-02-07 14:00:00
T100013,C100751,O1000688,Damaged Product,High,2025-11-12 03:00:00,2025-11-17 00:00:00
T100014,C100911,O1002140,Payment,Critical,2025-02-26 00:00:00,2025-02-27 09:00:00
T100015,C100786,O1007517,Payment,Medium,2025-12-24 20:00:00,2025-12-26 12:00:00
T100016,C100971,O1008776,Damaged Product,Medium,2025-08-19 19:00:00,2025-08-21 10:00:00
T100017,C100138,O1006862,Damaged Product,Low,2025-11-23 20:00:00,2025-11-27 09:00:00
T100018,C100737,O1009222,Product Query,Low,2025-06-14 20:00:00,2025-06-17 00:00:00
T100019,C100881,O1000333,Refund,Low,2025-08-31 10:00:00,2025-09-04 04:00:00
T100020,C100159,O1007782,Refund,Low,2025-05-07 12:00:00,2025-05-09 08:00:00
T100021,C100400,O1009925,Product Query,Low,2025-02-22 18:00:00,2025-02-27 06:00:00
T100022,C100865,O1008812,Payment,Medium,2025-09-26 15:00:00,2025-09-27 23:00:00
T100023,C100918,O1009792,Payment,Low,2025-02-01 20:00:00,2025-02-03 22:00:00
T100024,C100089,O1005095,Damaged Product,Critical,2025-06-03 21:00:00,2025-06-08 04:00:00
T100025,C100715,O1009474,Damaged Product,High,2025-01-29 20:00:00,2025-02-02 16:00:00
T100026,C100954,O1004416,Refund,Medium,2025-07-08 09:00:00,2025-07-10 07:00:00
T100027,C100016,O1002459,Refund,High,2025-11-03 14:00:00,2025-11-07 00:00:00
T100028,C100292,O1008595,Refund,Medium,2025-03-07 08:00:00,2025-03-09 15:00:00
T100029,C100363,O1006683,Damaged Product,High,2025-10-07 04:00:00,2025-10-08 20:00:00
T100030,C100988,O1006863,Product Query,Medium,2025-04-23 22:00:00,2025-04-25 10:00:00
T100031,C100408,O1004482,Payment,Low,2025-03-23 05:00:00,2025-03-27 08:00:00
T100032,C100580,O1009954,Late Delivery,Medium,2025-11-25 23:00:00,2025-11-30 00:00:00
T100033,C100301,O1003338,Late Delivery,Medium,2025-03-28 07:00:00,2025-04-01 18:00:00
T100034,C100409,O1006126,Late Delivery,High,2025-07-30 17:00:00,2025-08-01 17:00:00
T100035,C100026,O1004247,Late Delivery,High,2025-02-05 06:00:00,2025-02-08 02:00:00
T100036,C100142,O1003346,Damaged Product,Medium,2025-02-24 17:00:00,2025-02-25 05:00:00
T100037,C100138,O1006959,Late Delivery,Medium,2025-12-21 17:00:00,2025-12-25 19:00:00
T100038,C100287,O1001329,Refund,High,2025-06-06 16:00:00,2025-06-07 14:00:00
T100039,C100097,O1001084,Refund,High,2025-04-02 16:00:00,2025-04-05 19:00:00
T100040,C100737,O1006477,Payment,Medium,2025-11-16 10:00:00,2025-11-20 18:00:00
T100041,C100950,O1004445,Damaged Product,Low,2025-11-06 09:00:00,2025-11-10 08:00:00
T100042,C100328,O1001427,Late Delivery,Critical,2025-04-01 02:00:00,2025-04-05 04:00:00
T100043,C100160,O1009366,Payment,High,2025-10-07 06:00:00,2025-10-10 08:00:00
T100044,C100160,O1009366,Damaged Product,Medium,2025-04-10 17:00:00,2025-04-15 11:00:00
T100045,C100281,O1006111,Product Query,High,2025-10-20 18:00:00,2025-10-24 05:00:00
T100046,C100460,O1003742,Refund,Medium,2025-04-20 00:00:00,2025-04-23 07:00:00
T100047,C100390,O1009175,Damaged Product,Medium,2025-08-18 10:00:00,2025-08-18 16:00:00
T100048,C100772,O1002004,Product Query,High,2025-12-20 15:00:00,2025-12-23 20:00:00
T100049,C100077,O1000258,Product Query,Medium,2025-03-19 19:00:00,2025-03-20 08:00:00
T100050,C100878,O1006076,Damaged Product,Medium,2025-03-20 13:00:00,2025-03-22 12:00:00
T100051,C100387,O1005680,Payment,High,2025-03-22 09:00:00,2025-03-24 11:00:00
T100052,C100895,O1002788,Payment,High,2025-06-26 08:00:00,2025-06-28 10:00:00
T100053,C100810,O1006973,Refund,Medium,2025-12-07 18:00:00,2025-12-11 17:00:00
T100054,C100326,O1002321,Refund,Low,2025-11-04 11:00:00,2025-11-07 22:00:00
T100055,C100706,O1003384,Payment,High,2025-07-22 00:00:00,2025-07-22 09:00:00
T100056,C100782,O1001416,Product Query,Low,2025-06-22 19:00:00,2025-06-24 17:00:00
T100057,C100398,O1001236,Product Query,Medium,2025-09-02 19:00:00,2025-09-02 22:00:00
T100058,C100829,O1001094,Damaged Product,Medium,2025-11-02 17:00:00,2025-11-06 19:00:00
T100059,C100554,O1000899,Payment,High,2025-07-13 14:00:00,2025-07-14 17:00:00
T100060,C100592,O1001991,Payment,Medium,2025-07-10 21:00:00,2025-07-13 01:00:00
T100061,C100594,O1005402,Late Delivery,High,2025-05-06 00:00:00,2025-05-10 07:00:00
T100062,C100033,O1003918,Payment,Medium,2025-12-03 18:00:00,2025-12-07 12:00:00
T100063,C100275,O1001926,Refund,Medium,2025-09-15 03:00:00,2025-09-19 13:00:00
T100064,C100313,O1001223,Late Delivery,Medium,2025-08-17 20:00:00,2025-08-19 14:00:00
T100065,C100062,O1000501,Payment,Low,2025-11-10 17:00:00,2025-11-12 05:00:00
T100066,C100210,O1006292,Product Query,Medium,2025-08-19 20:00:00,2025-08-22 08:00:00
T100067,C100183,O1008300,Product Query,Low,2025-03-27 07:00:00,2025-03-30 17:00:00
T100068,C100702,O1002442,Late Delivery,Critical,2025-09-11 09:00:00,2025-09-15 19:00:00
T100069,C100928,O1008049,Late Delivery,Low,2025-03-01 07:00:00,2025-03-04 20:00:00
T100070,C100982,O1007188,Payment,Critical,2025-03-04 00:00:00,2025-03-08 11:00:00
T100071,C100049,O1007471,Late Delivery,Low,2025-01-25 01:00:00,2025-01-25 03:00:00
T100072,C100101,O1002901,Damaged Product,Medium,2025-02-19 03:00:00,2025-02-23 11:00:00
T100073,C100078,O1005477,Late Delivery,Medium,2025-11-26 15:00:00,2025-11-28 13:00:00
T100074,C100625,O1005656,Payment,Medium,2025-01-14 03:00:00,2025-01-14 23:00:00
T100075,C100275,O1005162,Payment,Medium,2025-09-08 20:00:00,2025-09-09 15:00:00
T100076,C100959,O1007447,Product Query,Medium,2025-11-22 13:00:00,2025-11-24 12:00:00
T100077,C100968,O1005495,Product Query,Medium,2025-09-17 09:00:00,2025-09-19 03:00:00
T100078,C100240,O1005779,Refund,High,2025-04-01 22:00:00,2025-04-02 08:00:00
T100079,C100684,O1007727,Product Query,Medium,2025-01-20 20:00:00,2025-01-22 05:00:00
T100080,C100995,O1002553,Product Query,Medium,2025-06-17 05:00:00,2025-06-19 17:00:00
T100081,C100011,O1006607,Product Query,Medium,2025-05-26 11:00:00,2025-05-26 22:00:00
T100082,C100533,O1006812,Product Query,Medium,2025-10-01 19:00:00,2025-10-03 06:00:00
T100083,C100610,O1001442,Product Query,Low,2025-01-21 21:00:00,2025-01-26 19:00:00
T100084,C100919,O1007205,Payment,High,2025-10-14 07:00:00,2025-10-18 22:00:00
T100085,C100791,O1003481,Payment,Medium,2025-09-09 11:00:00,2025-09-12 00:00:00
T100086,C100993,O1006944,Damaged Product,Low,2025-04-27 21:00:00,2025-04-30 04:00:00
T100087,C100666,O1006834,Damaged Product,Low,2025-05-05 23:00:00,2025-05-06 18:00:00
T100088,C100482,O1002672,Damaged Product,Low,2025-09-09 22:00:00,2025-09-14 13:00:00
T100089,C100408,O1005511,Payment,High,2025-12-24 22:00:00,2025-12-26 03:00:00
T100090,C100091,O1005109,Damaged Product,Medium,2025-05-09 03:00:00,2025-05-10 00:00:00
T100091,C100579,O1009316,Refund,Low,2025-09-21 02:00:00,2025-09-21 08:00:00
T100092,C100333,O1001743,Refund,High,2025-08-06 23:00:00,2025-08-11 10:00:00
T100093,C100721,O1002786,Product Query,Medium,2025-02-22 02:00:00,2025-02-23 15:00:00
T100094,C100528,O1004078,Product Query,Medium,2025-10-30 21:00:00,2025-11-02 00:00:00
T100095,C100122,O1007223,Late Delivery,High,2025-03-08 11:00:00,2025-03-08 20:00:00
T100096,C100595,O1002323,Payment,High,2025-02-02 11:00:00,2025-02-03 23:00:00
T100097,C100712,O1007110,Damaged Product,Medium,2025-02-14 11:00:00,2025-02-15 18:00:00
T100098,C100902,O1001480,Product Query,Medium,2025-05-23 13:00:00,2025-05-28 12:00:00
T100099,C100220,O1007557,Damaged Product,Low,2025-04-02 01:00:00,2025-04-04 06:00:00
T100100,C100332,O1007602,Late Delivery,Medium,2025-06-14 10:00:00,2025-06-15 13:00:00
T100101,C100353,O1006422,Product Query,Medium,2025-12-21 11:00:00,2025-12-24 20:00:00
T100102,C100563,O1009836,Damaged Product,Low,2025-01-28 00:00:00,2025-01-29 06:00:00
T100103,C100209,O1008881,Product Query,Medium,2025-12-26 15:00:00,2025-12-30 19:00:00
T100104,C100572,O1006840,Payment,Medium,2025-04-26 18:00:00,2025-05-01 09:00:00
T100105,C100427,O1007812,Product Query,Low,2025-04-15 17:00:00,2025-04-16 01:00:00
T100106,C100486,O1006552,Late Delivery,Critical,2025-01-30 12:00:00,2025-02-01 22:00:00
T100107,C100937,O1008157,Refund,Low,2025-03-31 03:00:00,2025-04-01 10:00:00
T100108,C100300,O1008086,Product Query,High,2025-12-23 17:00:00,2025-12-27 23:00:00
T100109,C100322,O1004459,Product Query,High,2025-04-04 15:00:00,2025-04-05 09:00:00
T100110,C100602,O1001453,Damaged Product,Low,2025-10-22 01:00:00,2025-10-24 03:00:00
T100111,C100511,O1000698,Product Query,Medium,2025-07-04 15:00:00,2025-07-06 10:00:00
T100112,C100067,O1002884,Product Query,Medium,2025-01-13 11:00:00,2025-01-15 20:00:00
T100113,C100896,O1005469,Late Delivery,Low,2025-06-25 19:00:00,2025-06-26 17:00:00
T100114,C100584,O1002894,Damaged Product,Medium,2025-02-01 22:00:00,2025-02-02 14:00:00
T100115,C100095,O1004796,Product Query,Medium,2025-06-13 16:00:00,2025-06-14 21:00:00
T100116,C100795,O1002031,Product Query,Low,2025-06-25 11:00:00,2025-06-28 21:00:00
T100117,C100622,O1009286,Damaged Product,Medium,2025-01-30 01:00:00,2025-02-03 15:00:00
T100118,C100251,O1004293,Payment,Low,2025-08-09 03:00:00,2025-08-13 22:00:00
T100119,C100751,O1006777,Payment,Medium,2025-04-05 07:00:00,2025-04-08 12:00:00
T100120,C100047,O1005556,Late Delivery,Medium,2025-10-18 18:00:00,2025-10-18 21:00:00
T100121,C100170,O1007915,Damaged Product,Medium,2025-06-15 18:00:00,2025-06-20 02:00:00
T100122,C100140,O1005691,Late Delivery,High,2025-11-13 23:00:00,2025-11-18 13:00:00
T100123,C100270,O1006986,Damaged Product,Medium,2025-03-20 17:00:00,2025-03-23 11:00:00
T100124,C100369,O1008379,Late Delivery,High,2025-08-27 13:00:00,2025-08-30 08:00:00
T100125,C100209,O1006364,Damaged Product,High,2025-08-16 23:00:00,2025-08-21 01:00:00
T100126,C100065,O1006378,Late Delivery,High,2025-01-02 03:00:00,2025-01-03 22:00:00
T100127,C100926,O1009137,Payment,Medium,2025-02-26 04:00:00,2025-02-27 23:00:00
T100128,C100996,O1007133,Payment,Medium,2025-04-16 13:00:00,2025-04-20 07:00:00
T100129,C100050,O1000673,Refund,High,2025-05-12 02:00:00,2025-05-13 08:00:00
T100130,C100895,O1008011,Refund,High,2025-11-19 05:00:00,2025-11-23 08:00:00
T100131,C100733,O1008738,Refund,High,2025-10-05 00:00:00,2025-10-07 18:00:00
T100132,C100552,O1005961,Damaged Product,Medium,2025-03-15 22:00:00,2025-03-17 12:00:00
T100133,C100662,O1008040,Late Delivery,Medium,2025-08-04 22:00:00,2025-08-09 15:00:00
T100134,C100188,O1000832,Product Query,Low,2025-01-18 01:00:00,2025-01-18 20:00:00
T100135,C100330,O1009932,Refund,Low,2025-11-30 00:00:00,2025-12-04 04:00:00
T100136,C100064,O1008688,Refund,Medium,2025-09-09 14:00:00,2025-09-12 06:00:00
T100137,C100756,O1001358,Damaged Product,Medium,2025-04-16 06:00:00,2025-04-17 12:00:00
T100138,C100697,O1006566,Damaged Product,Low,2025-09-03 16:00:00,2025-09-06 18:00:00
T100139,C100046,O1008427,Product Query,Low,2025-01-04 18:00:00,2025-01-09 12:00:00
T100140,C100340,O1007359,Payment,High,2025-04-06 02:00:00,2025-04-07 00:00:00
T100141,C100084,O1002443,Refund,High,2025-07-04 18:00:00,2025-07-07 09:00:00
T100142,C100974,O1002310,Product Query,Medium,2025-08-19 04:00:00,2025-08-22 17:00:00
T100143,C100665,O1000619,Product Query,High,2025-03-22 18:00:00,2025-03-24 21:00:00
T100144,C100184,O1005417,Refund,High,2025-07-31 17:00:00,2025-08-01 22:00:00
T100145,C100518,O1002514,Refund,Low,2025-02-14 23:00:00,2025-02-16 11:00:00
T100146,C100774,O1005720,Late Delivery,High,2025-02-20 13:00:00,2025-02-22 16:00:00
T100147,C100642,O1001491,Damaged Product,Low,2025-01-07 12:00:00,2025-01-10 16:00:00
T100148,C100238,O1004122,Product Query,Low,2025-10-06 23:00:00,2025-10-09 23:00:00
T100149,C100599,O1002867,Payment,Medium,2025-08-03 02:00:00,2025-08-06 00:00:00
T100150,C100103,O1001377,Payment,Medium,2025-03-22 02:00:00,2025-03-23 22:00:00
T100151,C100422,O1009150,Refund,Medium,2025-05-21 23:00:00,2025-05-26 02:00:00
T100152,C100890,O1001104,Product Query,Low,2025-10-14 19:00:00,2025-10-17 01:00:00
T100153,C100664,O1006559,Damaged Product,Medium,2025-04-29 00:00:00,2025-05-03 13:00:00
T100154,C100303,O1004406,Product Query,High,2025-04-08 14:00:00,2025-04-10 05:00:00
T100155,C100034,O1005710,Damaged Product,High,2025-05-20 05:00:00,2025-05-23 23:00:00
T100156,C100900,O1002729,Refund,Low,2025-03-21 06:00:00,2025-03-24 01:00:00
T100157,C100680,O1008721,Product Query,High,2025-10-06 13:00:00,2025-10-07 12:00:00
T100158,C100666,O1003519,Product Query,Medium,2025-11-17 01:00:00,2025-11-17 13:00:00
T100159,C100204,O1008988,Product Query,High,2025-03-26 17:00:00,2025-03-27 10:00:00
T100160,C100144,O1003799,Product Query,Low,2025-12-03 01:00:00,2025-12-05 10:00:00
T100161,C100245,O1009636,Damaged Product,High,2025-07-06 00:00:00,2025-07-08 17:00:00
T100162,C100838,O1007325,Late Delivery,Medium,2025-08-28 09:00:00,2025-08-31 18:00:00
T100163,C100552,O1008770,Late Delivery,Medium,2025-12-29 19:00:00,2025-12-30 15:00:00
T100164,C100106,O1001188,Product Query,High,2025-11-29 23:00:00,2025-11-30 22:00:00
T100165,C100157,O1008182,Product Query,Medium,2025-01-19 05:00:00,2025-01-22 07:00:00
T100166,C100568,O1007200,Payment,Medium,2025-02-11 09:00:00,2025-02-14 07:00:00
T100167,C100150,O1000322,Late Delivery,Medium,2025-08-29 00:00:00,2025-08-29 21:00:00
T100168,C100175,O1000596,Damaged Product,Medium,2025-08-14 19:00:00,2025-08-17 17:00:00
T100169,C100579,O1005573,Damaged Product,Low,2025-09-07 05:00:00,2025-09-08 10:00:00
T100170,C100393,O1006387,Damaged Product,Medium,2025-03-03 20:00:00,2025-03-05 10:00:00
T100171,C100885,O1003923,Payment,Medium,2025-06-04 07:00:00,2025-06-04 18:00:00
T100172,C100212,O1009235,Late Delivery,Low,2025-06-26 01:00:00,2025-06-26 11:00:00
T100173,C100065,O1000628,Payment,Low,2025-10-22 15:00:00,2025-10-26 19:00:00
T100174,C100689,O1003511,Damaged Product,Low,2025-08-24 23:00:00,2025-08-29 17:00:00
T100175,C100248,O1000908,Refund,Medium,2025-09-03 01:00:00,2025-09-06 00:00:00
T100176,C100032,O1009920,Payment,Low,2025-05-05 16:00:00,2025-05-06 05:00:00
T100177,C100787,O1004287,Product Query,Low,2025-09-17 23:00:00,2025-09-19 17:00:00
T100178,C100515,O1000290,Product Query,Medium,2025-02-01 16:00:00,2025-02-03 11:00:00
T100179,C100877,O1009456,Refund,High,2025-02-17 05:00:00,2025-02-19 05:00:00
T100180,C100765,O1007335,Payment,Low,2025-06-05 22:00:00,2025-06-06 21:00:00
T100181,C100929,O1004545,Damaged Product,Low,2025-07-19 18:00:00,2025-07-20 11:00:00
T100182,C100855,O1005936,Product Query,Medium,2025-04-16 16:00:00,2025-04-21 06:00:00
T100183,C100668,O1007730,Refund,Medium,2025-03-03 01:00:00,2025-03-07 07:00:00
T100184,C100564,O1002529,Damaged Product,Critical,2025-07-04 02:00:00,2025-07-04 10:00:00
T100185,C100189,O1002123,Refund,High,2025-01-30 01:00:00,2025-01-31 15:00:00
T100186,C100677,O1008477,Product Query,Medium,2025-03-18 21:00:00,2025-03-19 14:00:00
T100187,C100957,O1002361,Damaged Product,Low,2025-06-04 22:00:00,2025-06-05 08:00:00
T100188,C100035,O1006633,Payment,Low,2025-07-03 11:00:00,2025-07-06 17:00:00
T100189,C100067,O1008429,Payment,High,2025-02-06 00:00:00,2025-02-07 20:00:00
T100190,C100493,O1000586,Product Query,Medium,2025-10-21 22:00:00,2025-10-24 16:00:00
T100191,C100057,O1002903,Damaged Product,Low,2025-01-01 03:00:00,2025-01-02 09:00:00
T100192,C100401,O1000489,Payment,Medium,2025-07-02 11:00:00,2025-07-06 02:00:00
T100193,C100635,O1006492,Refund,Medium,2025-12-21 11:00:00,2025-12-23 13:00:00
T100194,C100952,O1001942,Product Query,Medium,2025-11-24 09:00:00,2025-11-25 01:00:00
T100195,C100460,O1000025,Refund,Low,2025-11-17 01:00:00,2025-11-21 08:00:00
T100196,C100777,O1008119,Product Query,Medium,2025-09-16 20:00:00,2025-09-18 08:00:00
T100197,C100349,O1000280,Product Query,Medium,2025-03-09 20:00:00,2025-03-13 13:00:00
T100198,C100483,O1005588,Refund,Medium,2025-08-19 16:00:00,2025-08-23 02:00:00
T100199,C100873,O1004749,Product Query,Critical,2025-02-24 17:00:00,2025-02-25 23:00:00
T100200,C100616,O1003034,Payment,Medium,2025-12-23 21:00:00,2025-12-25 04:00:00
T100201,C100281,O1005897,Product Query,Medium,2025-05-06 05:00:00,2025-05-07 20:00:00
T100202,C100435,O1006054,Payment,Medium,2025-01-17 16:00:00,2025-01-22 03:00:00
T100203,C100355,O1000788,Product Query,Medium,2025-02-11 02:00:00,2025-02-13 07:00:00
T100204,C100653,O1000868,Refund,High,2025-02-04 16:00:00,2025-02-08 09:00:00
T100205,C100847,O1007878,Refund,Low,2025-05-04 17:00:00,2025-05-05 14:00:00
T100206,C100533,O1001659,Product Query,High,2025-03-06 20:00:00,2025-03-07 06:00:00
T100207,C100621,O1000654,Product Query,Low,2025-09-15 10:00:00,2025-09-16 21:00:00
T100208,C100599,O1001884,Product Query,Low,2025-09-13 02:00:00,2025-09-14 01:00:00
T100209,C100950,O1006590,Damaged Product,High,2025-03-29 09:00:00,2025-03-30 23:00:00
T100210,C100159,O1001820,Damaged Product,Medium,2025-02-10 10:00:00,2025-02-11 21:00:00
T100211,C100792,O1006742,Late Delivery,High,2025-10-12 04:00:00,2025-10-13 04:00:00
T100212,C100781,O1009496,Payment,High,2025-01-19 14:00:00,2025-01-24 09:00:00
T100213,C100154,O1004393,Product Query,Medium,2025-12-03 20:00:00,2025-12-05 06:00:00
T100214,C100246,O1009776,Damaged Product,Low,2025-04-16 00:00:00,2025-04-16 04:00:00
T100215,C100368,O1004624,Late Delivery,Medium,2025-01-14 21:00:00,2025-01-17 01:00:00
T100216,C100319,O1008924,Payment,High,2025-09-18 10:00:00,2025-09-22 06:00:00
T100217,C100664,O1000024,Damaged Product,Low,2025-07-17 07:00:00,2025-07-21 13:00:00
T100218,C100412,O1007149,Payment,Medium,2025-11-17 20:00:00,2025-11-19 17:00:00
T100219,C100224,O1005342,Product Query,Low,2025-01-28 21:00:00,2025-02-01 07:00:00
T100220,C100937,O1008568,Product Query,Low,2025-06-01 10:00:00,2025-06-02 04:00:00
T100221,C100698,O1003023,Refund,Medium,2025-07-21 03:00:00,2025-07-21 12:00:00
T100222,C100546,O1008807,Product Query,Medium,2025-04-27 11:00:00,2025-05-01 05:00:00
T100223,C100565,O1002269,Payment,High,2025-01-14 14:00:00,2025-01-17 03:00:00
T100224,C100047,O1004686,Late Delivery,Medium,2025-02-12 12:00:00,2025-02-12 14:00:00
T100225,C100042,O1001080,Payment,Medium,2025-07-01 12:00:00,2025-07-02 17:00:00
T100226,C100629,O1001867,Late Delivery,Medium,2025-07-17 04:00:00,2025-07-19 04:00:00
T100227,C100515,O1006135,Refund,Critical,2025-06-05 20:00:00,2025-06-05 22:00:00
T100228,C100224,O1003552,Payment,Low,2025-08-14 14:00:00,2025-08-16 03:00:00
T100229,C100051,O1008559,Refund,High,2025-12-16 12:00:00,2025-12-19 08:00:00
T100230,C100574,O1009191,Product Query,Low,2025-01-25 08:00:00,2025-01-25 15:00:00
T100231,C100452,O1001250,Refund,High,2025-03-08 07:00:00,2025-03-09 08:00:00
T100232,C100846,O1008026,Payment,High,2025-07-05 08:00:00,2025-07-08 04:00:00
T100233,C100195,O1007290,Refund,High,2025-02-09 13:00:00,2025-02-12 19:00:00
T100234,C100986,O1006417,Late Delivery,Medium,2025-05-26 12:00:00,2025-05-29 20:00:00
T100235,C100099,O1004802,Late Delivery,Low,2025-01-27 15:00:00,2025-01-28 23:00:00
T100236,C100176,O1006547,Refund,High,2025-01-18 23:00:00,2025-01-19 16:00:00
T100237,C100618,O1000100,Refund,Medium,2025-02-20 23:00:00,2025-02-22 05:00:00
T100238,C101000,O1002389,Refund,Medium,2025-02-10 22:00:00,2025-02-13 17:00:00
T100239,C100809,O1004894,Refund,Medium,2025-08-02 23:00:00,2025-08-05 22:00:00
T100240,C100872,O1008423,Damaged Product,Low,2025-08-02 15:00:00,2025-08-07 09:00:00
T100241,C100583,O1008458,Damaged Product,Medium,2025-12-22 06:00:00,2025-12-25 05:00:00
T100242,C100061,O1005522,Refund,Medium,2025-11-09 03:00:00,2025-11-13 01:00:00
T100243,C100101,O1009579,Product Query,Critical,2025-08-06 10:00:00,2025-08-10 16:00:00
T100244,C100421,O1009327,Damaged Product,Medium,2025-12-01 21:00:00,2025-12-04 03:00:00
T100245,C100501,O1004668,Damaged Product,Critical,2025-08-26 23:00:00,2025-08-28 00:00:00
T100246,C100887,O1000718,Payment,Low,2025-12-08 10:00:00,2025-12-09 12:00:00
T100247,C100660,O1004498,Late Delivery,Medium,2025-08-13 14:00:00,2025-08-18 12:00:00
T100248,C100076,O1006946,Refund,High,2025-11-06 20:00:00,2025-11-08 06:00:00
T100249,C100638,O1003437,Late Delivery,Medium,2025-03-06 00:00:00,2025-03-07 21:00:00
T100250,C100766,O1009039,Late Delivery,Medium,2025-12-22 04:00:00,2025-12-24 01:00:00
T100251,C100727,O1003786,Damaged Product,Low,2025-12-11 18:00:00,2025-12-16 14:00:00
T100252,C100435,O1008200,Refund,Medium,2025-01-22 13:00:00,2025-01-23 06:00:00
T100253,C100297,O1004761,Refund,Medium,2025-12-29 00:00:00,2025-12-29 20:00:00
T100254,C100611,O1004269,Product Query,Medium,2025-05-31 22:00:00,2025-06-04 03:00:00
T100255,C100835,O1000796,Product Query,High,2025-02-26 23:00:00,2025-03-03 17:00:00
T100256,C100861,O1002837,Payment,High,2025-09-23 13:00:00,2025-09-26 18:00:00
T100257,C100077,O1006480,Damaged Product,Medium,2025-04-01 19:00:00,2025-04-06 14:00:00
T100258,C100362,O1004690,Payment,Medium,2025-09-02 13:00:00,2025-09-05 02:00:00
T100259,C100657,O1003568,Damaged Product,Medium,2025-07-28 03:00:00,2025-07-29 15:00:00
T100260,C100567,O1001019,Refund,Medium,2025-08-31 04:00:00,2025-09-01 02:00:00
T100261,C100011,O1006607,Product Query,Medium,2025-12-02 11:00:00,2025-12-03 12:00:00
T100262,C100257,O1006005,Payment,Medium,2025-09-14 22:00:00,2025-09-19 01:00:00
T100263,C100628,O1006327,Refund,Low,2025-08-01 01:00:00,2025-08-04 02:00:00
T100264,C100012,O1000990,Late Delivery,Critical,2025-04-06 23:00:00,2025-04-11 06:00:00
T100265,C100186,O1008862,Product Query,Low,2025-05-18 16:00:00,2025-05-19 10:00:00
T100266,C100832,O1002101,Late Delivery,Low,2025-02-26 01:00:00,2025-02-27 04:00:00
T100267,C100829,O1002813,Refund,High,2025-05-19 16:00:00,2025-05-21 04:00:00
T100268,C100887,O1002186,Late Delivery,Medium,2025-01-05 23:00:00,2025-01-09 13:00:00
T100269,C100620,O1009356,Product Query,High,2025-05-27 01:00:00,2025-05-31 22:00:00
T100270,C100157,O1004975,Product Query,Medium,2025-01-06 04:00:00,2025-01-09 12:00:00
T100271,C100007,O1006593,Refund,Medium,2025-12-06 16:00:00,2025-12-10 12:00:00
T100272,C100263,O1007163,Damaged Product,Medium,2025-04-03 18:00:00,2025-04-08 00:00:00
T100273,C100376,O1006218,Late Delivery,Medium,2025-10-09 10:00:00,2025-10-13 09:00:00
T100274,C100886,O1007318,Product Query,High,2025-02-22 18:00:00,2025-02-24 06:00:00
T100275,C100509,O1005550,Payment,Medium,2025-10-20 05:00:00,2025-10-24 14:00:00
T100276,C100783,O1006359,Late Delivery,Medium,2025-01-09 10:00:00,2025-01-14 01:00:00
T100277,C100037,O1002043,Damaged Product,High,2025-01-16 18:00:00,2025-01-20 05:00:00
T100278,C100787,O1004287,Late Delivery,Medium,2025-04-14 19:00:00,2025-04-15 15:00:00
T100279,C100128,O1000072,Product Query,Low,2025-04-23 23:00:00,2025-04-27 13:00:00
T100280,C100091,O1005109,Damaged Product,Low,2025-10-22 20:00:00,2025-10-25 10:00:00
T100281,C100138,O1005578,Payment,Medium,2025-10-14 00:00:00,2025-10-17 16:00:00
T100282,C100201,O1005244,Payment,Medium,2025-07-10 22:00:00,2025-07-11 05:00:00
T100283,C100788,O1009149,Damaged Product,Critical,2025-02-13 06:00:00,2025-02-15 06:00:00
T100284,C100147,O1004939,Late Delivery,Medium,2025-10-21 10:00:00,2025-10-24 02:00:00
T100285,C100965,O1008474,Payment,Medium,2025-04-06 10:00:00,2025-04-06 23:00:00
T100286,C100076,O1005393,Payment,Low,2025-09-01 19:00:00,2025-09-04 08:00:00
T100287,C100643,O1000773,Payment,Medium,2025-10-28 08:00:00,2025-10-31 09:00:00
T100288,C100820,O1000471,Late Delivery,Medium,2025-04-01 02:00:00,2025-04-04 01:00:00
T100289,C100083,O1003109,Payment,Medium,2025-07-23 20:00:00,2025-07-27 20:00:00
T100290,C100163,O1007837,Payment,Medium,2025-09-30 00:00:00,2025-10-02 04:00:00
T100291,C100177,O1004780,Product Query,Medium,2025-07-18 14:00:00,2025-07-19 19:00:00
T100292,C100046,O1003664,Product Query,Medium,2025-05-23 21:00:00,2025-05-24 16:00:00
T100293,C100801,O1004884,Product Query,Medium,2025-04-18 17:00:00,2025-04-19 16:00:00
T100294,C100502,O1009435,Late Delivery,Medium,2025-09-06 14:00:00,2025-09-08 10:00:00
T100295,C100993,O1001852,Refund,Low,2025-02-03 19:00:00,2025-02-08 13:00:00
T100296,C100013,O1005972,Late Delivery,Low,2025-07-24 18:00:00,2025-07-28 13:00:00
T100297,C100503,O1006824,Late Delivery,Low,2025-11-12 17:00:00,2025-11-13 11:00:00
T100298,C100787,O1008274,Late Delivery,Medium,2025-03-24 06:00:00,2025-03-27 08:00:00
T100299,C100681,O1004846,Product Query,Low,2025-03-08 06:00:00,2025-03-11 00:00:00
T100300,C100619,O1009348,Payment,Medium,2025-07-30 07:00:00,2025-07-31 11:00:00
T100301,C100522,O1008596,Late Delivery,Medium,2025-07-12 05:00:00,2025-07-15 22:00:00
T100302,C100800,O1000993,Late Delivery,Medium,2025-02-24 05:00:00,2025-02-24 08:00:00
T100303,C100126,O1002509,Late Delivery,Medium,2025-08-05 05:00:00,2025-08-05 18:00:00
T100304,C100863,O1002488,Late Delivery,Medium,2025-01-30 01:00:00,2025-02-02 05:00:00
T100305,C100481,O1009095,Late Delivery,Low,2025-06-24 02:00:00,2025-06-26 22:00:00
T100306,C100183,O1001183,Damaged Product,Low,2025-01-24 13:00:00,2025-01-27 13:00:00
T100307,C100995,O1008252,Payment,Medium,2025-10-24 22:00:00,2025-10-28 08:00:00
T100308,C100872,O1009680,Product Query,Low,2025-12-20 15:00:00,2025-12-25 04:00:00
T100309,C100406,O1004145,Late Delivery,Medium,2025-01-02 19:00:00,2025-01-03 02:00:00
T100310,C100272,O1001418,Late Delivery,High,2025-08-22 16:00:00,2025-08-26 15:00:00
T100311,C100775,O1008097,Late Delivery,Low,2025-05-13 07:00:00,2025-05-15 10:00:00
T100312,C100497,O1004343,Payment,Low,2025-02-07 09:00:00,2025-02-08 17:00:00
T100313,C100456,O1006348,Payment,High,2025-09-13 13:00:00,2025-09-15 22:00:00
T100314,C100602,O1002955,Product Query,Medium,2025-11-17 14:00:00,2025-11-20 08:00:00
T100315,C100844,O1004535,Product Query,Critical,2025-01-18 14:00:00,2025-01-21 09:00:00
T100316,C100423,O1003920,Late Delivery,Low,2025-02-22 16:00:00,2025-02-24 01:00:00
T100317,C100006,O1005114,Product Query,High,2025-12-03 03:00:00,2025-12-03 09:00:00
T100318,C100180,O1000156,Product Query,High,2025-01-09 14:00:00,2025-01-12 22:00:00
T100319,C100389,O1005487,Product Query,Critical,2025-05-19 07:00:00,2025-05-23 18:00:00
T100320,C100235,O1002821,Product Query,Low,2025-11-29 23:00:00,2025-12-04 11:00:00
T100321,C100328,O1002276,Refund,Medium,2025-08-06 05:00:00,2025-08-10 12:00:00
T100322,C100094,O1009253,Payment,Medium,2025-03-13 04:00:00,2025-03-14 07:00:00
T100323,C100359,O1001533,Refund,Medium,2025-01-04 10:00:00,2025-01-08 16:00:00
T100324,C100886,O1008328,Payment,Low,2025-07-11 11:00:00,2025-07-14 18:00:00
T100325,C100496,O1007868,Damaged Product,Medium,2025-07-16 20:00:00,2025-07-19 11:00:00
T100326,C100087,O1003873,Late Delivery,Low,2025-07-05 23:00:00,2025-07-07 11:00:00
T100327,C100319,O1000869,Product Query,Medium,2025-03-17 09:00:00,2025-03-21 07:00:00
T100328,C100404,O1006627,Late Delivery,High,2025-12-15 19:00:00,2025-12-16 11:00:00
T100329,C100265,O1006890,Payment,Medium,2025-05-03 13:00:00,2025-05-07 13:00:00
T100330,C100263,O1001986,Late Delivery,High,2025-12-01 10:00:00,2025-12-05 22:00:00
T100331,C100868,O1008792,Refund,Low,2025-12-09 07:00:00,2025-12-14 02:00:00
T100332,C100002,O1003224,Refund,Medium,2025-03-16 07:00:00,2025-03-20 17:00:00
T100333,C100328,O1004365,Late Delivery,Low,2025-09-20 00:00:00,2025-09-24 02:00:00
T100334,C100607,O1009368,Damaged Product,Low,2025-06-22 07:00:00,2025-06-26 01:00:00
T100335,C100958,O1007749,Late Delivery,High,2025-08-24 19:00:00,2025-08-25 11:00:00
T100336,C100175,O1004423,Refund,Low,2025-07-18 17:00:00,2025-07-20 10:00:00
T100337,C100523,O1008643,Damaged Product,Medium,2025-12-27 21:00:00,2025-12-28 15:00:00
T100338,C100142,O1003346,Late Delivery,High,2025-08-07 01:00:00,2025-08-08 22:00:00
T100339,C100322,O1002832,Product Query,Low,2025-03-07 06:00:00,2025-03-09 20:00:00
T100340,C100138,O1006862,Late Delivery,High,2025-11-05 20:00:00,2025-11-10 06:00:00
T100341,C100482,O1002505,Product Query,Low,2025-01-23 05:00:00,2025-01-26 18:00:00
T100342,C100613,O1005526,Refund,Low,2025-09-19 16:00:00,2025-09-23 17:00:00
T100343,C100495,O1005315,Late Delivery,Medium,2025-10-08 12:00:00,2025-10-12 16:00:00
T100344,C100109,O1005163,Payment,Low,2025-07-16 01:00:00,2025-07-20 02:00:00
T100345,C100353,O1009081,Payment,Medium,2025-01-09 10:00:00,2025-01-09 13:00:00
T100346,C100701,O1003792,Product Query,High,2025-05-02 17:00:00,2025-05-07 10:00:00
T100347,C100448,O1006947,Product Query,Medium,2025-10-12 09:00:00,2025-10-14 14:00:00
T100348,C100689,O1004124,Payment,Medium,2025-11-09 02:00:00,2025-11-10 09:00:00
T100349,C100253,O1001836,Damaged Product,Medium,2025-07-04 17:00:00,2025-07-06 20:00:00
T100350,C100421,O1003617,Payment,Medium,2025-06-21 03:00:00,2025-06-23 22:00:00
T100351,C100059,O1004002,Late Delivery,Medium,2025-03-24 19:00:00,2025-03-28 06:00:00
T100352,C100333,O1001743,Payment,Medium,2025-06-21 00:00:00,2025-06-23 03:00:00
T100353,C100017,O1005796,Damaged Product,Low,2025-08-22 17:00:00,2025-08-25 12:00:00
T100354,C100580,O1009954,Late Delivery,Medium,2025-12-10 18:00:00,2025-12-12 20:00:00
T100355,C100818,O1003719,Refund,Medium,2025-06-30 08:00:00,2025-07-04 08:00:00
T100356,C100992,O1005554,Refund,Medium,2025-01-28 08:00:00,2025-01-28 22:00:00
T100357,C100943,O1001925,Refund,Medium,2025-03-11 02:00:00,2025-03-14 14:00:00
T100358,C100698,O1003023,Refund,Medium,2025-06-29 16:00:00,2025-07-02 11:00:00
T100359,C100764,O1008116,Product Query,Low,2025-10-22 03:00:00,2025-10-24 13:00:00
T100360,C100829,O1001553,Late Delivery,Low,2025-08-06 10:00:00,2025-08-08 09:00:00
T100361,C100535,O1006894,Late Delivery,Low,2025-04-16 13:00:00,2025-04-17 19:00:00
T100362,C100203,O1009519,Damaged Product,Low,2025-12-11 06:00:00,2025-12-12 14:00:00
T100363,C100877,O1007858,Payment,Low,2025-03-31 10:00:00,2025-04-03 16:00:00
T100364,C100007,O1007650,Refund,Medium,2025-01-08 15:00:00,2025-01-09 10:00:00
T100365,C100920,O1001622,Payment,Low,2025-09-11 22:00:00,2025-09-13 02:00:00
T100366,C100760,O1000775,Damaged Product,Medium,2025-01-20 01:00:00,2025-01-22 06:00:00
T100367,C100740,O1001532,Payment,Medium,2025-06-03 03:00:00,2025-06-06 09:00:00
T100368,C100530,O1008249,Product Query,Medium,2025-02-25 00:00:00,2025-02-27 01:00:00
T100369,C100028,O1000957,Damaged Product,Low,2025-05-06 10:00:00,2025-05-07 05:00:00
T100370,C100778,O1001384,Refund,High,2025-05-06 10:00:00,2025-05-10 10:00:00
T100371,C100075,O1006554,Damaged Product,Low,2025-07-24 10:00:00,2025-07-25 13:00:00
T100372,C100058,O1000594,Refund,Medium,2025-12-23 01:00:00,2025-12-27 18:00:00
T100373,C100909,O1009028,Payment,High,2025-08-29 17:00:00,2025-08-31 21:00:00
T100374,C100037,O1006899,Product Query,Medium,2025-02-24 08:00:00,2025-02-28 09:00:00
T100375,C100675,O1008537,Damaged Product,Critical,2025-02-15 09:00:00,2025-02-18 00:00:00
T100376,C100914,O1006901,Payment,Medium,2025-05-05 07:00:00,2025-05-06 15:00:00
T100377,C100381,O1002592,Payment,Medium,2025-11-23 18:00:00,2025-11-28 12:00:00
T100378,C100430,O1006257,Refund,Low,2025-06-09 20:00:00,2025-06-11 10:00:00
T100379,C100853,O1003366,Product Query,High,2025-05-16 21:00:00,2025-05-19 22:00:00
T100380,C100868,O1009450,Damaged Product,High,2025-04-06 10:00:00,2025-04-10 10:00:00
T100381,C100590,O1004800,Damaged Product,Medium,2025-03-13 07:00:00,2025-03-15 11:00:00
T100382,C100008,O1006085,Product Query,Medium,2025-06-30 16:00:00,2025-07-04 16:00:00
T100383,C100102,O1000195,Damaged Product,Medium,2025-02-17 05:00:00,2025-02-21 08:00:00
T100384,C100834,O1001451,Product Query,Low,2025-06-21 05:00:00,2025-06-22 14:00:00
T100385,C100624,O1006726,Payment,Medium,2025-11-25 04:00:00,2025-11-25 22:00:00
T100386,C100036,O1009355,Late Delivery,Critical,2025-02-19 10:00:00,2025-02-19 20:00:00
T100387,C100900,O1002176,Payment,Low,2025-01-24 04:00:00,2025-01-24 07:00:00
T100388,C100531,O1009493,Late Delivery,Medium,2025-03-06 03:00:00,2025-03-08 19:00:00
T100389,C100705,O1008143,Refund,Low,2025-09-16 15:00:00,2025-09-17 23:00:00
T100390,C100208,O1007057,Late Delivery,Medium,2025-01-20 15:00:00,2025-01-22 17:00:00
T100391,C100849,O1005161,Damaged Product,Medium,2025-01-08 10:00:00,2025-01-11 02:00:00
T100392,C100542,O1000031,Refund,Medium,2025-02-01 20:00:00,2025-02-03 07:00:00
T100393,C100870,O1001551,Payment,Medium,2025-11-17 18:00:00,2025-11-20 23:00:00
T100394,C100301,O1001126,Product Query,High,2025-01-01 10:00:00,2025-01-03 09:00:00
T100395,C100483,O1007496,Late Delivery,High,2025-11-29 07:00:00,2025-12-03 07:00:00
T100396,C100404,O1002710,Refund,Medium,2025-08-06 22:00:00,2025-08-07 18:00:00
T100397,C100767,O1008085,Product Query,Medium,2025-04-08 13:00:00,2025-04-11 14:00:00
T100398,C100574,O1007462,Payment,Medium,2025-11-25 12:00:00,2025-11-27 02:00:00
T100399,C100548,O1008552,Payment,Medium,2025-01-23 16:00:00,2025-01-24 07:00:00
T100400,C100004,O1008711,Refund,Medium,2025-03-12 10:00:00,2025-03-13 06:00:00
T100401,C100800,O1001059,Late Delivery,Low,2025-01-15 07:00:00,2025-01-19 06:00:00
T100402,C100930,O1006638,Refund,Medium,2025-04-16 12:00:00,2025-04-20 20:00:00
T100403,C100036,O1004702,Refund,Low,2025-12-16 16:00:00,2025-12-16 19:00:00
T100404,C100996,O1007699,Product Query,Medium,2025-07-20 19:00:00,2025-07-22 00:00:00
T100405,C100402,O1000518,Product Query,High,2025-08-23 02:00:00,2025-08-26 15:00:00
T100406,C100902,O1004413,Payment,High,2025-03-20 18:00:00,2025-03-24 13:00:00
T100407,C100485,O1009584,Refund,High,2025-12-14 16:00:00,2025-12-17 07:00:00
T100408,C100733,O1000087,Refund,High,2025-12-10 20:00:00,2025-12-11 01:00:00
T100409,C100232,O1004671,Payment,Medium,2025-06-25 08:00:00,2025-06-27 20:00:00
T100410,C100636,O1003052,Product Query,High,2025-06-15 22:00:00,2025-06-18 02:00:00
T100411,C100351,O1007633,Refund,Low,2025-10-20 18:00:00,2025-10-24 11:00:00
T100412,C100011,O1004162,Damaged Product,Medium,2025-06-09 12:00:00,2025-06-13 14:00:00
T100413,C100793,O1002501,Payment,High,2025-12-13 05:00:00,2025-12-13 12:00:00
T100414,C100167,O1005859,Late Delivery,Medium,2025-04-18 19:00:00,2025-04-23 11:00:00
T100415,C100492,O1002102,Damaged Product,Medium,2025-04-02 15:00:00,2025-04-04 17:00:00
T100416,C100401,O1005112,Late Delivery,Medium,2025-03-14 14:00:00,2025-03-17 15:00:00
T100417,C100860,O1004816,Late Delivery,High,2025-02-02 17:00:00,2025-02-07 10:00:00
T100418,C100802,O1009950,Refund,Low,2025-11-16 03:00:00,2025-11-19 03:00:00
T100419,C100924,O1006081,Payment,Medium,2025-04-13 11:00:00,2025-04-13 14:00:00
T100420,C100037,O1009205,Damaged Product,High,2025-07-08 01:00:00,2025-07-09 05:00:00
T100421,C100533,O1002727,Damaged Product,Critical,2025-07-20 00:00:00,2025-07-24 09:00:00
T100422,C100453,O1000422,Damaged Product,Medium,2025-02-16 07:00:00,2025-02-17 00:00:00
T100423,C100978,O1003484,Late Delivery,Medium,2025-09-11 20:00:00,2025-09-15 02:00:00
T100424,C100074,O1004509,Damaged Product,High,2025-02-28 09:00:00,2025-03-02 13:00:00
T100425,C100924,O1004154,Refund,High,2025-12-23 02:00:00,2025-12-27 15:00:00
T100426,C100374,O1000062,Product Query,Low,2025-06-28 11:00:00,2025-07-03 07:00:00
T100427,C100696,O1000101,Damaged Product,Medium,2025-10-14 10:00:00,2025-10-14 17:00:00
T100428,C100806,O1005535,Damaged Product,Critical,2025-07-19 10:00:00,2025-07-24 04:00:00
T100429,C100964,O1002403,Damaged Product,Medium,2025-02-01 22:00:00,2025-02-05 23:00:00
T100430,C100731,O1003574,Refund,Low,2025-10-21 03:00:00,2025-10-25 21:00:00
T100431,C100465,O1007733,Damaged Product,High,2025-12-03 00:00:00,2025-12-05 16:00:00
T100432,C100226,O1003844,Refund,Medium,2025-07-17 18:00:00,2025-07-22 13:00:00
T100433,C100873,O1008130,Refund,High,2025-11-05 09:00:00,2025-11-06 16:00:00
T100434,C100942,O1004924,Refund,Medium,2025-04-27 14:00:00,2025-04-28 04:00:00
T100435,C100824,O1007364,Refund,Medium,2025-03-20 12:00:00,2025-03-22 21:00:00
T100436,C100390,O1002865,Product Query,Critical,2025-09-26 20:00:00,2025-09-28 02:00:00
T100437,C100522,O1001395,Refund,Medium,2025-11-22 16:00:00,2025-11-27 06:00:00
T100438,C100093,O1002602,Product Query,Medium,2025-04-17 15:00:00,2025-04-20 16:00:00
T100439,C100285,O1001419,Payment,Medium,2025-03-24 22:00:00,2025-03-27 03:00:00
T100440,C100894,O1004752,Refund,High,2025-03-24 06:00:00,2025-03-24 13:00:00
T100441,C100882,O1003107,Refund,Medium,2025-07-11 10:00:00,2025-07-12 04:00:00
T100442,C100941,O1002652,Payment,Low,2025-09-03 09:00:00,2025-09-06 14:00:00
T100443,C100203,O1002141,Damaged Product,Low,2025-10-08 16:00:00,2025-10-09 01:00:00
T100444,C100066,O1004082,Damaged Product,Medium,2025-02-23 13:00:00,2025-02-27 03:00:00
T100445,C100903,O1000227,Late Delivery,Low,2025-02-04 23:00:00,2025-02-05 02:00:00
T100446,C100241,O1003793,Payment,High,2025-09-18 18:00:00,2025-09-20 18:00:00
T100447,C100541,O1002215,Late Delivery,High,2025-09-16 04:00:00,2025-09-17 06:00:00
T100448,C100140,O1005353,Product Query,High,2025-06-01 02:00:00,2025-06-02 11:00:00
T100449,C100314,O1004854,Damaged Product,Medium,2025-07-08 23:00:00,2025-07-11 17:00:00
T100450,C100836,O1004573,Damaged Product,Low,2025-03-04 21:00:00,2025-03-06 21:00:00
T100451,C100696,O1006080,Damaged Product,High,2025-07-06 00:00:00,2025-07-07 19:00:00
T100452,C100408,O1000563,Payment,Medium,2025-04-25 12:00:00,2025-04-26 15:00:00
T100453,C100229,O1000896,Refund,Medium,2025-08-14 20:00:00,2025-08-19 05:00:00
T100454,C100450,O1004797,Damaged Product,Low,2025-12-18 12:00:00,2025-12-19 18:00:00
T100455,C100982,O1003757,Refund,Critical,2025-01-28 15:00:00,2025-02-01 13:00:00
T100456,C100419,O1002989,Damaged Product,Medium,2025-12-01 02:00:00,2025-12-05 21:00:00
T100457,C100468,O1003767,Damaged Product,Critical,2025-02-16 10:00:00,2025-02-18 18:00:00
T100458,C100988,O1002451,Payment,Critical,2025-03-03 09:00:00,2025-03-04 22:00:00
T100459,C100198,O1001331,Damaged Product,Low,2025-03-06 10:00:00,2025-03-07 15:00:00
T100460,C100588,O1002260,Payment,Medium,2025-01-08 12:00:00,2025-01-09 19:00:00
T100461,C100095,O1009479,Payment,Medium,2025-02-25 08:00:00,2025-02-27 10:00:00
T100462,C100432,O1001172,Payment,Medium,2025-10-17 13:00:00,2025-10-20 15:00:00
T100463,C100964,O1009937,Product Query,Medium,2025-06-13 23:00:00,2025-06-17 04:00:00
T100464,C100102,O1006753,Payment,Low,2025-06-09 04:00:00,2025-06-10 04:00:00
T100465,C100241,O1001132,Refund,Medium,2025-08-08 01:00:00,2025-08-08 05:00:00
T100466,C100039,O1007928,Payment,Medium,2025-03-22 08:00:00,2025-03-26 08:00:00
T100467,C100906,O1002733,Payment,Low,2025-02-18 20:00:00,2025-02-23 06:00:00
T100468,C100645,O1004881,Payment,Medium,2025-05-11 10:00:00,2025-05-11 22:00:00
T100469,C100848,O1000117,Refund,Low,2025-09-29 21:00:00,2025-10-03 04:00:00
T100470,C100237,O1000176,Payment,High,2025-02-27 02:00:00,2025-03-01 05:00:00
T100471,C100234,O1007895,Damaged Product,Low,2025-11-06 17:00:00,2025-11-11 12:00:00
T100472,C100121,O1005878,Damaged Product,Medium,2025-01-04 08:00:00,2025-01-08 09:00:00
T100473,C100391,O1004191,Damaged Product,Medium,2025-02-05 06:00:00,2025-02-08 14:00:00
T100474,C100297,O1009385,Late Delivery,High,2025-05-01 06:00:00,2025-05-03 00:00:00
T100475,C100299,O1009817,Product Query,Medium,2025-03-03 10:00:00,2025-03-05 06:00:00
T100476,C100242,O1009659,Payment,Low,2025-06-08 16:00:00,2025-06-11 01:00:00
T100477,C100184,O1004954,Refund,Medium,2025-05-15 19:00:00,2025-05-18 00:00:00
T100478,C100978,O1008288,Payment,Medium,2025-07-03 01:00:00,2025-07-03 13:00:00
T100479,C100008,O1000684,Product Query,Critical,2025-08-28 19:00:00,2025-08-28 21:00:00
T100480,C100949,O1007307,Product Query,Medium,2025-03-20 13:00:00,2025-03-23 23:00:00
T100481,C100532,O1008206,Damaged Product,High,2025-02-01 04:00:00,2025-02-01 12:00:00
T100482,C100875,O1000029,Product Query,Medium,2025-01-19 09:00:00,2025-01-21 17:00:00
T100483,C100163,O1007837,Refund,Medium,2025-05-07 18:00:00,2025-05-08 08:00:00
T100484,C100602,O1008871,Product Query,Low,2025-10-18 17:00:00,2025-10-21 01:00:00
T100485,C100036,O1002014,Damaged Product,Low,2025-12-28 15:00:00,2025-12-30 15:00:00
T100486,C100951,O1009207,Refund,Medium,2025-10-13 01:00:00,2025-10-13 12:00:00
T100487,C100951,O1001817,Damaged Product,Medium,2025-07-09 21:00:00,2025-07-11 08:00:00
T100488,C100797,O1009455,Refund,Medium,2025-07-08 17:00:00,2025-07-09 03:00:00
T100489,C100144,O1009334,Damaged Product,Medium,2025-03-05 05:00:00,2025-03-07 06:00:00
T100490,C100841,O1004883,Damaged Product,Low,2025-04-22 19:00:00,2025-04-23 07:00:00
T100491,C100209,O1009955,Refund,High,2025-08-12 05:00:00,2025-08-14 06:00:00
T100492,C100942,O1005284,Product Query,Low,2025-01-09 07:00:00,2025-01-09 18:00:00
T100493,C100263,O1007163,Late Delivery,Low,2025-05-11 02:00:00,2025-05-12 21:00:00
T100494,C100880,O1004518,Product Query,Low,2025-08-26 14:00:00,2025-08-28 06:00:00
T100495,C100334,O1001710,Refund,Medium,2025-11-21 17:00:00,2025-11-24 07:00:00
T100496,C100636,O1003147,Late Delivery,Medium,2025-11-06 07:00:00,2025-11-08 11:00:00
T100497,C100150,O1001978,Damaged Product,Medium,2025-12-13 23:00:00,2025-12-18 15:00:00
T100498,C100435,O1001954,Product Query,Medium,2025-08-23 00:00:00,2025-08-27 11:00:00
T100499,C100609,O1006663,Refund,Medium,2025-03-27 20:00:00,2025-03-30 11:00:00
T100500,C100505,O1000661,Damaged Product,Low,2025-03-23 14:00:00,2025-03-23 20:00:00
T100501,C100043,O1000857,Late Delivery,Medium,2025-12-02 09:00:00,2025-12-06 11:00:00
T100502,C100411,O1009292,Damaged Product,Medium,2025-09-10 02:00:00,2025-09-13 11:00:00
T100503,C100254,O1001993,Payment,Medium,2025-10-11 04:00:00,2025-10-15 01:00:00
T100504,C100280,O1005923,Product Query,Low,2025-07-04 00:00:00,2025-07-08 12:00:00
T100505,C100733,O1000087,Damaged Product,Low,2025-02-26 19:00:00,2025-02-28 22:00:00
T100506,C100899,O1007468,Payment,Medium,2025-08-04 16:00:00,2025-08-07 03:00:00
T100507,C100948,O1005411,Damaged Product,Low,2025-10-29 13:00:00,2025-10-30 19:00:00
T100508,C100191,O1000247,Refund,High,2025-03-31 01:00:00,2025-03-31 11:00:00
T100509,C100428,O1006164,Late Delivery,Low,2025-03-06 21:00:00,2025-03-07 02:00:00
T100510,C100673,O1001615,Damaged Product,High,2025-06-14 00:00:00,2025-06-17 14:00:00
T100511,C100163,O1009690,Late Delivery,Low,2025-01-04 12:00:00,2025-01-04 20:00:00
T100512,C100096,O1005040,Late Delivery,Low,2025-02-05 07:00:00,2025-02-09 16:00:00
T100513,C100311,O1000958,Damaged Product,Medium,2025-10-11 22:00:00,2025-10-13 01:00:00
T100514,C100927,O1004767,Damaged Product,Low,2025-11-12 06:00:00,2025-11-14 20:00:00
T100515,C100487,O1009164,Damaged Product,Critical,2025-05-07 08:00:00,2025-05-11 17:00:00
T100516,C100900,O1007991,Product Query,Medium,2025-01-26 11:00:00,2025-01-27 11:00:00
T100517,C100734,O1003051,Payment,High,2025-12-03 09:00:00,2025-12-03 23:00:00
T100518,C100275,O1005162,Refund,Low,2025-12-01 06:00:00,2025-12-03 05:00:00
T100519,C100409,O1008815,Product Query,Low,2025-06-11 15:00:00,2025-06-15 18:00:00
T100520,C100300,O1003948,Refund,High,2025-12-11 22:00:00,2025-12-13 07:00:00
T100521,C100450,O1006779,Payment,Low,2025-08-11 19:00:00,2025-08-14 02:00:00
T100522,C100508,O1004730,Late Delivery,Medium,2025-09-05 01:00:00,2025-09-08 07:00:00
T100523,C100793,O1003301,Refund,Medium,2025-09-30 05:00:00,2025-10-03 11:00:00
T100524,C100782,O1001416,Payment,Low,2025-04-02 22:00:00,2025-04-07 02:00:00
T100525,C100313,O1008844,Late Delivery,Medium,2025-11-05 04:00:00,2025-11-05 22:00:00
T100526,C100269,O1005432,Product Query,Critical,2025-02-25 23:00:00,2025-03-02 19:00:00
T100527,C100552,O1005961,Late Delivery,Medium,2025-03-06 18:00:00,2025-03-10 17:00:00
T100528,C100993,O1000270,Payment,Low,2025-02-09 16:00:00,2025-02-14 13:00:00
T100529,C100488,O1006539,Refund,High,2025-03-16 12:00:00,2025-03-17 00:00:00
T100530,C100232,O1002062,Product Query,High,2025-10-10 14:00:00,2025-10-14 10:00:00
T100531,C100903,O1008917,Product Query,Medium,2025-11-21 01:00:00,2025-11-23 16:00:00
T100532,C100973,O1006600,Refund,High,2025-02-11 21:00:00,2025-02-15 20:00:00
T100533,C100889,O1004544,Payment,High,2025-04-17 13:00:00,2025-04-18 03:00:00
T100534,C100787,O1003880,Payment,Medium,2025-03-29 11:00:00,2025-03-31 22:00:00
T100535,C100301,O1001126,Damaged Product,Low,2025-08-21 14:00:00,2025-08-25 20:00:00
T100536,C100010,O1007088,Refund,Low,2025-11-10 03:00:00,2025-11-14 05:00:00
T100537,C100260,O1000808,Refund,Low,2025-01-26 21:00:00,2025-01-29 20:00:00
T100538,C100566,O1009578,Product Query,Low,2025-05-04 14:00:00,2025-05-07 22:00:00
T100539,C100795,O1003233,Refund,Low,2025-09-01 17:00:00,2025-09-04 11:00:00
T100540,C100999,O1009112,Late Delivery,Low,2025-11-27 10:00:00,2025-12-01 17:00:00
T100541,C100287,O1008576,Refund,Low,2025-03-09 23:00:00,2025-03-11 09:00:00
T100542,C100186,O1004656,Product Query,Medium,2025-07-05 19:00:00,2025-07-10 12:00:00
T100543,C100391,O1009501,Product Query,Medium,2025-10-19 04:00:00,2025-10-21 18:00:00
T100544,C100143,O1006877,Payment,Critical,2025-11-01 07:00:00,2025-11-06 05:00:00
T100545,C100164,O1005637,Late Delivery,Medium,2025-09-28 19:00:00,2025-09-28 23:00:00
T100546,C100749,O1002485,Payment,High,2025-10-09 19:00:00,2025-10-12 11:00:00
T100547,C100758,O1005704,Refund,Low,2025-08-03 15:00:00,2025-08-06 01:00:00
T100548,C100554,O1006107,Late Delivery,Low,2025-01-11 00:00:00,2025-01-13 11:00:00
T100549,C100668,O1002473,Product Query,High,2025-02-24 22:00:00,2025-02-26 01:00:00
T100550,C100572,O1005735,Product Query,Medium,2025-10-21 22:00:00,2025-10-23 19:00:00
T100551,C100201,O1008830,Payment,Medium,2025-04-07 19:00:00,2025-04-12 06:00:00
T100552,C100691,O1004853,Damaged Product,High,2025-09-13 11:00:00,2025-09-14 03:00:00
T100553,C100656,O1003907,Refund,Medium,2025-01-16 09:00:00,2025-01-17 19:00:00
T100554,C100957,O1006055,Refund,High,2025-08-07 01:00:00,2025-08-10 03:00:00
T100555,C100240,O1004824,Refund,Medium,2025-04-25 23:00:00,2025-04-28 13:00:00
T100556,C100035,O1006633,Late Delivery,Medium,2025-08-03 18:00:00,2025-08-08 17:00:00
T100557,C100988,O1009601,Payment,Medium,2025-05-19 22:00:00,2025-05-20 00:00:00
T100558,C100354,O1007275,Late Delivery,Low,2025-10-02 13:00:00,2025-10-03 22:00:00
T100559,C100013,O1007967,Damaged Product,Low,2025-06-19 19:00:00,2025-06-23 12:00:00
T100560,C100808,O1002197,Refund,Low,2025-10-13 16:00:00,2025-10-14 12:00:00
T100561,C100132,O1007639,Product Query,High,2025-12-30 19:00:00,2025-12-31 15:00:00
T100562,C100859,O1000614,Product Query,Medium,2025-06-03 11:00:00,2025-06-04 19:00:00
T100563,C100116,O1004513,Damaged Product,High,2025-09-22 17:00:00,2025-09-27 16:00:00
T100564,C100595,O1001960,Damaged Product,Critical,2025-06-18 05:00:00,2025-06-20 16:00:00
T100565,C100025,O1001445,Payment,Medium,2025-05-24 10:00:00,2025-05-25 22:00:00
T100566,C100678,O1009681,Product Query,Medium,2025-09-10 15:00:00,2025-09-14 20:00:00
T100567,C100881,O1003488,Product Query,High,2025-11-05 16:00:00,2025-11-09 00:00:00
T100568,C100352,O1005398,Damaged Product,Medium,2025-04-24 12:00:00,2025-04-25 22:00:00
T100569,C100537,O1004330,Payment,High,2025-05-14 18:00:00,2025-05-19 13:00:00
T100570,C100982,O1007188,Product Query,Medium,2025-05-31 12:00:00,2025-06-05 10:00:00
T100571,C100028,O1007976,Late Delivery,Medium,2025-05-13 06:00:00,2025-05-17 01:00:00
T100572,C100368,O1000454,Damaged Product,Medium,2025-03-12 15:00:00,2025-03-14 14:00:00
T100573,C100611,O1007693,Late Delivery,Low,2025-01-24 05:00:00,2025-01-26 00:00:00
T100574,C100612,O1006610,Damaged Product,Medium,2025-04-16 09:00:00,2025-04-17 21:00:00
T100575,C100341,O1009203,Product Query,Low,2025-09-26 08:00:00,2025-09-30 22:00:00
T100576,C100871,O1000794,Late Delivery,Medium,2025-12-03 18:00:00,2025-12-04 05:00:00
T100577,C100704,O1000719,Payment,High,2025-03-15 20:00:00,2025-03-16 23:00:00
T100578,C100378,O1002372,Late Delivery,Low,2025-05-28 02:00:00,2025-05-29 00:00:00
T100579,C100276,O1004415,Product Query,Medium,2025-03-27 19:00:00,2025-03-30 23:00:00
T100580,C100276,O1006782,Late Delivery,Medium,2025-11-10 03:00:00,2025-11-10 16:00:00
T100581,C100827,O1008304,Product Query,Low,2025-05-07 09:00:00,2025-05-11 02:00:00
T100582,C100297,O1006800,Payment,Low,2025-02-12 19:00:00,2025-02-13 13:00:00
T100583,C100250,O1004676,Late Delivery,Low,2025-10-28 00:00:00,2025-10-29 20:00:00
T100584,C100677,O1001341,Damaged Product,Low,2025-02-27 14:00:00,2025-02-28 13:00:00
T100585,C100390,O1002316,Refund,Medium,2025-11-11 03:00:00,2025-11-15 07:00:00
T100586,C100574,O1004133,Payment,Medium,2025-07-17 02:00:00,2025-07-20 07:00:00
T100587,C100240,O1007979,Damaged Product,High,2025-07-21 02:00:00,2025-07-23 11:00:00
T100588,C100743,O1008940,Payment,Medium,2025-06-23 07:00:00,2025-06-27 23:00:00
T100589,C100146,O1000506,Refund,Low,2025-12-04 20:00:00,2025-12-09 03:00:00
T100590,C100574,O1009191,Late Delivery,Medium,2025-03-09 00:00:00,2025-03-11 21:00:00
T100591,C100977,O1003620,Damaged Product,Medium,2025-06-05 22:00:00,2025-06-07 01:00:00
T100592,C100596,O1006089,Product Query,Medium,2025-01-23 22:00:00,2025-01-24 13:00:00
T100593,C100648,O1006865,Late Delivery,Medium,2025-08-09 18:00:00,2025-08-14 05:00:00
T100594,C100378,O1003922,Payment,Low,2025-08-20 21:00:00,2025-08-24 10:00:00
T100595,C100186,O1001603,Late Delivery,Medium,2025-12-06 04:00:00,2025-12-08 20:00:00
T100596,C100115,O1002006,Damaged Product,Low,2025-08-28 08:00:00,2025-08-28 21:00:00
T100597,C100802,O1008389,Late Delivery,High,2025-07-10 06:00:00,2025-07-12 10:00:00
T100598,C100474,O1006609,Late Delivery,Medium,2025-09-08 03:00:00,2025-09-12 21:00:00
T100599,C100864,O1003974,Payment,High,2025-06-18 06:00:00,2025-06-19 11:00:00
T100600,C100208,O1009781,Refund,Medium,2025-12-13 13:00:00,2025-12-15 03:00:00
T100601,C100614,O1003811,Refund,Medium,2025-01-11 13:00:00,2025-01-12 03:00:00
T100602,C100156,O1007464,Damaged Product,Low,2025-05-10 14:00:00,2025-05-12 04:00:00
T100603,C100137,O1009492,Payment,Low,2025-11-18 09:00:00,2025-11-19 21:00:00
T100604,C100795,O1003613,Product Query,Medium,2025-08-30 21:00:00,2025-09-03 18:00:00
T100605,C100107,O1001469,Payment,Medium,2025-03-10 23:00:00,2025-03-12 23:00:00
T100606,C100345,O1004571,Damaged Product,Medium,2025-09-26 22:00:00,2025-09-30 09:00:00
T100607,C100723,O1004364,Damaged Product,Low,2025-06-16 19:00:00,2025-06-19 19:00:00
T100608,C100674,O1005452,Product Query,Low,2025-08-12 05:00:00,2025-08-13 16:00:00
T100609,C100998,O1005113,Refund,Medium,2025-10-17 19:00:00,2025-10-21 10:00:00
T100610,C100159,O1006239,Damaged Product,Critical,2025-10-01 00:00:00,2025-10-05 07:00:00
T100611,C100265,O1000969,Product Query,Medium,2025-07-07 02:00:00,2025-07-07 09:00:00
T100612,C100995,O1008542,Refund,High,2025-10-18 05:00:00,2025-10-21 18:00:00
T100613,C100139,O1003157,Payment,Critical,2025-10-13 01:00:00,2025-10-17 19:00:00
T100614,C100154,O1007832,Late Delivery,Low,2025-07-14 20:00:00,2025-07-17 16:00:00
T100615,C100754,O1005325,Refund,High,2025-11-02 09:00:00,2025-11-03 16:00:00
T100616,C100030,O1003303,Refund,Medium,2025-06-03 07:00:00,2025-06-03 19:00:00
T100617,C100737,O1009222,Payment,Low,2025-11-09 04:00:00,2025-11-12 14:00:00
T100618,C100549,O1002754,Refund,Medium,2025-10-06 13:00:00,2025-10-07 03:00:00
T100619,C100947,O1004700,Refund,Medium,2025-01-30 01:00:00,2025-02-03 02:00:00
T100620,C100390,O1002985,Refund,Low,2025-06-14 13:00:00,2025-06-18 12:00:00
T100621,C100307,O1005587,Product Query,Low,2025-03-17 09:00:00,2025-03-19 12:00:00
T100622,C100578,O1001139,Damaged Product,Medium,2025-03-20 00:00:00,2025-03-23 02:00:00
T100623,C100743,O1006752,Payment,Medium,2025-11-28 22:00:00,2025-12-01 03:00:00
T100624,C100611,O1000259,Damaged Product,Critical,2025-10-20 03:00:00,2025-10-23 23:00:00
T100625,C100606,O1001458,Damaged Product,High,2025-04-06 21:00:00,2025-04-07 04:00:00
T100626,C100215,O1009854,Late Delivery,Medium,2025-08-15 04:00:00,2025-08-17 18:00:00
T100627,C100458,O1001472,Payment,Medium,2025-09-15 22:00:00,2025-09-18 00:00:00
T100628,C100651,O1003139,Payment,High,2025-02-27 22:00:00,2025-03-02 05:00:00
T100629,C100328,O1004784,Damaged Product,Medium,2025-07-13 02:00:00,2025-07-17 18:00:00
T100630,C100978,O1004941,Damaged Product,High,2025-08-27 14:00:00,2025-08-30 03:00:00
T100631,C100434,O1006243,Damaged Product,Medium,2025-12-08 23:00:00,2025-12-10 20:00:00
T100632,C100988,O1000939,Late Delivery,High,2025-06-21 09:00:00,2025-06-24 21:00:00
T100633,C100402,O1003175,Product Query,Low,2025-04-04 05:00:00,2025-04-08 16:00:00
T100634,C100304,O1004398,Product Query,Medium,2025-07-01 13:00:00,2025-07-05 14:00:00
T100635,C100392,O1000814,Refund,High,2025-10-22 06:00:00,2025-10-25 18:00:00
T100636,C100929,O1000014,Refund,Medium,2025-03-01 01:00:00,2025-03-05 14:00:00
T100637,C100946,O1007555,Damaged Product,Low,2025-05-30 12:00:00,2025-06-03 22:00:00
T100638,C100119,O1008926,Late Delivery,Low,2025-02-09 23:00:00,2025-02-11 01:00:00
T100639,C100160,O1006994,Late Delivery,Medium,2025-03-29 18:00:00,2025-03-30 19:00:00
T100640,C100640,O1009653,Payment,Low,2025-02-03 12:00:00,2025-02-05 19:00:00
T100641,C100376,O1009084,Payment,High,2025-06-29 03:00:00,2025-07-02 11:00:00
T100642,C100735,O1009547,Payment,Medium,2025-09-11 17:00:00,2025-09-16 09:00:00
T100643,C100941,O1007917,Damaged Product,Medium,2025-07-17 10:00:00,2025-07-17 23:00:00
T100644,C100663,O1001934,Damaged Product,Low,2025-02-11 08:00:00,2025-02-15 17:00:00
T100645,C100276,O1007407,Product Query,Low,2025-02-10 05:00:00,2025-02-12 16:00:00
T100646,C100671,O1008093,Late Delivery,High,2025-06-13 20:00:00,2025-06-17 01:00:00
T100647,C100491,O1005229,Refund,Medium,2025-03-12 03:00:00,2025-03-15 18:00:00
T100648,C100081,O1003449,Payment,Medium,2025-02-25 00:00:00,2025-02-26 03:00:00
T100649,C100750,O1009380,Payment,Critical,2025-11-28 20:00:00,2025-11-29 17:00:00
T100650,C100664,O1006559,Damaged Product,Low,2025-05-16 01:00:00,2025-05-17 19:00:00
T100651,C100682,O1006883,Product Query,Low,2025-08-31 23:00:00,2025-09-05 18:00:00
T100652,C100862,O1009265,Product Query,Medium,2025-06-09 13:00:00,2025-06-13 04:00:00
T100653,C100440,O1001117,Product Query,Medium,2025-09-15 00:00:00,2025-09-17 09:00:00
T100654,C100228,O1005486,Late Delivery,Low,2025-05-05 04:00:00,2025-05-08 23:00:00
T100655,C100271,O1007776,Damaged Product,Medium,2025-05-10 04:00:00,2025-05-12 10:00:00
T100656,C100007,O1004020,Product Query,Medium,2025-11-14 03:00:00,2025-11-14 15:00:00
T100657,C100668,O1002250,Refund,Low,2025-07-17 00:00:00,2025-07-21 10:00:00
T100658,C100171,O1005216,Payment,Medium,2025-10-05 20:00:00,2025-10-09 23:00:00
T100659,C100403,O1008076,Late Delivery,Medium,2025-01-15 01:00:00,2025-01-19 08:00:00
T100660,C100569,O1006214,Damaged Product,Medium,2025-05-01 19:00:00,2025-05-04 21:00:00
T100661,C100463,O1009902,Product Query,Medium,2025-02-22 06:00:00,2025-02-26 20:00:00
T100662,C100407,O1005493,Payment,Medium,2025-01-14 04:00:00,2025-01-18 22:00:00
T100663,C100414,O1001302,Late Delivery,Medium,2025-12-23 01:00:00,2025-12-26 10:00:00
T100664,C100694,O1001327,Product Query,Medium,2025-10-23 13:00:00,2025-10-27 09:00:00
T100665,C100529,O1000805,Product Query,Low,2025-03-18 11:00:00,2025-03-21 19:00:00
T100666,C100138,O1007240,Refund,Low,2025-04-09 21:00:00,2025-04-11 18:00:00
T100667,C100655,O1007808,Damaged Product,Low,2025-06-29 04:00:00,2025-06-30 09:00:00
T100668,C100775,O1000148,Damaged Product,High,2025-04-20 11:00:00,2025-04-23 16:00:00
T100669,C100037,O1007985,Refund,Medium,2025-12-06 14:00:00,2025-12-10 07:00:00
T100670,C100014,O1006695,Late Delivery,Medium,2025-06-25 19:00:00,2025-06-29 15:00:00
T100671,C100968,O1006741,Payment,Medium,2025-08-27 11:00:00,2025-08-30 14:00:00
T100672,C100333,O1004199,Late Delivery,Medium,2025-09-14 13:00:00,2025-09-18 01:00:00
T100673,C100186,O1004656,Damaged Product,Medium,2025-03-02 15:00:00,2025-03-04 09:00:00
T100674,C100531,O1000040,Product Query,Medium,2025-07-15 01:00:00,2025-07-15 05:00:00
T100675,C100682,O1008580,Damaged Product,Low,2025-06-13 23:00:00,2025-06-18 19:00:00
T100676,C100660,O1007105,Late Delivery,Low,2025-09-25 06:00:00,2025-09-26 04:00:00
T100677,C100789,O1006626,Damaged Product,Medium,2025-06-18 21:00:00,2025-06-21 08:00:00
T100678,C100614,O1009530,Damaged Product,Medium,2025-01-21 22:00:00,2025-01-26 11:00:00
T100679,C100348,O1008642,Damaged Product,Low,2025-06-23 13:00:00,2025-06-27 04:00:00
T100680,C100807,O1002040,Damaged Product,Low,2025-11-05 11:00:00,2025-11-10 01:00:00
T100681,C100142,O1003346,Product Query,High,2025-11-04 02:00:00,2025-11-07 10:00:00
T100682,C100458,O1002759,Payment,Low,2025-03-31 10:00:00,2025-03-31 12:00:00
T100683,C100672,O1003412,Damaged Product,Medium,2025-07-22 19:00:00,2025-07-22 22:00:00
T100684,C100702,O1001078,Payment,Medium,2025-08-25 06:00:00,2025-08-29 06:00:00
T100685,C100943,O1006103,Late Delivery,Medium,2025-10-07 12:00:00,2025-10-09 19:00:00
T100686,C100414,O1001302,Product Query,High,2025-04-24 18:00:00,2025-04-27 10:00:00
T100687,C100495,O1006876,Damaged Product,High,2025-05-14 07:00:00,2025-05-17 08:00:00
T100688,C100735,O1009547,Damaged Product,Low,2025-11-15 10:00:00,2025-11-18 05:00:00
T100689,C100148,O1001338,Product Query,Low,2025-09-11 23:00:00,2025-09-16 22:00:00
T100690,C100974,O1002852,Payment,Medium,2025-02-22 17:00:00,2025-02-22 23:00:00
T100691,C100571,O1001589,Payment,Medium,2025-06-06 07:00:00,2025-06-07 03:00:00
T100692,C100766,O1007929,Product Query,Medium,2025-01-11 20:00:00,2025-01-12 08:00:00
T100693,C100730,O1008329,Payment,High,2025-10-08 02:00:00,2025-10-11 12:00:00
T100694,C100448,O1006400,Damaged Product,Medium,2025-05-05 13:00:00,2025-05-08 04:00:00
T100695,C100813,O1005743,Payment,Medium,2025-09-26 10:00:00,2025-09-28 15:00:00
T100696,C100241,O1005214,Payment,Low,2025-12-11 17:00:00,2025-12-16 04:00:00
T100697,C100427,O1002291,Payment,High,2025-05-05 05:00:00,2025-05-07 14:00:00
T100698,C100670,O1006093,Payment,Medium,2025-12-28 07:00:00,2026-01-01 11:00:00
T100699,C100131,O1003334,Damaged Product,Medium,2025-05-11 02:00:00,2025-05-11 22:00:00
T100700,C100829,O1003891,Product Query,Medium,2025-04-30 08:00:00,2025-05-02 01:00:00
T100701,C100896,O1008176,Payment,Low,2025-10-28 09:00:00,2025-10-31 01:00:00
T100702,C100391,O1008861,Payment,Medium,2025-01-19 04:00:00,2025-01-23 10:00:00
T100703,C100205,O1002119,Late Delivery,Low,2025-08-07 02:00:00,2025-08-07 09:00:00
T100704,C100715,O1006420,Damaged Product,Medium,2025-03-01 06:00:00,2025-03-03 11:00:00
T100705,C100368,O1006050,Payment,Low,2025-08-13 18:00:00,2025-08-15 20:00:00
T100706,C100531,O1009493,Payment,Medium,2025-04-11 18:00:00,2025-04-15 15:00:00
T100707,C100547,O1005086,Damaged Product,Medium,2025-12-16 20:00:00,2025-12-18 21:00:00
T100708,C100441,O1004058,Damaged Product,High,2025-04-24 00:00:00,2025-04-25 16:00:00
T100709,C100835,O1009555,Damaged Product,Medium,2025-03-23 12:00:00,2025-03-24 10:00:00
T100710,C100500,O1009444,Late Delivery,Low,2025-10-02 19:00:00,2025-10-06 12:00:00
T100711,C100368,O1007622,Refund,Medium,2025-07-10 12:00:00,2025-07-15 11:00:00
T100712,C100611,O1009347,Damaged Product,Medium,2025-08-31 13:00:00,2025-09-04 09:00:00
T100713,C100860,O1007166,Refund,Medium,2025-03-13 10:00:00,2025-03-17 00:00:00
T100714,C100217,O1003312,Refund,Low,2025-04-07 14:00:00,2025-04-10 09:00:00
T100715,C100978,O1007530,Product Query,Medium,2025-03-29 10:00:00,2025-04-03 04:00:00
T100716,C100301,O1009956,Refund,Low,2025-10-02 00:00:00,2025-10-03 04:00:00
T100717,C100287,O1009473,Payment,Low,2025-08-11 07:00:00,2025-08-15 00:00:00
T100718,C100401,O1007672,Late Delivery,High,2025-04-30 10:00:00,2025-05-01 20:00:00
T100719,C100259,O1002563,Refund,Low,2025-02-12 00:00:00,2025-02-14 12:00:00
T100720,C100984,O1007724,Late Delivery,High,2025-08-10 00:00:00,2025-08-10 16:00:00
T100721,C100829,O1000346,Late Delivery,Medium,2025-02-24 09:00:00,2025-02-27 11:00:00
T100722,C100078,O1006266,Refund,Low,2025-12-17 20:00:00,2025-12-20 00:00:00
T100723,C100041,O1002899,Refund,Medium,2025-03-30 20:00:00,2025-03-31 17:00:00
T100724,C100925,O1001501,Late Delivery,Low,2025-05-11 07:00:00,2025-05-15 04:00:00
T100725,C100946,O1009122,Product Query,High,2025-07-05 10:00:00,2025-07-06 06:00:00
T100726,C100086,O1007437,Late Delivery,Low,2025-03-30 02:00:00,2025-04-02 17:00:00
T100727,C100756,O1006991,Product Query,Medium,2025-12-17 01:00:00,2025-12-19 12:00:00
T100728,C100608,O1006187,Product Query,High,2025-08-04 16:00:00,2025-08-09 12:00:00
T100729,C100478,O1001559,Refund,Low,2025-09-06 12:00:00,2025-09-07 13:00:00
T100730,C100674,O1005322,Payment,High,2025-02-09 11:00:00,2025-02-12 04:00:00
T100731,C100473,O1003398,Payment,Medium,2025-08-27 10:00:00,2025-08-31 06:00:00
T100732,C100330,O1009932,Damaged Product,Critical,2025-10-10 15:00:00,2025-10-12 18:00:00
T100733,C100814,O1006011,Late Delivery,Medium,2025-05-15 23:00:00,2025-05-17 12:00:00
T100734,C100744,O1008592,Refund,Medium,2025-10-07 23:00:00,2025-10-09 14:00:00
T100735,C100872,O1001630,Damaged Product,High,2025-02-02 14:00:00,2025-02-03 02:00:00
T100736,C100680,O1002941,Damaged Product,Medium,2025-08-24 01:00:00,2025-08-28 10:00:00
T100737,C100190,O1005988,Payment,High,2025-10-18 09:00:00,2025-10-21 08:00:00
T100738,C100739,O1009728,Late Delivery,Medium,2025-07-30 00:00:00,2025-08-01 07:00:00
T100739,C100789,O1000741,Refund,Medium,2025-01-15 04:00:00,2025-01-17 23:00:00
T100740,C100870,O1001184,Refund,Critical,2025-06-21 23:00:00,2025-06-22 03:00:00
T100741,C100421,O1007269,Late Delivery,Medium,2025-09-27 17:00:00,2025-09-29 01:00:00
T100742,C100740,O1001105,Payment,Medium,2025-02-05 02:00:00,2025-02-05 13:00:00
T100743,C100336,O1003005,Late Delivery,Critical,2025-05-13 12:00:00,2025-05-14 05:00:00
T100744,C100405,O1006598,Payment,Medium,2025-09-29 00:00:00,2025-10-03 11:00:00
T100745,C100523,O1004274,Refund,Medium,2025-06-23 20:00:00,2025-06-27 00:00:00
T100746,C100330,O1007594,Damaged Product,Low,2025-06-15 06:00:00,2025-06-15 12:00:00
T100747,C100536,O1000141,Refund,Low,2025-07-09 19:00:00,2025-07-13 12:00:00
T100748,C100740,O1006444,Damaged Product,High,2025-07-21 15:00:00,2025-07-25 02:00:00
T100749,C100249,O1006447,Payment,Critical,2025-03-31 15:00:00,2025-04-01 15:00:00
T100750,C100042,O1002677,Damaged Product,Medium,2025-02-06 07:00:00,2025-02-07 23:00:00
T100751,C100911,O1006860,Refund,High,2025-09-01 20:00:00,2025-09-05 14:00:00
T100752,C100673,O1004319,Refund,Low,2025-10-22 01:00:00,2025-10-23 16:00:00
T100753,C100733,O1008738,Damaged Product,Low,2025-04-12 20:00:00,2025-04-16 03:00:00
T100754,C100981,O1007674,Refund,Low,2025-04-16 14:00:00,2025-04-18 18:00:00
T100755,C100919,O1007276,Refund,Low,2025-02-23 06:00:00,2025-02-27 03:00:00
T100756,C100509,O1005250,Damaged Product,Low,2025-03-31 02:00:00,2025-04-02 17:00:00
T100757,C100480,O1006765,Product Query,Low,2025-05-12 09:00:00,2025-05-12 18:00:00
T100758,C100924,O1001407,Late Delivery,Medium,2025-10-22 03:00:00,2025-10-25 08:00:00
T100759,C100899,O1004209,Refund,Medium,2025-11-01 17:00:00,2025-11-06 12:00:00
T100760,C100545,O1003671,Damaged Product,Medium,2025-11-22 11:00:00,2025-11-26 09:00:00
T100761,C100828,O1000726,Product Query,Medium,2025-06-01 22:00:00,2025-06-05 05:00:00
T100762,C100287,O1008091,Late Delivery,Medium,2025-02-26 00:00:00,2025-02-26 14:00:00
T100763,C100948,O1006446,Late Delivery,Low,2025-12-18 16:00:00,2025-12-20 00:00:00
T100764,C100435,O1003305,Late Delivery,Medium,2025-01-30 20:00:00,2025-02-04 08:00:00
T100765,C100312,O1000221,Late Delivery,Low,2025-01-14 13:00:00,2025-01-18 22:00:00
T100766,C100513,O1009694,Damaged Product,High,2025-10-06 04:00:00,2025-10-06 11:00:00
T100767,C100648,O1006581,Refund,Low,2025-01-07 16:00:00,2025-01-10 14:00:00
T100768,C100509,O1008071,Product Query,Low,2025-07-21 05:00:00,2025-07-25 07:00:00
T100769,C100538,O1000749,Refund,Low,2025-11-24 03:00:00,2025-11-24 23:00:00
T100770,C100497,O1009148,Payment,Low,2025-12-10 11:00:00,2025-12-15 06:00:00
T100771,C100665,O1000595,Damaged Product,Low,2025-03-12 02:00:00,2025-03-16 08:00:00
T100772,C100017,O1009135,Late Delivery,Critical,2025-03-03 23:00:00,2025-03-06 18:00:00
T100773,C100922,O1005672,Damaged Product,Low,2025-03-21 00:00:00,2025-03-24 15:00:00
T100774,C100143,O1008693,Refund,Medium,2025-06-14 21:00:00,2025-06-15 04:00:00
T100775,C100847,O1009202,Payment,Medium,2025-10-13 09:00:00,2025-10-14 20:00:00
T100776,C100158,O1008790,Damaged Product,High,2025-03-14 09:00:00,2025-03-15 01:00:00
T100777,C100493,O1007233,Payment,Medium,2025-03-07 23:00:00,2025-03-10 17:00:00
T100778,C100779,O1001046,Product Query,Low,2025-06-03 13:00:00,2025-06-07 14:00:00
T100779,C100895,O1007005,Late Delivery,Low,2025-08-13 05:00:00,2025-08-15 06:00:00
T100780,C100044,O1005257,Refund,Medium,2025-04-20 23:00:00,2025-04-23 00:00:00
T100781,C100983,O1007946,Late Delivery,Medium,2025-01-17 07:00:00,2025-01-17 09:00:00
T100782,C100342,O1009805,Damaged Product,Medium,2025-12-09 14:00:00,2025-12-10 10:00:00
T100783,C100518,O1004607,Refund,Medium,2025-11-16 16:00:00,2025-11-19 02:00:00
T100784,C100051,O1002708,Damaged Product,High,2025-06-22 11:00:00,2025-06-24 18:00:00
T100785,C100126,O1007298,Damaged Product,Medium,2025-07-28 08:00:00,2025-07-29 13:00:00
T100786,C100712,O1002404,Refund,Medium,2025-05-07 08:00:00,2025-05-08 05:00:00
T100787,C100289,O1004783,Refund,High,2025-06-13 21:00:00,2025-06-14 17:00:00
T100788,C100610,O1007048,Late Delivery,Medium,2025-10-14 09:00:00,2025-10-17 19:00:00
T100789,C100543,O1009498,Payment,Critical,2025-05-13 12:00:00,2025-05-14 00:00:00
T100790,C100221,O1007369,Damaged Product,Medium,2025-10-17 17:00:00,2025-10-19 15:00:00
T100791,C100314,O1007124,Product Query,Medium,2025-04-25 02:00:00,2025-04-26 06:00:00
T100792,C100305,O1005195,Refund,High,2025-03-23 11:00:00,2025-03-25 03:00:00
T100793,C100947,O1003019,Payment,High,2025-04-07 09:00:00,2025-04-11 04:00:00
T100794,C100788,O1008523,Product Query,Low,2025-06-24 08:00:00,2025-06-28 10:00:00
T100795,C100187,O1003652,Payment,Medium,2025-12-22 22:00:00,2025-12-24 18:00:00
T100796,C100818,O1002139,Product Query,Medium,2025-08-28 00:00:00,2025-09-01 03:00:00
T100797,C100957,O1006394,Damaged Product,Medium,2025-04-22 08:00:00,2025-04-23 02:00:00
T100798,C100106,O1009155,Refund,Low,2025-02-16 13:00:00,2025-02-20 08:00:00
T100799,C100056,O1004750,Damaged Product,Low,2025-03-28 17:00:00,2025-03-29 15:00:00
T100800,C100894,O1003698,Refund,Medium,2025-05-24 09:00:00,2025-05-25 22:00:00
T100801,C100858,O1001558,Refund,Medium,2025-06-17 02:00:00,2025-06-20 08:00:00
T100802,C100936,O1008153,Damaged Product,Low,2025-03-26 02:00:00,2025-03-27 17:00:00
T100803,C100815,O1006335,Damaged Product,Low,2025-04-04 23:00:00,2025-04-07 00:00:00
T100804,C100871,O1001802,Damaged Product,Medium,2025-03-07 15:00:00,2025-03-08 04:00:00
T100805,C100608,O1006187,Product Query,Medium,2025-04-10 02:00:00,2025-04-13 05:00:00
T100806,C100474,O1003724,Damaged Product,Low,2025-11-02 06:00:00,2025-11-04 15:00:00
T100807,C100867,O1000168,Damaged Product,Low,2025-04-07 20:00:00,2025-04-08 04:00:00
T100808,C100448,O1006400,Payment,Medium,2025-03-14 00:00:00,2025-03-15 07:00:00
T100809,C100646,O1003819,Late Delivery,High,2025-02-20 07:00:00,2025-02-23 22:00:00
T100810,C100047,O1002085,Late Delivery,Low,2025-01-20 15:00:00,2025-01-22 11:00:00
T100811,C100147,O1007326,Damaged Product,Critical,2025-11-20 17:00:00,2025-11-25 12:00:00
T100812,C100746,O1002090,Late Delivery,Critical,2025-10-03 05:00:00,2025-10-07 18:00:00
T100813,C100522,O1001808,Refund,Medium,2025-03-09 05:00:00,2025-03-13 03:00:00
T100814,C100792,O1001809,Payment,Critical,2025-04-02 10:00:00,2025-04-06 22:00:00
T100815,C100788,O1008523,Damaged Product,Medium,2025-01-08 23:00:00,2025-01-12 14:00:00
T100816,C100348,O1004297,Damaged Product,Medium,2025-01-13 20:00:00,2025-01-16 02:00:00
T100817,C100245,O1005676,Payment,Medium,2025-10-11 19:00:00,2025-10-12 20:00:00
T100818,C100785,O1008261,Refund,Low,2025-05-17 03:00:00,2025-05-20 07:00:00
T100819,C100429,O1004069,Damaged Product,High,2025-06-14 19:00:00,2025-06-16 20:00:00
T100820,C100945,O1002685,Payment,High,2025-10-14 00:00:00,2025-10-18 20:00:00
T100821,C100348,O1009869,Refund,Medium,2025-05-10 06:00:00,2025-05-11 02:00:00
T100822,C100596,O1006089,Payment,Low,2025-12-21 20:00:00,2025-12-24 10:00:00
T100823,C100820,O1006379,Refund,Low,2025-07-14 13:00:00,2025-07-18 08:00:00
T100824,C100602,O1002955,Late Delivery,Low,2025-03-09 08:00:00,2025-03-12 01:00:00
T100825,C100581,O1009258,Damaged Product,Low,2025-07-23 05:00:00,2025-07-26 22:00:00
T100826,C100367,O1003320,Damaged Product,High,2025-04-27 02:00:00,2025-04-27 06:00:00
T100827,C100646,O1009991,Payment,Low,2025-05-21 11:00:00,2025-05-22 03:00:00
T100828,C100319,O1006204,Product Query,Critical,2025-09-01 08:00:00,2025-09-01 15:00:00
T100829,C100958,O1004592,Product Query,High,2025-11-07 19:00:00,2025-11-11 12:00:00
T100830,C100017,O1007159,Refund,Medium,2025-07-04 03:00:00,2025-07-07 12:00:00
T100831,C100421,O1003617,Payment,Medium,2025-11-04 14:00:00,2025-11-07 11:00:00
T100832,C100541,O1008285,Payment,Low,2025-05-19 09:00:00,2025-05-21 12:00:00
T100833,C100875,O1008682,Payment,Medium,2025-05-14 08:00:00,2025-05-19 05:00:00
T100834,C100268,O1000987,Refund,Medium,2025-11-03 12:00:00,2025-11-05 22:00:00
T100835,C100174,O1000103,Refund,Low,2025-03-23 01:00:00,2025-03-27 23:00:00
T100836,C100686,O1000687,Late Delivery,High,2025-03-01 10:00:00,2025-03-02 04:00:00
T100837,C100991,O1004626,Damaged Product,Medium,2025-06-27 13:00:00,2025-06-28 00:00:00
T100838,C100669,O1006643,Damaged Product,Medium,2025-02-13 04:00:00,2025-02-17 06:00:00
T100839,C100747,O1006441,Payment,Low,2025-02-27 00:00:00,2025-03-03 04:00:00
T100840,C100298,O1002583,Late Delivery,Low,2025-08-19 12:00:00,2025-08-22 18:00:00
T100841,C100178,O1008105,Late Delivery,Medium,2025-04-14 01:00:00,2025-04-14 21:00:00
T100842,C100465,O1000914,Product Query,Low,2025-02-15 03:00:00,2025-02-17 04:00:00
T100843,C100437,O1006852,Damaged Product,Medium,2025-05-20 20:00:00,2025-05-23 14:00:00
T100844,C100696,O1004663,Late Delivery,Low,2025-11-06 08:00:00,2025-11-10 08:00:00
T100845,C100243,O1000202,Product Query,Medium,2025-05-20 17:00:00,2025-05-23 06:00:00
T100846,C100438,O1008618,Product Query,Medium,2025-04-24 09:00:00,2025-04-27 13:00:00
T100847,C100916,O1006750,Product Query,Medium,2025-03-07 11:00:00,2025-03-08 21:00:00
T100848,C100509,O1005550,Damaged Product,High,2025-04-19 01:00:00,2025-04-19 05:00:00
T100849,C100348,O1006530,Refund,Medium,2025-07-05 23:00:00,2025-07-09 14:00:00
T100850,C100629,O1003121,Product Query,Low,2025-05-22 19:00:00,2025-05-23 04:00:00
T100851,C100510,O1000093,Damaged Product,Medium,2025-08-13 00:00:00,2025-08-15 17:00:00
T100852,C100664,O1003795,Product Query,Medium,2025-06-12 02:00:00,2025-06-14 08:00:00
T100853,C100064,O1002991,Product Query,Medium,2025-08-12 06:00:00,2025-08-15 09:00:00
T100854,C100390,O1006951,Refund,Medium,2025-11-01 06:00:00,2025-11-04 06:00:00
T100855,C100490,O1004699,Product Query,Medium,2025-10-20 19:00:00,2025-10-24 06:00:00
T100856,C100055,O1009633,Damaged Product,Medium,2025-12-26 07:00:00,2025-12-26 19:00:00
T100857,C100628,O1006327,Payment,High,2025-01-29 03:00:00,2025-01-31 04:00:00
T100858,C100481,O1006790,Product Query,Low,2025-04-04 04:00:00,2025-04-05 19:00:00
T100859,C100618,O1006805,Damaged Product,Medium,2025-02-27 06:00:00,2025-02-27 12:00:00
T100860,C100612,O1002924,Refund,Critical,2025-09-26 09:00:00,2025-10-01 05:00:00
T100861,C100569,O1005436,Product Query,High,2025-06-09 11:00:00,2025-06-10 19:00:00
T100862,C100271,O1009102,Late Delivery,Low,2025-01-04 21:00:00,2025-01-05 07:00:00
T100863,C100330,O1009932,Product Query,Low,2025-06-26 05:00:00,2025-06-27 03:00:00
T100864,C100133,O1003196,Refund,Low,2025-07-19 05:00:00,2025-07-22 20:00:00
T100865,C100911,O1006860,Product Query,Low,2025-03-16 23:00:00,2025-03-20 17:00:00
T100866,C100904,O1000820,Payment,Medium,2025-04-27 03:00:00,2025-04-28 06:00:00
T100867,C100879,O1001653,Product Query,Medium,2025-04-20 06:00:00,2025-04-21 13:00:00
T100868,C100744,O1004104,Late Delivery,Medium,2025-07-12 22:00:00,2025-07-15 09:00:00
T100869,C100172,O1007285,Payment,High,2025-02-28 04:00:00,2025-03-02 01:00:00
T100870,C100580,O1001805,Damaged Product,Low,2025-06-22 08:00:00,2025-06-25 08:00:00
T100871,C100652,O1002147,Damaged Product,Medium,2025-07-18 02:00:00,2025-07-20 08:00:00
T100872,C100302,O1007156,Product Query,Medium,2025-07-13 17:00:00,2025-07-16 08:00:00
T100873,C100131,O1001682,Late Delivery,High,2025-06-24 03:00:00,2025-06-28 07:00:00
T100874,C100386,O1000725,Product Query,Medium,2025-09-24 19:00:00,2025-09-28 02:00:00
T100875,C100612,O1006307,Damaged Product,Low,2025-09-09 02:00:00,2025-09-13 07:00:00
T100876,C100734,O1005034,Refund,High,2025-06-25 21:00:00,2025-06-27 02:00:00
T100877,C100942,O1005146,Late Delivery,Low,2025-08-19 03:00:00,2025-08-20 06:00:00
T100878,C100919,O1005528,Late Delivery,Medium,2025-02-03 21:00:00,2025-02-06 09:00:00
T100879,C100186,O1009466,Damaged Product,Medium,2025-04-09 20:00:00,2025-04-11 22:00:00
T100880,C100366,O1009460,Damaged Product,Medium,2025-03-26 01:00:00,2025-03-30 05:00:00
T100881,C100710,O1005831,Damaged Product,Critical,2025-10-05 11:00:00,2025-10-06 17:00:00
T100882,C100757,O1006570,Late Delivery,Medium,2025-05-31 02:00:00,2025-06-02 07:00:00
T100883,C100359,O1005218,Refund,Medium,2025-02-25 10:00:00,2025-03-02 07:00:00
T100884,C100046,O1003664,Payment,Medium,2025-08-06 01:00:00,2025-08-07 17:00:00
T100885,C100164,O1001364,Payment,Medium,2025-08-19 02:00:00,2025-08-21 18:00:00
T100886,C100191,O1006486,Late Delivery,Medium,2025-11-09 15:00:00,2025-11-11 23:00:00
T100887,C100004,O1008616,Product Query,Low,2025-08-15 07:00:00,2025-08-15 09:00:00
T100888,C100382,O1007023,Refund,High,2025-12-05 20:00:00,2025-12-06 23:00:00
T100889,C100049,O1003170,Late Delivery,Medium,2025-03-27 22:00:00,2025-03-28 10:00:00
T100890,C100988,O1006120,Late Delivery,High,2025-06-27 04:00:00,2025-07-01 20:00:00
T100891,C100107,O1004168,Refund,Medium,2025-03-13 07:00:00,2025-03-17 14:00:00
T100892,C100964,O1009747,Refund,High,2025-06-04 11:00:00,2025-06-05 18:00:00
T100893,C100737,O1005028,Product Query,Medium,2025-02-08 23:00:00,2025-02-10 23:00:00
T100894,C100473,O1004689,Product Query,Critical,2025-05-15 09:00:00,2025-05-19 16:00:00
T100895,C100860,O1009565,Product Query,High,2025-08-15 10:00:00,2025-08-19 22:00:00
T100896,C100288,O1001910,Product Query,Medium,2025-04-27 14:00:00,2025-04-30 10:00:00
T100897,C100934,O1002586,Damaged Product,Low,2025-05-13 20:00:00,2025-05-17 04:00:00
T100898,C100071,O1002017,Product Query,Medium,2025-08-01 19:00:00,2025-08-06 17:00:00
T100899,C100824,O1006848,Late Delivery,Low,2025-12-31 12:00:00,2026-01-03 04:00:00
T100900,C100648,O1006865,Damaged Product,Low,2025-03-11 22:00:00,2025-03-13 10:00:00
T100901,C100636,O1007056,Late Delivery,Low,2025-08-20 18:00:00,2025-08-24 20:00:00
T100902,C100824,O1009289,Refund,Low,2025-12-12 08:00:00,2025-12-16 16:00:00
T100903,C100949,O1000250,Refund,Medium,2025-01-04 14:00:00,2025-01-08 06:00:00
T100904,C100732,O1002458,Product Query,High,2025-05-24 16:00:00,2025-05-28 16:00:00
T100905,C100536,O1003924,Late Delivery,Low,2025-05-17 10:00:00,2025-05-20 08:00:00
T100906,C100862,O1002120,Refund,Medium,2025-12-20 22:00:00,2025-12-23 22:00:00
T100907,C100958,O1000409,Late Delivery,Critical,2025-01-06 04:00:00,2025-01-06 16:00:00
T100908,C100726,O1002382,Late Delivery,Medium,2025-12-24 18:00:00,2025-12-25 11:00:00
T100909,C100834,O1001451,Damaged Product,Low,2025-08-17 16:00:00,2025-08-21 16:00:00
T100910,C100736,O1009419,Product Query,Medium,2025-01-11 07:00:00,2025-01-16 01:00:00
T100911,C100095,O1000776,Late Delivery,Medium,2025-12-01 22:00:00,2025-12-06 02:00:00
T100912,C100426,O1002144,Payment,Low,2025-10-13 01:00:00,2025-10-16 14:00:00
T100913,C100564,O1002529,Product Query,Medium,2025-09-29 21:00:00,2025-10-04 08:00:00
T100914,C100357,O1007125,Product Query,High,2025-04-17 01:00:00,2025-04-19 17:00:00
T100915,C100175,O1006936,Damaged Product,Medium,2025-04-07 20:00:00,2025-04-08 09:00:00
T100916,C100190,O1008676,Payment,Critical,2025-10-19 12:00:00,2025-10-20 22:00:00
T100917,C100854,O1001483,Product Query,Medium,2025-03-07 05:00:00,2025-03-12 01:00:00
T100918,C100983,O1008522,Damaged Product,Low,2025-06-15 22:00:00,2025-06-20 05:00:00
T100919,C100832,O1003950,Payment,High,2025-11-17 05:00:00,2025-11-19 10:00:00
T100920,C100914,O1008217,Payment,High,2025-12-17 16:00:00,2025-12-18 04:00:00
T100921,C100157,O1005729,Product Query,Low,2025-02-13 13:00:00,2025-02-14 16:00:00
T100922,C100364,O1004859,Damaged Product,Low,2025-10-05 05:00:00,2025-10-09 03:00:00
T100923,C100679,O1002045,Product Query,Medium,2025-09-17 02:00:00,2025-09-20 15:00:00
T100924,C100829,O1000346,Late Delivery,High,2025-11-08 05:00:00,2025-11-12 11:00:00
T100925,C100383,O1002585,Damaged Product,High,2025-03-31 04:00:00,2025-04-04 01:00:00
T100926,C100103,O1002228,Damaged Product,Medium,2025-10-20 16:00:00,2025-10-24 13:00:00
T100927,C100583,O1005558,Late Delivery,High,2025-04-21 01:00:00,2025-04-21 03:00:00
T100928,C100302,O1007161,Product Query,Low,2025-05-30 22:00:00,2025-06-01 07:00:00
T100929,C100224,O1006998,Late Delivery,Medium,2025-01-18 01:00:00,2025-01-19 17:00:00
T100930,C100912,O1008294,Late Delivery,High,2025-09-05 19:00:00,2025-09-08 23:00:00
T100931,C100563,O1004758,Product Query,Low,2025-03-04 00:00:00,2025-03-06 09:00:00
T100932,C100040,O1002410,Payment,Low,2025-05-23 23:00:00,2025-05-24 18:00:00
T100933,C100046,O1003632,Damaged Product,Medium,2025-01-15 08:00:00,2025-01-19 14:00:00
T100934,C100501,O1003397,Late Delivery,High,2025-07-19 08:00:00,2025-07-21 05:00:00
T100935,C100386,O1008498,Payment,Critical,2025-07-09 23:00:00,2025-07-10 03:00:00
T100936,C100508,O1006522,Product Query,Medium,2025-09-02 05:00:00,2025-09-06 07:00:00
T100937,C100366,O1008333,Payment,Medium,2025-06-14 05:00:00,2025-06-17 23:00:00
T100938,C100709,O1002906,Product Query,Medium,2025-10-07 16:00:00,2025-10-12 09:00:00
T100939,C100852,O1002716,Product Query,Low,2025-07-14 08:00:00,2025-07-18 23:00:00
T100940,C100798,O1008414,Product Query,Medium,2025-02-18 18:00:00,2025-02-20 18:00:00
T100941,C100916,O1007165,Product Query,Medium,2025-01-24 20:00:00,2025-01-29 13:00:00
T100942,C100327,O1000427,Damaged Product,Low,2025-03-11 07:00:00,2025-03-15 05:00:00
T100943,C100217,O1006236,Payment,High,2025-10-22 05:00:00,2025-10-23 09:00:00
T100944,C100205,O1000248,Refund,Medium,2025-05-31 14:00:00,2025-06-04 00:00:00
T100945,C100777,O1000704,Damaged Product,High,2025-02-15 07:00:00,2025-02-18 09:00:00
T100946,C100458,O1000862,Late Delivery,Medium,2025-05-25 00:00:00,2025-05-26 09:00:00
T100947,C100493,O1000631,Product Query,Medium,2025-10-31 15:00:00,2025-11-03 01:00:00
T100948,C100924,O1004636,Product Query,Medium,2025-10-21 01:00:00,2025-10-22 05:00:00
T100949,C100178,O1000003,Refund,Critical,2025-04-28 13:00:00,2025-05-01 15:00:00
T100950,C100614,O1005521,Damaged Product,Medium,2025-04-12 16:00:00,2025-04-15 03:00:00
T100951,C100786,O1001462,Refund,Medium,2025-06-12 00:00:00,2025-06-14 18:00:00
T100952,C100733,O1002495,Late Delivery,High,2025-04-19 10:00:00,2025-04-22 17:00:00
T100953,C100774,O1001186,Product Query,High,2025-08-27 05:00:00,2025-08-31 17:00:00
T100954,C100793,O1002501,Product Query,High,2025-09-04 01:00:00,2025-09-06 04:00:00
T100955,C100574,O1001022,Product Query,Medium,2025-08-09 23:00:00,2025-08-13 15:00:00
T100956,C100197,O1005349,Damaged Product,Low,2025-11-07 19:00:00,2025-11-10 07:00:00
T100957,C100113,O1004035,Refund,Low,2025-07-26 12:00:00,2025-07-29 06:00:00
T100958,C100100,O1009089,Late Delivery,Medium,2025-09-03 12:00:00,2025-09-04 15:00:00
T100959,C100477,O1007220,Damaged Product,Low,2025-05-27 01:00:00,2025-06-01 00:00:00
T100960,C100064,O1004059,Damaged Product,High,2025-03-27 08:00:00,2025-03-30 02:00:00
T100961,C100159,O1004579,Product Query,Critical,2025-06-25 03:00:00,2025-06-29 19:00:00
T100962,C100446,O1000193,Product Query,Medium,2025-08-22 10:00:00,2025-08-25 17:00:00
T100963,C100056,O1005518,Refund,Low,2025-01-24 22:00:00,2025-01-25 17:00:00
T100964,C100876,O1005545,Late Delivery,Low,2025-06-22 07:00:00,2025-06-25 12:00:00
T100965,C100783,O1003361,Late Delivery,Medium,2025-03-01 03:00:00,2025-03-04 08:00:00
T100966,C100676,O1003021,Product Query,Medium,2025-04-03 10:00:00,2025-04-07 11:00:00
T100967,C100147,O1006577,Damaged Product,Medium,2025-09-25 11:00:00,2025-09-30 03:00:00
T100968,C100236,O1006336,Product Query,Critical,2025-05-03 19:00:00,2025-05-04 01:00:00
T100969,C100119,O1003315,Damaged Product,Low,2025-09-03 08:00:00,2025-09-07 13:00:00
T100970,C100780,O1007640,Late Delivery,Critical,2025-07-12 19:00:00,2025-07-15 20:00:00
T100971,C100268,O1003101,Product Query,High,2025-05-03 22:00:00,2025-05-08 09:00:00
T100972,C100917,O1004284,Product Query,High,2025-06-23 18:00:00,2025-06-25 18:00:00
T100973,C100868,O1009450,Damaged Product,Medium,2025-10-17 05:00:00,2025-10-20 07:00:00
T100974,C100951,O1006930,Payment,Medium,2025-07-22 12:00:00,2025-07-23 10:00:00
T100975,C100875,O1004392,Payment,Medium,2025-10-22 05:00:00,2025-10-22 16:00:00
T100976,C100304,O1005806,Product Query,Medium,2025-04-19 21:00:00,2025-04-20 04:00:00
T100977,C100867,O1004469,Late Delivery,Low,2025-07-12 12:00:00,2025-07-12 16:00:00
T100978,C100869,O1001751,Damaged Product,Medium,2025-04-23 21:00:00,2025-04-26 05:00:00
T100979,C100132,O1000727,Product Query,Critical,2025-12-24 15:00:00,2025-12-26 04:00:00
T100980,C100469,O1008259,Damaged Product,Low,2025-11-17 20:00:00,2025-11-19 09:00:00
T100981,C100247,O1009214,Damaged Product,Low,2025-04-08 06:00:00,2025-04-11 08:00:00
T100982,C100494,O1008914,Damaged Product,Low,2025-03-12 19:00:00,2025-03-17 07:00:00
T100983,C100653,O1003686,Payment,Medium,2025-04-18 13:00:00,2025-04-23 04:00:00
T100984,C100085,O1004166,Payment,Medium,2025-01-23 17:00:00,2025-01-26 16:00:00
T100985,C100569,O1006803,Damaged Product,Low,2025-01-04 09:00:00,2025-01-06 09:00:00
T100986,C100593,O1003599,Damaged Product,Medium,2025-01-11 07:00:00,2025-01-13 10:00:00
T100987,C100830,O1006712,Late Delivery,Low,2025-02-24 16:00:00,2025-02-27 19:00:00
T100988,C100060,O1004891,Product Query,Medium,2025-09-08 12:00:00,2025-09-13 01:00:00
T100989,C100372,O1008859,Late Delivery,High,2025-10-26 13:00:00,2025-10-29 05:00:00
T100990,C100825,O1008632,Payment,Low,2025-01-19 19:00:00,2025-01-21 20:00:00
T100991,C100615,O1008789,Payment,High,2025-08-18 16:00:00,2025-08-19 21:00:00
T100992,C100161,O1008036,Product Query,Medium,2025-08-01 07:00:00,2025-08-01 20:00:00
T100993,C100387,O1001538,Refund,Medium,2025-03-11 09:00:00,2025-03-13 00:00:00
T100994,C100588,O1007793,Late Delivery,Medium,2025-08-28 04:00:00,2025-09-01 04:00:00
T100995,C100760,O1001089,Refund,Medium,2025-09-05 05:00:00,2025-09-07 03:00:00
T100996,C100417,O1007194,Damaged Product,Medium,2025-12-16 00:00:00,2025-12-20 05:00:00
T100997,C100319,O1008892,Late Delivery,Medium,2025-03-01 16:00:00,2025-03-05 12:00:00
T100998,C100095,O1008494,Damaged Product,Low,2025-01-13 23:00:00,2025-01-17 21:00:00
T100999,C100773,O1002739,Refund,Medium,2025-05-29 10:00:00,2025-06-01 18:00:00
T101000,C100057,O1007167,Damaged Product,High,2025-09-14 12:00:00,2025-09-14 17:00:00
T101001,C100243,O1008365,Refund,Medium,2025-12-31 07:00:00,2026-01-02 16:00:00
T101002,C100483,O1000408,Product Query,High,2025-08-12 15:00:00,2025-08-16 05:00:00
T101003,C100270,O1004075,Payment,Low,2025-04-26 10:00:00,2025-05-01 08:00:00
T101004,C100458,O1001669,Damaged Product,Medium,2025-03-25 10:00:00,2025-03-29 05:00:00
T101005,C100601,O1003486,Late Delivery,Medium,2025-09-05 22:00:00,2025-09-07 11:00:00
T101006,C100166,O1008961,Damaged Product,Low,2025-09-13 08:00:00,2025-09-16 05:00:00
T101007,C100316,O1001780,Refund,Medium,2025-01-03 05:00:00,2025-01-06 21:00:00
T101008,C100469,O1006766,Damaged Product,Low,2025-11-30 03:00:00,2025-12-04 08:00:00
T101009,C100678,O1009727,Damaged Product,Low,2025-04-20 07:00:00,2025-04-20 22:00:00
T101010,C100679,O1008359,Damaged Product,Medium,2025-07-19 22:00:00,2025-07-24 13:00:00
T101011,C100629,O1000640,Payment,Low,2025-04-22 13:00:00,2025-04-24 20:00:00
T101012,C100696,O1009403,Refund,Medium,2025-04-27 01:00:00,2025-05-01 13:00:00
T101013,C100830,O1005236,Damaged Product,Medium,2025-11-02 20:00:00,2025-11-06 17:00:00
T101014,C100068,O1009958,Payment,Medium,2025-07-03 13:00:00,2025-07-06 04:00:00
T101015,C100023,O1007189,Product Query,Low,2025-03-04 05:00:00,2025-03-06 15:00:00
T101016,C100559,O1007531,Refund,Medium,2025-05-04 10:00:00,2025-05-05 20:00:00
T101017,C100458,O1004180,Late Delivery,Critical,2025-04-28 13:00:00,2025-05-01 12:00:00
T101018,C100640,O1001568,Refund,High,2025-10-04 10:00:00,2025-10-05 22:00:00
T101019,C100175,O1002956,Damaged Product,High,2025-03-01 12:00:00,2025-03-03 22:00:00
T101020,C100104,O1005019,Refund,Medium,2025-05-23 22:00:00,2025-05-25 03:00:00
T101021,C100433,O1001573,Payment,Medium,2025-06-23 21:00:00,2025-06-25 01:00:00
T101022,C100708,O1000182,Late Delivery,Medium,2025-02-08 21:00:00,2025-02-13 10:00:00
T101023,C100753,O1001951,Payment,Medium,2025-04-10 06:00:00,2025-04-14 14:00:00
T101024,C100137,O1007763,Damaged Product,Low,2025-07-23 20:00:00,2025-07-26 17:00:00
T101025,C100697,O1009449,Refund,Low,2025-03-07 00:00:00,2025-03-10 08:00:00
T101026,C100056,O1008233,Payment,Low,2025-07-29 18:00:00,2025-07-29 20:00:00
T101027,C100578,O1004129,Refund,Medium,2025-06-07 12:00:00,2025-06-11 05:00:00
T101028,C100058,O1005081,Refund,Low,2025-11-12 19:00:00,2025-11-17 14:00:00
T101029,C100769,O1000328,Product Query,Low,2025-06-22 14:00:00,2025-06-27 07:00:00
T101030,C100194,O1005203,Refund,Low,2025-06-28 10:00:00,2025-06-28 18:00:00
T101031,C100803,O1003912,Payment,High,2025-04-23 19:00:00,2025-04-27 06:00:00
T101032,C100105,O1003777,Damaged Product,Medium,2025-01-22 05:00:00,2025-01-24 15:00:00
T101033,C100589,O1006109,Damaged Product,Medium,2025-12-19 21:00:00,2025-12-20 06:00:00
T101034,C100172,O1004186,Payment,Low,2025-04-12 01:00:00,2025-04-16 00:00:00
T101035,C100834,O1006183,Late Delivery,Medium,2025-02-23 03:00:00,2025-02-26 07:00:00
T101036,C100083,O1008407,Damaged Product,Medium,2025-02-01 22:00:00,2025-02-03 06:00:00
T101037,C100302,O1000942,Product Query,Low,2025-09-18 13:00:00,2025-09-21 02:00:00
T101038,C100827,O1009003,Damaged Product,Medium,2025-05-23 01:00:00,2025-05-24 20:00:00
T101039,C100321,O1002612,Refund,High,2025-07-12 11:00:00,2025-07-13 15:00:00
T101040,C100318,O1007235,Refund,High,2025-02-09 20:00:00,2025-02-12 00:00:00
T101041,C100878,O1007351,Product Query,Low,2025-05-21 09:00:00,2025-05-24 09:00:00
T101042,C100738,O1009896,Damaged Product,Medium,2025-04-27 14:00:00,2025-04-27 22:00:00
T101043,C100392,O1009863,Refund,High,2025-09-04 01:00:00,2025-09-07 10:00:00
T101044,C100807,O1002067,Product Query,Medium,2025-09-17 07:00:00,2025-09-19 18:00:00
T101045,C100922,O1005125,Late Delivery,Medium,2025-02-26 02:00:00,2025-02-28 21:00:00
T101046,C100230,O1009086,Late Delivery,Critical,2025-11-12 01:00:00,2025-11-12 20:00:00
T101047,C100735,O1000860,Damaged Product,Medium,2025-12-06 11:00:00,2025-12-07 07:00:00
T101048,C100605,O1006499,Product Query,Medium,2025-02-01 21:00:00,2025-02-04 14:00:00
T101049,C100259,O1008748,Product Query,Medium,2025-11-01 02:00:00,2025-11-04 06:00:00
T101050,C100220,O1004600,Damaged Product,Low,2025-10-20 13:00:00,2025-10-23 17:00:00
T101051,C100862,O1004374,Late Delivery,Medium,2025-09-29 13:00:00,2025-09-29 17:00:00
T101052,C100846,O1004013,Refund,Low,2025-12-31 07:00:00,2026-01-02 16:00:00
T101053,C101000,O1007339,Payment,Low,2025-12-16 18:00:00,2025-12-17 14:00:00
T101054,C100260,O1001647,Late Delivery,Low,2025-05-17 10:00:00,2025-05-20 04:00:00
T101055,C100558,O1002450,Refund,High,2025-12-10 08:00:00,2025-12-14 08:00:00
T101056,C100992,O1000886,Product Query,High,2025-03-03 15:00:00,2025-03-08 10:00:00
T101057,C100010,O1008723,Damaged Product,Low,2025-03-15 16:00:00,2025-03-18 03:00:00
T101058,C100165,O1007822,Payment,Medium,2025-09-26 08:00:00,2025-09-28 20:00:00
T101059,C100205,O1002669,Late Delivery,Medium,2025-11-20 14:00:00,2025-11-23 13:00:00
T101060,C100879,O1006056,Product Query,Medium,2025-03-15 20:00:00,2025-03-16 04:00:00
T101061,C100069,O1006939,Late Delivery,Low,2025-10-16 19:00:00,2025-10-18 13:00:00
T101062,C100507,O1002078,Refund,High,2025-10-14 12:00:00,2025-10-16 03:00:00
T101063,C100070,O1004008,Late Delivery,Medium,2025-06-08 07:00:00,2025-06-11 03:00:00
T101064,C100270,O1003538,Damaged Product,Medium,2025-11-15 14:00:00,2025-11-16 10:00:00
T101065,C100468,O1003660,Damaged Product,High,2025-07-13 22:00:00,2025-07-14 04:00:00
T101066,C100870,O1006618,Product Query,Critical,2025-07-19 19:00:00,2025-07-21 13:00:00
T101067,C100533,O1001909,Product Query,Low,2025-07-25 03:00:00,2025-07-25 07:00:00
T101068,C100250,O1002444,Product Query,Medium,2025-08-04 15:00:00,2025-08-08 04:00:00
T101069,C100946,O1008394,Damaged Product,Medium,2025-07-09 01:00:00,2025-07-13 13:00:00
T101070,C100850,O1001889,Damaged Product,Medium,2025-11-28 22:00:00,2025-12-02 08:00:00
T101071,C100563,O1004409,Damaged Product,High,2025-06-04 22:00:00,2025-06-06 09:00:00
T101072,C100410,O1007474,Payment,Medium,2025-04-06 19:00:00,2025-04-10 08:00:00
T101073,C100581,O1004165,Payment,High,2025-08-16 04:00:00,2025-08-20 04:00:00
T101074,C100207,O1004622,Late Delivery,Medium,2025-06-24 00:00:00,2025-06-28 11:00:00
T101075,C100134,O1001109,Product Query,Medium,2025-10-28 14:00:00,2025-10-31 04:00:00
T101076,C100773,O1004334,Refund,Low,2025-11-13 09:00:00,2025-11-15 10:00:00
T101077,C100201,O1001430,Product Query,Medium,2025-12-14 22:00:00,2025-12-15 08:00:00
T101078,C100175,O1001561,Payment,Medium,2025-11-08 13:00:00,2025-11-10 21:00:00
T101079,C100989,O1003699,Refund,Low,2025-09-01 02:00:00,2025-09-01 11:00:00
T101080,C100023,O1006355,Late Delivery,Medium,2025-06-19 10:00:00,2025-06-21 09:00:00
T101081,C100177,O1000432,Damaged Product,Medium,2025-12-12 12:00:00,2025-12-12 21:00:00
T101082,C100898,O1001133,Damaged Product,Low,2025-05-24 02:00:00,2025-05-26 00:00:00
T101083,C100904,O1005989,Product Query,Medium,2025-12-18 07:00:00,2025-12-20 20:00:00
T101084,C100966,O1006150,Damaged Product,Medium,2025-12-22 04:00:00,2025-12-23 21:00:00
T101085,C100808,O1001872,Damaged Product,Low,2025-08-26 09:00:00,2025-08-28 02:00:00
T101086,C100782,O1000598,Product Query,Low,2025-12-24 13:00:00,2025-12-28 06:00:00
T101087,C100461,O1007274,Payment,Medium,2025-04-14 08:00:00,2025-04-19 05:00:00
T101088,C100919,O1009634,Product Query,Medium,2025-01-23 06:00:00,2025-01-24 14:00:00
T101089,C100692,O1006473,Late Delivery,Medium,2025-07-09 06:00:00,2025-07-09 20:00:00
T101090,C100833,O1002412,Product Query,Medium,2025-04-29 14:00:00,2025-04-29 20:00:00
T101091,C100354,O1004716,Late Delivery,Medium,2025-11-27 00:00:00,2025-11-29 00:00:00
T101092,C100231,O1008736,Damaged Product,Medium,2025-09-01 19:00:00,2025-09-04 07:00:00
T101093,C100704,O1002024,Damaged Product,Medium,2025-02-16 08:00:00,2025-02-16 11:00:00
T101094,C100910,O1000710,Late Delivery,Low,2025-08-12 12:00:00,2025-08-15 00:00:00
T101095,C100068,O1007743,Payment,Low,2025-09-29 00:00:00,2025-10-02 02:00:00
T101096,C100321,O1006548,Late Delivery,Medium,2025-05-22 23:00:00,2025-05-25 07:00:00
T101097,C100052,O1009923,Payment,Medium,2025-12-12 08:00:00,2025-12-12 21:00:00
T101098,C100567,O1004927,Refund,Low,2025-09-25 16:00:00,2025-09-27 23:00:00
T101099,C100405,O1007112,Damaged Product,Medium,2025-09-19 23:00:00,2025-09-23 09:00:00
T101100,C100625,O1004548,Refund,High,2025-04-28 15:00:00,2025-05-01 02:00:00
T101101,C100022,O1007260,Refund,Low,2025-12-13 01:00:00,2025-12-16 15:00:00
T101102,C100743,O1006752,Refund,High,2025-09-03 14:00:00,2025-09-08 07:00:00
T101103,C100400,O1001962,Refund,Medium,2025-09-21 15:00:00,2025-09-26 13:00:00
T101104,C100595,O1008377,Damaged Product,High,2025-10-21 15:00:00,2025-10-22 22:00:00
T101105,C100098,O1004030,Refund,Low,2025-12-27 00:00:00,2025-12-28 04:00:00
T101106,C100672,O1004744,Product Query,Critical,2025-09-09 11:00:00,2025-09-10 10:00:00
T101107,C100829,O1000830,Product Query,Medium,2025-12-17 17:00:00,2025-12-21 00:00:00
T101108,C100424,O1002717,Damaged Product,Medium,2025-03-30 19:00:00,2025-04-02 19:00:00
T101109,C100803,O1000823,Late Delivery,Medium,2025-08-18 01:00:00,2025-08-19 15:00:00
T101110,C100725,O1009384,Payment,Medium,2025-06-15 16:00:00,2025-06-16 12:00:00
T101111,C100867,O1004469,Product Query,Medium,2025-08-08 00:00:00,2025-08-09 13:00:00
T101112,C100620,O1001390,Refund,Medium,2025-11-18 03:00:00,2025-11-18 23:00:00
T101113,C100837,O1002504,Late Delivery,Medium,2025-11-24 08:00:00,2025-11-28 15:00:00
T101114,C100695,O1006602,Payment,Medium,2025-01-26 16:00:00,2025-01-29 03:00:00
T101115,C101000,O1006456,Refund,Medium,2025-10-09 04:00:00,2025-10-13 15:00:00
T101116,C100192,O1006096,Product Query,Medium,2025-12-15 20:00:00,2025-12-20 07:00:00
T101117,C100997,O1009321,Damaged Product,High,2025-08-07 05:00:00,2025-08-08 14:00:00
T101118,C100666,O1009672,Product Query,High,2025-08-09 16:00:00,2025-08-10 07:00:00
T101119,C100442,O1004292,Damaged Product,Low,2025-09-18 14:00:00,2025-09-21 14:00:00
T101120,C100414,O1007008,Refund,Critical,2025-12-23 07:00:00,2025-12-24 00:00:00
T101121,C100436,O1001264,Product Query,High,2025-01-26 18:00:00,2025-01-30 11:00:00
T101122,C100829,O1000830,Damaged Product,Medium,2025-10-21 10:00:00,2025-10-24 20:00:00
T101123,C100990,O1002065,Refund,Medium,2025-12-15 15:00:00,2025-12-17 09:00:00
T101124,C100656,O1003907,Late Delivery,Medium,2025-01-09 14:00:00,2025-01-12 03:00:00
T101125,C100770,O1004576,Late Delivery,Medium,2025-06-05 03:00:00,2025-06-05 23:00:00
T101126,C100848,O1009708,Damaged Product,Medium,2025-09-14 20:00:00,2025-09-16 01:00:00
T101127,C100874,O1004631,Refund,High,2025-02-02 17:00:00,2025-02-06 19:00:00
T101128,C100929,O1004707,Payment,Medium,2025-03-14 08:00:00,2025-03-16 04:00:00
T101129,C100286,O1005460,Damaged Product,Low,2025-05-19 06:00:00,2025-05-21 21:00:00
T101130,C100190,O1000973,Damaged Product,High,2025-12-07 08:00:00,2025-12-11 09:00:00
T101131,C100928,O1009020,Damaged Product,Medium,2025-07-07 14:00:00,2025-07-09 00:00:00
T101132,C100184,O1002511,Refund,Medium,2025-11-20 11:00:00,2025-11-22 23:00:00
T101133,C100585,O1009114,Late Delivery,Low,2025-12-30 19:00:00,2025-12-31 00:00:00
T101134,C100501,O1007483,Payment,Medium,2025-08-14 08:00:00,2025-08-14 23:00:00
T101135,C100938,O1006407,Product Query,High,2025-08-08 00:00:00,2025-08-12 07:00:00
T101136,C100104,O1008875,Product Query,Low,2025-09-13 02:00:00,2025-09-17 03:00:00
T101137,C100960,O1001546,Payment,Medium,2025-01-17 12:00:00,2025-01-19 18:00:00
T101138,C100480,O1007234,Damaged Product,Low,2025-04-23 06:00:00,2025-04-25 09:00:00
T101139,C100046,O1001673,Product Query,Medium,2025-01-27 08:00:00,2025-01-30 03:00:00
T101140,C100490,O1009977,Damaged Product,Medium,2025-02-26 11:00:00,2025-03-01 02:00:00
T101141,C100365,O1002996,Product Query,High,2025-05-29 21:00:00,2025-05-30 14:00:00
T101142,C100555,O1003492,Late Delivery,Medium,2025-12-04 00:00:00,2025-12-04 21:00:00
T101143,C100663,O1007247,Product Query,High,2025-11-12 11:00:00,2025-11-12 22:00:00
T101144,C100398,O1004072,Damaged Product,High,2025-05-24 00:00:00,2025-05-27 00:00:00
T101145,C100192,O1008406,Damaged Product,High,2025-05-12 11:00:00,2025-05-14 07:00:00
T101146,C100889,O1003976,Payment,Medium,2025-12-22 02:00:00,2025-12-25 02:00:00
T101147,C100430,O1006544,Product Query,Low,2025-12-26 07:00:00,2025-12-27 12:00:00
T101148,C100394,O1001915,Payment,Medium,2025-07-27 10:00:00,2025-07-29 06:00:00
T101149,C100799,O1008448,Payment,Medium,2025-01-06 05:00:00,2025-01-06 11:00:00
T101150,C100611,O1000259,Damaged Product,Medium,2025-05-23 09:00:00,2025-05-25 10:00:00
T101151,C100042,O1002397,Damaged Product,Critical,2025-07-19 18:00:00,2025-07-20 16:00:00
T101152,C100613,O1007863,Late Delivery,Low,2025-09-25 04:00:00,2025-09-29 22:00:00
T101153,C100309,O1006806,Damaged Product,High,2025-12-23 11:00:00,2025-12-26 18:00:00
T101154,C100513,O1001774,Payment,High,2025-08-24 03:00:00,2025-08-26 20:00:00
T101155,C100103,O1002730,Damaged Product,Medium,2025-06-26 10:00:00,2025-06-27 17:00:00
T101156,C100636,O1002878,Payment,High,2025-07-02 17:00:00,2025-07-04 06:00:00
T101157,C100486,O1006552,Damaged Product,Low,2025-07-05 08:00:00,2025-07-10 03:00:00
T101158,C100241,O1003401,Late Delivery,Medium,2025-08-12 03:00:00,2025-08-13 04:00:00
T101159,C100060,O1000283,Refund,Low,2025-04-27 14:00:00,2025-05-02 02:00:00
T101160,C100617,O1003882,Payment,Medium,2025-03-13 16:00:00,2025-03-18 02:00:00
T101161,C100993,O1006098,Late Delivery,Low,2025-10-20 02:00:00,2025-10-21 20:00:00
T101162,C100733,O1003937,Late Delivery,Low,2025-09-27 22:00:00,2025-09-28 21:00:00
T101163,C100868,O1008904,Product Query,Low,2025-12-06 13:00:00,2025-12-10 12:00:00
T101164,C100488,O1006539,Refund,Medium,2025-09-14 13:00:00,2025-09-19 00:00:00
T101165,C100154,O1002619,Damaged Product,Medium,2025-06-05 21:00:00,2025-06-06 20:00:00
T101166,C100910,O1006493,Payment,Medium,2025-11-19 20:00:00,2025-11-24 10:00:00
T101167,C100224,O1008645,Refund,Medium,2025-11-30 04:00:00,2025-12-02 12:00:00
T101168,C100893,O1009656,Damaged Product,Medium,2025-08-28 15:00:00,2025-09-01 10:00:00
T101169,C100553,O1000546,Product Query,High,2025-02-20 23:00:00,2025-02-23 03:00:00
T101170,C100103,O1002730,Refund,Medium,2025-11-25 04:00:00,2025-11-28 16:00:00
T101171,C100833,O1006555,Product Query,Medium,2025-09-04 08:00:00,2025-09-08 17:00:00
T101172,C100453,O1000180,Product Query,Low,2025-04-04 00:00:00,2025-04-05 02:00:00
T101173,C100112,O1004196,Damaged Product,Low,2025-04-23 05:00:00,2025-04-25 06:00:00
T101174,C100855,O1005936,Late Delivery,Medium,2025-02-13 15:00:00,2025-02-16 09:00:00
T101175,C100828,O1000279,Product Query,High,2025-02-08 16:00:00,2025-02-09 13:00:00
T101176,C100660,O1001170,Payment,Medium,2025-05-21 03:00:00,2025-05-21 19:00:00
T101177,C100245,O1006416,Damaged Product,Critical,2025-08-14 05:00:00,2025-08-17 17:00:00
T101178,C100629,O1004718,Refund,High,2025-08-11 04:00:00,2025-08-15 07:00:00
T101179,C100622,O1001600,Payment,High,2025-07-18 08:00:00,2025-07-21 13:00:00
T101180,C100148,O1000210,Refund,Medium,2025-08-06 22:00:00,2025-08-09 20:00:00
T101181,C100948,O1004966,Damaged Product,Critical,2025-07-27 01:00:00,2025-07-28 16:00:00
T101182,C100932,O1009219,Product Query,Medium,2025-08-16 21:00:00,2025-08-21 06:00:00
T101183,C100241,O1002465,Late Delivery,Medium,2025-09-27 05:00:00,2025-09-30 22:00:00
T101184,C100875,O1004192,Payment,Low,2025-11-13 15:00:00,2025-11-16 02:00:00
T101185,C100601,O1001241,Refund,High,2025-06-23 15:00:00,2025-06-26 20:00:00
T101186,C100298,O1003791,Product Query,Medium,2025-08-15 14:00:00,2025-08-19 13:00:00
T101187,C100085,O1001116,Payment,Low,2025-05-20 00:00:00,2025-05-20 20:00:00
T101188,C100522,O1002307,Refund,Medium,2025-11-03 10:00:00,2025-11-06 06:00:00
T101189,C100489,O1006297,Damaged Product,Medium,2025-09-28 13:00:00,2025-09-29 14:00:00
T101190,C100195,O1004734,Product Query,Medium,2025-03-04 07:00:00,2025-03-06 03:00:00
T101191,C100629,O1001980,Payment,Critical,2025-09-22 01:00:00,2025-09-25 09:00:00
T101192,C100707,O1001400,Product Query,Medium,2025-02-16 13:00:00,2025-02-20 13:00:00
T101193,C100916,O1003091,Payment,Low,2025-07-12 08:00:00,2025-07-15 08:00:00
T101194,C100702,O1008255,Product Query,Low,2025-11-15 14:00:00,2025-11-20 03:00:00
T101195,C100963,O1002020,Refund,Medium,2025-08-15 06:00:00,2025-08-15 12:00:00
T101196,C100264,O1003259,Payment,Low,2025-01-21 09:00:00,2025-01-22 12:00:00
T101197,C100902,O1001265,Payment,Low,2025-07-05 15:00:00,2025-07-06 23:00:00
T101198,C100642,O1006158,Late Delivery,Medium,2025-10-22 21:00:00,2025-10-26 13:00:00
T101199,C100266,O1000028,Product Query,Low,2025-08-17 12:00:00,2025-08-18 00:00:00
T101200,C100254,O1001993,Late Delivery,High,2025-11-18 00:00:00,2025-11-19 01:00:00
T101201,C100646,O1004814,Late Delivery,Medium,2025-05-26 20:00:00,2025-05-31 16:00:00
T101202,C100864,O1006664,Damaged Product,Medium,2025-07-02 03:00:00,2025-07-04 03:00:00
T101203,C100358,O1007692,Damaged Product,High,2025-10-25 01:00:00,2025-10-27 12:00:00
T101204,C100250,O1007435,Refund,Medium,2025-08-18 11:00:00,2025-08-23 01:00:00
T101205,C100159,O1000695,Damaged Product,Medium,2025-09-16 00:00:00,2025-09-18 13:00:00
T101206,C100278,O1005861,Payment,Low,2025-04-03 21:00:00,2025-04-05 00:00:00
T101207,C100611,O1001722,Damaged Product,Critical,2025-09-18 05:00:00,2025-09-19 00:00:00
T101208,C100492,O1005935,Product Query,Low,2025-05-25 21:00:00,2025-05-27 11:00:00
T101209,C100758,O1008891,Late Delivery,Medium,2025-12-25 01:00:00,2025-12-27 10:00:00
T101210,C100611,O1000259,Payment,Medium,2025-06-10 02:00:00,2025-06-13 05:00:00
T101211,C100111,O1009131,Product Query,Medium,2025-07-04 02:00:00,2025-07-08 21:00:00
T101212,C100730,O1009263,Product Query,High,2025-01-05 06:00:00,2025-01-07 12:00:00
T101213,C100509,O1009612,Payment,Low,2025-12-13 22:00:00,2025-12-18 06:00:00
T101214,C100356,O1000337,Product Query,Low,2025-02-27 19:00:00,2025-02-27 22:00:00
T101215,C100718,O1006281,Payment,Medium,2025-05-25 16:00:00,2025-05-28 02:00:00
T101216,C100504,O1002625,Refund,Low,2025-05-09 21:00:00,2025-05-11 20:00:00
T101217,C100541,O1000157,Damaged Product,High,2025-11-29 02:00:00,2025-12-03 11:00:00
T101218,C100053,O1000626,Damaged Product,Medium,2025-08-25 08:00:00,2025-08-30 01:00:00
T101219,C100677,O1001279,Late Delivery,Low,2025-07-26 13:00:00,2025-07-28 16:00:00
T101220,C100172,O1004125,Payment,Low,2025-09-08 07:00:00,2025-09-13 00:00:00
T101221,C100473,O1002199,Refund,Medium,2025-07-28 02:00:00,2025-07-31 04:00:00
T101222,C100501,O1000792,Refund,High,2025-05-28 22:00:00,2025-05-31 02:00:00
T101223,C100694,O1003525,Payment,Medium,2025-11-16 04:00:00,2025-11-18 03:00:00
T101224,C100240,O1004824,Late Delivery,Low,2025-07-14 23:00:00,2025-07-15 02:00:00
T101225,C100742,O1003503,Refund,Medium,2025-12-15 09:00:00,2025-12-18 19:00:00
T101226,C100940,O1006255,Payment,Medium,2025-01-24 07:00:00,2025-01-26 04:00:00
T101227,C100394,O1001778,Payment,High,2025-03-14 20:00:00,2025-03-18 08:00:00
T101228,C100943,O1003248,Damaged Product,Medium,2025-06-19 18:00:00,2025-06-21 17:00:00
T101229,C100326,O1001770,Refund,Medium,2025-02-17 09:00:00,2025-02-17 23:00:00
T101230,C100550,O1002255,Payment,Medium,2025-03-28 15:00:00,2025-04-02 03:00:00
T101231,C100735,O1009547,Damaged Product,High,2025-10-11 15:00:00,2025-10-16 03:00:00
T101232,C100747,O1006441,Product Query,Medium,2025-04-24 15:00:00,2025-04-26 06:00:00
T101233,C100407,O1000906,Product Query,Medium,2025-05-11 17:00:00,2025-05-13 00:00:00
T101234,C100509,O1001679,Damaged Product,Low,2025-02-12 09:00:00,2025-02-15 09:00:00
T101235,C100591,O1000192,Payment,Low,2025-02-20 10:00:00,2025-02-24 05:00:00
T101236,C100694,O1008506,Payment,Low,2025-11-20 05:00:00,2025-11-22 16:00:00
T101237,C100205,O1000248,Damaged Product,High,2025-03-26 06:00:00,2025-03-30 23:00:00
T101238,C100614,O1000777,Payment,High,2025-01-20 15:00:00,2025-01-23 05:00:00
T101239,C100004,O1005581,Damaged Product,Medium,2025-05-08 05:00:00,2025-05-09 17:00:00
T101240,C100442,O1004638,Damaged Product,Medium,2025-05-23 07:00:00,2025-05-26 20:00:00
T101241,C100366,O1002220,Late Delivery,Medium,2025-10-10 03:00:00,2025-10-15 00:00:00
T101242,C100731,O1004655,Damaged Product,Low,2025-04-20 16:00:00,2025-04-24 01:00:00
T101243,C100965,O1004803,Damaged Product,Low,2025-01-27 21:00:00,2025-01-31 18:00:00
T101244,C100950,O1001360,Product Query,Low,2025-12-23 07:00:00,2025-12-28 06:00:00
T101245,C100592,O1004651,Damaged Product,Medium,2025-07-04 22:00:00,2025-07-08 14:00:00
T101246,C100815,O1008090,Damaged Product,Medium,2025-05-19 03:00:00,2025-05-23 10:00:00
T101247,C100385,O1009038,Late Delivery,Low,2025-01-07 09:00:00,2025-01-07 23:00:00
T101248,C100999,O1006181,Late Delivery,Medium,2025-03-31 00:00:00,2025-03-31 22:00:00
T101249,C100924,O1001617,Refund,High,2025-09-13 00:00:00,2025-09-15 08:00:00
T101250,C100103,O1007894,Damaged Product,Medium,2025-11-05 17:00:00,2025-11-09 14:00:00
T101251,C100347,O1003119,Damaged Product,Medium,2025-12-18 14:00:00,2025-12-20 23:00:00
T101252,C100784,O1001576,Payment,Medium,2025-08-24 21:00:00,2025-08-29 01:00:00
T101253,C100255,O1006796,Late Delivery,Low,2025-05-11 05:00:00,2025-05-15 16:00:00
T101254,C100601,O1001824,Product Query,Low,2025-05-16 03:00:00,2025-05-17 18:00:00
T101255,C100412,O1005289,Refund,Medium,2025-12-03 21:00:00,2025-12-06 08:00:00
T101256,C100102,O1005056,Damaged Product,Medium,2025-05-15 09:00:00,2025-05-19 03:00:00
T101257,C100614,O1005839,Damaged Product,High,2025-11-19 22:00:00,2025-11-21 21:00:00
T101258,C100783,O1003528,Late Delivery,Medium,2025-11-10 07:00:00,2025-11-10 14:00:00
T101259,C100393,O1004661,Product Query,Medium,2025-05-08 02:00:00,2025-05-10 06:00:00
T101260,C100800,O1001243,Refund,Medium,2025-06-27 03:00:00,2025-06-30 19:00:00
T101261,C100096,O1008205,Damaged Product,Low,2025-03-18 00:00:00,2025-03-22 19:00:00
T101262,C100112,O1006700,Product Query,Medium,2025-08-29 20:00:00,2025-08-30 23:00:00
T101263,C100677,O1001208,Payment,Medium,2025-05-01 11:00:00,2025-05-04 13:00:00
T101264,C100975,O1008209,Payment,Medium,2025-03-18 23:00:00,2025-03-22 00:00:00
T101265,C100051,O1009529,Refund,Low,2025-12-01 03:00:00,2025-12-03 15:00:00
T101266,C100088,O1007710,Product Query,High,2025-07-27 18:00:00,2025-08-01 02:00:00
T101267,C100944,O1001818,Damaged Product,Medium,2025-06-05 08:00:00,2025-06-09 04:00:00
T101268,C100029,O1006770,Late Delivery,Low,2025-02-20 00:00:00,2025-02-20 08:00:00
T101269,C100834,O1001870,Product Query,Critical,2025-07-01 21:00:00,2025-07-03 08:00:00
T101270,C100089,O1007933,Late Delivery,High,2025-01-21 17:00:00,2025-01-21 22:00:00
T101271,C100818,O1002313,Damaged Product,Medium,2025-02-23 10:00:00,2025-02-27 16:00:00
T101272,C100222,O1009189,Damaged Product,Medium,2025-02-08 16:00:00,2025-02-11 06:00:00
T101273,C100794,O1007412,Payment,Medium,2025-03-25 07:00:00,2025-03-28 10:00:00
T101274,C100268,O1008234,Product Query,Critical,2025-12-19 08:00:00,2025-12-20 10:00:00
T101275,C100725,O1005985,Damaged Product,Low,2025-12-05 01:00:00,2025-12-06 10:00:00
T101276,C100023,O1001077,Refund,Low,2025-07-08 10:00:00,2025-07-09 19:00:00
T101277,C100008,O1001031,Late Delivery,Medium,2025-11-30 17:00:00,2025-12-01 06:00:00
T101278,C100407,O1008100,Product Query,Low,2025-06-13 21:00:00,2025-06-15 22:00:00
T101279,C100117,O1008734,Payment,High,2025-04-19 04:00:00,2025-04-21 17:00:00
T101280,C100200,O1003810,Late Delivery,Low,2025-09-02 11:00:00,2025-09-06 03:00:00
T101281,C100454,O1009890,Damaged Product,High,2025-09-13 13:00:00,2025-09-17 08:00:00
T101282,C100542,O1002873,Damaged Product,Low,2025-05-29 08:00:00,2025-05-31 05:00:00
T101283,C100156,O1004976,Refund,Medium,2025-09-08 15:00:00,2025-09-10 07:00:00
T101284,C100089,O1004350,Refund,Low,2025-08-08 05:00:00,2025-08-08 08:00:00
T101285,C100290,O1000226,Payment,Low,2025-06-03 22:00:00,2025-06-08 17:00:00
T101286,C100553,O1002734,Payment,Low,2025-11-16 13:00:00,2025-11-17 12:00:00
T101287,C100841,O1005122,Late Delivery,Medium,2025-09-18 12:00:00,2025-09-21 05:00:00
T101288,C100928,O1000228,Product Query,Low,2025-02-04 19:00:00,2025-02-07 18:00:00
T101289,C100907,O1005793,Payment,Medium,2025-11-23 18:00:00,2025-11-28 00:00:00
T101290,C100785,O1005123,Product Query,High,2025-12-14 10:00:00,2025-12-15 02:00:00
T101291,C100233,O1001961,Damaged Product,Medium,2025-10-10 16:00:00,2025-10-11 08:00:00
T101292,C100674,O1005322,Product Query,Low,2025-06-21 04:00:00,2025-06-26 03:00:00
T101293,C100322,O1000343,Damaged Product,Medium,2025-07-20 23:00:00,2025-07-23 17:00:00
T101294,C100271,O1006488,Product Query,Low,2025-02-22 10:00:00,2025-02-23 09:00:00
T101295,C100615,O1004873,Product Query,Medium,2025-08-20 20:00:00,2025-08-25 17:00:00
T101296,C100545,O1003671,Late Delivery,Medium,2025-05-28 10:00:00,2025-05-31 22:00:00
T101297,C100054,O1008727,Late Delivery,High,2025-11-02 18:00:00,2025-11-04 23:00:00
T101298,C100394,O1008336,Late Delivery,Low,2025-06-27 17:00:00,2025-06-28 19:00:00
T101299,C100112,O1002481,Damaged Product,Medium,2025-10-01 15:00:00,2025-10-05 12:00:00
T101300,C100602,O1005424,Late Delivery,High,2025-08-02 17:00:00,2025-08-06 14:00:00
T101301,C100923,O1003692,Late Delivery,Medium,2025-12-09 17:00:00,2025-12-13 06:00:00
T101302,C100845,O1008691,Payment,Low,2025-11-04 12:00:00,2025-11-08 07:00:00
T101303,C100715,O1009044,Product Query,Low,2025-11-03 11:00:00,2025-11-05 05:00:00
T101304,C100366,O1008333,Payment,Medium,2025-04-10 12:00:00,2025-04-14 15:00:00
T101305,C100943,O1006100,Refund,Medium,2025-01-21 21:00:00,2025-01-26 00:00:00
T101306,C100226,O1009825,Payment,Low,2025-07-10 09:00:00,2025-07-10 22:00:00
T101307,C100501,O1005694,Payment,High,2025-09-19 13:00:00,2025-09-21 19:00:00
T101308,C100034,O1006362,Late Delivery,Low,2025-09-27 10:00:00,2025-10-01 15:00:00
T101309,C100904,O1003283,Damaged Product,Critical,2025-02-18 20:00:00,2025-02-20 19:00:00
T101310,C100482,O1007186,Damaged Product,Medium,2025-11-14 12:00:00,2025-11-16 06:00:00
T101311,C100364,O1009625,Product Query,Medium,2025-11-01 07:00:00,2025-11-04 15:00:00
T101312,C100806,O1005535,Product Query,Medium,2025-12-07 20:00:00,2025-12-08 09:00:00
T101313,C100286,O1006984,Late Delivery,Low,2025-02-06 12:00:00,2025-02-07 15:00:00
T101314,C100937,O1002798,Damaged Product,Medium,2025-07-16 14:00:00,2025-07-17 14:00:00
T101315,C100499,O1001023,Payment,High,2025-04-15 23:00:00,2025-04-20 12:00:00
T101316,C100869,O1003753,Refund,High,2025-09-17 18:00:00,2025-09-19 00:00:00
T101317,C100653,O1000469,Damaged Product,Low,2025-04-25 20:00:00,2025-04-26 05:00:00
T101318,C100588,O1009987,Payment,High,2025-12-22 01:00:00,2025-12-24 16:00:00
T101319,C100361,O1006167,Payment,Medium,2025-12-07 11:00:00,2025-12-11 22:00:00
T101320,C100280,O1007431,Damaged Product,Medium,2025-11-22 06:00:00,2025-11-22 15:00:00
T101321,C100857,O1002691,Late Delivery,High,2025-12-27 16:00:00,2025-12-30 09:00:00
T101322,C100627,O1006001,Damaged Product,Low,2025-07-17 20:00:00,2025-07-22 17:00:00
T101323,C100116,O1001082,Late Delivery,Low,2025-07-16 15:00:00,2025-07-19 23:00:00
T101324,C100563,O1009242,Late Delivery,Medium,2025-06-22 20:00:00,2025-06-25 18:00:00
T101325,C100894,O1007316,Payment,Medium,2025-07-10 13:00:00,2025-07-15 07:00:00
T101326,C100845,O1002936,Refund,Medium,2025-08-05 07:00:00,2025-08-05 16:00:00
T101327,C100477,O1008657,Refund,Medium,2025-07-17 05:00:00,2025-07-22 00:00:00
T101328,C100089,O1005442,Product Query,High,2025-03-28 05:00:00,2025-03-29 04:00:00
T101329,C100094,O1004494,Product Query,Low,2025-08-22 15:00:00,2025-08-26 21:00:00
T101330,C100656,O1005181,Payment,Critical,2025-05-04 00:00:00,2025-05-07 18:00:00
T101331,C100810,O1003026,Payment,Low,2025-01-26 03:00:00,2025-01-29 23:00:00
T101332,C100241,O1004049,Product Query,High,2025-12-28 08:00:00,2025-12-30 09:00:00
T101333,C100393,O1001361,Product Query,High,2025-04-19 05:00:00,2025-04-22 02:00:00
T101334,C100673,O1000866,Refund,High,2025-07-23 04:00:00,2025-07-25 21:00:00
T101335,C100949,O1006778,Damaged Product,High,2025-08-12 07:00:00,2025-08-13 11:00:00
T101336,C100282,O1006296,Payment,Low,2025-03-08 06:00:00,2025-03-13 02:00:00
T101337,C100485,O1000139,Late Delivery,Medium,2025-03-27 16:00:00,2025-03-29 21:00:00
T101338,C100791,O1003726,Product Query,Medium,2025-06-22 11:00:00,2025-06-26 04:00:00
T101339,C100428,O1006819,Damaged Product,Medium,2025-08-11 09:00:00,2025-08-14 07:00:00
T101340,C100129,O1001431,Late Delivery,Medium,2025-12-27 15:00:00,2025-12-28 00:00:00
T101341,C100194,O1009562,Payment,Medium,2025-11-25 18:00:00,2025-11-27 00:00:00
T101342,C100858,O1003234,Refund,Medium,2025-12-27 04:00:00,2026-01-01 02:00:00
T101343,C100427,O1003897,Payment,Medium,2025-10-08 11:00:00,2025-10-11 12:00:00
T101344,C100798,O1006065,Product Query,Low,2025-10-02 02:00:00,2025-10-03 21:00:00
T101345,C100461,O1007274,Payment,Medium,2025-07-14 18:00:00,2025-07-17 14:00:00
T101346,C100315,O1003442,Product Query,High,2025-05-17 13:00:00,2025-05-20 05:00:00
T101347,C100428,O1000564,Damaged Product,Medium,2025-04-12 19:00:00,2025-04-16 09:00:00
T101348,C100350,O1005189,Product Query,Medium,2025-09-21 13:00:00,2025-09-26 04:00:00
T101349,C100672,O1003412,Damaged Product,Low,2025-05-31 05:00:00,2025-06-03 09:00:00
T101350,C100978,O1002370,Refund,High,2025-12-12 16:00:00,2025-12-13 11:00:00
T101351,C100635,O1004569,Payment,Low,2025-02-01 08:00:00,2025-02-05 16:00:00
T101352,C100043,O1001582,Payment,High,2025-07-15 18:00:00,2025-07-16 12:00:00
T101353,C100571,O1006451,Late Delivery,Medium,2025-02-22 22:00:00,2025-02-25 01:00:00
T101354,C100141,O1006728,Damaged Product,Medium,2025-05-30 21:00:00,2025-06-01 02:00:00
T101355,C100121,O1002999,Damaged Product,Low,2025-12-31 11:00:00,2026-01-03 09:00:00
T101356,C100707,O1004141,Refund,Low,2025-03-25 14:00:00,2025-03-30 07:00:00
T101357,C100737,O1006477,Product Query,Low,2025-12-01 15:00:00,2025-12-04 16:00:00
T101358,C100713,O1008557,Product Query,Medium,2025-12-03 07:00:00,2025-12-03 10:00:00
T101359,C100318,O1007235,Payment,Medium,2025-08-14 09:00:00,2025-08-16 04:00:00
T101360,C100197,O1008909,Late Delivery,Medium,2025-12-11 03:00:00,2025-12-12 09:00:00
T101361,C100870,O1001551,Damaged Product,High,2025-08-18 15:00:00,2025-08-21 23:00:00
T101362,C100636,O1003052,Product Query,Low,2025-11-19 04:00:00,2025-11-21 03:00:00
T101363,C100832,O1008430,Refund,High,2025-04-13 10:00:00,2025-04-15 02:00:00
T101364,C100706,O1002023,Damaged Product,Medium,2025-04-19 23:00:00,2025-04-24 16:00:00
T101365,C100985,O1006854,Damaged Product,Medium,2025-05-23 21:00:00,2025-05-27 18:00:00
T101366,C100525,O1000735,Product Query,Medium,2025-11-25 19:00:00,2025-11-28 12:00:00
T101367,C100463,O1009902,Refund,Medium,2025-03-16 20:00:00,2025-03-21 09:00:00
T101368,C100206,O1003027,Product Query,High,2025-12-27 20:00:00,2025-12-31 09:00:00
T101369,C100410,O1007770,Late Delivery,Low,2025-12-13 21:00:00,2025-12-15 04:00:00
T101370,C100492,O1007950,Payment,Medium,2025-07-03 20:00:00,2025-07-05 16:00:00
T101371,C100961,O1007614,Late Delivery,Medium,2025-10-25 12:00:00,2025-10-28 11:00:00
T101372,C100482,O1002672,Damaged Product,Critical,2025-01-27 04:00:00,2025-01-28 23:00:00
T101373,C100120,O1000188,Late Delivery,Low,2025-04-18 04:00:00,2025-04-22 11:00:00
T101374,C100551,O1009940,Product Query,Medium,2025-05-11 03:00:00,2025-05-13 04:00:00
T101375,C100408,O1004224,Product Query,Medium,2025-05-13 08:00:00,2025-05-16 06:00:00
T101376,C100553,O1006897,Product Query,Medium,2025-02-15 19:00:00,2025-02-16 04:00:00
T101377,C100723,O1003083,Late Delivery,Medium,2025-01-05 00:00:00,2025-01-07 03:00:00
T101378,C100542,O1009880,Damaged Product,Medium,2025-05-25 15:00:00,2025-05-27 04:00:00
T101379,C100649,O1007736,Product Query,Medium,2025-04-08 18:00:00,2025-04-12 05:00:00
T101380,C100335,O1006573,Damaged Product,Low,2025-12-15 06:00:00,2025-12-19 15:00:00
T101381,C100251,O1006582,Late Delivery,High,2025-04-07 20:00:00,2025-04-09 21:00:00
T101382,C100299,O1000678,Refund,High,2025-10-19 12:00:00,2025-10-19 17:00:00
T101383,C100091,O1005109,Damaged Product,Low,2025-02-26 02:00:00,2025-02-28 12:00:00
T101384,C100603,O1002735,Product Query,Low,2025-12-22 13:00:00,2025-12-24 17:00:00
T101385,C100818,O1003630,Damaged Product,Medium,2025-12-01 02:00:00,2025-12-06 01:00:00
T101386,C100095,O1005447,Payment,Medium,2025-01-19 00:00:00,2025-01-19 21:00:00
T101387,C100803,O1001001,Refund,Medium,2025-01-09 10:00:00,2025-01-11 08:00:00
T101388,C100753,O1007785,Refund,Low,2025-11-20 18:00:00,2025-11-21 01:00:00
T101389,C100260,O1003130,Late Delivery,Medium,2025-07-24 15:00:00,2025-07-29 04:00:00
T101390,C100662,O1004597,Payment,Low,2025-09-05 12:00:00,2025-09-09 09:00:00
T101391,C100777,O1006032,Refund,Low,2025-06-02 07:00:00,2025-06-06 00:00:00
T101392,C100335,O1000985,Product Query,Low,2025-01-29 09:00:00,2025-02-01 11:00:00
T101393,C100915,O1002942,Product Query,Medium,2025-05-27 02:00:00,2025-05-29 05:00:00
T101394,C100550,O1002255,Late Delivery,High,2025-10-16 22:00:00,2025-10-20 20:00:00
T101395,C100865,O1001160,Product Query,Low,2025-02-24 22:00:00,2025-03-01 10:00:00
T101396,C100160,O1006994,Damaged Product,Low,2025-05-06 04:00:00,2025-05-07 02:00:00
T101397,C100541,O1000157,Product Query,Low,2025-10-17 11:00:00,2025-10-18 06:00:00
T101398,C100061,O1001506,Payment,Medium,2025-07-26 20:00:00,2025-07-30 01:00:00
T101399,C100569,O1009082,Product Query,Low,2025-04-29 07:00:00,2025-05-04 01:00:00
T101400,C100641,O1006393,Damaged Product,High,2025-08-27 16:00:00,2025-08-30 22:00:00
T101401,C100755,O1002233,Payment,Medium,2025-09-07 19:00:00,2025-09-11 08:00:00
T101402,C100627,O1007541,Payment,Medium,2025-09-12 03:00:00,2025-09-13 19:00:00
T101403,C100957,O1009326,Late Delivery,Low,2025-04-26 06:00:00,2025-04-29 00:00:00
T101404,C100750,O1003851,Product Query,Medium,2025-11-28 08:00:00,2025-11-29 03:00:00
T101405,C100290,O1000226,Damaged Product,Medium,2025-11-28 14:00:00,2025-11-30 20:00:00
T101406,C100247,O1005008,Refund,Medium,2025-08-15 05:00:00,2025-08-19 15:00:00
T101407,C100424,O1004267,Payment,Low,2025-03-25 00:00:00,2025-03-29 15:00:00
T101408,C100228,O1002314,Payment,Low,2025-05-14 21:00:00,2025-05-17 20:00:00
T101409,C100067,O1004946,Product Query,Low,2025-10-31 18:00:00,2025-11-04 19:00:00
T101410,C100870,O1003604,Late Delivery,Medium,2025-10-25 08:00:00,2025-10-27 15:00:00
T101411,C100453,O1003945,Damaged Product,High,2025-09-29 09:00:00,2025-10-02 03:00:00
T101412,C100254,O1002845,Damaged Product,Critical,2025-06-27 05:00:00,2025-06-29 01:00:00
T101413,C101000,O1000980,Payment,Medium,2025-11-14 14:00:00,2025-11-18 16:00:00
T101414,C100600,O1003475,Damaged Product,High,2025-05-04 11:00:00,2025-05-04 19:00:00
T101415,C100760,O1008761,Product Query,Medium,2025-12-27 03:00:00,2025-12-29 22:00:00
T101416,C100928,O1009020,Payment,High,2025-12-09 15:00:00,2025-12-11 05:00:00
T101417,C100029,O1009188,Payment,Low,2025-07-30 21:00:00,2025-08-03 12:00:00
T101418,C100992,O1002513,Payment,Medium,2025-12-28 14:00:00,2025-12-31 06:00:00
T101419,C100598,O1007543,Damaged Product,Medium,2025-09-24 10:00:00,2025-09-27 15:00:00
T101420,C100062,O1000171,Product Query,Medium,2025-04-12 09:00:00,2025-04-16 00:00:00
T101421,C100862,O1001081,Damaged Product,Medium,2025-07-28 05:00:00,2025-07-29 05:00:00
T101422,C100265,O1007995,Refund,High,2025-04-09 21:00:00,2025-04-13 18:00:00
T101423,C100914,O1002519,Product Query,Low,2025-11-23 10:00:00,2025-11-24 13:00:00
T101424,C100502,O1008549,Late Delivery,High,2025-12-11 11:00:00,2025-12-14 15:00:00
T101425,C100944,O1002943,Damaged Product,Medium,2025-08-14 04:00:00,2025-08-17 19:00:00
T101426,C100053,O1006338,Product Query,Low,2025-01-01 21:00:00,2025-01-02 12:00:00
T101427,C100874,O1009441,Payment,Medium,2025-11-05 20:00:00,2025-11-07 07:00:00
T101428,C100096,O1005466,Payment,Low,2025-03-29 05:00:00,2025-03-30 07:00:00
T101429,C100169,O1007997,Late Delivery,Medium,2025-04-07 13:00:00,2025-04-12 00:00:00
T101430,C100059,O1009639,Late Delivery,Low,2025-01-13 04:00:00,2025-01-14 20:00:00
T101431,C100289,O1004361,Damaged Product,Medium,2025-01-17 10:00:00,2025-01-20 02:00:00
T101432,C100954,O1004857,Refund,High,2025-12-04 08:00:00,2025-12-06 10:00:00
T101433,C100726,O1005042,Refund,Medium,2025-02-06 01:00:00,2025-02-06 19:00:00
T101434,C100519,O1006844,Damaged Product,Medium,2025-07-15 00:00:00,2025-07-15 23:00:00
T101435,C100744,O1007978,Payment,Medium,2025-08-27 04:00:00,2025-08-31 00:00:00
T101436,C100196,O1002164,Damaged Product,Low,2025-08-17 22:00:00,2025-08-19 20:00:00
T101437,C100349,O1000623,Refund,Medium,2025-11-01 21:00:00,2025-11-05 15:00:00
T101438,C100154,O1004235,Payment,Medium,2025-10-29 12:00:00,2025-11-02 14:00:00
T101439,C100135,O1003925,Damaged Product,Medium,2025-03-30 09:00:00,2025-04-02 15:00:00
T101440,C100851,O1005489,Damaged Product,Medium,2025-09-11 23:00:00,2025-09-12 21:00:00
T101441,C100843,O1000517,Late Delivery,Medium,2025-08-04 10:00:00,2025-08-08 23:00:00
T101442,C100993,O1001648,Refund,High,2025-03-21 06:00:00,2025-03-24 07:00:00
T101443,C100116,O1009128,Late Delivery,High,2025-07-11 17:00:00,2025-07-15 11:00:00
T101444,C100822,O1005742,Damaged Product,Medium,2025-09-14 22:00:00,2025-09-19 13:00:00
T101445,C100954,O1004416,Late Delivery,High,2025-08-29 12:00:00,2025-09-02 09:00:00
T101446,C100121,O1006117,Payment,Medium,2025-07-30 23:00:00,2025-08-02 08:00:00
T101447,C100665,O1001795,Damaged Product,High,2025-03-26 03:00:00,2025-03-28 16:00:00
T101448,C100968,O1003126,Late Delivery,Medium,2025-10-18 20:00:00,2025-10-19 01:00:00
T101449,C100079,O1009793,Product Query,Low,2025-03-23 01:00:00,2025-03-26 21:00:00
T101450,C100464,O1002145,Product Query,High,2025-06-09 07:00:00,2025-06-10 12:00:00
T101451,C100107,O1008778,Payment,High,2025-10-12 12:00:00,2025-10-14 16:00:00
T101452,C100423,O1001606,Damaged Product,Medium,2025-11-27 17:00:00,2025-11-30 05:00:00
T101453,C100210,O1005082,Refund,Medium,2025-01-18 16:00:00,2025-01-20 23:00:00
T101454,C100024,O1008118,Damaged Product,High,2025-11-11 19:00:00,2025-11-16 13:00:00
T101455,C100316,O1009246,Product Query,Low,2025-09-11 07:00:00,2025-09-14 07:00:00
T101456,C100952,O1001942,Product Query,High,2025-03-03 10:00:00,2025-03-07 14:00:00
T101457,C100980,O1001826,Damaged Product,Medium,2025-01-27 02:00:00,2025-01-30 21:00:00
T101458,C100841,O1003961,Refund,High,2025-03-12 22:00:00,2025-03-16 06:00:00
T101459,C100483,O1007647,Product Query,Low,2025-02-07 15:00:00,2025-02-08 03:00:00
T101460,C100340,O1001113,Product Query,Medium,2025-04-26 16:00:00,2025-04-27 12:00:00
T101461,C100465,O1007733,Payment,High,2025-03-30 15:00:00,2025-04-02 02:00:00
T101462,C100922,O1005125,Product Query,Low,2025-02-12 00:00:00,2025-02-16 04:00:00
T101463,C100652,O1005925,Damaged Product,High,2025-05-05 15:00:00,2025-05-05 18:00:00
T101464,C100854,O1006864,Product Query,Medium,2025-10-28 15:00:00,2025-11-01 19:00:00
T101465,C100735,O1003967,Damaged Product,Low,2025-12-27 04:00:00,2025-12-29 17:00:00
T101466,C100271,O1003871,Product Query,Medium,2025-11-10 20:00:00,2025-11-13 14:00:00
T101467,C100883,O1002810,Late Delivery,Low,2025-06-16 14:00:00,2025-06-18 19:00:00
T101468,C100765,O1000577,Refund,High,2025-08-26 16:00:00,2025-08-29 02:00:00
T101469,C100691,O1006436,Damaged Product,Medium,2025-06-06 13:00:00,2025-06-06 22:00:00
T101470,C100345,O1006915,Late Delivery,High,2025-07-29 10:00:00,2025-07-31 16:00:00
T101471,C100772,O1003228,Refund,Medium,2025-10-09 08:00:00,2025-10-11 03:00:00
T101472,C100181,O1009933,Damaged Product,High,2025-05-12 09:00:00,2025-05-14 12:00:00
T101473,C100414,O1001302,Late Delivery,Medium,2025-04-09 10:00:00,2025-04-10 21:00:00
T101474,C100195,O1008581,Late Delivery,Medium,2025-11-14 17:00:00,2025-11-17 14:00:00
T101475,C100568,O1008528,Refund,Low,2025-08-06 21:00:00,2025-08-11 08:00:00
T101476,C100070,O1000519,Product Query,Low,2025-07-08 13:00:00,2025-07-09 01:00:00
T101477,C100558,O1007994,Damaged Product,High,2025-09-13 10:00:00,2025-09-15 15:00:00
T101478,C100963,O1001649,Payment,Critical,2025-01-02 05:00:00,2025-01-03 12:00:00
T101479,C100459,O1002977,Payment,Low,2025-11-09 11:00:00,2025-11-09 23:00:00
T101480,C100450,O1006779,Refund,Low,2025-11-03 07:00:00,2025-11-07 02:00:00
T101481,C100997,O1000080,Payment,Low,2025-02-14 16:00:00,2025-02-16 17:00:00
T101482,C100702,O1002368,Damaged Product,Medium,2025-04-14 13:00:00,2025-04-17 05:00:00
T101483,C100106,O1002381,Product Query,Medium,2025-08-28 00:00:00,2025-08-31 05:00:00
T101484,C100368,O1000454,Refund,Critical,2025-10-20 13:00:00,2025-10-21 14:00:00
T101485,C100525,O1005664,Product Query,Medium,2025-01-02 17:00:00,2025-01-07 07:00:00
T101486,C100997,O1006636,Refund,Medium,2025-03-01 19:00:00,2025-03-06 06:00:00
T101487,C100495,O1006876,Payment,High,2025-07-01 07:00:00,2025-07-05 15:00:00
T101488,C100432,O1007389,Late Delivery,Low,2025-02-13 03:00:00,2025-02-14 13:00:00
T101489,C100356,O1004040,Damaged Product,High,2025-05-12 15:00:00,2025-05-14 20:00:00
T101490,C100394,O1003770,Payment,Medium,2025-07-09 07:00:00,2025-07-10 16:00:00
T101491,C100128,O1008575,Damaged Product,High,2025-10-25 09:00:00,2025-10-28 13:00:00
T101492,C100455,O1000385,Product Query,Critical,2025-03-22 23:00:00,2025-03-24 11:00:00
T101493,C100385,O1002618,Refund,Medium,2025-09-23 10:00:00,2025-09-28 06:00:00
T101494,C100715,O1003200,Late Delivery,Medium,2025-04-08 19:00:00,2025-04-10 02:00:00
T101495,C100009,O1009436,Payment,Critical,2025-09-10 09:00:00,2025-09-11 04:00:00
T101496,C100313,O1001863,Late Delivery,High,2025-03-13 22:00:00,2025-03-16 09:00:00
T101497,C100234,O1006474,Payment,Medium,2025-03-03 21:00:00,2025-03-08 07:00:00
T101498,C100816,O1003376,Product Query,Low,2025-10-12 02:00:00,2025-10-12 07:00:00
T101499,C100307,O1007494,Late Delivery,Medium,2025-04-24 04:00:00,2025-04-28 09:00:00
T101500,C100872,O1003823,Refund,High,2025-12-05 09:00:00,2025-12-09 11:00:00
T101501,C100699,O1005399,Late Delivery,Low,2025-04-15 23:00:00,2025-04-20 12:00:00
T101502,C100433,O1001392,Late Delivery,High,2025-03-20 07:00:00,2025-03-23 02:00:00
T101503,C100762,O1010000,Late Delivery,Medium,2025-03-12 19:00:00,2025-03-17 15:00:00
T101504,C100623,O1000944,Damaged Product,High,2025-05-14 00:00:00,2025-05-16 01:00:00
T101505,C100786,O1001646,Late Delivery,Medium,2025-06-03 18:00:00,2025-06-04 15:00:00
T101506,C100813,O1004298,Late Delivery,Medium,2025-03-17 11:00:00,2025-03-17 15:00:00
T101507,C100021,O1004542,Payment,Critical,2025-06-05 04:00:00,2025-06-08 00:00:00
T101508,C100841,O1004654,Refund,Medium,2025-09-08 02:00:00,2025-09-08 10:00:00
T101509,C100274,O1002640,Payment,Medium,2025-05-08 17:00:00,2025-05-09 14:00:00
T101510,C100013,O1002251,Late Delivery,High,2025-01-02 13:00:00,2025-01-07 08:00:00
T101511,C100447,O1002704,Late Delivery,Medium,2025-10-17 20:00:00,2025-10-19 05:00:00
T101512,C100736,O1004863,Late Delivery,Low,2025-01-10 06:00:00,2025-01-11 03:00:00
T101513,C100805,O1008122,Product Query,Low,2025-09-10 01:00:00,2025-09-14 00:00:00
T101514,C100391,O1001259,Damaged Product,Medium,2025-03-22 08:00:00,2025-03-23 23:00:00
T101515,C100417,O1005731,Late Delivery,High,2025-10-18 03:00:00,2025-10-22 12:00:00
T101516,C100616,O1004088,Late Delivery,Medium,2025-07-06 01:00:00,2025-07-07 12:00:00
T101517,C100428,O1001037,Product Query,Medium,2025-10-23 00:00:00,2025-10-25 07:00:00
T101518,C100098,O1004030,Product Query,Medium,2025-05-11 00:00:00,2025-05-11 05:00:00
T101519,C100347,O1009294,Refund,Low,2025-03-22 13:00:00,2025-03-26 07:00:00
T101520,C100449,O1001637,Damaged Product,Medium,2025-01-28 07:00:00,2025-02-01 19:00:00
T101521,C100574,O1001440,Refund,High,2025-12-12 09:00:00,2025-12-13 11:00:00
T101522,C100364,O1009625,Damaged Product,Low,2025-11-12 10:00:00,2025-11-15 18:00:00
T101523,C100659,O1007109,Payment,Medium,2025-08-26 10:00:00,2025-08-28 17:00:00
T101524,C100594,O1004074,Damaged Product,Medium,2025-11-07 16:00:00,2025-11-12 00:00:00
T101525,C100603,O1006783,Product Query,Medium,2025-10-19 08:00:00,2025-10-19 10:00:00
T101526,C100554,O1006107,Payment,High,2025-01-18 11:00:00,2025-01-23 06:00:00
T101527,C100103,O1008264,Payment,High,2025-12-05 20:00:00,2025-12-09 17:00:00
T101528,C100766,O1003778,Refund,High,2025-12-19 08:00:00,2025-12-21 22:00:00
T101529,C100820,O1006379,Late Delivery,Medium,2025-10-25 13:00:00,2025-10-26 22:00:00
T101530,C100142,O1001680,Damaged Product,Low,2025-08-25 07:00:00,2025-08-26 17:00:00
T101531,C100027,O1003812,Late Delivery,Medium,2025-07-24 06:00:00,2025-07-24 12:00:00
T101532,C100573,O1001470,Late Delivery,High,2025-05-28 15:00:00,2025-05-29 01:00:00
T101533,C100362,O1002027,Payment,Low,2025-06-25 03:00:00,2025-06-26 22:00:00
T101534,C100159,O1007664,Refund,Medium,2025-03-26 00:00:00,2025-03-29 03:00:00
T101535,C100352,O1005398,Late Delivery,Medium,2025-07-19 23:00:00,2025-07-21 19:00:00
T101536,C101000,O1000980,Late Delivery,Medium,2025-04-29 04:00:00,2025-04-29 15:00:00
T101537,C100884,O1000329,Product Query,High,2025-11-16 04:00:00,2025-11-19 18:00:00
T101538,C100960,O1009678,Product Query,High,2025-01-19 12:00:00,2025-01-20 02:00:00
T101539,C100781,O1005235,Damaged Product,Low,2025-01-25 03:00:00,2025-01-27 00:00:00
T101540,C100646,O1003653,Damaged Product,Low,2025-11-09 13:00:00,2025-11-14 10:00:00
T101541,C100987,O1001729,Product Query,Low,2025-05-22 05:00:00,2025-05-23 18:00:00
T101542,C100966,O1002305,Payment,High,2025-07-24 12:00:00,2025-07-26 07:00:00
T101543,C100964,O1006450,Damaged Product,Low,2025-04-14 18:00:00,2025-04-14 20:00:00
T101544,C100237,O1000783,Late Delivery,Medium,2025-03-23 16:00:00,2025-03-23 21:00:00
T101545,C100666,O1004119,Late Delivery,Low,2025-06-12 23:00:00,2025-06-16 21:00:00
T101546,C100744,O1007978,Payment,Medium,2025-02-17 02:00:00,2025-02-18 08:00:00
T101547,C100373,O1007592,Damaged Product,Medium,2025-08-08 18:00:00,2025-08-09 04:00:00
T101548,C100936,O1004144,Late Delivery,Low,2025-02-18 12:00:00,2025-02-23 00:00:00
T101549,C100196,O1005903,Late Delivery,Medium,2025-10-09 22:00:00,2025-10-11 16:00:00
T101550,C100537,O1006813,Late Delivery,Medium,2025-05-26 09:00:00,2025-05-26 23:00:00
T101551,C100512,O1004988,Product Query,Medium,2025-01-04 02:00:00,2025-01-05 09:00:00
T101552,C100087,O1007039,Payment,Critical,2025-06-18 12:00:00,2025-06-19 07:00:00
T101553,C100648,O1006578,Refund,Medium,2025-06-07 12:00:00,2025-06-12 06:00:00
T101554,C100109,O1003254,Product Query,Critical,2025-01-22 02:00:00,2025-01-26 01:00:00
T101555,C100457,O1002218,Payment,High,2025-04-16 23:00:00,2025-04-20 00:00:00
T101556,C100043,O1002595,Late Delivery,Low,2025-04-15 21:00:00,2025-04-19 12:00:00
T101557,C100439,O1009232,Refund,Medium,2025-09-26 17:00:00,2025-09-26 22:00:00
T101558,C100056,O1001125,Payment,Medium,2025-10-08 13:00:00,2025-10-10 18:00:00
T101559,C100659,O1000708,Refund,Medium,2025-04-11 04:00:00,2025-04-14 13:00:00
T101560,C100886,O1007318,Product Query,Low,2025-12-07 05:00:00,2025-12-10 23:00:00
T101561,C100043,O1003436,Product Query,Low,2025-03-27 11:00:00,2025-03-31 21:00:00
T101562,C100560,O1007984,Payment,Medium,2025-07-12 09:00:00,2025-07-16 09:00:00
T101563,C100357,O1000574,Refund,High,2025-03-05 02:00:00,2025-03-08 10:00:00
T101564,C100306,O1008167,Damaged Product,Medium,2025-02-26 03:00:00,2025-02-27 00:00:00
T101565,C100278,O1005861,Refund,Medium,2025-07-03 15:00:00,2025-07-06 06:00:00
T101566,C100344,O1000041,Payment,Medium,2025-03-31 18:00:00,2025-04-03 10:00:00
T101567,C100093,O1003807,Damaged Product,Medium,2025-01-20 00:00:00,2025-01-21 16:00:00
T101568,C100324,O1000276,Late Delivery,High,2025-12-24 21:00:00,2025-12-27 22:00:00
T101569,C100487,O1000570,Payment,Medium,2025-09-12 16:00:00,2025-09-15 19:00:00
T101570,C100152,O1000696,Payment,Medium,2025-09-05 04:00:00,2025-09-09 02:00:00
T101571,C100634,O1006669,Payment,Medium,2025-11-19 18:00:00,2025-11-20 00:00:00
T101572,C100801,O1004884,Late Delivery,Low,2025-09-24 05:00:00,2025-09-25 08:00:00
T101573,C100716,O1009582,Refund,Medium,2025-03-13 12:00:00,2025-03-14 16:00:00
T101574,C100978,O1006879,Product Query,Critical,2025-11-25 02:00:00,2025-11-26 07:00:00
T101575,C100487,O1001070,Product Query,High,2025-06-30 16:00:00,2025-07-05 06:00:00
T101576,C100542,O1008985,Refund,Low,2025-11-09 07:00:00,2025-11-10 22:00:00
T101577,C100561,O1002205,Refund,Medium,2025-11-18 06:00:00,2025-11-21 19:00:00
T101578,C100367,O1003320,Payment,Low,2025-01-03 18:00:00,2025-01-08 04:00:00
T101579,C100533,O1002727,Product Query,High,2025-11-08 03:00:00,2025-11-08 16:00:00
T101580,C100113,O1003970,Damaged Product,Medium,2025-01-30 04:00:00,2025-02-03 02:00:00
T101581,C100465,O1006801,Refund,High,2025-10-13 09:00:00,2025-10-16 18:00:00
T101582,C100524,O1001904,Late Delivery,Low,2025-09-01 02:00:00,2025-09-05 23:00:00
T101583,C100953,O1003865,Refund,Medium,2025-03-10 02:00:00,2025-03-14 14:00:00
T101584,C100109,O1008591,Late Delivery,Medium,2025-12-06 12:00:00,2025-12-08 00:00:00
T101585,C100487,O1007547,Late Delivery,Medium,2025-06-09 12:00:00,2025-06-12 21:00:00
T101586,C100922,O1002931,Product Query,High,2025-05-16 10:00:00,2025-05-17 11:00:00
T101587,C100534,O1004629,Refund,High,2025-12-25 21:00:00,2025-12-28 20:00:00
T101588,C100123,O1006759,Late Delivery,Low,2025-07-22 20:00:00,2025-07-27 16:00:00
T101589,C100597,O1000235,Late Delivery,High,2025-03-30 08:00:00,2025-04-01 20:00:00
T101590,C100209,O1007716,Refund,Critical,2025-11-11 16:00:00,2025-11-16 10:00:00
T101591,C100712,O1001740,Damaged Product,High,2025-02-18 16:00:00,2025-02-21 15:00:00
T101592,C100764,O1003982,Late Delivery,Low,2025-08-08 10:00:00,2025-08-12 23:00:00
T101593,C100264,O1003201,Damaged Product,Low,2025-05-31 19:00:00,2025-06-05 03:00:00
T101594,C100785,O1001107,Product Query,Low,2025-10-31 21:00:00,2025-11-01 02:00:00
T101595,C100212,O1006343,Refund,Critical,2025-02-25 04:00:00,2025-02-26 19:00:00
T101596,C100446,O1003186,Product Query,Medium,2025-08-03 00:00:00,2025-08-03 11:00:00
T101597,C100720,O1006809,Product Query,High,2025-06-21 20:00:00,2025-06-25 17:00:00
T101598,C100827,O1003205,Product Query,High,2025-06-28 21:00:00,2025-07-02 12:00:00
T101599,C100699,O1006401,Damaged Product,Medium,2025-08-14 23:00:00,2025-08-18 04:00:00
T101600,C100509,O1009612,Product Query,Low,2025-05-15 13:00:00,2025-05-16 03:00:00
T101601,C100801,O1000618,Damaged Product,Medium,2025-05-25 04:00:00,2025-05-25 21:00:00
T101602,C100740,O1000535,Payment,Medium,2025-04-21 18:00:00,2025-04-25 23:00:00
T101603,C100923,O1003692,Damaged Product,Medium,2025-04-03 06:00:00,2025-04-04 12:00:00
T101604,C100549,O1007851,Product Query,Low,2025-12-11 11:00:00,2025-12-14 09:00:00
T101605,C100627,O1006352,Payment,Medium,2025-06-18 01:00:00,2025-06-22 11:00:00
T101606,C100044,O1009717,Damaged Product,High,2025-05-09 09:00:00,2025-05-11 00:00:00
T101607,C100342,O1006396,Payment,Low,2025-10-16 15:00:00,2025-10-18 07:00:00
T101608,C100043,O1008636,Payment,Medium,2025-02-17 13:00:00,2025-02-18 13:00:00
T101609,C100017,O1005796,Late Delivery,High,2025-10-26 10:00:00,2025-10-28 12:00:00
T101610,C100282,O1001987,Product Query,Medium,2025-01-02 01:00:00,2025-01-05 02:00:00
T101611,C100443,O1004261,Product Query,Low,2025-01-03 06:00:00,2025-01-04 23:00:00
T101612,C100696,O1006344,Product Query,Medium,2025-04-07 11:00:00,2025-04-08 17:00:00
T101613,C100180,O1000090,Late Delivery,Low,2025-01-17 09:00:00,2025-01-20 04:00:00
T101614,C100950,O1003858,Late Delivery,Low,2025-06-30 10:00:00,2025-06-30 18:00:00
T101615,C100035,O1005592,Product Query,High,2025-12-01 19:00:00,2025-12-02 04:00:00
T101616,C100862,O1004374,Product Query,Low,2025-03-03 10:00:00,2025-03-06 16:00:00
T101617,C100173,O1002617,Payment,Medium,2025-03-25 03:00:00,2025-03-27 09:00:00
T101618,C100871,O1004313,Damaged Product,Low,2025-02-14 09:00:00,2025-02-19 05:00:00
T101619,C100694,O1003525,Refund,High,2025-05-29 07:00:00,2025-05-31 19:00:00
T101620,C100761,O1007332,Payment,Medium,2025-06-06 08:00:00,2025-06-08 00:00:00
T101621,C100336,O1005975,Refund,Medium,2025-02-11 00:00:00,2025-02-15 02:00:00
T101622,C100151,O1009170,Refund,Low,2025-12-10 20:00:00,2025-12-11 09:00:00
T101623,C100795,O1004785,Payment,High,2025-05-03 02:00:00,2025-05-04 05:00:00
T101624,C100692,O1006473,Late Delivery,High,2025-03-23 10:00:00,2025-03-27 06:00:00
T101625,C100134,O1004324,Damaged Product,High,2025-10-05 20:00:00,2025-10-07 19:00:00
T101626,C100467,O1007379,Product Query,High,2025-08-30 09:00:00,2025-09-01 16:00:00
T101627,C100099,O1004056,Damaged Product,Critical,2025-01-20 08:00:00,2025-01-23 00:00:00
T101628,C100725,O1007780,Late Delivery,Medium,2025-12-13 13:00:00,2025-12-16 12:00:00
T101629,C100348,O1007649,Late Delivery,High,2025-06-13 15:00:00,2025-06-17 16:00:00
T101630,C100332,O1002238,Product Query,High,2025-10-24 17:00:00,2025-10-27 14:00:00
T101631,C100979,O1004949,Late Delivery,Medium,2025-08-13 18:00:00,2025-08-17 06:00:00
T101632,C100644,O1007818,Late Delivery,Low,2025-10-19 18:00:00,2025-10-23 16:00:00
T101633,C100183,O1006196,Refund,Medium,2025-04-15 14:00:00,2025-04-15 21:00:00
T101634,C100635,O1006492,Late Delivery,High,2025-03-20 11:00:00,2025-03-23 02:00:00
T101635,C100782,O1000940,Damaged Product,Medium,2025-10-27 17:00:00,2025-10-29 12:00:00
T101636,C100947,O1008954,Late Delivery,Medium,2025-11-02 14:00:00,2025-11-04 12:00:00
T101637,C100943,O1006103,Product Query,Low,2025-01-02 08:00:00,2025-01-03 11:00:00
T101638,C100471,O1000748,Late Delivery,Low,2025-02-06 01:00:00,2025-02-09 18:00:00
T101639,C100195,O1000571,Payment,Medium,2025-06-05 21:00:00,2025-06-06 13:00:00
T101640,C100797,O1002430,Payment,Medium,2025-04-27 15:00:00,2025-04-28 06:00:00
T101641,C100880,O1007717,Payment,Low,2025-11-07 23:00:00,2025-11-09 09:00:00
T101642,C100973,O1006797,Payment,Low,2025-07-22 18:00:00,2025-07-27 11:00:00
T101643,C100146,O1000106,Refund,Critical,2025-02-12 13:00:00,2025-02-15 10:00:00
T101644,C100616,O1003156,Damaged Product,High,2025-06-19 20:00:00,2025-06-21 23:00:00
T101645,C100959,O1007447,Refund,Medium,2025-03-12 01:00:00,2025-03-16 03:00:00
T101646,C100595,O1002425,Damaged Product,Low,2025-09-18 05:00:00,2025-09-18 11:00:00
T101647,C100462,O1005293,Payment,Low,2025-08-28 03:00:00,2025-09-01 13:00:00
T101648,C100869,O1007790,Product Query,Medium,2025-08-01 03:00:00,2025-08-02 20:00:00
T101649,C100957,O1007071,Late Delivery,Low,2025-04-25 18:00:00,2025-04-27 11:00:00
T101650,C100098,O1009649,Product Query,Low,2025-08-19 01:00:00,2025-08-23 11:00:00
T101651,C100893,O1002447,Late Delivery,High,2025-04-01 03:00:00,2025-04-02 08:00:00
T101652,C100656,O1005181,Damaged Product,Low,2025-04-14 13:00:00,2025-04-15 19:00:00
T101653,C100722,O1005256,Late Delivery,High,2025-07-10 13:00:00,2025-07-13 10:00:00
T101654,C100415,O1004260,Damaged Product,High,2025-03-13 01:00:00,2025-03-14 06:00:00
T101655,C100740,O1008443,Payment,Medium,2025-08-19 17:00:00,2025-08-23 01:00:00
T101656,C100308,O1003572,Late Delivery,Low,2025-11-21 00:00:00,2025-11-24 00:00:00
T101657,C100834,O1002127,Payment,Medium,2025-09-19 00:00:00,2025-09-21 19:00:00
T101658,C100991,O1000105,Damaged Product,High,2025-03-14 10:00:00,2025-03-16 17:00:00
T101659,C100611,O1000259,Late Delivery,High,2025-05-20 11:00:00,2025-05-24 14:00:00
T101660,C100362,O1000922,Damaged Product,Low,2025-09-27 18:00:00,2025-10-01 13:00:00
T101661,C100978,O1007530,Refund,High,2025-08-04 00:00:00,2025-08-06 00:00:00
T101662,C100536,O1005748,Payment,Medium,2025-10-13 08:00:00,2025-10-14 09:00:00
T101663,C100062,O1007037,Payment,Medium,2025-12-02 00:00:00,2025-12-03 17:00:00
T101664,C100959,O1002332,Damaged Product,Low,2025-09-20 06:00:00,2025-09-21 01:00:00
T101665,C100155,O1001502,Damaged Product,Medium,2025-12-13 22:00:00,2025-12-16 18:00:00
T101666,C100007,O1007650,Refund,Medium,2025-04-25 15:00:00,2025-04-30 02:00:00
T101667,C100924,O1003420,Product Query,Medium,2025-08-19 20:00:00,2025-08-23 03:00:00
T101668,C100186,O1007761,Refund,Critical,2025-05-22 19:00:00,2025-05-26 19:00:00
T101669,C100021,O1004173,Payment,Low,2025-07-16 08:00:00,2025-07-18 01:00:00
T101670,C100205,O1001310,Product Query,Low,2025-07-21 23:00:00,2025-07-26 16:00:00
T101671,C100803,O1000390,Payment,Medium,2025-09-28 23:00:00,2025-09-30 06:00:00
T101672,C100313,O1000884,Refund,Low,2025-08-26 02:00:00,2025-08-29 00:00:00
T101673,C100614,O1003811,Payment,Medium,2025-11-28 14:00:00,2025-12-03 10:00:00
T101674,C100201,O1003125,Payment,Medium,2025-09-09 16:00:00,2025-09-09 19:00:00
T101675,C100782,O1000940,Late Delivery,Medium,2025-03-24 03:00:00,2025-03-27 16:00:00
T101676,C100565,O1002269,Product Query,Medium,2025-07-07 22:00:00,2025-07-10 09:00:00
T101677,C100394,O1009934,Payment,Low,2025-05-17 00:00:00,2025-05-20 02:00:00
T101678,C100144,O1006191,Late Delivery,Low,2025-07-18 07:00:00,2025-07-22 10:00:00
T101679,C100299,O1009817,Product Query,Medium,2025-01-09 02:00:00,2025-01-10 13:00:00
T101680,C100681,O1005087,Product Query,High,2025-12-24 04:00:00,2025-12-29 00:00:00
T101681,C100134,O1005666,Late Delivery,High,2025-12-20 01:00:00,2025-12-24 15:00:00
T101682,C100512,O1004988,Product Query,Low,2025-07-11 01:00:00,2025-07-13 16:00:00
T101683,C100938,O1004794,Payment,Low,2025-10-26 10:00:00,2025-10-29 02:00:00
T101684,C100268,O1003014,Refund,Medium,2025-10-08 07:00:00,2025-10-12 00:00:00
T101685,C100821,O1009661,Late Delivery,Medium,2025-01-28 22:00:00,2025-01-30 07:00:00
T101686,C100929,O1000764,Late Delivery,Medium,2025-02-20 17:00:00,2025-02-22 11:00:00
T101687,C100725,O1006675,Late Delivery,Medium,2025-11-14 04:00:00,2025-11-16 00:00:00
T101688,C100655,O1008806,Refund,Medium,2025-03-07 10:00:00,2025-03-07 22:00:00
T101689,C100500,O1001324,Payment,Low,2025-09-16 04:00:00,2025-09-18 01:00:00
T101690,C100766,O1009305,Late Delivery,Low,2025-12-20 01:00:00,2025-12-24 21:00:00
T101691,C100189,O1002123,Product Query,High,2025-11-11 21:00:00,2025-11-12 03:00:00
T101692,C100071,O1009657,Payment,Medium,2025-12-15 03:00:00,2025-12-19 07:00:00
T101693,C100833,O1006555,Late Delivery,High,2025-11-07 15:00:00,2025-11-09 17:00:00
T101694,C100548,O1004563,Product Query,Low,2025-01-04 15:00:00,2025-01-06 08:00:00
T101695,C100537,O1009478,Refund,High,2025-04-01 08:00:00,2025-04-02 16:00:00
T101696,C100457,O1001922,Refund,High,2025-12-21 19:00:00,2025-12-22 21:00:00
T101697,C100611,O1003324,Late Delivery,High,2025-04-17 11:00:00,2025-04-19 18:00:00
T101698,C100511,O1005928,Late Delivery,Low,2025-01-27 16:00:00,2025-01-29 00:00:00
T101699,C100660,O1001170,Refund,Medium,2025-05-04 10:00:00,2025-05-07 06:00:00
T101700,C100994,O1001636,Refund,Critical,2025-02-05 16:00:00,2025-02-09 12:00:00
T101701,C100391,O1007591,Product Query,Medium,2025-09-11 20:00:00,2025-09-13 13:00:00
T101702,C100189,O1001382,Product Query,High,2025-11-09 18:00:00,2025-11-14 03:00:00
T101703,C100667,O1002055,Payment,Medium,2025-08-29 20:00:00,2025-08-30 01:00:00
T101704,C100319,O1008924,Damaged Product,Medium,2025-09-11 12:00:00,2025-09-12 06:00:00
T101705,C100004,O1000964,Damaged Product,Medium,2025-06-28 03:00:00,2025-07-02 18:00:00
T101706,C100246,O1006269,Damaged Product,High,2025-09-18 08:00:00,2025-09-22 12:00:00
T101707,C100037,O1006899,Damaged Product,Low,2025-07-18 15:00:00,2025-07-19 06:00:00
T101708,C100508,O1000897,Product Query,Medium,2025-05-05 07:00:00,2025-05-07 10:00:00
T101709,C100120,O1005463,Payment,High,2025-06-14 13:00:00,2025-06-16 08:00:00
T101710,C100475,O1004120,Damaged Product,High,2025-01-21 14:00:00,2025-01-22 04:00:00
T101711,C100992,O1004395,Late Delivery,High,2025-04-29 14:00:00,2025-05-03 05:00:00
T101712,C100742,O1003236,Damaged Product,Low,2025-08-13 23:00:00,2025-08-16 04:00:00
T101713,C100782,O1000534,Late Delivery,Medium,2025-10-25 03:00:00,2025-10-29 12:00:00
T101714,C100319,O1005029,Product Query,Medium,2025-03-28 10:00:00,2025-03-30 05:00:00
T101715,C100659,O1000131,Payment,Critical,2025-07-28 12:00:00,2025-07-31 18:00:00
T101716,C100981,O1004203,Payment,Medium,2025-08-11 01:00:00,2025-08-15 13:00:00
T101717,C100115,O1004167,Payment,High,2025-10-07 10:00:00,2025-10-08 16:00:00
T101718,C100949,O1006078,Payment,Low,2025-03-24 15:00:00,2025-03-26 16:00:00
T101719,C100326,O1006026,Damaged Product,High,2025-02-28 02:00:00,2025-03-03 10:00:00
T101720,C100084,O1007556,Payment,Medium,2025-11-05 13:00:00,2025-11-09 00:00:00
T101721,C100076,O1008768,Late Delivery,Medium,2025-04-01 00:00:00,2025-04-03 01:00:00
T101722,C100006,O1005114,Late Delivery,High,2025-02-28 13:00:00,2025-03-01 00:00:00
T101723,C100216,O1005968,Refund,Low,2025-05-28 23:00:00,2025-06-01 16:00:00
T101724,C100124,O1005180,Payment,Low,2025-04-23 22:00:00,2025-04-27 09:00:00
T101725,C100250,O1004875,Late Delivery,Low,2025-03-23 21:00:00,2025-03-25 21:00:00
T101726,C100915,O1006000,Refund,Medium,2025-01-26 08:00:00,2025-01-30 10:00:00
T101727,C100828,O1001759,Late Delivery,Medium,2025-08-11 17:00:00,2025-08-12 05:00:00
T101728,C100175,O1000327,Refund,High,2025-03-26 05:00:00,2025-03-28 22:00:00
T101729,C100218,O1001575,Payment,High,2025-09-18 18:00:00,2025-09-21 10:00:00
T101730,C100494,O1001703,Damaged Product,Medium,2025-04-23 10:00:00,2025-04-23 23:00:00
T101731,C100760,O1006114,Refund,Medium,2025-03-24 21:00:00,2025-03-25 03:00:00
T101732,C100141,O1001069,Damaged Product,Medium,2025-11-02 02:00:00,2025-11-07 00:00:00
T101733,C100146,O1003549,Late Delivery,Medium,2025-01-05 18:00:00,2025-01-08 21:00:00
T101734,C100882,O1001063,Refund,High,2025-02-02 09:00:00,2025-02-06 15:00:00
T101735,C100478,O1001559,Refund,Medium,2025-08-10 10:00:00,2025-08-12 01:00:00
T101736,C100440,O1006424,Payment,Medium,2025-01-19 23:00:00,2025-01-22 13:00:00
T101737,C100780,O1003984,Refund,High,2025-12-25 02:00:00,2025-12-29 12:00:00
T101738,C100888,O1008124,Late Delivery,High,2025-05-30 07:00:00,2025-06-01 12:00:00
T101739,C100340,O1007359,Payment,Medium,2025-04-30 11:00:00,2025-05-03 00:00:00
T101740,C100305,O1002476,Product Query,Medium,2025-04-29 17:00:00,2025-05-04 00:00:00
T101741,C100732,O1000779,Late Delivery,Medium,2025-08-20 12:00:00,2025-08-20 18:00:00
T101742,C100380,O1009627,Payment,High,2025-05-03 02:00:00,2025-05-05 21:00:00
T101743,C100198,O1001331,Product Query,High,2025-01-18 12:00:00,2025-01-21 17:00:00
T101744,C100503,O1006824,Damaged Product,Medium,2025-01-06 02:00:00,2025-01-10 08:00:00
T101745,C100323,O1005854,Payment,Medium,2025-07-27 14:00:00,2025-07-31 18:00:00
T101746,C100096,O1008205,Refund,Low,2025-02-15 03:00:00,2025-02-16 01:00:00
T101747,C100428,O1005505,Refund,Medium,2025-07-24 09:00:00,2025-07-24 16:00:00
T101748,C100938,O1000081,Damaged Product,Medium,2025-12-22 02:00:00,2025-12-23 03:00:00
T101749,C100186,O1001547,Refund,Medium,2025-07-27 01:00:00,2025-07-30 18:00:00
T101750,C100379,O1008303,Refund,Low,2025-10-19 20:00:00,2025-10-21 00:00:00
T101751,C100022,O1006016,Damaged Product,Medium,2025-06-27 07:00:00,2025-07-01 02:00:00
T101752,C100290,O1007696,Late Delivery,High,2025-03-09 03:00:00,2025-03-13 19:00:00
T101753,C100346,O1006323,Damaged Product,Medium,2025-06-14 10:00:00,2025-06-17 20:00:00
T101754,C100226,O1009825,Product Query,Medium,2025-08-22 01:00:00,2025-08-22 17:00:00
T101755,C100829,O1000830,Payment,Critical,2025-11-12 16:00:00,2025-11-15 03:00:00
T101756,C100062,O1000821,Late Delivery,Medium,2025-05-31 02:00:00,2025-06-01 12:00:00
T101757,C100218,O1007257,Damaged Product,High,2025-01-05 20:00:00,2025-01-09 02:00:00
T101758,C100613,O1000419,Payment,Low,2025-07-20 15:00:00,2025-07-22 20:00:00
T101759,C100301,O1001126,Product Query,Low,2025-05-17 18:00:00,2025-05-20 05:00:00
T101760,C100127,O1007252,Refund,High,2025-11-02 03:00:00,2025-11-05 04:00:00
T101761,C100389,O1007585,Refund,High,2025-06-02 02:00:00,2025-06-04 00:00:00
T101762,C100691,O1008449,Damaged Product,Low,2025-08-12 11:00:00,2025-08-17 04:00:00
T101763,C100923,O1002417,Payment,Critical,2025-10-30 12:00:00,2025-10-30 19:00:00
T101764,C100830,O1006712,Refund,Medium,2025-08-01 13:00:00,2025-08-05 04:00:00
T101765,C100398,O1002254,Refund,Low,2025-05-23 05:00:00,2025-05-25 17:00:00
T101766,C100181,O1009933,Payment,Low,2025-05-14 06:00:00,2025-05-17 17:00:00
T101767,C100698,O1006701,Refund,Medium,2025-02-02 14:00:00,2025-02-06 12:00:00
T101768,C100965,O1007700,Product Query,Low,2025-03-14 04:00:00,2025-03-18 12:00:00
T101769,C100170,O1006623,Damaged Product,Medium,2025-02-14 17:00:00,2025-02-15 01:00:00
T101770,C100392,O1009863,Payment,High,2025-03-20 23:00:00,2025-03-22 20:00:00
T101771,C100561,O1002701,Damaged Product,Medium,2025-02-13 22:00:00,2025-02-14 04:00:00
T101772,C100823,O1007632,Damaged Product,High,2025-09-07 15:00:00,2025-09-09 08:00:00
T101773,C100893,O1009656,Damaged Product,Medium,2025-08-09 09:00:00,2025-08-10 06:00:00
T101774,C100317,O1002116,Refund,Medium,2025-10-14 22:00:00,2025-10-18 05:00:00
T101775,C100508,O1003884,Refund,Medium,2025-07-13 12:00:00,2025-07-15 00:00:00
T101776,C100227,O1007045,Refund,Medium,2025-04-22 02:00:00,2025-04-24 13:00:00
T101777,C100481,O1004050,Refund,Critical,2025-04-02 00:00:00,2025-04-04 13:00:00
T101778,C100420,O1007029,Refund,Low,2025-02-03 17:00:00,2025-02-04 04:00:00
T101779,C100027,O1002007,Product Query,Low,2025-03-10 23:00:00,2025-03-15 02:00:00
T101780,C100937,O1000755,Payment,Medium,2025-07-02 22:00:00,2025-07-05 07:00:00
T101781,C100352,O1000582,Product Query,Critical,2025-11-28 23:00:00,2025-11-29 04:00:00
T101782,C100774,O1001891,Late Delivery,Medium,2025-05-14 07:00:00,2025-05-14 20:00:00
T101783,C100384,O1008193,Product Query,Medium,2025-08-02 20:00:00,2025-08-06 18:00:00
T101784,C100469,O1006766,Damaged Product,Critical,2025-04-07 05:00:00,2025-04-11 21:00:00
T101785,C100142,O1003346,Product Query,Low,2025-11-04 19:00:00,2025-11-08 09:00:00
T101786,C100440,O1006725,Product Query,Medium,2025-01-28 10:00:00,2025-01-29 22:00:00
T101787,C100808,O1004903,Late Delivery,Medium,2025-04-07 13:00:00,2025-04-10 01:00:00
T101788,C100679,O1001753,Damaged Product,Medium,2025-12-28 02:00:00,2025-12-29 12:00:00
T101789,C100314,O1007841,Payment,Low,2025-06-23 06:00:00,2025-06-24 06:00:00
T101790,C100191,O1000388,Late Delivery,Medium,2025-10-11 01:00:00,2025-10-15 09:00:00
T101791,C100986,O1001073,Payment,Medium,2025-04-04 19:00:00,2025-04-05 07:00:00
T101792,C100575,O1002584,Refund,Low,2025-10-30 01:00:00,2025-11-01 05:00:00
T101793,C100348,O1006182,Refund,Medium,2025-02-28 05:00:00,2025-03-01 01:00:00
T101794,C100649,O1003554,Late Delivery,Medium,2025-06-06 11:00:00,2025-06-08 22:00:00
T101795,C100333,O1003633,Damaged Product,Low,2025-05-23 01:00:00,2025-05-24 18:00:00
T101796,C100883,O1005387,Refund,High,2025-12-02 02:00:00,2025-12-04 02:00:00
T101797,C100992,O1008353,Product Query,Medium,2025-01-02 03:00:00,2025-01-04 19:00:00
T101798,C100928,O1003279,Payment,Medium,2025-12-16 20:00:00,2025-12-18 11:00:00
T101799,C100829,O1003891,Refund,Medium,2025-11-21 20:00:00,2025-11-23 15:00:00
T101800,C100475,O1000382,Refund,Low,2025-04-25 13:00:00,2025-04-27 01:00:00
