order_id,partner,pickup_time,expected_delivery,actual_delivery,status
O1000001,DHL,2025-05-03 17:22:00,2025-05-07 04:22:00,2025-05-08 04:22:00,Delayed
O1000002,Delhivery,2025-12-31 13:09:00,2026-01-03 17:09:00,2026-01-03 17:09:00,Delivered
O1000003,Delhivery,2025-01-05 06:06:00,2025-01-08 18:06:00,2025-01-08 18:06:00,Delivered
O1000004,BlueDart,2025-06-30 14:35:00,2025-07-04 01:35:00,2025-07-04 13:35:00,Delayed
O1000005,Delhivery,2025-08-12 02:19:00,2025-08-14 15:19:00,2025-08-14 15:19:00,Delivered
O1000006,BlueDart,2025-01-24 06:54:00,2025-01-27 15:54:00,2025-01-27 21:54:00,Delayed
O1000007,BlueDart,2025-06-14 23:00:00,2025-06-18 10:00:00,2025-06-18 10:00:00,Delivered
O1000008,DHL,2025-08-07 03:52:00,2025-08-08 10:52:00,2025-08-08 10:52:00,Delivered
O1000009,BlueDart,2025-08-11 03:08:00,2025-08-12 13:08:00,2025-08-12 13:08:00,Delivered
O1000010,Delhivery,2025-02-14 09:54:00,2025-02-16 01:54:00,2025-02-16 01:54:00,Delivered
O1000011,Delhivery,2025-04-13 12:27:00,2025-04-17 07:27:00,2025-04-17 07:27:00,Delivered
O1000012,DHL,2025-04-01 05:53:00,2025-04-04 18:53:00,2025-04-04 18:53:00,Delivered
O1000013,Delhivery,2025-08-23 08:56:00,2025-08-24 11:56:00,2025-08-24 11:56:00,Delivered
O1000014,EcomExpress,2025-05-02 01:02:00,2025-05-05 19:02:00,2025-05-05 19:02:00,Delivered
O1000015,DHL,2025-07-29 10:46:00,2025-07-30 12:46:00,2025-07-30 12:46:00,Delivered
O1000016,DHL,2025-09-25 08:23:00,2025-09-28 15:23:00,2025-09-28 15:23:00,Delivered
O1000017,DHL,2025-10-19 18:15:00,2025-10-22 07:15:00,2025-10-22 19:15:00,Delayed
O1000018,EcomExpress,2025-03-10 09:06:00,2025-03-13 07:06:00,2025-03-13 07:06:00,Delivered
O1000019,DHL,2025-11-27 01:26:00,2025-11-30 05:26:00,2025-11-30 05:26:00,Delivered
O1000020,EcomExpress,2025-03-03 06:45:00,2025-03-06 20:45:00,2025-03-07 02:45:00,Delayed
O1000021,DHL,2025-01-08 21:24:00,2025-01-11 23:24:00,2025-01-12 05:24:00,Delayed
O1000022,BlueDart,2025-01-18 10:22:00,2025-01-21 01:22:00,2025-01-23 01:22:00,Delayed
O1000023,Delhivery,2025-03-15 22:18:00,2025-03-18 13:18:00,2025-03-18 13:18:00,Delivered
O1000024,EcomExpress,2025-11-16 04:23:00,2025-11-20 01:23:00,2025-11-20 01:23:00,Delivered
O1000025,Delhivery,2025-03-18 05:14:00,2025-03-21 13:14:00,2025-03-22 13:14:00,Delayed
O1000026,Delhivery,2025-09-11 23:55:00,2025-09-14 19:55:00,2025-09-14 19:55:00,Delivered
O1000027,Delhivery,2025-06-03 15:00:00,2025-06-06 10:00:00,2025-06-06 10:00:00,Delivered
O1000028,Delhivery,2025-01-16 08:14:00,2025-01-18 05:14:00,2025-01-18 11:14:00,Delayed
O1000029,DHL,2025-06-13 15:05:00,2025-06-17 04:05:00,2025-06-17 04:05:00,Delivered
O1000030,DHL,2025-01-12 01:53:00,2025-01-15 04:53:00,2025-01-15 10:53:00,Delayed
O1000031,BlueDart,2025-06-23 21:45:00,2025-06-25 05:45:00,2025-06-25 17:45:00,Delayed
O1000032,BlueDart,2025-07-24 10:14:00,2025-07-27 19:14:00,2025-07-27 19:14:00,Delivered
O1000033,DHL,2025-07-10 15:34:00,2025-07-14 13:34:00,2025-07-14 13:34:00,Delivered
O1000034,Delhivery,2025-04-14 16:32:00,2025-04-17 20:32:00,2025-04-17 20:32:00,Delivered
O1000035,BlueDart,2025-10-08 19:17:00,2025-10-12 10:17:00,2025-10-12 22:17:00,Delayed
O1000036,EcomExpress,2025-08-06 18:37:00,2025-08-10 02:37:00,2025-08-10 02:37:00,Delivered
O1000037,DHL,2025-04-04 05:51:00,2025-04-07 21:51:00,2025-04-08 21:51:00,Delayed
O1000038,EcomExpress,2025-06-08 21:12:00,2025-06-11 14:12:00,2025-06-11 14:12:00,Delivered
O1000039,Delhivery,2025-02-09 17:26:00,2025-02-11 19:26:00,2025-02-12 01:26:00,Delayed
O1000040,BlueDart,2025-12-05 09:53:00,2025-12-07 18:53:00,2025-12-07 18:53:00,Delivered
O1000041,DHL,2025-10-02 20:31:00,2025-10-06 16:31:00,2025-10-06 16:31:00,Delivered
O1000042,Delhivery,2025-04-17 00:23:00,2025-04-20 02:23:00,2025-04-21 02:23:00,Delayed
O1000043,Delhivery,2025-09-05 08:38:00,2025-09-06 18:38:00,2025-09-06 18:38:00,Delivered
O1000044,DHL,2025-09-06 03:19:00,2025-09-08 06:19:00,2025-09-08 06:19:00,Delivered
O1000045,EcomExpress,2025-08-12 00:50:00,2025-08-13 05:50:00,2025-08-14 05:50:00,Delayed
O1000046,DHL,2025-01-21 03:18:00,2025-01-24 19:18:00,2025-01-24 19:18:00,Delivered
O1000047,DHL,2025-11-18 05:16:00,2025-11-20 09:16:00,2025-11-20 09:16:00,Delivered
O1000048,DHL,2025-12-16 11:28:00,2025-12-17 16:28:00,2025-12-17 16:28:00,Delivered
O1000049,EcomExpress,2025-12-23 15:01:00,2025-12-27 10:01:00,2025-12-27 10:01:00,Delivered
O1000050,BlueDart,2025-12-25 09:55:00,2025-12-28 22:55:00,2025-12-29 04:55:00,Delayed
O1000051,Delhivery,2025-12-07 11:06:00,2025-12-11 08:06:00,2025-12-11 08:06:00,Delivered
O1000052,DHL,2025-09-28 03:02:00,2025-09-30 04:02:00,2025-09-30 04:02:00,Delivered
O1000053,Delhivery,2025-01-21 21:50:00,2025-01-24 08:50:00,2025-01-24 08:50:00,Delivered
O1000054,EcomExpress,2025-06-19 21:46:00,2025-06-22 09:46:00,2025-06-22 09:46:00,Delivered
O1000055,Delhivery,2025-04-01 04:00:00,2025-04-04 10:00:00,2025-04-05 10:00:00,Delayed
O1000056,EcomExpress,2025-03-23 06:05:00,2025-03-26 17:05:00,2025-03-28 17:05:00,Delayed
O1000057,DHL,2025-10-31 23:54:00,2025-11-03 13:54:00,2025-11-03 13:54:00,Delivered
O1000058,Delhivery,2025-10-25 02:34:00,2025-10-27 17:34:00,2025-10-28 05:34:00,Delayed
O1000059,DHL,2025-07-10 21:36:00,2025-07-12 05:36:00,2025-07-12 05:36:00,Delivered
O1000060,BlueDart,2025-09-26 22:24:00,2025-09-28 11:24:00,2025-09-29 11:24:00,Delayed
O1000061,DHL,2025-02-18 03:36:00,2025-02-21 02:36:00,2025-02-21 02:36:00,Delivered
O1000062,Delhivery,2025-03-24 00:03:00,2025-03-26 08:03:00,2025-03-26 08:03:00,Delivered
O1000063,DHL,2025-11-12 19:42:00,2025-11-14 05:42:00,2025-11-14 05:42:00,Delivered
O1000064,BlueDart,2025-06-15 14:17:00,2025-06-16 21:17:00,2025-06-16 21:17:00,Delivered
O1000065,DHL,2025-07-20 07:10:00,2025-07-23 06:10:00,2025-07-23 06:10:00,Delivered
O1000066,EcomExpress,2025-06-19 06:42:00,2025-06-22 22:42:00,2025-06-22 22:42:00,Delivered
O1000067,Delhivery,2025-03-15 23:17:00,2025-03-17 16:17:00,2025-03-17 16:17:00,Delivered
O1000068,BlueDart,2025-10-30 01:59:00,2025-11-01 16:59:00,2025-11-01 22:59:00,Delayed
O1000069,DHL,2025-10-05 01:57:00,2025-10-06 19:57:00,2025-10-07 07:57:00,Delayed
O1000070,BlueDart,2025-09-07 23:27:00,2025-09-11 09:27:00,2025-09-11 09:27:00,Delivered
O1000071,DHL,2025-05-10 09:28:00,2025-05-13 09:28:00,2025-05-13 09:28:00,Delivered
O1000072,DHL,2025-08-23 13:59:00,2025-08-25 13:59:00,2025-08-25 19:59:00,Delayed
O1000074,EcomExpress,2025-08-27 13:39:00,2025-08-29 22:39:00,2025-08-29 22:39:00,Delivered
O1000075,DHL,2025-06-30 21:07:00,2025-07-03 11:07:00,2025-07-03 11:07:00,Delivered
O1000076,BlueDart,2025-04-10 01:06:00,2025-04-13 12:06:00,2025-04-13 12:06:00,Delivered
O1000077,EcomExpress,2025-07-10 20:47:00,2025-07-13 07:47:00,2025-07-13 07:47:00,Delivered
O1000078,DHL,2025-05-16 14:05:00,2025-05-19 14:05:00,2025-05-19 14:05:00,Delivered
O1000079,EcomExpress,2025-08-13 00:14:00,2025-08-15 09:14:00,2025-08-15 21:14:00,Delayed
O1000080,EcomExpress,2025-01-18 08:25:00,2025-01-20 05:25:00,2025-01-21 05:25:00,Delayed
O1000081,BlueDart,2025-03-12 04:51:00,2025-03-15 00:51:00,2025-03-15 00:51:00,Delivered
O1000082,Delhivery,2025-10-15 17:20:00,2025-10-19 00:20:00,2025-10-19 00:20:00,Delivered
O1000083,DHL,2025-05-20 00:28:00,2025-05-23 22:28:00,2025-05-25 22:28:00,Delayed
O1000084,DHL,2025-06-09 13:18:00,2025-06-10 17:18:00,2025-06-10 17:18:00,Delivered
O1000085,BlueDart,2025-07-18 17:15:00,2025-07-22 15:15:00,2025-07-24 15:15:00,Delayed
O1000086,DHL,2025-06-10 08:26:00,2025-06-13 12:26:00,2025-06-13 12:26:00,Delivered
O1000087,Delhivery,2025-10-05 14:37:00,2025-10-07 09:37:00,2025-10-07 15:37:00,Delayed
O1000088,BlueDart,2025-04-01 07:36:00,2025-04-03 10:36:00,2025-04-03 10:36:00,Delivered
O1000089,BlueDart,2025-10-04 16:12:00,2025-10-07 16:12:00,2025-10-07 16:12:00,Delivered
O1000091,DHL,2025-05-17 10:27:00,2025-05-19 07:27:00,2025-05-19 07:27:00,Delivered
O1000092,Delhivery,2025-08-04 15:30:00,2025-08-06 15:30:00,2025-08-06 15:30:00,Delivered
O1000093,DHL,2025-11-21 11:45:00,2025-11-24 00:45:00,2025-11-24 00:45:00,Delivered
O1000094,EcomExpress,2025-03-27 08:27:00,2025-03-30 10:27:00,2025-03-30 10:27:00,Delivered
O1000095,EcomExpress,2025-08-04 12:47:00,2025-08-08 05:47:00,2025-08-08 05:47:00,Delivered
O1000096,EcomExpress,2025-01-24 20:22:00,2025-01-28 09:22:00,2025-01-29 09:22:00,Delayed
O1000097,EcomExpress,2025-01-28 16:14:00,2025-01-30 10:14:00,2025-01-30 10:14:00,Delivered
O1000098,EcomExpress,2025-10-09 10:40:00,2025-10-10 23:40:00,2025-10-11 05:40:00,Delayed
O1000099,Delhivery,2025-09-21 05:43:00,2025-09-25 04:43:00,2025-09-25 04:43:00,Delivered
O1000100,EcomExpress,2025-05-19 14:48:00,2025-05-23 09:48:00,2025-05-23 09:48:00,Delivered
O1000101,DHL,2025-08-17 04:06:00,2025-08-19 22:06:00,2025-08-19 22:06:00,Delivered
O1000102,DHL,2025-05-20 08:54:00,2025-05-23 10:54:00,2025-05-23 16:54:00,Delayed
O1000103,Delhivery,2025-04-13 08:35:00,2025-04-15 02:35:00,2025-04-15 02:35:00,Delivered
O1000104,Delhivery,2025-06-07 22:32:00,2025-06-10 18:32:00,2025-06-10 18:32:00,Delivered
O1000105,EcomExpress,2025-04-25 05:50:00,2025-04-28 06:50:00,2025-04-28 06:50:00,Delivered
O1000106,EcomExpress,2025-10-25 18:09:00,2025-10-27 15:09:00,2025-10-29 15:09:00,Delayed
O1000107,DHL,2025-06-01 14:17:00,2025-06-04 18:17:00,2025-06-04 18:17:00,Delivered
O1000108,Delhivery,2025-04-29 00:39:00,2025-05-01 03:39:00,2025-05-01 03:39:00,Delivered
O1000109,DHL,2025-07-16 10:29:00,2025-07-19 00:29:00,2025-07-19 00:29:00,Delivered
O1000111,EcomExpress,2025-04-10 15:59:00,2025-04-11 18:59:00,2025-04-11 18:59:00,Delivered
O1000112,BlueDart,2025-12-09 19:23:00,2025-12-11 04:23:00,2025-12-11 04:23:00,Delivered
O1000113,DHL,2025-06-20 05:25:00,2025-06-23 02:25:00,2025-06-23 02:25:00,Delivered
O1000115,EcomExpress,2025-12-17 07:21:00,2025-12-20 17:21:00,2025-12-20 17:21:00,Delivered
O1000116,Delhivery,2025-06-08 17:37:00,2025-06-11 09:37:00,2025-06-11 09:37:00,Delivered
O1000117,DHL,2025-03-15 07:35:00,2025-03-18 17:35:00,2025-03-18 17:35:00,Delivered
O1000118,BlueDart,2025-10-01 10:35:00,2025-10-04 19:35:00,2025-10-04 19:35:00,Delivered
O1000119,DHL,2025-01-03 20:54:00,2025-01-07 03:54:00,2025-01-07 15:54:00,Delayed
O1000120,Delhivery,2025-06-18 07:43:00,2025-06-21 18:43:00,2025-06-21 18:43:00,Delivered
O1000121,EcomExpress,2025-12-25 06:28:00,2025-12-28 12:28:00,2025-12-28 12:28:00,Delivered
O1000122,Delhivery,2025-06-02 10:13:00,2025-06-05 21:13:00,2025-06-05 21:13:00,Delivered
O1000123,DHL,2025-09-07 13:45:00,2025-09-09 16:45:00,2025-09-10 04:45:00,Delayed
O1000124,BlueDart,2025-07-12 02:17:00,2025-07-14 06:17:00,2025-07-14 06:17:00,Delivered
O1000125,DHL,2025-03-21 12:04:00,2025-03-23 23:04:00,2025-03-24 11:04:00,Delayed
O1000126,EcomExpress,2025-04-27 00:59:00,2025-04-29 14:59:00,2025-04-29 14:59:00,Delivered
O1000127,BlueDart,2025-07-11 21:08:00,2025-07-14 20:08:00,2025-07-14 20:08:00,Delivered
O1000128,Delhivery,2025-02-09 02:24:00,2025-02-11 17:24:00,2025-02-11 17:24:00,Delivered
O1000129,BlueDart,2025-06-01 22:10:00,2025-06-03 09:10:00,2025-06-03 09:10:00,Delivered
O1000130,DHL,2025-06-02 00:11:00,2025-06-04 04:11:00,2025-06-04 04:11:00,Delivered
O1000131,BlueDart,2025-11-02 08:42:00,2025-11-05 03:42:00,2025-11-05 03:42:00,Delivered
O1000132,EcomExpress,2025-02-16 02:24:00,2025-02-17 04:24:00,2025-02-19 04:24:00,Delayed
O1000133,EcomExpress,2025-11-05 09:30:00,2025-11-06 16:30:00,2025-11-06 22:30:00,Delayed
O1000134,BlueDart,2025-05-30 23:03:00,2025-06-03 18:03:00,2025-06-04 18:03:00,Delayed
O1000135,Delhivery,2025-08-27 05:00:00,2025-08-30 18:00:00,2025-08-31 18:00:00,Delayed
O1000137,BlueDart,2025-04-21 02:24:00,2025-04-23 19:24:00,2025-04-23 19:24:00,Delivered
O1000138,Delhivery,2025-12-07 07:29:00,2025-12-08 15:29:00,2025-12-09 03:29:00,Delayed
O1000139,BlueDart,2025-03-23 16:37:00,2025-03-25 10:37:00,2025-03-25 10:37:00,Delivered
O1000140,EcomExpress,2025-01-15 11:44:00,2025-01-18 18:44:00,2025-01-18 18:44:00,Delivered
O1000141,Delhivery,2025-10-01 17:04:00,2025-10-04 21:04:00,2025-10-05 03:04:00,Delayed
O1000142,EcomExpress,2025-08-16 16:16:00,2025-08-18 07:16:00,2025-08-18 07:16:00,Delivered
O1000143,DHL,2025-11-23 16:19:00,2025-11-24 20:19:00,2025-11-24 20:19:00,Delivered
O1000144,BlueDart,2025-06-18 00:43:00,2025-06-21 18:43:00,2025-06-21 18:43:00,Delivered
O1000145,EcomExpress,2025-01-08 03:31:00,2025-01-11 07:31:00,2025-01-13 07:31:00,Delayed
O1000146,EcomExpress,2025-01-09 10:39:00,2025-01-12 09:39:00,2025-01-12 09:39:00,Delivered
O1000147,Delhivery,2025-06-09 11:45:00,2025-06-13 01:45:00,2025-06-13 01:45:00,Delivered
O1000148,BlueDart,2025-04-03 17:24:00,2025-04-06 00:24:00,2025-04-06 00:24:00,Delivered
O1000149,EcomExpress,2025-12-04 05:23:00,2025-12-05 12:23:00,2025-12-05 12:23:00,Delivered
O1000150,DHL,2025-02-13 19:43:00,2025-02-14 22:43:00,2025-02-14 22:43:00,Delivered
O1000151,EcomExpress,2025-11-19 02:11:00,2025-11-23 00:11:00,2025-11-24 00:11:00,Delayed
O1000152,Delhivery,2025-03-21 23:23:00,2025-03-24 18:23:00,2025-03-24 18:23:00,Delivered
O1000153,Delhivery,2025-02-13 22:30:00,2025-02-17 03:30:00,2025-02-17 15:30:00,Delayed
O1000154,DHL,2025-04-11 18:38:00,2025-04-13 21:38:00,2025-04-13 21:38:00,Delivered
O1000155,DHL,2025-02-23 04:36:00,2025-02-24 11:36:00,2025-02-24 11:36:00,Delivered
O1000156,BlueDart,2025-05-28 06:13:00,2025-05-31 15:13:00,2025-05-31 15:13:00,Delivered
O1000157,EcomExpress,2025-05-01 16:15:00,2025-05-05 01:15:00,2025-05-05 01:15:00,Delivered
O1000158,BlueDart,2025-07-14 09:53:00,2025-07-17 18:53:00,2025-07-17 18:53:00,Delivered
O1000159,EcomExpress,2025-07-17 09:05:00,2025-07-19 22:05:00,2025-07-20 10:05:00,Delayed
O1000161,BlueDart,2025-02-15 15:33:00,2025-02-18 16:33:00,2025-02-18 22:33:00,Delayed
O1000162,DHL,2025-03-02 09:26:00,2025-03-04 07:26:00,2025-03-05 07:26:00,Delayed
O1000163,Delhivery,2025-03-14 00:24:00,2025-03-15 19:24:00,2025-03-15 19:24:00,Delivered
O1000164,BlueDart,2025-02-05 10:18:00,2025-02-06 12:18:00,2025-02-06 12:18:00,Delivered
O1000165,DHL,2025-04-26 20:29:00,2025-04-28 08:29:00,2025-04-29 08:29:00,Delayed
O1000166,Delhivery,2025-07-20 23:03:00,2025-07-23 06:03:00,2025-07-25 06:03:00,Delayed
O1000167,Delhivery,2025-04-24 00:54:00,2025-04-26 11:54:00,2025-04-26 11:54:00,Delivered
O1000168,DHL,2025-05-01 16:19:00,2025-05-04 00:19:00,2025-05-04 00:19:00,Delivered
O1000169,Delhivery,2025-06-21 21:57:00,2025-06-24 05:57:00,2025-06-24 05:57:00,Delivered
O1000170,Delhivery,2025-07-20 12:05:00,2025-07-22 03:05:00,2025-07-22 15:05:00,Delayed
O1000171,BlueDart,2025-05-01 21:55:00,2025-05-04 21:55:00,2025-05-04 21:55:00,Delivered
O1000172,DHL,2025-03-23 00:19:00,2025-03-25 08:19:00,2025-03-25 08:19:00,Delivered
O1000173,EcomExpress,2025-05-31 17:06:00,2025-06-03 07:06:00,2025-06-03 07:06:00,Delivered
O1000174,Delhivery,2025-01-10 08:47:00,2025-01-13 02:47:00,2025-01-13 14:47:00,Delayed
O1000175,BlueDart,2025-06-29 20:44:00,2025-07-02 07:44:00,2025-07-02 07:44:00,Delivered
O1000176,BlueDart,2025-12-10 11:54:00,2025-12-13 02:54:00,2025-12-13 02:54:00,Delivered
O1000177,DHL,2025-05-27 11:06:00,2025-05-29 21:06:00,2025-05-30 03:06:00,Delayed
O1000178,DHL,2025-02-10 17:22:00,2025-02-12 20:22:00,2025-02-13 08:22:00,Delayed
O1000179,BlueDart,2025-09-17 00:33:00,2025-09-19 12:33:00,2025-09-19 12:33:00,Delivered
O1000180,Delhivery,2025-02-17 01:36:00,2025-02-20 02:36:00,2025-02-20 02:36:00,Delivered
O1000181,Delhivery,2025-03-13 05:05:00,2025-03-16 19:05:00,2025-03-16 19:05:00,Delivered
O1000182,BlueDart,2025-02-24 03:06:00,2025-02-25 09:06:00,2025-02-25 09:06:00,Delivered
O1000183,EcomExpress,2025-11-20 09:24:00,2025-11-21 21:24:00,2025-11-21 21:24:00,Delivered
O1000184,EcomExpress,2025-12-25 13:27:00,2025-12-26 21:27:00,2025-12-26 21:27:00,Delivered
O1000185,Delhivery,2025-07-27 16:18:00,2025-07-28 17:18:00,2025-07-28 17:18:00,Delivered
O1000186,Delhivery,2025-08-14 18:04:00,2025-08-18 05:04:00,2025-08-18 17:04:00,Delayed
O1000187,BlueDart,2025-08-24 22:35:00,2025-08-26 13:35:00,2025-08-26 13:35:00,Delivered
O1000188,BlueDart,2025-08-12 05:50:00,2025-08-14 01:50:00,2025-08-16 01:50:00,Delayed
O1000189,Delhivery,2025-07-19 00:19:00,2025-07-20 22:19:00,2025-07-20 22:19:00,Delivered
O1000190,Delhivery,2025-12-28 05:17:00,2025-12-31 19:17:00,2025-12-31 19:17:00,Delivered
O1000191,EcomExpress,2025-09-25 17:02:00,2025-09-28 13:02:00,2025-09-29 01:02:00,Delayed
O1000192,EcomExpress,2025-02-02 23:43:00,2025-02-04 06:43:00,2025-02-05 06:43:00,Delayed
O1000193,Delhivery,2025-05-24 16:48:00,2025-05-28 04:48:00,2025-05-28 04:48:00,Delivered
O1000194,DHL,2025-12-22 20:21:00,2025-12-26 18:21:00,2025-12-27 06:21:00,Delayed
O1000195,EcomExpress,2025-05-29 06:08:00,2025-06-01 09:08:00,2025-06-01 21:08:00,Delayed
O1000196,DHL,2025-03-16 11:31:00,2025-03-18 21:31:00,2025-03-18 21:31:00,Delivered
O1000197,DHL,2025-11-14 05:03:00,2025-11-18 04:03:00,2025-11-18 04:03:00,Delivered
O1000198,DHL,2025-08-16 16:37:00,2025-08-17 19:37:00,2025-08-17 19:37:00,Delivered
O1000199,EcomExpress,2025-07-26 09:43:00,2025-07-27 09:43:00,2025-07-27 09:43:00,Delivered
O1000201,DHL,2025-02-16 03:17:00,2025-02-19 11:17:00,2025-02-19 11:17:00,Delivered
O1000202,Delhivery,2025-05-22 06:56:00,2025-05-23 19:56:00,2025-05-23 19:56:00,Delivered
O1000203,BlueDart,2025-06-10 06:21:00,2025-06-11 10:21:00,2025-06-11 10:21:00,Delivered
O1000204,DHL,2025-12-06 22:07:00,2025-12-08 04:07:00,2025-12-08 04:07:00,Delivered
O1000206,EcomExpress,2025-02-24 15:18:00,2025-02-26 23:18:00,2025-02-26 23:18:00,Delivered
O1000207,EcomExpress,2025-06-06 17:44:00,2025-06-09 16:44:00,2025-06-09 16:44:00,Delivered
O1000208,BlueDart,2025-12-31 14:14:00,2026-01-02 21:14:00,2026-01-02 21:14:00,Delivered
O1000209,BlueDart,2025-06-27 01:27:00,2025-06-29 07:27:00,2025-06-29 13:27:00,Delayed
O1000210,Delhivery,2025-05-19 19:17:00,2025-05-21 05:17:00,2025-05-21 17:17:00,Delayed
O1000211,BlueDart,2025-09-01 18:36:00,2025-09-03 16:36:00,2025-09-05 16:36:00,Delayed
O1000212,EcomExpress,2025-08-26 10:44:00,2025-08-30 06:44:00,2025-09-01 06:44:00,Delayed
O1000213,BlueDart,2025-04-20 23:24:00,2025-04-22 21:24:00,2025-04-22 21:24:00,Delivered
O1000214,Delhivery,2025-12-21 05:09:00,2025-12-23 05:09:00,2025-12-23 05:09:00,Delivered
O1000215,Delhivery,2025-08-05 22:16:00,2025-08-09 14:16:00,2025-08-09 14:16:00,Delivered
O1000216,BlueDart,2025-01-23 06:32:00,2025-01-24 10:32:00,2025-01-24 10:32:00,Delivered
O1000217,EcomExpress,2025-05-29 19:44:00,2025-05-31 00:44:00,2025-05-31 00:44:00,Delivered
O1000218,Delhivery,2025-12-03 15:10:00,2025-12-07 07:10:00,2025-12-08 07:10:00,Delayed
O1000219,BlueDart,2025-05-24 22:35:00,2025-05-26 20:35:00,2025-05-26 20:35:00,Delivered
O1000220,BlueDart,2025-07-28 07:21:00,2025-07-30 00:21:00,2025-07-30 00:21:00,Delivered
O1000221,Delhivery,2025-08-13 01:50:00,2025-08-15 12:50:00,2025-08-15 18:50:00,Delayed
O1000222,DHL,2025-09-16 08:29:00,2025-09-17 10:29:00,2025-09-17 22:29:00,Delayed
O1000223,Delhivery,2025-11-16 01:31:00,2025-11-18 06:31:00,2025-11-19 06:31:00,Delayed
O1000224,EcomExpress,2025-02-24 18:01:00,2025-02-25 18:01:00,2025-02-26 18:01:00,Delayed
O1000225,EcomExpress,2025-07-08 19:31:00,2025-07-11 20:31:00,2025-07-11 20:31:00,Delivered
O1000226,Delhivery,2025-07-14 14:54:00,2025-07-18 03:54:00,2025-07-18 03:54:00,Delivered
O1000227,BlueDart,2025-02-25 16:02:00,2025-02-28 11:02:00,2025-02-28 11:02:00,Delivered
O1000228,BlueDart,2025-09-04 14:47:00,2025-09-06 03:47:00,2025-09-08 03:47:00,Delayed
O1000229,EcomExpress,2025-02-14 00:28:00,2025-02-17 09:28:00,2025-02-17 09:28:00,Delivered
O1000231,DHL,2025-05-02 00:43:00,2025-05-04 23:43:00,2025-05-04 23:43:00,Delivered
O1000232,Delhivery,2025-02-26 13:55:00,2025-03-02 01:55:00,2025-03-03 01:55:00,Delayed
O1000233,Delhivery,2025-10-29 11:43:00,2025-11-02 04:43:00,2025-11-02 04:43:00,Delivered
O1000234,BlueDart,2025-04-01 16:40:00,2025-04-03 20:40:00,2025-04-03 20:40:00,Delivered
O1000235,EcomExpress,2025-04-04 13:17:00,2025-04-08 11:17:00,2025-04-08 11:17:00,Delivered
O1000236,Delhivery,2025-11-09 08:23:00,2025-11-12 22:23:00,2025-11-12 22:23:00,Delivered
O1000237,BlueDart,2025-11-18 03:01:00,2025-11-20 21:01:00,2025-11-20 21:01:00,Delivered
O1000238,EcomExpress,2025-01-14 07:22:00,2025-01-17 04:22:00,2025-01-17 10:22:00,Delayed
O1000239,Delhivery,2025-04-13 14:26:00,2025-04-15 22:26:00,2025-04-15 22:26:00,Delivered
O1000240,BlueDart,2025-09-17 07:25:00,2025-09-20 20:25:00,2025-09-21 02:25:00,Delayed
O1000241,BlueDart,2025-10-13 02:08:00,2025-10-14 05:08:00,2025-10-14 05:08:00,Delivered
O1000242,EcomExpress,2026-01-01 11:03:00,2026-01-03 20:03:00,2026-01-04 20:03:00,Delayed
O1000243,EcomExpress,2025-07-22 14:21:00,2025-07-23 21:21:00,2025-07-24 03:21:00,Delayed
O1000244,Delhivery,2025-01-03 22:05:00,2025-01-04 23:05:00,2025-01-05 23:05:00,Delayed
O1000245,DHL,2025-11-15 14:29:00,2025-11-19 09:29:00,2025-11-19 09:29:00,Delivered
O1000246,DHL,2025-02-28 22:01:00,2025-03-03 21:01:00,2025-03-04 21:01:00,Delayed
O1000247,DHL,2025-02-15 08:53:00,2025-02-17 17:53:00,2025-02-18 17:53:00,Delayed
O1000248,Delhivery,2025-09-05 11:00:00,2025-09-09 08:00:00,2025-09-09 08:00:00,Delivered
O1000249,Delhivery,2025-08-10 01:35:00,2025-08-11 07:35:00,2025-08-13 07:35:00,Delayed
O1000250,DHL,2025-01-23 02:15:00,2025-01-26 20:15:00,2025-01-27 02:15:00,Delayed
O1000251,Delhivery,2025-03-04 00:23:00,2025-03-06 10:23:00,2025-03-08 10:23:00,Delayed
O1000252,BlueDart,2025-08-05 04:07:00,2025-08-06 14:07:00,2025-08-07 02:07:00,Delayed
O1000253,DHL,2025-04-05 05:00:00,2025-04-07 02:00:00,2025-04-08 02:00:00,Delayed
O1000254,Delhivery,2025-09-07 17:18:00,2025-09-10 04:18:00,2025-09-10 04:18:00,Delivered
O1000255,BlueDart,2025-05-31 23:39:00,2025-06-04 09:39:00,2025-06-04 09:39:00,Delivered
O1000256,DHL,2025-08-04 16:56:00,2025-08-08 06:56:00,2025-08-08 06:56:00,Delivered
O1000257,BlueDart,2025-06-23 17:54:00,2025-06-25 02:54:00,2025-06-25 08:54:00,Delayed
O1000258,EcomExpress,2025-05-14 23:31:00,2025-05-17 04:31:00,2025-05-17 04:31:00,Delivered
O1000259,Delhivery,2025-05-06 02:45:00,2025-05-08 07:45:00,2025-05-08 07:45:00,Delivered
O1000260,DHL,2025-09-12 22:29:00,2025-09-15 11:29:00,2025-09-15 11:29:00,Delivered
O1000261,Delhivery,2025-07-07 23:19:00,2025-07-10 15:19:00,2025-07-11 15:19:00,Delayed
O1000262,BlueDart,2025-08-05 12:43:00,2025-08-09 11:43:00,2025-08-09 17:43:00,Delayed
O1000263,Delhivery,2025-07-31 18:59:00,2025-08-02 13:59:00,2025-08-02 13:59:00,Delivered
O1000264,EcomExpress,2025-03-18 15:51:00,2025-03-21 01:51:00,2025-03-21 01:51:00,Delivered
O1000265,DHL,2025-12-01 13:34:00,2025-12-03 08:34:00,2025-12-05 08:34:00,Delayed
O1000266,Delhivery,2025-07-26 15:41:00,2025-07-28 04:41:00,2025-07-28 04:41:00,Delivered
O1000267,EcomExpress,2025-09-21 11:32:00,2025-09-23 15:32:00,2025-09-23 15:32:00,Delivered
O1000268,BlueDart,2025-11-18 19:24:00,2025-11-19 21:24:00,2025-11-20 21:24:00,Delayed
O1000269,DHL,2025-12-05 11:44:00,2025-12-08 19:44:00,2025-12-10 19:44:00,Delayed
O1000270,Delhivery,2025-09-02 09:56:00,2025-09-04 18:56:00,2025-09-04 18:56:00,Delivered
O1000271,DHL,2025-10-15 20:12:00,2025-10-18 03:12:00,2025-10-18 03:12:00,Delivered
O1000272,EcomExpress,2025-06-23 09:43:00,2025-06-25 22:43:00,2025-06-27 22:43:00,Delayed
O1000273,EcomExpress,2025-09-28 12:46:00,2025-10-01 01:46:00,2025-10-01 01:46:00,Delivered
O1000276,DHL,2025-02-02 07:57:00,2025-02-06 01:57:00,2025-02-06 07:57:00,Delayed
O1000277,Delhivery,2025-12-01 08:36:00,2025-12-04 02:36:00,2025-12-04 14:36:00,Delayed
O1000278,Delhivery,2025-04-01 11:36:00,2025-04-04 20:36:00,2025-04-04 20:36:00,Delivered
O1000279,EcomExpress,2025-08-29 06:29:00,2025-09-01 17:29:00,2025-09-01 17:29:00,Delivered
O1000280,DHL,2025-01-06 00:37:00,2025-01-07 04:37:00,2025-01-07 04:37:00,Delivered
O1000281,BlueDart,2025-02-27 18:55:00,2025-03-03 03:55:00,2025-03-03 03:55:00,Delivered
O1000282,BlueDart,2025-12-27 13:01:00,2025-12-30 23:01:00,2025-12-30 23:01:00,Delivered
O1000283,EcomExpress,2025-11-01 23:44:00,2025-11-04 20:44:00,2025-11-04 20:44:00,Delivered
O1000284,Delhivery,2025-03-23 12:26:00,2025-03-24 17:26:00,2025-03-24 17:26:00,Delivered
O1000285,Delhivery,2025-02-18 08:42:00,2025-02-19 08:42:00,2025-02-21 08:42:00,Delayed
O1000286,BlueDart,2025-10-25 12:50:00,2025-10-26 13:50:00,2025-10-27 13:50:00,Delayed
O1000287,BlueDart,2025-12-28 21:58:00,2025-12-31 23:58:00,2026-01-01 23:58:00,Delayed
O1000289,EcomExpress,2025-09-01 07:11:00,2025-09-03 22:11:00,2025-09-04 10:11:00,Delayed
O1000290,DHL,2025-04-15 14:32:00,2025-04-17 16:32:00,2025-04-17 16:32:00,Delivered
O1000291,Delhivery,2025-09-29 21:06:00,2025-10-02 11:06:00,2025-10-02 11:06:00,Delivered
O1000292,Delhivery,2025-06-02 20:53:00,2025-06-05 04:53:00,2025-06-05 16:53:00,Delayed
O1000293,BlueDart,2025-02-15 14:30:00,2025-02-17 12:30:00,2025-02-19 12:30:00,Delayed
O1000294,DHL,2025-04-29 22:43:00,2025-05-03 04:43:00,2025-05-03 04:43:00,Delivered
O1000295,DHL,2025-07-17 05:29:00,2025-07-19 14:29:00,2025-07-19 20:29:00,Delayed
O1000296,Delhivery,2025-10-20 13:04:00,2025-10-23 04:04:00,2025-10-25 04:04:00,Delayed
O1000297,DHL,2025-01-09 05:42:00,2025-01-12 23:42:00,2025-01-12 23:42:00,Delivered
O1000298,Delhivery,2025-12-16 20:21:00,2025-12-20 13:21:00,2025-12-21 01:21:00,Delayed
O1000299,DHL,2025-08-26 17:27:00,2025-08-29 17:27:00,2025-08-31 17:27:00,Delayed
O1000300,DHL,2025-11-17 07:49:00,2025-11-21 00:49:00,2025-11-21 06:49:00,Delayed
O1000301,Delhivery,2025-12-07 10:00:00,2025-12-09 10:00:00,2025-12-09 10:00:00,Delivered
O1000302,DHL,2025-02-27 09:28:00,2025-03-01 11:28:00,2025-03-03 11:28:00,Delayed
O1000303,BlueDart,2025-02-05 03:41:00,2025-02-08 22:41:00,2025-02-09 10:41:00,Delayed
O1000304,BlueDart,2025-10-12 09:31:00,2025-10-16 00:31:00,2025-10-16 00:31:00,Delivered
O1000305,DHL,2025-03-11 00:32:00,2025-03-12 11:32:00,2025-03-14 11:32:00,Delayed
O1000306,BlueDart,2025-02-24 23:49:00,2025-02-25 23:49:00,2025-02-25 23:49:00,Delivered
O1000307,Delhivery,2025-06-22 16:56:00,2025-06-24 04:56:00,2025-06-25 04:56:00,Delayed
O1000308,BlueDart,2025-11-30 22:19:00,2025-12-04 04:19:00,2025-12-04 16:19:00,Delayed
O1000309,EcomExpress,2025-10-18 18:42:00,2025-10-20 10:42:00,2025-10-20 10:42:00,Delivered
O1000310,BlueDart,2025-07-10 02:46:00,2025-07-14 01:46:00,2025-07-15 01:46:00,Delayed
O1000311,Delhivery,2025-03-14 15:11:00,2025-03-16 07:11:00,2025-03-16 07:11:00,Delivered
O1000312,Delhivery,2025-05-04 03:19:00,2025-05-05 15:19:00,2025-05-07 15:19:00,Delayed
O1000313,Delhivery,2025-09-10 06:21:00,2025-09-11 11:21:00,2025-09-11 11:21:00,Delivered
O1000314,Delhivery,2025-02-28 16:10:00,2025-03-04 12:10:00,2025-03-04 12:10:00,Delivered
O1000315,EcomExpress,2025-07-11 18:30:00,2025-07-13 16:30:00,2025-07-15 16:30:00,Delayed
O1000316,BlueDart,2025-01-06 04:47:00,2025-01-09 15:47:00,2025-01-09 15:47:00,Delivered
O1000317,BlueDart,2025-04-29 18:52:00,2025-05-02 09:52:00,2025-05-02 09:52:00,Delivered
O1000318,Delhivery,2025-04-02 04:02:00,2025-04-03 15:02:00,2025-04-03 21:02:00,Delayed
O1000319,BlueDart,2025-09-07 06:59:00,2025-09-08 22:59:00,2025-09-08 22:59:00,Delivered
O1000320,BlueDart,2025-12-01 02:46:00,2025-12-02 08:46:00,2025-12-02 08:46:00,Delivered
O1000321,BlueDart,2025-02-24 03:15:00,2025-02-25 10:15:00,2025-02-25 10:15:00,Delivered
O1000322,DHL,2025-10-20 12:19:00,2025-10-23 21:19:00,2025-10-23 21:19:00,Delivered
O1000323,EcomExpress,2025-08-28 15:21:00,2025-08-31 13:21:00,2025-08-31 13:21:00,Delivered
O1000324,BlueDart,2025-12-20 14:43:00,2025-12-22 01:43:00,2025-12-22 01:43:00,Delivered
O1000325,Delhivery,2025-11-29 18:14:00,2025-12-02 00:14:00,2025-12-02 00:14:00,Delivered
O1000326,BlueDart,2025-02-07 11:40:00,2025-02-09 03:40:00,2025-02-09 03:40:00,Delivered
O1000328,BlueDart,2025-08-05 18:15:00,2025-08-08 17:15:00,2025-08-08 17:15:00,Delivered
O1000329,Delhivery,2025-02-12 16:11:00,2025-02-14 01:11:00,2025-02-14 01:11:00,Delivered
O1000330,EcomExpress,2025-04-04 22:59:00,2025-04-06 15:59:00,2025-04-06 21:59:00,Delayed
O1000331,EcomExpress,2025-12-06 15:01:00,2025-12-09 15:01:00,2025-12-09 15:01:00,Delivered
O1000332,EcomExpress,2025-07-19 05:37:00,2025-07-22 11:37:00,2025-07-24 11:37:00,Delayed
O1000333,DHL,2025-05-04 23:54:00,2025-05-08 20:54:00,2025-05-08 20:54:00,Delivered
O1000334,EcomExpress,2025-04-28 04:04:00,2025-05-02 02:04:00,2025-05-02 02:04:00,Delivered
O1000335,Delhivery,2025-11-02 17:12:00,2025-11-05 20:12:00,2025-11-06 08:12:00,Delayed
O1000336,Delhivery,2025-04-14 20:51:00,2025-04-16 14:51:00,2025-04-16 14:51:00,Delivered
O1000337,BlueDart,2025-02-28 06:25:00,2025-03-03 17:25:00,2025-03-03 17:25:00,Delivered
O1000338,Delhivery,2025-07-30 02:15:00,2025-08-02 00:15:00,2025-08-02 00:15:00,Delivered
O1000339,EcomExpress,2025-12-30 05:08:00,2026-01-03 02:08:00,2026-01-05 02:08:00,Delayed
O1000340,BlueDart,2025-03-09 10:13:00,2025-03-12 17:13:00,2025-03-12 17:13:00,Delivered
O1000341,DHL,2025-04-04 22:05:00,2025-04-08 07:05:00,2025-04-08 07:05:00,Delivered
O1000342,DHL,2025-06-21 18:24:00,2025-06-24 09:24:00,2025-06-24 09:24:00,Delivered
O1000343,DHL,2025-03-15 02:16:00,2025-03-18 12:16:00,2025-03-18 12:16:00,Delivered
O1000344,Delhivery,2025-08-26 23:40:00,2025-08-28 19:40:00,2025-08-29 19:40:00,Delayed
O1000345,Delhivery,2025-04-04 12:42:00,2025-04-05 18:42:00,2025-04-06 18:42:00,Delayed
O1000346,EcomExpress,2025-02-17 14:03:00,2025-02-19 05:03:00,2025-02-19 17:03:00,Delayed
O1000347,Delhivery,2025-04-06 22:51:00,2025-04-09 14:51:00,2025-04-09 14:51:00,Delivered
O1000348,DHL,2025-12-06 21:45:00,2025-12-09 19:45:00,2025-12-10 01:45:00,Delayed
O1000349,BlueDart,2025-12-08 20:50:00,2025-12-11 07:50:00,2025-12-11 07:50:00,Delivered
O1000350,Delhivery,2025-07-05 10:50:00,2025-07-07 20:50:00,2025-07-07 20:50:00,Delivered
O1000351,EcomExpress,2025-05-28 00:47:00,2025-05-29 14:47:00,2025-05-29 14:47:00,Delivered
O1000352,DHL,2025-10-28 03:49:00,2025-10-31 15:49:00,2025-10-31 15:49:00,Delivered
O1000353,Delhivery,2025-03-12 18:14:00,2025-03-14 10:14:00,2025-03-14 10:14:00,Delivered
O1000354,BlueDart,2025-08-28 09:02:00,2025-08-29 15:02:00,2025-08-30 03:02:00,Delayed
O1000355,DHL,2025-09-07 13:13:00,2025-09-08 23:13:00,2025-09-08 23:13:00,Delivered
O1000356,BlueDart,2025-09-18 06:31:00,2025-09-19 08:31:00,2025-09-19 08:31:00,Delivered
O1000357,BlueDart,2025-03-22 12:15:00,2025-03-26 11:15:00,2025-03-26 11:15:00,Delivered
O1000358,DHL,2025-09-19 11:21:00,2025-09-21 13:21:00,2025-09-21 13:21:00,Delivered
O1000359,BlueDart,2025-08-13 18:31:00,2025-08-17 03:31:00,2025-08-17 09:31:00,Delayed
O1000360,EcomExpress,2025-11-16 11:18:00,2025-11-18 21:18:00,2025-11-18 21:18:00,Delivered
O1000361,BlueDart,2025-03-06 06:20:00,2025-03-10 00:20:00,2025-03-10 00:20:00,Delivered
O1000362,DHL,2025-08-13 18:49:00,2025-08-16 16:49:00,2025-08-17 16:49:00,Delayed
O1000363,EcomExpress,2025-10-31 05:55:00,2025-11-01 22:55:00,2025-11-01 22:55:00,Delivered
O1000364,DHL,2025-04-13 10:27:00,2025-04-14 18:27:00,2025-04-15 06:27:00,Delayed
O1000365,EcomExpress,2025-09-30 09:24:00,2025-10-01 21:24:00,2025-10-03 21:24:00,Delayed
O1000366,EcomExpress,2025-02-07 08:54:00,2025-02-10 02:54:00,2025-02-11 02:54:00,Delayed
O1000367,DHL,2025-09-21 09:02:00,2025-09-22 11:02:00,2025-09-22 11:02:00,Delivered
O1000368,Delhivery,2025-08-11 11:42:00,2025-08-14 21:42:00,2025-08-14 21:42:00,Delivered
O1000369,EcomExpress,2025-03-13 06:03:00,2025-03-15 02:03:00,2025-03-15 08:03:00,Delayed
O1000370,BlueDart,2025-01-25 23:41:00,2025-01-29 16:41:00,2025-01-29 16:41:00,Delivered
O1000371,BlueDart,2025-09-30 11:03:00,2025-10-01 19:03:00,2025-10-01 19:03:00,Delivered
O1000372,BlueDart,2025-03-31 13:32:00,2025-04-04 05:32:00,2025-04-04 05:32:00,Delivered
O1000373,EcomExpress,2025-07-02 01:08:00,2025-07-05 15:08:00,2025-07-05 15:08:00,Delivered
O1000374,BlueDart,2025-01-24 03:48:00,2025-01-26 16:48:00,2025-01-26 16:48:00,Delivered
O1000375,BlueDart,2025-12-18 11:35:00,2025-12-20 21:35:00,2025-12-20 21:35:00,Delivered
O1000376,Delhivery,2025-07-20 15:39:00,2025-07-24 07:39:00,2025-07-24 19:39:00,Delayed
O1000377,EcomExpress,2025-12-07 20:11:00,2025-12-11 06:11:00,2025-12-11 06:11:00,Delivered
O1000378,BlueDart,2025-02-28 21:32:00,2025-03-03 11:32:00,2025-03-03 11:32:00,Delivered
O1000379,EcomExpress,2025-03-17 22:06:00,2025-03-19 21:06:00,2025-03-21 21:06:00,Delayed
O1000380,EcomExpress,2025-08-11 21:46:00,2025-08-13 02:46:00,2025-08-13 14:46:00,Delayed
O1000381,Delhivery,2025-08-10 01:58:00,2025-08-13 19:58:00,2025-08-13 19:58:00,Delivered
O1000382,BlueDart,2025-10-17 05:21:00,2025-10-21 03:21:00,2025-10-21 03:21:00,Delivered
O1000383,BlueDart,2025-12-06 03:12:00,2025-12-09 17:12:00,2025-12-09 23:12:00,Delayed
O1000384,DHL,2025-10-27 19:43:00,2025-10-28 19:43:00,2025-10-29 01:43:00,Delayed
O1000385,BlueDart,2025-02-22 10:17:00,2025-02-24 16:17:00,2025-02-25 16:17:00,Delayed
O1000386,EcomExpress,2025-04-24 04:09:00,2025-04-26 00:09:00,2025-04-26 00:09:00,Delivered
O1000387,BlueDart,2025-12-01 07:26:00,2025-12-03 14:26:00,2025-12-03 14:26:00,Delivered
O1000388,BlueDart,2025-07-20 11:06:00,2025-07-21 14:06:00,2025-07-21 14:06:00,Delivered
O1000389,DHL,2025-11-14 10:29:00,2025-11-17 00:29:00,2025-11-19 00:29:00,Delayed
O1000390,Delhivery,2025-07-26 08:04:00,2025-07-28 23:04:00,2025-07-28 23:04:00,Delivered
O1000391,DHL,2025-01-20 04:53:00,2025-01-21 21:53:00,2025-01-21 21:53:00,Delivered
O1000392,Delhivery,2025-06-22 21:30:00,2025-06-25 13:30:00,2025-06-25 19:30:00,Delayed
O1000393,Delhivery,2025-10-30 05:01:00,2025-11-01 20:01:00,2025-11-02 08:01:00,Delayed
O1000394,DHL,2025-08-28 19:04:00,2025-08-31 16:04:00,2025-08-31 16:04:00,Delivered
O1000396,Delhivery,2025-03-19 18:51:00,2025-03-21 10:51:00,2025-03-21 10:51:00,Delivered
O1000397,BlueDart,2025-11-08 19:22:00,2025-11-10 05:22:00,2025-11-11 05:22:00,Delayed
O1000398,BlueDart,2025-12-24 20:15:00,2025-12-26 19:15:00,2025-12-26 19:15:00,Delivered
O1000399,Delhivery,2025-10-03 08:17:00,2025-10-04 09:17:00,2025-10-04 09:17:00,Delivered
O1000400,BlueDart,2025-02-05 21:08:00,2025-02-08 23:08:00,2025-02-09 23:08:00,Delayed
O1000401,BlueDart,2025-08-16 05:12:00,2025-08-18 00:12:00,2025-08-18 00:12:00,Delivered
O1000402,DHL,2025-10-31 05:17:00,2025-11-02 03:17:00,2025-11-02 03:17:00,Delivered
O1000403,Delhivery,2025-08-23 10:41:00,2025-08-24 13:41:00,2025-08-24 13:41:00,Delivered
O1000404,EcomExpress,2025-08-06 02:28:00,2025-08-08 15:28:00,2025-08-08 15:28:00,Delivered
O1000405,BlueDart,2025-06-21 09:00:00,2025-06-22 11:00:00,2025-06-22 11:00:00,Delivered
O1000406,BlueDart,2025-03-31 15:40:00,2025-04-03 01:40:00,2025-04-03 01:40:00,Delivered
O1000407,Delhivery,2025-04-13 14:06:00,2025-04-15 09:06:00,2025-04-15 09:06:00,Delivered
O1000408,EcomExpress,2025-09-30 21:39:00,2025-10-03 18:39:00,2025-10-03 18:39:00,Delivered
O1000410,Delhivery,2025-02-01 03:22:00,2025-02-05 02:22:00,2025-02-05 08:22:00,Delayed
O1000411,EcomExpress,2025-05-25 22:32:00,2025-05-28 14:32:00,2025-05-28 14:32:00,Delivered
O1000412,DHL,2025-10-11 10:14:00,2025-10-14 19:14:00,2025-10-14 19:14:00,Delivered
O1000413,EcomExpress,2025-08-29 11:27:00,2025-08-31 01:27:00,2025-08-31 01:27:00,Delivered
O1000414,Delhivery,2025-08-05 01:16:00,2025-08-07 03:16:00,2025-08-07 03:16:00,Delivered
O1000415,BlueDart,2025-07-15 07:28:00,2025-07-18 17:28:00,2025-07-18 17:28:00,Delivered
O1000416,DHL,2025-02-11 05:06:00,2025-02-13 08:06:00,2025-02-13 14:06:00,Delayed
O1000417,Delhivery,2025-05-02 23:32:00,2025-05-06 17:32:00,2025-05-06 17:32:00,Delivered
O1000418,EcomExpress,2025-01-31 04:37:00,2025-02-03 22:37:00,2025-02-05 22:37:00,Delayed
O1000419,BlueDart,2025-10-04 21:09:00,2025-10-08 02:09:00,2025-10-08 08:09:00,Delayed
O1000420,Delhivery,2025-10-03 04:52:00,2025-10-06 03:52:00,2025-10-08 03:52:00,Delayed
O1000421,DHL,2025-04-06 10:50:00,2025-04-08 10:50:00,2025-04-08 10:50:00,Delivered
O1000422,DHL,2025-04-17 19:05:00,2025-04-21 07:05:00,2025-04-21 07:05:00,Delivered
O1000423,EcomExpress,2025-04-27 05:22:00,2025-05-01 04:22:00,2025-05-01 04:22:00,Delivered
O1000424,Delhivery,2025-11-21 12:11:00,2025-11-25 02:11:00,2025-11-25 02:11:00,Delivered
O1000425,BlueDart,2025-06-29 00:49:00,2025-07-01 00:49:00,2025-07-02 00:49:00,Delayed
O1000426,DHL,2025-10-07 17:32:00,2025-10-09 05:32:00,2025-10-09 05:32:00,Delivered
O1000427,BlueDart,2025-06-14 07:42:00,2025-06-18 00:42:00,2025-06-18 00:42:00,Delivered
O1000428,BlueDart,2025-09-13 05:07:00,2025-09-14 06:07:00,2025-09-14 12:07:00,Delayed
O1000429,BlueDart,2025-07-13 03:22:00,2025-07-16 12:22:00,2025-07-16 12:22:00,Delivered
O1000430,EcomExpress,2025-04-12 17:14:00,2025-04-14 12:14:00,2025-04-14 12:14:00,Delivered
O1000431,BlueDart,2025-11-17 02:43:00,2025-11-20 09:43:00,2025-11-20 09:43:00,Delivered
O1000432,DHL,2025-09-17 11:51:00,2025-09-20 05:51:00,2025-09-20 05:51:00,Delivered
O1000434,BlueDart,2025-12-13 19:14:00,2025-12-15 03:14:00,2025-12-15 09:14:00,Delayed
O1000435,DHL,2025-04-02 15:24:00,2025-04-06 08:24:00,2025-04-06 08:24:00,Delivered
O1000436,DHL,2025-02-04 11:26:00,2025-02-08 06:26:00,2025-02-09 06:26:00,Delayed
O1000437,EcomExpress,2025-08-01 17:25:00,2025-08-03 15:25:00,2025-08-03 15:25:00,Delivered
O1000438,Delhivery,2025-05-01 11:03:00,2025-05-02 22:03:00,2025-05-02 22:03:00,Delivered
O1000440,Delhivery,2025-03-27 23:52:00,2025-03-31 12:52:00,2025-03-31 12:52:00,Delivered
O1000441,EcomExpress,2025-05-27 04:33:00,2025-05-29 11:33:00,2025-05-29 17:33:00,Delayed
O1000442,BlueDart,2025-05-25 12:55:00,2025-05-28 11:55:00,2025-05-28 11:55:00,Delivered
O1000443,EcomExpress,2025-05-09 02:52:00,2025-05-12 13:52:00,2025-05-12 13:52:00,Delivered
O1000444,EcomExpress,2025-09-28 20:37:00,2025-10-01 19:37:00,2025-10-01 19:37:00,Delivered
O1000445,DHL,2025-08-05 21:59:00,2025-08-08 07:59:00,2025-08-08 07:59:00,Delivered
O1000446,DHL,2025-06-24 15:53:00,2025-06-27 18:53:00,2025-06-28 18:53:00,Delayed
O1000447,Delhivery,2025-02-12 01:35:00,2025-02-13 06:35:00,2025-02-13 06:35:00,Delivered
O1000448,DHL,2025-07-29 09:57:00,2025-07-31 21:57:00,2025-07-31 21:57:00,Delivered
O1000449,Delhivery,2025-03-06 15:07:00,2025-03-09 10:07:00,2025-03-09 10:07:00,Delivered
O1000450,BlueDart,2025-04-26 05:18:00,2025-04-29 05:18:00,2025-04-29 05:18:00,Delivered
O1000451,EcomExpress,2025-06-01 19:22:00,2025-06-03 10:22:00,2025-06-03 22:22:00,Delayed
O1000452,DHL,2025-02-22 08:05:00,2025-02-25 17:05:00,2025-02-25 17:05:00,Delivered
O1000453,EcomExpress,2025-05-24 18:50:00,2025-05-26 17:50:00,2025-05-27 17:50:00,Delayed
O1000454,DHL,2025-04-09 02:51:00,2025-04-11 20:51:00,2025-04-11 20:51:00,Delivered
O1000455,DHL,2025-11-08 15:53:00,2025-11-11 17:53:00,2025-11-11 17:53:00,Delivered
O1000456,EcomExpress,2025-11-10 20:26:00,2025-11-11 22:26:00,2025-11-12 10:26:00,Delayed
O1000457,Delhivery,2025-01-03 14:48:00,2025-01-07 10:48:00,2025-01-07 10:48:00,Delivered
O1000458,Delhivery,2025-08-09 11:59:00,2025-08-11 23:59:00,2025-08-11 23:59:00,Delivered
O1000459,DHL,2025-08-23 02:55:00,2025-08-24 02:55:00,2025-08-25 02:55:00,Delayed
O1000460,BlueDart,2025-05-19 00:55:00,2025-05-21 18:55:00,2025-05-22 06:55:00,Delayed
O1000461,DHL,2025-06-22 05:30:00,2025-06-23 23:30:00,2025-06-25 23:30:00,Delayed
O1000462,BlueDart,2025-10-17 13:32:00,2025-10-21 04:32:00,2025-10-21 10:32:00,Delayed
O1000463,Delhivery,2025-05-18 11:29:00,2025-05-19 22:29:00,2025-05-19 22:29:00,Delivered
O1000464,Delhivery,2025-01-25 01:20:00,2025-01-26 01:20:00,2025-01-26 01:20:00,Delivered
O1000465,BlueDart,2025-05-17 08:46:00,2025-05-20 12:46:00,2025-05-20 12:46:00,Delivered
O1000466,DHL,2025-04-04 00:46:00,2025-04-05 03:46:00,2025-04-05 03:46:00,Delivered
O1000467,EcomExpress,2025-05-21 03:49:00,2025-05-22 17:49:00,2025-05-23 05:49:00,Delayed
O1000468,BlueDart,2025-03-25 15:16:00,2025-03-27 17:16:00,2025-03-27 17:16:00,Delivered
O1000469,DHL,2025-02-25 02:15:00,2025-02-28 16:15:00,2025-03-01 16:15:00,Delayed
O1000470,EcomExpress,2025-12-26 23:37:00,2025-12-30 08:37:00,2025-12-30 08:37:00,Delivered
O1000472,Delhivery,2025-09-16 01:25:00,2025-09-18 20:25:00,2025-09-18 20:25:00,Delivered
O1000473,EcomExpress,2025-09-20 08:44:00,2025-09-22 18:44:00,2025-09-22 18:44:00,Delivered
O1000474,BlueDart,2025-08-15 03:30:00,2025-08-18 03:30:00,2025-08-18 03:30:00,Delivered
O1000475,EcomExpress,2025-11-30 02:44:00,2025-12-01 23:44:00,2025-12-01 23:44:00,Delivered
O1000476,Delhivery,2025-01-02 21:55:00,2025-01-06 12:55:00,2025-01-06 12:55:00,Delivered
O1000477,EcomExpress,2025-04-22 02:25:00,2025-04-25 03:25:00,2025-04-25 09:25:00,Delayed
O1000478,Delhivery,2025-03-09 22:55:00,2025-03-12 16:55:00,2025-03-12 16:55:00,Delivered
O1000479,BlueDart,2025-07-31 07:05:00,2025-08-02 19:05:00,2025-08-02 19:05:00,Delivered
O1000480,DHL,2025-08-21 12:12:00,2025-08-24 09:12:00,2025-08-24 09:12:00,Delivered
O1000481,DHL,2025-11-25 10:42:00,2025-11-28 03:42:00,2025-11-28 03:42:00,Delivered
O1000482,BlueDart,2025-05-20 03:06:00,2025-05-23 04:06:00,2025-05-24 04:06:00,Delayed
O1000483,DHL,2025-03-29 03:04:00,2025-03-31 09:04:00,2025-04-01 09:04:00,Delayed
O1000484,DHL,2025-12-05 02:51:00,2025-12-06 23:51:00,2025-12-06 23:51:00,Delivered
O1000485,Delhivery,2025-09-04 07:57:00,2025-09-07 11:57:00,2025-09-07 11:57:00,Delivered
O1000486,BlueDart,2025-10-08 09:27:00,2025-10-10 06:27:00,2025-10-10 06:27:00,Delivered
O1000487,BlueDart,2025-06-13 09:38:00,2025-06-14 10:38:00,2025-06-14 16:38:00,Delayed
O1000488,EcomExpress,2025-06-14 15:38:00,2025-06-15 20:38:00,2025-06-15 20:38:00,Delivered
O1000489,BlueDart,2025-05-24 06:09:00,2025-05-25 06:09:00,2025-05-25 12:09:00,Delayed
O1000490,DHL,2025-10-02 12:05:00,2025-10-05 01:05:00,2025-10-05 01:05:00,Delivered
O1000491,BlueDart,2025-03-19 06:20:00,2025-03-22 07:20:00,2025-03-22 13:20:00,Delayed
O1000492,BlueDart,2025-12-24 07:41:00,2025-12-26 03:41:00,2025-12-26 03:41:00,Delivered
O1000493,EcomExpress,2025-03-07 04:13:00,2025-03-08 05:13:00,2025-03-08 05:13:00,Delivered
O1000494,EcomExpress,2025-06-18 22:46:00,2025-06-21 20:46:00,2025-06-21 20:46:00,Delivered
O1000495,BlueDart,2025-04-26 04:40:00,2025-04-28 04:40:00,2025-04-28 10:40:00,Delayed
O1000496,BlueDart,2025-08-23 20:23:00,2025-08-27 05:23:00,2025-08-27 11:23:00,Delayed
O1000497,Delhivery,2025-09-07 10:27:00,2025-09-09 12:27:00,2025-09-09 12:27:00,Delivered
O1000498,Delhivery,2025-12-03 14:16:00,2025-12-06 12:16:00,2025-12-06 12:16:00,Delivered
O1000499,EcomExpress,2025-10-17 13:30:00,2025-10-20 09:30:00,2025-10-20 09:30:00,Delivered
O1000500,DHL,2025-04-01 21:14:00,2025-04-03 17:14:00,2025-04-03 17:14:00,Delivered
O1000502,EcomExpress,2025-11-21 12:18:00,2025-11-24 19:18:00,2025-11-24 19:18:00,Delivered
O1000503,EcomExpress,2025-06-29 14:24:00,2025-07-03 00:24:00,2025-07-03 12:24:00,Delayed
O1000505,BlueDart,2025-10-29 23:34:00,2025-11-02 10:34:00,2025-11-02 10:34:00,Delivered
O1000506,Delhivery,2025-08-26 15:47:00,2025-08-28 13:47:00,2025-08-29 01:47:00,Delayed
O1000507,BlueDart,2025-01-11 07:54:00,2025-01-13 03:54:00,2025-01-14 03:54:00,Delayed
O1000508,EcomExpress,2025-10-14 10:03:00,2025-10-16 06:03:00,2025-10-18 06:03:00,Delayed
O1000511,BlueDart,2025-11-13 05:52:00,2025-11-14 16:52:00,2025-11-14 16:52:00,Delivered
O1000512,EcomExpress,2025-06-30 21:12:00,2025-07-04 12:12:00,2025-07-05 12:12:00,Delayed
O1000513,BlueDart,2025-06-19 04:37:00,2025-06-23 02:37:00,2025-06-23 02:37:00,Delivered
O1000514,EcomExpress,2025-08-14 16:18:00,2025-08-18 03:18:00,2025-08-18 03:18:00,Delivered
O1000515,Delhivery,2025-03-14 23:20:00,2025-03-16 02:20:00,2025-03-16 02:20:00,Delivered
O1000516,EcomExpress,2025-02-26 06:18:00,2025-03-02 02:18:00,2025-03-02 02:18:00,Delivered
O1000518,DHL,2025-03-21 08:47:00,2025-03-24 18:47:00,2025-03-24 18:47:00,Delivered
O1000519,EcomExpress,2025-07-04 23:14:00,2025-07-06 03:14:00,2025-07-07 03:14:00,Delayed
O1000520,BlueDart,2025-04-10 16:47:00,2025-04-11 17:47:00,2025-04-11 17:47:00,Delivered
O1000521,EcomExpress,2025-03-26 14:30:00,2025-03-28 08:30:00,2025-03-28 08:30:00,Delivered
O1000522,EcomExpress,2025-08-07 15:28:00,2025-08-10 01:28:00,2025-08-10 13:28:00,Delayed
O1000523,Delhivery,2025-10-20 18:18:00,2025-10-22 19:18:00,2025-10-22 19:18:00,Delivered
O1000524,BlueDart,2025-06-12 00:08:00,2025-06-14 22:08:00,2025-06-15 22:08:00,Delayed
O1000525,Delhivery,2025-02-21 03:59:00,2025-02-24 04:59:00,2025-02-26 04:59:00,Delayed
O1000526,EcomExpress,2025-04-01 01:59:00,2025-04-03 11:59:00,2025-04-03 11:59:00,Delivered
O1000527,DHL,2025-03-03 10:41:00,2025-03-05 13:41:00,2025-03-05 13:41:00,Delivered
O1000529,DHL,2025-04-28 09:56:00,2025-05-01 01:56:00,2025-05-01 01:56:00,Delivered
O1000530,Delhivery,2025-05-17 15:46:00,2025-05-18 22:46:00,2025-05-20 22:46:00,Delayed
O1000531,Delhivery,2025-01-27 01:47:00,2025-01-28 02:47:00,2025-01-28 02:47:00,Delivered
O1000532,Delhivery,2025-06-13 07:39:00,2025-06-16 16:39:00,2025-06-16 16:39:00,Delivered
O1000533,EcomExpress,2025-11-30 19:26:00,2025-12-02 06:26:00,2025-12-02 12:26:00,Delayed
O1000534,EcomExpress,2025-05-31 01:56:00,2025-06-03 23:56:00,2025-06-04 05:56:00,Delayed
O1000535,DHL,2025-08-26 11:12:00,2025-08-29 02:12:00,2025-08-29 08:12:00,Delayed
O1000536,EcomExpress,2025-03-08 23:38:00,2025-03-11 12:38:00,2025-03-11 12:38:00,Delivered
O1000537,Delhivery,2025-02-23 11:01:00,2025-02-26 22:01:00,2025-02-27 04:01:00,Delayed
O1000538,Delhivery,2025-09-26 05:34:00,2025-09-27 19:34:00,2025-09-28 01:34:00,Delayed
O1000539,EcomExpress,2025-01-25 06:40:00,2025-01-27 21:40:00,2025-01-27 21:40:00,Delivered
O1000541,EcomExpress,2025-04-27 00:58:00,2025-04-29 09:58:00,2025-04-29 15:58:00,Delayed
O1000542,Delhivery,2025-01-06 22:55:00,2025-01-09 09:55:00,2025-01-09 09:55:00,Delivered
O1000543,BlueDart,2025-07-14 01:17:00,2025-07-17 19:17:00,2025-07-17 19:17:00,Delivered
O1000544,EcomExpress,2025-12-19 05:11:00,2025-12-23 04:11:00,2025-12-23 04:11:00,Delivered
O1000545,BlueDart,2025-01-26 19:09:00,2025-01-29 00:09:00,2025-01-29 00:09:00,Delivered
O1000546,DHL,2025-10-25 18:58:00,2025-10-27 22:58:00,2025-10-27 22:58:00,Delivered
O1000547,EcomExpress,2025-07-17 01:51:00,2025-07-18 20:51:00,2025-07-18 20:51:00,Delivered
O1000548,Delhivery,2025-09-22 17:35:00,2025-09-24 20:35:00,2025-09-24 20:35:00,Delivered
O1000549,EcomExpress,2025-02-06 09:20:00,2025-02-08 16:20:00,2025-02-08 16:20:00,Delivered
O1000550,BlueDart,2025-11-14 21:16:00,2025-11-16 02:16:00,2025-11-16 02:16:00,Delivered
O1000551,EcomExpress,2025-01-06 04:39:00,2025-01-07 20:39:00,2025-01-08 08:39:00,Delayed
O1000552,EcomExpress,2025-11-28 03:47:00,2025-12-01 11:47:00,2025-12-01 11:47:00,Delivered
O1000553,BlueDart,2025-08-30 02:24:00,2025-09-02 05:24:00,2025-09-02 05:24:00,Delivered
O1000554,Delhivery,2025-05-05 01:53:00,2025-05-06 05:53:00,2025-05-06 05:53:00,Delivered
O1000555,Delhivery,2025-01-04 12:31:00,2025-01-08 04:31:00,2025-01-08 16:31:00,Delayed
O1000556,DHL,2025-08-12 02:24:00,2025-08-13 11:24:00,2025-08-13 11:24:00,Delivered
O1000558,Delhivery,2025-08-12 09:56:00,2025-08-13 20:56:00,2025-08-13 20:56:00,Delivered
O1000559,DHL,2025-10-11 06:31:00,2025-10-12 10:31:00,2025-10-12 10:31:00,Delivered
O1000560,BlueDart,2025-04-08 16:56:00,2025-04-10 03:56:00,2025-04-10 03:56:00,Delivered
O1000561,BlueDart,2025-03-29 22:48:00,2025-03-31 11:48:00,2025-03-31 11:48:00,Delivered
O1000562,EcomExpress,2025-03-24 07:01:00,2025-03-27 23:01:00,2025-03-27 23:01:00,Delivered
O1000563,DHL,2025-03-24 17:04:00,2025-03-27 00:04:00,2025-03-27 12:04:00,Delayed
O1000564,BlueDart,2025-02-12 04:12:00,2025-02-13 18:12:00,2025-02-13 18:12:00,Delivered
O1000565,DHL,2025-04-03 10:48:00,2025-04-04 13:48:00,2025-04-05 13:48:00,Delayed
O1000566,EcomExpress,2025-08-30 04:52:00,2025-08-31 21:52:00,2025-08-31 21:52:00,Delivered
O1000567,EcomExpress,2025-04-22 10:19:00,2025-04-24 15:19:00,2025-04-24 15:19:00,Delivered
O1000568,Delhivery,2025-10-13 20:09:00,2025-10-16 03:09:00,2025-10-17 03:09:00,Delayed
O1000569,EcomExpress,2025-10-28 09:13:00,2025-10-30 19:13:00,2025-10-30 19:13:00,Delivered
O1000570,Delhivery,2025-10-06 07:01:00,2025-10-07 21:01:00,2025-10-08 09:01:00,Delayed
O1000571,BlueDart,2025-07-17 15:49:00,2025-07-18 22:49:00,2025-07-18 22:49:00,Delivered
O1000572,BlueDart,2025-04-27 01:18:00,2025-04-29 11:18:00,2025-04-29 11:18:00,Delivered
O1000573,BlueDart,2025-12-06 19:02:00,2025-12-07 22:02:00,2025-12-08 22:02:00,Delayed
O1000574,EcomExpress,2025-03-17 15:58:00,2025-03-21 07:58:00,2025-03-21 07:58:00,Delivered
O1000575,DHL,2025-06-20 08:22:00,2025-06-22 06:22:00,2025-06-22 06:22:00,Delivered
O1000576,BlueDart,2025-06-16 06:07:00,2025-06-19 05:07:00,2025-06-19 05:07:00,Delivered
O1000577,EcomExpress,2025-10-01 10:40:00,2025-10-04 08:40:00,2025-10-04 08:40:00,Delivered
O1000578,DHL,2025-07-20 13:38:00,2025-07-21 15:38:00,2025-07-21 15:38:00,Delivered
O1000579,Delhivery,2025-10-19 20:51:00,2025-10-22 15:51:00,2025-10-22 21:51:00,Delayed
O1000580,EcomExpress,2025-12-02 21:16:00,2025-12-05 18:16:00,2025-12-05 18:16:00,Delivered
O1000581,Delhivery,2025-05-24 07:36:00,2025-05-25 16:36:00,2025-05-25 16:36:00,Delivered
O1000582,DHL,2025-11-16 20:17:00,2025-11-19 13:17:00,2025-11-19 19:17:00,Delayed
O1000583,Delhivery,2025-03-04 11:14:00,2025-03-05 17:14:00,2025-03-06 05:14:00,Delayed
O1000584,BlueDart,2025-12-02 01:41:00,2025-12-04 10:41:00,2025-12-06 10:41:00,Delayed
O1000585,DHL,2025-03-07 14:24:00,2025-03-09 03:24:00,2025-03-09 15:24:00,Delayed
O1000586,Delhivery,2025-11-07 22:49:00,2025-11-09 21:49:00,2025-11-09 21:49:00,Delivered
O1000587,BlueDart,2025-05-24 01:06:00,2025-05-27 15:06:00,2025-05-27 15:06:00,Delivered
O1000589,EcomExpress,2025-02-17 18:58:00,2025-02-21 10:58:00,2025-02-21 16:58:00,Delayed
O1000590,BlueDart,2025-06-19 11:50:00,2025-06-23 06:50:00,2025-06-23 06:50:00,Delivered
O1000591,DHL,2025-11-27 12:38:00,2025-12-01 09:38:00,2025-12-01 09:38:00,Delivered
O1000592,EcomExpress,2025-01-19 01:57:00,2025-01-21 14:57:00,2025-01-22 02:57:00,Delayed
O1000593,BlueDart,2025-04-08 17:11:00,2025-04-12 07:11:00,2025-04-12 07:11:00,Delivered
O1000594,EcomExpress,2025-02-01 07:45:00,2025-02-04 23:45:00,2025-02-04 23:45:00,Delivered
O1000595,Delhivery,2025-04-29 14:18:00,2025-05-01 09:18:00,2025-05-01 09:18:00,Delivered
O1000596,DHL,2025-05-24 00:01:00,2025-05-25 09:01:00,2025-05-25 09:01:00,Delivered
O1000597,Delhivery,2025-08-14 19:35:00,2025-08-16 23:35:00,2025-08-16 23:35:00,Delivered
O1000598,Delhivery,2025-04-05 21:34:00,2025-04-08 20:34:00,2025-04-10 20:34:00,Delayed
O1000599,Delhivery,2025-02-28 08:15:00,2025-03-01 16:15:00,2025-03-01 16:15:00,Delivered
O1000600,EcomExpress,2025-03-05 09:05:00,2025-03-08 07:05:00,2025-03-08 07:05:00,Delivered
O1000601,Delhivery,2025-12-10 17:54:00,2025-12-12 16:54:00,2025-12-12 16:54:00,Delivered
O1000602,Delhivery,2025-12-14 22:09:00,2025-12-17 06:09:00,2025-12-17 06:09:00,Delivered
O1000603,EcomExpress,2025-03-23 10:57:00,2025-03-25 13:57:00,2025-03-25 13:57:00,Delivered
O1000604,EcomExpress,2025-03-13 19:05:00,2025-03-17 00:05:00,2025-03-17 00:05:00,Delivered
O1000605,BlueDart,2025-01-20 17:53:00,2025-01-22 16:53:00,2025-01-22 22:53:00,Delayed
O1000606,DHL,2025-12-17 21:38:00,2025-12-20 07:38:00,2025-12-20 07:38:00,Delivered
O1000607,EcomExpress,2025-09-15 15:49:00,2025-09-18 12:49:00,2025-09-18 12:49:00,Delivered
O1000608,DHL,2025-10-05 20:50:00,2025-10-09 09:50:00,2025-10-09 15:50:00,Delayed
O1000609,EcomExpress,2025-04-17 15:12:00,2025-04-19 23:12:00,2025-04-19 23:12:00,Delivered
O1000610,BlueDart,2025-08-23 05:05:00,2025-08-24 14:05:00,2025-08-24 14:05:00,Delivered
O1000611,Delhivery,2025-01-23 03:57:00,2025-01-25 19:57:00,2025-01-25 19:57:00,Delivered
O1000612,DHL,2025-09-05 10:10:00,2025-09-06 11:10:00,2025-09-06 11:10:00,Delivered
O1000613,DHL,2025-08-01 10:56:00,2025-08-04 09:56:00,2025-08-04 09:56:00,Delivered
O1000614,DHL,2025-05-02 01:20:00,2025-05-04 04:20:00,2025-05-04 04:20:00,Delivered
O1000615,Delhivery,2025-09-17 17:45:00,2025-09-20 15:45:00,2025-09-20 15:45:00,Delivered
O1000616,Delhivery,2025-08-24 13:15:00,2025-08-25 22:15:00,2025-08-25 22:15:00,Delivered
O1000617,Delhivery,2025-06-11 12:16:00,2025-06-13 23:16:00,2025-06-13 23:16:00,Delivered
O1000618,BlueDart,2025-03-11 07:08:00,2025-03-12 19:08:00,2025-03-12 19:08:00,Delivered
O1000619,DHL,2025-01-10 02:02:00,2025-01-12 17:02:00,2025-01-12 17:02:00,Delivered
O1000620,BlueDart,2025-12-09 23:48:00,2025-12-11 02:48:00,2025-12-11 02:48:00,Delivered
O1000621,DHL,2025-04-13 18:32:00,2025-04-16 07:32:00,2025-04-17 07:32:00,Delayed
O1000622,Delhivery,2025-04-21 18:40:00,2025-04-24 01:40:00,2025-04-24 13:40:00,Delayed
O1000623,DHL,2025-09-07 00:32:00,2025-09-08 09:32:00,2025-09-08 09:32:00,Delivered
O1000624,EcomExpress,2025-04-05 05:00:00,2025-04-08 10:00:00,2025-04-08 10:00:00,Delivered
O1000625,Delhivery,2025-05-18 23:33:00,2025-05-22 11:33:00,2025-05-24 11:33:00,Delayed
O1000626,Delhivery,2025-09-18 04:46:00,2025-09-20 20:46:00,2025-09-21 02:46:00,Delayed
O1000627,DHL,2025-08-07 04:11:00,2025-08-09 17:11:00,2025-08-09 17:11:00,Delivered
O1000628,DHL,2025-08-29 07:37:00,2025-08-31 08:37:00,2025-08-31 08:37:00,Delivered
O1000629,Delhivery,2025-01-02 23:08:00,2025-01-04 18:08:00,2025-01-05 18:08:00,Delayed
O1000630,DHL,2025-06-15 02:57:00,2025-06-16 02:57:00,2025-06-16 02:57:00,Delivered
O1000631,Delhivery,2025-06-23 23:44:00,2025-06-26 09:44:00,2025-06-26 09:44:00,Delivered
O1000632,DHL,2025-08-20 10:15:00,2025-08-22 22:15:00,2025-08-22 22:15:00,Delivered
O1000633,DHL,2025-02-26 13:32:00,2025-02-27 15:32:00,2025-02-27 15:32:00,Delivered
O1000634,DHL,2025-03-01 06:15:00,2025-03-03 05:15:00,2025-03-03 05:15:00,Delivered
O1000635,DHL,2025-10-07 15:55:00,2025-10-10 07:55:00,2025-10-10 19:55:00,Delayed
O1000636,EcomExpress,2025-09-03 12:44:00,2025-09-05 05:44:00,2025-09-05 05:44:00,Delivered
O1000637,EcomExpress,2025-10-24 21:44:00,2025-10-27 15:44:00,2025-10-27 15:44:00,Delivered
O1000638,BlueDart,2025-04-10 02:04:00,2025-04-12 10:04:00,2025-04-13 10:04:00,Delayed
O1000639,EcomExpress,2026-01-01 20:09:00,2026-01-05 14:09:00,2026-01-05 14:09:00,Delivered
O1000640,Delhivery,2025-04-10 17:21:00,2025-04-12 05:21:00,2025-04-12 05:21:00,Delivered
O1000641,Delhivery,2025-08-26 22:37:00,2025-08-28 00:37:00,2025-08-28 00:37:00,Delivered
O1000643,Delhivery,2025-12-03 00:46:00,2025-12-04 23:46:00,2025-12-04 23:46:00,Delivered
O1000644,Delhivery,2025-05-02 16:59:00,2025-05-06 01:59:00,2025-05-06 01:59:00,Delivered
O1000645,DHL,2025-10-21 17:55:00,2025-10-25 11:55:00,2025-10-25 17:55:00,Delayed
O1000646,Delhivery,2025-05-01 21:22:00,2025-05-04 18:22:00,2025-05-04 18:22:00,Delivered
O1000647,Delhivery,2025-10-16 21:23:00,2025-10-19 16:23:00,2025-10-19 16:23:00,Delivered
O1000648,Delhivery,2025-06-16 15:10:00,2025-06-19 19:10:00,2025-06-19 19:10:00,Delivered
O1000649,Delhivery,2025-01-23 11:05:00,2025-01-27 10:05:00,2025-01-27 10:05:00,Delivered
O1000650,DHL,2025-03-12 09:57:00,2025-03-16 04:57:00,2025-03-16 04:57:00,Delivered
O1000651,Delhivery,2025-09-07 17:35:00,2025-09-10 14:35:00,2025-09-12 14:35:00,Delayed
O1000652,Delhivery,2025-03-13 09:22:00,2025-03-15 10:22:00,2025-03-15 10:22:00,Delivered
O1000653,DHL,2025-04-12 11:35:00,2025-04-13 17:35:00,2025-04-13 17:35:00,Delivered
O1000654,Delhivery,2025-07-18 01:30:00,2025-07-19 12:30:00,2025-07-19 12:30:00,Delivered
O1000655,Delhivery,2025-04-04 07:17:00,2025-04-07 06:17:00,2025-04-07 06:17:00,Delivered
O1000656,Delhivery,2025-02-18 11:48:00,2025-02-19 16:48:00,2025-02-19 16:48:00,Delivered
O1000657,EcomExpress,2025-08-17 01:28:00,2025-08-20 15:28:00,2025-08-20 15:28:00,Delivered
O1000658,EcomExpress,2025-09-10 05:44:00,2025-09-12 15:44:00,2025-09-12 15:44:00,Delivered
O1000659,BlueDart,2025-09-26 06:40:00,2025-09-29 23:40:00,2025-09-30 11:40:00,Delayed
O1000660,Delhivery,2025-12-12 08:02:00,2025-12-15 22:02:00,2025-12-15 22:02:00,Delivered
O1000661,EcomExpress,2025-02-16 09:06:00,2025-02-19 00:06:00,2025-02-19 00:06:00,Delivered
O1000662,DHL,2025-06-06 18:13:00,2025-06-09 00:13:00,2025-06-11 00:13:00,Delayed
O1000663,DHL,2025-03-28 11:57:00,2025-03-29 19:57:00,2025-03-30 01:57:00,Delayed
O1000664,EcomExpress,2025-11-26 02:31:00,2025-11-29 23:31:00,2025-11-29 23:31:00,Delivered
O1000665,EcomExpress,2025-07-18 14:20:00,2025-07-21 12:20:00,2025-07-21 12:20:00,Delivered
O1000666,DHL,2025-02-06 08:41:00,2025-02-08 13:41:00,2025-02-08 13:41:00,Delivered
O1000667,Delhivery,2025-09-11 06:41:00,2025-09-12 16:41:00,2025-09-12 16:41:00,Delivered
O1000668,DHL,2025-01-17 00:36:00,2025-01-20 13:36:00,2025-01-20 13:36:00,Delivered
O1000669,EcomExpress,2025-04-12 05:02:00,2025-04-13 09:02:00,2025-04-13 15:02:00,Delayed
O1000670,Delhivery,2025-09-22 11:18:00,2025-09-25 11:18:00,2025-09-25 11:18:00,Delivered
O1000671,EcomExpress,2025-07-04 22:23:00,2025-07-06 13:23:00,2025-07-06 13:23:00,Delivered
O1000672,EcomExpress,2025-10-06 02:54:00,2025-10-08 23:54:00,2025-10-08 23:54:00,Delivered
O1000673,DHL,2025-07-28 15:43:00,2025-07-29 21:43:00,2025-07-30 03:43:00,Delayed
O1000674,EcomExpress,2025-11-04 23:05:00,2025-11-08 08:05:00,2025-11-08 14:05:00,Delayed
O1000675,EcomExpress,2025-07-26 02:18:00,2025-07-28 10:18:00,2025-07-28 10:18:00,Delivered
O1000676,BlueDart,2025-01-21 20:37:00,2025-01-24 03:37:00,2025-01-24 03:37:00,Delivered
O1000677,EcomExpress,2025-01-27 18:06:00,2025-01-31 13:06:00,2025-01-31 13:06:00,Delivered
O1000678,EcomExpress,2025-10-11 14:58:00,2025-10-13 03:58:00,2025-10-13 03:58:00,Delivered
O1000679,BlueDart,2025-01-15 22:29:00,2025-01-18 21:29:00,2025-01-18 21:29:00,Delivered
O1000680,BlueDart,2025-05-18 21:46:00,2025-05-21 14:46:00,2025-05-21 14:46:00,Delivered
O1000681,EcomExpress,2025-01-06 22:23:00,2025-01-10 00:23:00,2025-01-10 12:23:00,Delayed
O1000683,DHL,2025-08-06 19:14:00,2025-08-09 18:14:00,2025-08-11 18:14:00,Delayed
O1000684,Delhivery,2025-03-06 04:16:00,2025-03-09 13:16:00,2025-03-09 13:16:00,Delivered
O1000685,BlueDart,2025-06-21 11:49:00,2025-06-23 12:49:00,2025-06-24 00:49:00,Delayed
O1000686,DHL,2025-12-31 13:18:00,2026-01-02 06:18:00,2026-01-02 06:18:00,Delivered
O1000687,BlueDart,2025-01-27 09:44:00,2025-01-30 09:44:00,2025-01-30 21:44:00,Delayed
O1000688,BlueDart,2025-01-25 04:40:00,2025-01-27 21:40:00,2025-01-27 21:40:00,Delivered
O1000689,DHL,2025-04-11 16:47:00,2025-04-15 09:47:00,2025-04-15 09:47:00,Delivered
O1000690,EcomExpress,2025-10-30 13:35:00,2025-11-02 16:35:00,2025-11-02 16:35:00,Delivered
O1000691,Delhivery,2025-05-29 16:25:00,2025-05-31 09:25:00,2025-05-31 09:25:00,Delivered
O1000692,DHL,2025-08-22 22:42:00,2025-08-24 19:42:00,2025-08-25 01:42:00,Delayed
O1000693,DHL,2025-01-14 00:29:00,2025-01-17 01:29:00,2025-01-17 01:29:00,Delivered
O1000694,Delhivery,2025-09-26 18:21:00,2025-09-28 21:21:00,2025-09-29 09:21:00,Delayed
O1000695,Delhivery,2025-01-26 08:05:00,2025-01-30 02:05:00,2025-01-31 02:05:00,Delayed
O1000696,Delhivery,2025-09-18 08:38:00,2025-09-21 10:38:00,2025-09-21 10:38:00,Delivered
O1000697,BlueDart,2025-02-24 09:44:00,2025-02-26 11:44:00,2025-02-26 11:44:00,Delivered
O1000698,BlueDart,2025-11-11 12:12:00,2025-11-14 22:12:00,2025-11-15 04:12:00,Delayed
O1000699,BlueDart,2025-04-19 20:55:00,2025-04-22 21:55:00,2025-04-22 21:55:00,Delivered
O1000700,Delhivery,2025-03-09 22:05:00,2025-03-12 00:05:00,2025-03-12 00:05:00,Delivered
O1000701,Delhivery,2025-05-04 12:08:00,2025-05-06 18:08:00,2025-05-06 18:08:00,Delivered
O1000702,BlueDart,2025-01-01 17:08:00,2025-01-04 14:08:00,2025-01-04 14:08:00,Delivered
O1000703,DHL,2025-03-03 00:14:00,2025-03-04 17:14:00,2025-03-04 17:14:00,Delivered
O1000704,EcomExpress,2025-08-08 12:15:00,2025-08-11 11:15:00,2025-08-11 11:15:00,Delivered
O1000705,Delhivery,2025-04-21 03:14:00,2025-04-23 02:14:00,2025-04-23 02:14:00,Delivered
O1000706,BlueDart,2025-05-11 09:42:00,2025-05-15 03:42:00,2025-05-15 15:42:00,Delayed
O1000707,DHL,2025-10-23 02:41:00,2025-10-25 19:41:00,2025-10-26 19:41:00,Delayed
O1000708,DHL,2025-02-16 14:17:00,2025-02-19 22:17:00,2025-02-20 10:17:00,Delayed
O1000709,DHL,2025-05-26 09:02:00,2025-05-29 00:02:00,2025-05-29 00:02:00,Delivered
O1000710,Delhivery,2025-03-09 23:53:00,2025-03-11 13:53:00,2025-03-12 01:53:00,Delayed
O1000711,BlueDart,2025-06-27 04:12:00,2025-06-30 04:12:00,2025-06-30 04:12:00,Delivered
O1000712,EcomExpress,2025-05-03 01:03:00,2025-05-05 22:03:00,2025-05-05 22:03:00,Delivered
O1000713,BlueDart,2025-01-17 21:44:00,2025-01-19 07:44:00,2025-01-19 07:44:00,Delivered
O1000714,Delhivery,2025-01-27 07:14:00,2025-01-31 03:14:00,2025-01-31 03:14:00,Delivered
O1000715,BlueDart,2025-11-08 22:54:00,2025-11-10 04:54:00,2025-11-10 04:54:00,Delivered
O1000716,DHL,2025-01-22 07:41:00,2025-01-24 10:41:00,2025-01-24 22:41:00,Delayed
O1000717,DHL,2025-10-14 02:12:00,2025-10-15 10:12:00,2025-10-15 10:12:00,Delivered
O1000718,EcomExpress,2025-12-02 04:37:00,2025-12-05 11:37:00,2025-12-05 11:37:00,Delivered
O1000719,EcomExpress,2025-06-20 19:22:00,2025-06-23 01:22:00,2025-06-23 07:22:00,Delayed
O1000720,EcomExpress,2025-04-24 22:50:00,2025-04-27 12:50:00,2025-04-28 00:50:00,Delayed
O1000721,EcomExpress,2025-10-11 18:21:00,2025-10-15 10:21:00,2025-10-15 10:21:00,Delivered
O1000722,BlueDart,2025-12-25 23:46:00,2025-12-28 06:46:00,2025-12-28 06:46:00,Delivered
O1000723,EcomExpress,2025-02-14 06:29:00,2025-02-16 17:29:00,2025-02-17 05:29:00,Delayed
O1000724,DHL,2025-12-19 06:27:00,2025-12-21 23:27:00,2025-12-21 23:27:00,Delivered
O1000725,DHL,2025-12-12 14:43:00,2025-12-16 08:43:00,2025-12-16 08:43:00,Delivered
O1000726,EcomExpress,2025-02-23 03:44:00,2025-02-25 09:44:00,2025-02-27 09:44:00,Delayed
O1000727,DHL,2025-01-21 09:01:00,2025-01-23 02:01:00,2025-01-23 14:01:00,Delayed
O1000728,Delhivery,2025-09-19 07:52:00,2025-09-21 05:52:00,2025-09-21 05:52:00,Delivered
O1000729,Delhivery,2025-01-30 05:58:00,2025-02-01 20:58:00,2025-02-02 20:58:00,Delayed
O1000730,BlueDart,2025-08-08 17:12:00,2025-08-11 23:12:00,2025-08-11 23:12:00,Delivered
O1000731,Delhivery,2025-01-24 23:53:00,2025-01-28 12:53:00,2025-01-28 12:53:00,Delivered
O1000732,EcomExpress,2025-09-11 01:49:00,2025-09-13 15:49:00,2025-09-13 15:49:00,Delivered
O1000733,Delhivery,2025-03-26 21:51:00,2025-03-29 07:51:00,2025-03-29 07:51:00,Delivered
O1000734,EcomExpress,2025-02-06 01:02:00,2025-02-09 20:02:00,2025-02-09 20:02:00,Delivered
O1000735,BlueDart,2025-01-26 11:25:00,2025-01-29 11:25:00,2025-01-29 11:25:00,Delivered
O1000736,DHL,2025-03-11 05:36:00,2025-03-12 05:36:00,2025-03-12 05:36:00,Delivered
O1000737,EcomExpress,2025-07-17 20:55:00,2025-07-20 19:55:00,2025-07-20 19:55:00,Delivered
O1000738,DHL,2025-01-28 21:00:00,2025-02-01 04:00:00,2025-02-01 10:00:00,Delayed
O1000739,BlueDart,2025-10-21 01:35:00,2025-10-24 08:35:00,2025-10-24 08:35:00,Delivered
O1000740,BlueDart,2025-08-09 20:27:00,2025-08-11 07:27:00,2025-08-12 07:27:00,Delayed
O1000741,DHL,2025-04-19 17:25:00,2025-04-22 05:25:00,2025-04-23 05:25:00,Delayed
O1000742,EcomExpress,2025-12-27 14:44:00,2025-12-30 20:44:00,2025-12-31 20:44:00,Delayed
O1000743,DHL,2025-08-30 09:44:00,2025-09-03 04:44:00,2025-09-03 04:44:00,Delivered
O1000744,Delhivery,2025-09-04 04:04:00,2025-09-07 18:04:00,2025-09-07 18:04:00,Delivered
O1000745,DHL,2025-03-06 10:45:00,2025-03-09 18:45:00,2025-03-10 00:45:00,Delayed
O1000746,DHL,2025-09-17 21:39:00,2025-09-21 05:39:00,2025-09-22 05:39:00,Delayed
O1000747,DHL,2025-07-25 04:50:00,2025-07-27 05:50:00,2025-07-27 17:50:00,Delayed
O1000748,DHL,2025-12-27 13:09:00,2025-12-30 07:09:00,2025-12-30 13:09:00,Delayed
O1000749,DHL,2025-06-24 22:05:00,2025-06-26 00:05:00,2025-06-26 12:05:00,Delayed
O1000750,BlueDart,2025-09-06 02:03:00,2025-09-07 10:03:00,2025-09-07 10:03:00,Delivered
O1000751,DHL,2025-05-06 02:31:00,2025-05-07 20:31:00,2025-05-07 20:31:00,Delivered
O1000752,BlueDart,2025-01-16 03:52:00,2025-01-20 00:52:00,2025-01-20 00:52:00,Delivered
O1000753,Delhivery,2025-02-17 06:38:00,2025-02-18 23:38:00,2025-02-19 05:38:00,Delayed
O1000754,DHL,2025-11-14 00:25:00,2025-11-15 23:25:00,2025-11-15 23:25:00,Delivered
O1000755,DHL,2025-09-27 21:16:00,2025-10-01 07:16:00,2025-10-01 07:16:00,Delivered
O1000756,EcomExpress,2025-05-14 15:53:00,2025-05-15 17:53:00,2025-05-15 17:53:00,Delivered
O1000757,EcomExpress,2025-09-13 03:55:00,2025-09-14 15:55:00,2025-09-14 15:55:00,Delivered
O1000758,BlueDart,2025-01-03 17:58:00,2025-01-04 17:58:00,2025-01-04 17:58:00,Delivered
O1000759,BlueDart,2025-01-15 09:50:00,2025-01-18 04:50:00,2025-01-18 16:50:00,Delayed
O1000760,DHL,2025-07-06 11:43:00,2025-07-09 16:43:00,2025-07-10 16:43:00,Delayed
O1000761,EcomExpress,2025-08-18 08:16:00,2025-08-22 02:16:00,2025-08-22 02:16:00,Delivered
O1000762,Delhivery,2025-12-10 11:38:00,2025-12-13 22:38:00,2025-12-13 22:38:00,Delivered
O1000763,BlueDart,2025-10-05 19:49:00,2025-10-08 23:49:00,2025-10-08 23:49:00,Delivered
O1000764,EcomExpress,2025-04-05 07:12:00,2025-04-08 16:12:00,2025-04-08 16:12:00,Delivered
O1000765,Delhivery,2025-10-25 14:04:00,2025-10-29 08:04:00,2025-10-29 14:04:00,Delayed
O1000766,Delhivery,2025-06-30 09:37:00,2025-07-03 01:37:00,2025-07-03 01:37:00,Delivered
O1000767,Delhivery,2025-10-30 12:26:00,2025-10-31 21:26:00,2025-10-31 21:26:00,Delivered
O1000768,EcomExpress,2025-03-06 10:00:00,2025-03-09 07:00:00,2025-03-09 07:00:00,Delivered
O1000769,BlueDart,2025-01-11 16:35:00,2025-01-13 14:35:00,2025-01-14 02:35:00,Delayed
O1000770,BlueDart,2025-01-22 21:46:00,2025-01-26 14:46:00,2025-01-26 14:46:00,Delivered
O1000771,Delhivery,2025-12-28 18:50:00,2025-12-31 08:50:00,2026-01-01 08:50:00,Delayed
O1000772,Delhivery,2025-01-30 20:59:00,2025-02-02 19:59:00,2025-02-02 19:59:00,Delivered
O1000773,BlueDart,2025-12-09 15:09:00,2025-12-12 04:09:00,2025-12-12 04:09:00,Delivered
O1000774,DHL,2025-09-23 16:51:00,2025-09-25 17:51:00,2025-09-25 17:51:00,Delivered
O1000775,DHL,2025-02-23 23:18:00,2025-02-27 16:18:00,2025-02-27 16:18:00,Delivered
O1000777,BlueDart,2025-02-23 03:40:00,2025-02-26 23:40:00,2025-02-26 23:40:00,Delivered
O1000778,EcomExpress,2025-02-23 08:04:00,2025-02-27 00:04:00,2025-02-27 00:04:00,Delivered
O1000779,Delhivery,2025-07-30 19:12:00,2025-08-03 16:12:00,2025-08-03 16:12:00,Delivered
O1000780,Delhivery,2025-04-17 05:29:00,2025-04-18 06:29:00,2025-04-18 06:29:00,Delivered
O1000781,BlueDart,2025-04-18 14:25:00,2025-04-21 11:25:00,2025-04-21 11:25:00,Delivered
O1000782,DHL,2025-03-13 20:41:00,2025-03-16 02:41:00,2025-03-16 02:41:00,Delivered
O1000783,DHL,2025-08-11 03:34:00,2025-08-13 19:34:00,2025-08-13 19:34:00,Delivered
O1000784,BlueDart,2025-01-11 07:53:00,2025-01-13 15:53:00,2025-01-13 15:53:00,Delivered
O1000785,Delhivery,2025-03-31 19:43:00,2025-04-04 14:43:00,2025-04-04 20:43:00,Delayed
O1000786,DHL,2025-07-22 19:04:00,2025-07-26 05:04:00,2025-07-26 05:04:00,Delivered
O1000787,BlueDart,2025-06-28 14:40:00,2025-07-01 22:40:00,2025-07-02 22:40:00,Delayed
O1000788,EcomExpress,2025-09-14 13:44:00,2025-09-17 12:44:00,2025-09-17 12:44:00,Delivered
O1000789,Delhivery,2025-03-21 17:06:00,2025-03-23 01:06:00,2025-03-23 13:06:00,Delayed
O1000790,BlueDart,2025-08-25 23:31:00,2025-08-27 11:31:00,2025-08-27 11:31:00,Delivered
O1000791,BlueDart,2025-10-05 16:26:00,2025-10-09 12:26:00,2025-10-10 12:26:00,Delayed
O1000792,BlueDart,2025-05-22 20:01:00,2025-05-23 23:01:00,2025-05-23 23:01:00,Delivered
O1000793,Delhivery,2025-04-05 12:55:00,2025-04-08 16:55:00,2025-04-09 16:55:00,Delayed
O1000794,DHL,2025-07-23 10:22:00,2025-07-26 04:22:00,2025-07-27 04:22:00,Delayed
O1000795,DHL,2025-07-31 12:16:00,2025-08-03 17:16:00,2025-08-03 17:16:00,Delivered
O1000796,BlueDart,2025-02-04 15:03:00,2025-02-08 14:03:00,2025-02-08 14:03:00,Delivered
O1000797,BlueDart,2025-07-27 01:19:00,2025-07-29 05:19:00,2025-07-29 05:19:00,Delivered
O1000798,DHL,2025-02-26 23:24:00,2025-03-01 17:24:00,2025-03-01 17:24:00,Delivered
O1000799,DHL,2025-07-28 02:22:00,2025-07-29 02:22:00,2025-07-29 02:22:00,Delivered
O1000800,Delhivery,2025-12-07 22:17:00,2025-12-09 23:17:00,2025-12-09 23:17:00,Delivered
O1000801,EcomExpress,2025-07-16 23:15:00,2025-07-18 18:15:00,2025-07-18 18:15:00,Delivered
O1000802,BlueDart,2025-10-06 04:25:00,2025-10-09 15:25:00,2025-10-09 15:25:00,Delivered
O1000803,EcomExpress,2025-04-25 16:00:00,2025-04-27 15:00:00,2025-04-27 15:00:00,Delivered
O1000804,DHL,2025-12-04 06:25:00,2025-12-06 03:25:00,2025-12-06 03:25:00,Delivered
O1000805,EcomExpress,2025-10-24 21:58:00,2025-10-27 05:58:00,2025-10-27 05:58:00,Delivered
O1000806,BlueDart,2025-12-02 09:05:00,2025-12-05 02:05:00,2025-12-05 02:05:00,Delivered
O1000807,DHL,2025-09-29 07:15:00,2025-10-02 09:15:00,2025-10-02 09:15:00,Delivered
O1000808,BlueDart,2025-08-27 14:26:00,2025-08-31 12:26:00,2025-09-01 00:26:00,Delayed
O1000809,Delhivery,2025-07-12 18:24:00,2025-07-15 02:24:00,2025-07-15 08:24:00,Delayed
O1000810,EcomExpress,2025-12-05 21:51:00,2025-12-08 16:51:00,2025-12-10 16:51:00,Delayed
O1000811,Delhivery,2025-11-07 06:49:00,2025-11-09 08:49:00,2025-11-09 08:49:00,Delivered
O1000812,Delhivery,2025-06-02 21:10:00,2025-06-05 15:10:00,2025-06-05 15:10:00,Delivered
O1000813,EcomExpress,2025-02-01 20:41:00,2025-02-03 13:41:00,2025-02-03 13:41:00,Delivered
O1000814,Delhivery,2025-01-03 04:45:00,2025-01-04 21:45:00,2025-01-04 21:45:00,Delivered
O1000815,BlueDart,2025-03-28 02:54:00,2025-03-31 09:54:00,2025-04-01 09:54:00,Delayed
O1000816,EcomExpress,2025-01-24 17:44:00,2025-01-27 17:44:00,2025-01-27 17:44:00,Delivered
O1000817,BlueDart,2025-03-19 22:18:00,2025-03-23 06:18:00,2025-03-25 06:18:00,Delayed
O1000818,Delhivery,2025-02-10 05:15:00,2025-02-13 09:15:00,2025-02-14 09:15:00,Delayed
O1000819,Delhivery,2025-12-26 07:02:00,2025-12-28 09:02:00,2025-12-28 09:02:00,Delivered
O1000820,Delhivery,2025-02-05 05:29:00,2025-02-08 13:29:00,2025-02-08 13:29:00,Delivered
O1000821,EcomExpress,2025-08-17 17:38:00,2025-08-19 08:38:00,2025-08-19 08:38:00,Delivered
O1000822,Delhivery,2025-05-09 20:43:00,2025-05-10 20:43:00,2025-05-11 02:43:00,Delayed
O1000823,Delhivery,2025-03-06 01:20:00,2025-03-07 16:20:00,2025-03-07 16:20:00,Delivered
O1000824,Delhivery,2025-09-14 15:33:00,2025-09-17 16:33:00,2025-09-17 16:33:00,Delivered
O1000825,DHL,2025-12-22 11:05:00,2025-12-25 10:05:00,2025-12-26 10:05:00,Delayed
O1000826,DHL,2025-10-16 20:22:00,2025-10-20 00:22:00,2025-10-20 12:22:00,Delayed
O1000827,EcomExpress,2025-12-23 00:19:00,2025-12-26 07:19:00,2025-12-27 07:19:00,Delayed
O1000828,EcomExpress,2025-08-05 02:14:00,2025-08-06 17:14:00,2025-08-06 17:14:00,Delivered
O1000829,EcomExpress,2025-09-03 20:22:00,2025-09-07 04:22:00,2025-09-07 16:22:00,Delayed
O1000830,EcomExpress,2025-02-23 16:05:00,2025-02-26 01:05:00,2025-02-26 01:05:00,Delivered
O1000831,DHL,2025-11-09 08:12:00,2025-11-12 22:12:00,2025-11-12 22:12:00,Delivered
O1000832,Delhivery,2025-10-01 10:36:00,2025-10-02 11:36:00,2025-10-02 11:36:00,Delivered
O1000833,DHL,2025-04-03 18:05:00,2025-04-07 00:05:00,2025-04-07 00:05:00,Delivered
O1000834,DHL,2025-05-10 22:12:00,2025-05-13 23:12:00,2025-05-13 23:12:00,Delivered
O1000835,DHL,2025-08-12 00:19:00,2025-08-14 10:19:00,2025-08-14 10:19:00,Delivered
O1000836,DHL,2025-01-06 10:27:00,2025-01-10 00:27:00,2025-01-11 00:27:00,Delayed
O1000837,EcomExpress,2025-10-27 04:07:00,2025-10-28 23:07:00,2025-10-30 23:07:00,Delayed
O1000838,BlueDart,2025-04-14 00:52:00,2025-04-16 02:52:00,2025-04-16 02:52:00,Delivered
O1000839,EcomExpress,2025-01-29 06:19:00,2025-01-31 08:19:00,2025-01-31 14:19:00,Delayed
O1000840,Delhivery,2025-05-01 16:17:00,2025-05-04 02:17:00,2025-05-04 02:17:00,Delivered
O1000841,BlueDart,2025-11-02 21:19:00,2025-11-04 17:19:00,2025-11-04 17:19:00,Delivered
O1000842,Delhivery,2025-04-11 13:43:00,2025-04-14 13:43:00,2025-04-15 01:43:00,Delayed
O1000843,BlueDart,2025-07-17 11:39:00,2025-07-18 18:39:00,2025-07-19 18:39:00,Delayed
O1000844,BlueDart,2025-10-25 17:24:00,2025-10-26 19:24:00,2025-10-28 19:24:00,Delayed
O1000845,DHL,2025-01-14 11:06:00,2025-01-15 21:06:00,2025-01-15 21:06:00,Delivered
O1000846,BlueDart,2025-10-06 03:23:00,2025-10-08 11:23:00,2025-10-08 17:23:00,Delayed
O1000847,DHL,2025-04-17 08:59:00,2025-04-18 08:59:00,2025-04-18 08:59:00,Delivered
O1000848,DHL,2025-09-11 22:48:00,2025-09-14 19:48:00,2025-09-15 01:48:00,Delayed
O1000849,EcomExpress,2025-03-10 18:46:00,2025-03-12 08:46:00,2025-03-12 08:46:00,Delivered
O1000850,BlueDart,2025-02-20 16:32:00,2025-02-23 22:32:00,2025-02-23 22:32:00,Delivered
O1000851,DHL,2025-10-15 17:06:00,2025-10-19 05:06:00,2025-10-21 05:06:00,Delayed
O1000853,DHL,2025-12-26 05:33:00,2025-12-29 18:33:00,2025-12-29 18:33:00,Delivered
O1000854,DHL,2025-09-06 03:38:00,2025-09-08 17:38:00,2025-09-09 17:38:00,Delayed
O1000855,BlueDart,2025-06-21 00:31:00,2025-06-23 14:31:00,2025-06-23 14:31:00,Delivered
O1000856,BlueDart,2025-03-13 16:09:00,2025-03-15 20:09:00,2025-03-16 08:09:00,Delayed
O1000857,BlueDart,2025-04-19 16:29:00,2025-04-21 01:29:00,2025-04-22 01:29:00,Delayed
O1000858,DHL,2025-08-26 10:52:00,2025-08-28 03:52:00,2025-08-28 03:52:00,Delivered
O1000859,Delhivery,2025-05-08 03:11:00,2025-05-09 20:11:00,2025-05-09 20:11:00,Delivered
O1000860,DHL,2025-06-27 06:27:00,2025-06-30 00:27:00,2025-06-30 12:27:00,Delayed
O1000861,EcomExpress,2025-03-04 01:00:00,2025-03-05 02:00:00,2025-03-05 02:00:00,Delivered
O1000862,DHL,2025-06-11 06:25:00,2025-06-15 04:25:00,2025-06-15 04:25:00,Delivered
O1000863,EcomExpress,2025-03-29 08:51:00,2025-03-30 16:51:00,2025-03-30 16:51:00,Delivered
O1000864,DHL,2025-02-11 06:41:00,2025-02-13 07:41:00,2025-02-13 07:41:00,Delivered
O1000865,EcomExpress,2025-02-19 19:47:00,2025-02-21 18:47:00,2025-02-21 18:47:00,Delivered
O1000866,Delhivery,2025-07-10 20:19:00,2025-07-14 09:19:00,2025-07-14 09:19:00,Delivered
O1000867,Delhivery,2025-05-15 06:18:00,2025-05-18 03:18:00,2025-05-18 03:18:00,Delivered
O1000868,BlueDart,2025-02-07 04:26:00,2025-02-10 23:26:00,2025-02-12 23:26:00,Delayed
O1000869,EcomExpress,2025-07-07 20:48:00,2025-07-11 13:48:00,2025-07-11 13:48:00,Delivered
O1000870,Delhivery,2025-03-02 15:49:00,2025-03-05 23:49:00,2025-03-05 23:49:00,Delivered
O1000871,Delhivery,2025-01-06 17:23:00,2025-01-08 03:23:00,2025-01-08 15:23:00,Delayed
O1000872,Delhivery,2025-02-18 10:26:00,2025-02-21 04:26:00,2025-02-21 16:26:00,Delayed
O1000873,Delhivery,2025-06-13 20:21:00,2025-06-16 15:21:00,2025-06-16 15:21:00,Delivered
O1000874,EcomExpress,2025-12-15 22:32:00,2025-12-17 19:32:00,2025-12-17 19:32:00,Delivered
O1000875,BlueDart,2025-03-30 16:52:00,2025-03-31 18:52:00,2025-03-31 18:52:00,Delivered
O1000876,EcomExpress,2025-04-15 06:07:00,2025-04-16 08:07:00,2025-04-18 08:07:00,Delayed
O1000877,EcomExpress,2025-03-31 05:12:00,2025-04-02 08:12:00,2025-04-03 08:12:00,Delayed
O1000878,Delhivery,2025-05-11 00:33:00,2025-05-14 05:33:00,2025-05-14 05:33:00,Delivered
O1000879,EcomExpress,2025-09-20 13:53:00,2025-09-22 01:53:00,2025-09-22 01:53:00,Delivered
O1000880,DHL,2025-04-28 22:55:00,2025-05-02 18:55:00,2025-05-03 00:55:00,Delayed
O1000881,DHL,2025-08-29 16:44:00,2025-08-31 12:44:00,2025-09-01 00:44:00,Delayed
O1000882,Delhivery,2025-11-25 16:10:00,2025-11-28 17:10:00,2025-11-28 17:10:00,Delivered
O1000883,DHL,2025-12-13 13:21:00,2025-12-14 16:21:00,2025-12-16 16:21:00,Delayed
O1000884,DHL,2025-07-25 22:27:00,2025-07-27 00:27:00,2025-07-27 12:27:00,Delayed
O1000885,Delhivery,2025-09-18 20:08:00,2025-09-21 08:08:00,2025-09-21 08:08:00,Delivered
O1000886,DHL,2025-12-03 16:15:00,2025-12-05 02:15:00,2025-12-05 02:15:00,Delivered
O1000887,EcomExpress,2025-10-15 15:47:00,2025-10-18 12:47:00,2025-10-18 12:47:00,Delivered
O1000888,BlueDart,2025-04-21 10:09:00,2025-04-23 14:09:00,2025-04-24 02:09:00,Delayed
O1000889,EcomExpress,2025-02-18 13:15:00,2025-02-20 05:15:00,2025-02-20 05:15:00,Delivered
O1000890,BlueDart,2025-02-11 13:45:00,2025-02-15 12:45:00,2025-02-16 00:45:00,Delayed
O1000891,Delhivery,2025-11-18 22:55:00,2025-11-21 02:55:00,2025-11-22 02:55:00,Delayed
O1000892,BlueDart,2025-07-24 10:53:00,2025-07-25 16:53:00,2025-07-25 22:53:00,Delayed
O1000893,DHL,2025-04-19 16:21:00,2025-04-21 02:21:00,2025-04-21 02:21:00,Delivered
O1000894,BlueDart,2025-05-08 11:54:00,2025-05-10 09:54:00,2025-05-10 09:54:00,Delivered
O1000895,BlueDart,2025-04-14 07:58:00,2025-04-16 18:58:00,2025-04-16 18:58:00,Delivered
O1000896,Delhivery,2025-10-20 22:07:00,2025-10-23 13:07:00,2025-10-23 13:07:00,Delivered
O1000897,DHL,2025-08-13 02:32:00,2025-08-15 10:32:00,2025-08-15 10:32:00,Delivered
O1000898,EcomExpress,2025-11-18 11:04:00,2025-11-19 19:04:00,2025-11-19 19:04:00,Delivered
O1000899,DHL,2025-04-21 22:02:00,2025-04-23 16:02:00,2025-04-23 16:02:00,Delivered
O1000900,Delhivery,2025-06-23 06:46:00,2025-06-24 14:46:00,2025-06-24 14:46:00,Delivered
O1000901,BlueDart,2025-02-14 16:48:00,2025-02-17 05:48:00,2025-02-17 05:48:00,Delivered
O1000903,Delhivery,2025-07-07 01:43:00,2025-07-08 05:43:00,2025-07-09 05:43:00,Delayed
O1000904,DHL,2025-07-22 20:30:00,2025-07-26 03:30:00,2025-07-26 09:30:00,Delayed
O1000905,DHL,2025-05-31 22:20:00,2025-06-03 10:20:00,2025-06-03 10:20:00,Delivered
O1000906,EcomExpress,2025-04-09 13:20:00,2025-04-11 09:20:00,2025-04-12 09:20:00,Delayed
O1000907,DHL,2025-12-14 18:33:00,2025-12-16 14:33:00,2025-12-16 14:33:00,Delivered
O1000908,EcomExpress,2025-06-28 23:40:00,2025-06-30 01:40:00,2025-06-30 01:40:00,Delivered
O1000909,DHL,2025-09-04 23:44:00,2025-09-06 01:44:00,2025-09-06 01:44:00,Delivered
O1000910,DHL,2025-01-15 05:34:00,2025-01-18 04:34:00,2025-01-18 04:34:00,Delivered
O1000911,EcomExpress,2025-04-12 15:54:00,2025-04-15 03:54:00,2025-04-15 15:54:00,Delayed
O1000912,BlueDart,2025-10-22 08:03:00,2025-10-23 17:03:00,2025-10-24 17:03:00,Delayed
O1000913,BlueDart,2025-02-03 07:02:00,2025-02-06 11:02:00,2025-02-06 23:02:00,Delayed
O1000914,BlueDart,2025-02-07 19:05:00,2025-02-11 16:05:00,2025-02-11 16:05:00,Delivered
O1000915,Delhivery,2025-10-24 07:48:00,2025-10-27 07:48:00,2025-10-27 07:48:00,Delivered
O1000916,BlueDart,2025-04-24 12:11:00,2025-04-28 03:11:00,2025-04-28 03:11:00,Delivered
O1000917,Delhivery,2025-04-11 04:39:00,2025-04-14 05:39:00,2025-04-14 05:39:00,Delivered
O1000918,EcomExpress,2025-07-27 06:13:00,2025-07-31 00:13:00,2025-08-01 00:13:00,Delayed
O1000919,EcomExpress,2025-03-13 21:37:00,2025-03-16 12:37:00,2025-03-16 12:37:00,Delivered
O1000920,DHL,2025-01-17 03:09:00,2025-01-20 13:09:00,2025-01-20 13:09:00,Delivered
O1000921,BlueDart,2025-01-03 08:40:00,2025-01-06 16:40:00,2025-01-06 22:40:00,Delayed
O1000922,EcomExpress,2025-01-29 23:20:00,2025-01-31 22:20:00,2025-01-31 22:20:00,Delivered
O1000923,Delhivery,2025-02-27 19:59:00,2025-02-28 23:59:00,2025-03-02 23:59:00,Delayed
O1000924,BlueDart,2025-09-13 14:32:00,2025-09-15 20:32:00,2025-09-17 20:32:00,Delayed
O1000925,EcomExpress,2025-04-20 06:43:00,2025-04-21 19:43:00,2025-04-21 19:43:00,Delivered
O1000926,DHL,2025-01-28 04:58:00,2025-01-31 18:58:00,2025-02-01 18:58:00,Delayed
O1000927,Delhivery,2025-01-07 04:04:00,2025-01-10 06:04:00,2025-01-12 06:04:00,Delayed
O1000928,BlueDart,2025-06-24 14:48:00,2025-06-28 06:48:00,2025-06-29 06:48:00,Delayed
O1000929,EcomExpress,2025-11-04 17:52:00,2025-11-06 17:52:00,2025-11-07 17:52:00,Delayed
O1000930,BlueDart,2025-05-05 00:56:00,2025-05-07 15:56:00,2025-05-07 15:56:00,Delivered
O1000931,EcomExpress,2025-01-24 22:53:00,2025-01-26 15:53:00,2025-01-26 15:53:00,Delivered
O1000932,DHL,2025-03-25 17:53:00,2025-03-28 03:53:00,2025-03-29 03:53:00,Delayed
O1000933,DHL,2025-07-03 09:58:00,2025-07-04 10:58:00,2025-07-04 10:58:00,Delivered
O1000934,EcomExpress,2025-03-11 12:14:00,2025-03-13 13:14:00,2025-03-14 13:14:00,Delayed
O1000935,EcomExpress,2025-12-25 03:33:00,2025-12-28 17:33:00,2025-12-28 17:33:00,Delivered
O1000936,DHL,2025-10-06 20:33:00,2025-10-09 16:33:00,2025-10-09 16:33:00,Delivered
O1000937,Delhivery,2025-05-07 01:36:00,2025-05-10 13:36:00,2025-05-11 01:36:00,Delayed
O1000938,DHL,2025-12-14 23:12:00,2025-12-18 06:12:00,2025-12-18 06:12:00,Delivered
O1000939,BlueDart,2025-04-30 09:32:00,2025-05-01 13:32:00,2025-05-01 13:32:00,Delivered
O1000940,BlueDart,2025-02-22 15:18:00,2025-02-25 01:18:00,2025-02-25 13:18:00,Delayed
O1000941,DHL,2025-12-10 14:55:00,2025-12-12 11:55:00,2025-12-12 11:55:00,Delivered
O1000942,EcomExpress,2025-12-17 14:11:00,2025-12-18 22:11:00,2025-12-19 10:11:00,Delayed
O1000943,DHL,2025-04-26 02:09:00,2025-04-27 17:09:00,2025-04-28 17:09:00,Delayed
O1000944,BlueDart,2025-08-07 03:54:00,2025-08-08 03:54:00,2025-08-08 03:54:00,Delivered
O1000945,EcomExpress,2025-03-06 15:11:00,2025-03-08 05:11:00,2025-03-08 11:11:00,Delayed
O1000946,BlueDart,2025-08-24 13:12:00,2025-08-27 13:12:00,2025-08-27 13:12:00,Delivered
O1000947,EcomExpress,2025-09-09 11:09:00,2025-09-11 05:09:00,2025-09-11 17:09:00,Delayed
O1000948,Delhivery,2025-09-18 11:37:00,2025-09-21 15:37:00,2025-09-21 15:37:00,Delivered
O1000949,Delhivery,2025-07-28 05:49:00,2025-07-30 02:49:00,2025-07-30 02:49:00,Delivered
O1000950,BlueDart,2025-09-16 00:20:00,2025-09-17 03:20:00,2025-09-18 03:20:00,Delayed
O1000951,BlueDart,2025-07-22 21:17:00,2025-07-25 23:17:00,2025-07-25 23:17:00,Delivered
O1000952,Delhivery,2025-10-27 22:39:00,2025-10-29 09:39:00,2025-10-29 21:39:00,Delayed
O1000953,DHL,2025-03-08 10:51:00,2025-03-12 07:51:00,2025-03-12 07:51:00,Delivered
O1000954,Delhivery,2025-06-27 10:04:00,2025-06-29 16:04:00,2025-06-30 16:04:00,Delayed
O1000955,BlueDart,2025-06-02 05:45:00,2025-06-03 08:45:00,2025-06-03 14:45:00,Delayed
O1000956,Delhivery,2025-07-15 15:25:00,2025-07-17 08:25:00,2025-07-17 14:25:00,Delayed
O1000957,EcomExpress,2025-02-22 09:30:00,2025-02-24 08:30:00,2025-02-24 08:30:00,Delivered
O1000958,EcomExpress,2025-04-30 11:39:00,2025-05-02 22:39:00,2025-05-03 04:39:00,Delayed
O1000959,BlueDart,2025-12-16 06:09:00,2025-12-19 06:09:00,2025-12-19 06:09:00,Delivered
O1000960,Delhivery,2025-02-09 02:18:00,2025-02-11 00:18:00,2025-02-11 06:18:00,Delayed
O1000961,DHL,2025-08-20 19:25:00,2025-08-22 17:25:00,2025-08-23 17:25:00,Delayed
O1000962,EcomExpress,2025-09-01 10:45:00,2025-09-05 04:45:00,2025-09-05 10:45:00,Delayed
O1000963,EcomExpress,2025-06-24 15:56:00,2025-06-26 04:56:00,2025-06-26 04:56:00,Delivered
O1000964,BlueDart,2025-01-13 21:49:00,2025-01-17 01:49:00,2025-01-18 01:49:00,Delayed
O1000965,DHL,2025-01-14 14:28:00,2025-01-16 02:28:00,2025-01-16 08:28:00,Delayed
O1000966,DHL,2025-04-12 03:57:00,2025-04-13 21:57:00,2025-04-14 09:57:00,Delayed
O1000967,BlueDart,2025-02-07 21:22:00,2025-02-10 16:22:00,2025-02-11 16:22:00,Delayed
O1000968,DHL,2025-02-05 11:32:00,2025-02-06 18:32:00,2025-02-06 18:32:00,Delivered
O1000969,BlueDart,2025-02-28 18:58:00,2025-03-02 04:58:00,2025-03-02 04:58:00,Delivered
O1000970,DHL,2025-03-11 20:25:00,2025-03-15 09:25:00,2025-03-15 09:25:00,Delivered
O1000971,Delhivery,2025-11-03 23:37:00,2025-11-05 05:37:00,2025-11-05 11:37:00,Delayed
O1000974,Delhivery,2025-08-18 20:36:00,2025-08-20 06:36:00,2025-08-20 06:36:00,Delivered
O1000975,BlueDart,2025-02-19 12:44:00,2025-02-22 17:44:00,2025-02-22 23:44:00,Delayed
O1000976,DHL,2025-06-03 15:12:00,2025-06-06 00:12:00,2025-06-06 00:12:00,Delivered
O1000977,BlueDart,2025-01-14 19:52:00,2025-01-16 19:52:00,2025-01-16 19:52:00,Delivered
O1000978,Delhivery,2025-02-03 02:21:00,2025-02-06 13:21:00,2025-02-06 13:21:00,Delivered
O1000979,Delhivery,2025-02-19 15:11:00,2025-02-23 07:11:00,2025-02-23 07:11:00,Delivered
O1000980,EcomExpress,2025-06-09 01:00:00,2025-06-10 09:00:00,2025-06-10 09:00:00,Delivered
O1000981,DHL,2025-06-20 09:12:00,2025-06-22 20:12:00,2025-06-23 02:12:00,Delayed
O1000982,Delhivery,2025-05-10 08:58:00,2025-05-14 02:58:00,2025-05-14 02:58:00,Delivered
O1000983,EcomExpress,2025-08-15 16:10:00,2025-08-17 01:10:00,2025-08-17 07:10:00,Delayed
O1000984,Delhivery,2025-09-20 20:27:00,2025-09-23 01:27:00,2025-09-23 01:27:00,Delivered
O1000985,Delhivery,2025-09-24 20:57:00,2025-09-26 09:57:00,2025-09-26 09:57:00,Delivered
O1000986,DHL,2025-08-01 16:06:00,2025-08-03 02:06:00,2025-08-03 02:06:00,Delivered
O1000987,DHL,2025-07-20 03:37:00,2025-07-23 18:37:00,2025-07-23 18:37:00,Delivered
O1000988,Delhivery,2025-06-29 15:50:00,2025-07-02 13:50:00,2025-07-03 13:50:00,Delayed
O1000989,BlueDart,2025-03-28 18:44:00,2025-03-30 03:44:00,2025-04-01 03:44:00,Delayed
O1000990,Delhivery,2025-06-28 03:10:00,2025-06-30 03:10:00,2025-06-30 03:10:00,Delivered
O1000991,BlueDart,2025-01-04 19:43:00,2025-01-06 17:43:00,2025-01-06 17:43:00,Delivered
O1000992,DHL,2025-12-20 08:37:00,2025-12-24 02:37:00,2025-12-24 14:37:00,Delayed
O1000994,BlueDart,2025-10-05 07:28:00,2025-10-07 04:28:00,2025-10-09 04:28:00,Delayed
O1000995,EcomExpress,2025-12-16 18:58:00,2025-12-18 02:58:00,2025-12-18 02:58:00,Delivered
O1000996,BlueDart,2025-07-01 23:31:00,2025-07-05 22:31:00,2025-07-06 10:31:00,Delayed
O1000997,BlueDart,2025-11-12 06:57:00,2025-11-13 10:57:00,2025-11-13 10:57:00,Delivered
O1000999,EcomExpress,2025-02-19 11:09:00,2025-02-23 09:09:00,2025-02-23 09:09:00,Delivered
O1001000,EcomExpress,2025-01-11 09:34:00,2025-01-13 08:34:00,2025-01-13 08:34:00,Delivered
O1001001,DHL,2025-02-19 22:15:00,2025-02-22 23:15:00,2025-02-23 05:15:00,Delayed
O1001002,BlueDart,2025-12-11 15:13:00,2025-12-14 06:13:00,2025-12-14 06:13:00,Delivered
O1001003,BlueDart,2025-06-23 20:31:00,2025-06-25 12:31:00,2025-06-25 18:31:00,Delayed
O1001004,DHL,2025-04-28 10:25:00,2025-05-01 01:25:00,2025-05-01 01:25:00,Delivered
O1001005,Delhivery,2025-06-13 09:31:00,2025-06-14 21:31:00,2025-06-14 21:31:00,Delivered
O1001006,BlueDart,2025-04-05 00:32:00,2025-04-07 12:32:00,2025-04-07 12:32:00,Delivered
O1001007,BlueDart,2025-11-15 14:38:00,2025-11-16 18:38:00,2025-11-16 18:38:00,Delivered
O1001008,DHL,2026-01-01 03:28:00,2026-01-02 19:28:00,2026-01-02 19:28:00,Delivered
O1001009,DHL,2025-01-31 18:16:00,2025-02-01 22:16:00,2025-02-02 04:16:00,Delayed
O1001010,DHL,2025-09-20 19:12:00,2025-09-23 16:12:00,2025-09-23 16:12:00,Delivered
O1001011,BlueDart,2025-05-04 10:05:00,2025-05-08 05:05:00,2025-05-09 05:05:00,Delayed
O1001012,DHL,2025-01-18 21:49:00,2025-01-20 00:49:00,2025-01-20 12:49:00,Delayed
O1001014,BlueDart,2025-01-23 17:31:00,2025-01-26 12:31:00,2025-01-26 12:31:00,Delivered
O1001016,EcomExpress,2025-01-11 01:08:00,2025-01-13 13:08:00,2025-01-14 13:08:00,Delayed
O1001017,EcomExpress,2025-06-23 12:37:00,2025-06-25 02:37:00,2025-06-25 02:37:00,Delivered
O1001018,BlueDart,2025-08-08 12:32:00,2025-08-11 13:32:00,2025-08-11 13:32:00,Delivered
O1001019,BlueDart,2025-04-28 23:29:00,2025-05-02 07:29:00,2025-05-02 13:29:00,Delayed
O1001020,EcomExpress,2025-01-28 04:04:00,2025-01-31 22:04:00,2025-02-02 22:04:00,Delayed
O1001021,EcomExpress,2025-02-13 10:31:00,2025-02-14 15:31:00,2025-02-14 15:31:00,Delivered
O1001022,BlueDart,2025-12-08 05:38:00,2025-12-09 17:38:00,2025-12-09 17:38:00,Delivered
O1001023,EcomExpress,2025-10-22 20:33:00,2025-10-25 09:33:00,2025-10-25 21:33:00,Delayed
O1001024,DHL,2025-12-09 01:03:00,2025-12-12 08:03:00,2025-12-12 08:03:00,Delivered
O1001025,Delhivery,2025-07-13 17:30:00,2025-07-15 07:30:00,2025-07-16 07:30:00,Delayed
O1001026,BlueDart,2025-07-20 00:54:00,2025-07-22 01:54:00,2025-07-22 01:54:00,Delivered
O1001027,EcomExpress,2025-10-15 04:24:00,2025-10-17 12:24:00,2025-10-19 12:24:00,Delayed
O1001028,DHL,2025-08-15 15:08:00,2025-08-18 14:08:00,2025-08-18 14:08:00,Delivered
O1001029,Delhivery,2025-06-10 01:47:00,2025-06-11 17:47:00,2025-06-12 17:47:00,Delayed
O1001030,DHL,2025-04-18 03:57:00,2025-04-20 00:57:00,2025-04-20 12:57:00,Delayed
O1001032,Delhivery,2025-01-24 21:40:00,2025-01-26 06:40:00,2025-01-28 06:40:00,Delayed
O1001033,Delhivery,2025-03-13 08:53:00,2025-03-14 23:53:00,2025-03-14 23:53:00,Delivered
O1001034,Delhivery,2025-09-28 08:23:00,2025-10-02 02:23:00,2025-10-02 02:23:00,Delivered
O1001035,DHL,2025-11-14 12:18:00,2025-11-17 17:18:00,2025-11-17 17:18:00,Delivered
O1001036,BlueDart,2025-02-08 05:03:00,2025-02-11 23:03:00,2025-02-12 11:03:00,Delayed
O1001037,BlueDart,2025-02-05 16:22:00,2025-02-09 11:22:00,2025-02-09 11:22:00,Delivered
O1001038,DHL,2025-02-01 11:46:00,2025-02-03 22:46:00,2025-02-03 22:46:00,Delivered
O1001039,BlueDart,2025-10-16 23:55:00,2025-10-18 11:55:00,2025-10-18 11:55:00,Delivered
O1001040,Delhivery,2025-04-25 03:18:00,2025-04-28 11:18:00,2025-04-28 17:18:00,Delayed
O1001042,BlueDart,2025-01-06 01:03:00,2025-01-10 00:03:00,2025-01-10 06:03:00,Delayed
O1001043,Delhivery,2025-12-22 18:54:00,2025-12-24 08:54:00,2025-12-24 08:54:00,Delivered
O1001044,EcomExpress,2025-06-08 14:33:00,2025-06-11 21:33:00,2025-06-12 03:33:00,Delayed
O1001045,BlueDart,2025-10-19 16:34:00,2025-10-21 20:34:00,2025-10-21 20:34:00,Delivered
O1001046,Delhivery,2025-09-17 02:32:00,2025-09-20 20:32:00,2025-09-22 20:32:00,Delayed
O1001047,Delhivery,2025-02-21 17:19:00,2025-02-23 09:19:00,2025-02-24 09:19:00,Delayed
O1001048,BlueDart,2025-10-20 22:11:00,2025-10-23 21:11:00,2025-10-23 21:11:00,Delivered
O1001049,DHL,2025-07-21 08:35:00,2025-07-22 14:35:00,2025-07-22 14:35:00,Delivered
O1001050,Delhivery,2025-08-10 10:37:00,2025-08-14 04:37:00,2025-08-14 04:37:00,Delivered
O1001052,Delhivery,2025-11-06 19:28:00,2025-11-09 01:28:00,2025-11-09 13:28:00,Delayed
O1001053,DHL,2025-12-08 03:37:00,2025-12-10 14:37:00,2025-12-11 14:37:00,Delayed
O1001054,DHL,2025-05-30 20:57:00,2025-06-03 01:57:00,2025-06-03 01:57:00,Delivered
O1001055,EcomExpress,2025-02-03 15:22:00,2025-02-05 07:22:00,2025-02-05 07:22:00,Delivered
O1001056,EcomExpress,2025-11-06 14:33:00,2025-11-09 19:33:00,2025-11-09 19:33:00,Delivered
O1001057,BlueDart,2025-11-20 18:02:00,2025-11-22 02:02:00,2025-11-22 02:02:00,Delivered
O1001058,BlueDart,2025-07-04 22:09:00,2025-07-07 05:09:00,2025-07-09 05:09:00,Delayed
O1001059,BlueDart,2025-08-01 15:36:00,2025-08-03 15:36:00,2025-08-04 15:36:00,Delayed
O1001060,BlueDart,2025-03-24 07:16:00,2025-03-26 15:16:00,2025-03-26 15:16:00,Delivered
O1001061,Delhivery,2025-01-26 01:50:00,2025-01-28 18:50:00,2025-01-28 18:50:00,Delivered
O1001062,BlueDart,2025-12-12 05:49:00,2025-12-15 00:49:00,2025-12-15 00:49:00,Delivered
O1001063,EcomExpress,2025-06-27 02:55:00,2025-06-28 16:55:00,2025-06-28 16:55:00,Delivered
O1001065,DHL,2025-09-11 23:42:00,2025-09-15 18:42:00,2025-09-16 06:42:00,Delayed
O1001066,BlueDart,2025-01-11 00:24:00,2025-01-13 23:24:00,2025-01-13 23:24:00,Delivered
O1001067,DHL,2025-01-30 20:31:00,2025-02-01 06:31:00,2025-02-01 12:31:00,Delayed
O1001068,DHL,2025-03-31 05:23:00,2025-04-01 16:23:00,2025-04-01 16:23:00,Delivered
O1001069,BlueDart,2025-06-15 11:56:00,2025-06-17 16:56:00,2025-06-17 16:56:00,Delivered
O1001070,Delhivery,2025-05-14 18:53:00,2025-05-18 15:53:00,2025-05-18 21:53:00,Delayed
O1001071,BlueDart,2025-03-10 14:51:00,2025-03-14 07:51:00,2025-03-14 07:51:00,Delivered
O1001072,Delhivery,2025-05-10 11:01:00,2025-05-12 04:01:00,2025-05-12 10:01:00,Delayed
O1001073,BlueDart,2025-05-02 22:38:00,2025-05-05 13:38:00,2025-05-06 13:38:00,Delayed
O1001074,Delhivery,2025-07-11 22:33:00,2025-07-13 21:33:00,2025-07-13 21:33:00,Delivered
O1001075,BlueDart,2025-07-26 03:35:00,2025-07-29 12:35:00,2025-07-29 12:35:00,Delivered
O1001076,DHL,2025-11-19 13:48:00,2025-11-22 18:48:00,2025-11-22 18:48:00,Delivered
O1001077,DHL,2025-10-23 13:41:00,2025-10-25 22:41:00,2025-10-26 04:41:00,Delayed
O1001078,Delhivery,2025-04-18 05:45:00,2025-04-20 06:45:00,2025-04-20 06:45:00,Delivered
O1001079,BlueDart,2025-11-27 07:51:00,2025-12-01 01:51:00,2025-12-01 01:51:00,Delivered
O1001080,DHL,2025-07-11 01:35:00,2025-07-13 07:35:00,2025-07-13 07:35:00,Delivered
O1001081,EcomExpress,2025-03-10 23:59:00,2025-03-14 15:59:00,2025-03-15 15:59:00,Delayed
O1001082,DHL,2025-05-06 12:53:00,2025-05-07 14:53:00,2025-05-07 14:53:00,Delivered
O1001083,EcomExpress,2025-09-29 04:32:00,2025-10-01 12:32:00,2025-10-01 12:32:00,Delivered
O1001084,BlueDart,2025-10-28 06:45:00,2025-10-30 21:45:00,2025-10-30 21:45:00,Delivered
O1001085,Delhivery,2025-05-18 08:30:00,2025-05-19 08:30:00,2025-05-19 08:30:00,Delivered
O1001087,BlueDart,2025-03-13 03:19:00,2025-03-14 07:19:00,2025-03-15 07:19:00,Delayed
O1001088,Delhivery,2025-02-08 13:07:00,2025-02-11 05:07:00,2025-02-12 05:07:00,Delayed
O1001089,Delhivery,2025-09-14 08:44:00,2025-09-17 13:44:00,2025-09-18 01:44:00,Delayed
O1001090,EcomExpress,2025-07-03 22:10:00,2025-07-05 12:10:00,2025-07-05 12:10:00,Delivered
O1001091,EcomExpress,2025-06-15 12:28:00,2025-06-19 04:28:00,2025-06-20 04:28:00,Delayed
O1001092,Delhivery,2025-09-03 22:29:00,2025-09-05 15:29:00,2025-09-05 15:29:00,Delivered
O1001093,DHL,2025-10-30 19:14:00,2025-10-31 22:14:00,2025-11-01 04:14:00,Delayed
O1001094,Delhivery,2025-10-18 21:51:00,2025-10-21 03:51:00,2025-10-21 03:51:00,Delivered
O1001095,BlueDart,2025-02-20 16:48:00,2025-02-21 23:48:00,2025-02-21 23:48:00,Delivered
O1001096,BlueDart,2025-08-05 09:27:00,2025-08-07 17:27:00,2025-08-07 17:27:00,Delivered
O1001097,BlueDart,2025-11-20 03:27:00,2025-11-21 05:27:00,2025-11-21 05:27:00,Delivered
O1001098,DHL,2025-10-10 18:59:00,2025-10-14 07:59:00,2025-10-14 19:59:00,Delayed
O1001099,BlueDart,2025-05-02 17:44:00,2025-05-05 15:44:00,2025-05-05 21:44:00,Delayed
O1001100,Delhivery,2025-05-25 08:19:00,2025-05-26 10:19:00,2025-05-27 10:19:00,Delayed
O1001101,Delhivery,2025-11-22 04:31:00,2025-11-25 22:31:00,2025-11-26 04:31:00,Delayed
O1001102,EcomExpress,2025-01-13 10:39:00,2025-01-15 07:39:00,2025-01-15 07:39:00,Delivered
O1001103,BlueDart,2025-07-12 03:44:00,2025-07-14 15:44:00,2025-07-14 15:44:00,Delivered
O1001104,Delhivery,2025-02-13 01:55:00,2025-02-15 22:55:00,2025-02-16 04:55:00,Delayed
O1001105,Delhivery,2025-11-23 12:45:00,2025-11-25 17:45:00,2025-11-25 17:45:00,Delivered
O1001106,BlueDart,2025-01-16 08:35:00,2025-01-19 04:35:00,2025-01-19 04:35:00,Delivered
O1001107,DHL,2025-01-10 05:05:00,2025-01-11 16:05:00,2025-01-11 16:05:00,Delivered
O1001108,EcomExpress,2025-05-01 16:09:00,2025-05-03 14:09:00,2025-05-03 20:09:00,Delayed
O1001109,DHL,2025-03-16 06:11:00,2025-03-19 06:11:00,2025-03-19 06:11:00,Delivered
O1001110,DHL,2025-07-01 06:34:00,2025-07-02 18:34:00,2025-07-02 18:34:00,Delivered
O1001111,Delhivery,2025-04-21 11:32:00,2025-04-23 09:32:00,2025-04-24 09:32:00,Delayed
O1001112,EcomExpress,2025-05-11 21:31:00,2025-05-13 16:31:00,2025-05-15 16:31:00,Delayed
O1001113,Delhivery,2025-07-27 13:20:00,2025-07-28 22:20:00,2025-07-29 10:20:00,Delayed
O1001114,BlueDart,2025-07-24 22:51:00,2025-07-28 14:51:00,2025-07-28 14:51:00,Delivered
O1001115,DHL,2025-12-09 01:30:00,2025-12-12 23:30:00,2025-12-13 11:30:00,Delayed
O1001116,Delhivery,2025-06-26 13:09:00,2025-06-28 07:09:00,2025-06-28 07:09:00,Delivered
O1001117,DHL,2025-07-26 05:40:00,2025-07-29 18:40:00,2025-07-29 18:40:00,Delivered
O1001118,DHL,2025-09-06 07:09:00,2025-09-08 18:09:00,2025-09-09 00:09:00,Delayed
O1001119,BlueDart,2025-03-05 18:05:00,2025-03-07 11:05:00,2025-03-09 11:05:00,Delayed
O1001120,BlueDart,2025-09-02 04:15:00,2025-09-05 23:15:00,2025-09-05 23:15:00,Delivered
O1001121,BlueDart,2025-11-12 01:11:00,2025-11-13 10:11:00,2025-11-13 10:11:00,Delivered
O1001122,EcomExpress,2025-04-28 04:11:00,2025-04-29 12:11:00,2025-04-29 12:11:00,Delivered
O1001123,EcomExpress,2025-03-08 10:43:00,2025-03-10 15:43:00,2025-03-10 15:43:00,Delivered
O1001124,EcomExpress,2025-05-08 03:23:00,2025-05-11 17:23:00,2025-05-12 05:23:00,Delayed
O1001125,BlueDart,2025-04-12 11:41:00,2025-04-14 08:41:00,2025-04-14 08:41:00,Delivered
O1001126,EcomExpress,2025-08-03 16:59:00,2025-08-06 21:59:00,2025-08-06 21:59:00,Delivered
O1001127,DHL,2025-11-13 05:07:00,2025-11-16 19:07:00,2025-11-17 19:07:00,Delayed
O1001128,EcomExpress,2025-08-06 22:55:00,2025-08-09 08:55:00,2025-08-10 08:55:00,Delayed
O1001129,DHL,2025-02-15 19:50:00,2025-02-17 04:50:00,2025-02-18 04:50:00,Delayed
O1001130,EcomExpress,2025-04-26 13:16:00,2025-04-30 09:16:00,2025-04-30 09:16:00,Delivered
O1001131,BlueDart,2025-09-09 21:19:00,2025-09-13 07:19:00,2025-09-14 07:19:00,Delayed
O1001132,DHL,2025-05-02 18:36:00,2025-05-03 23:36:00,2025-05-03 23:36:00,Delivered
O1001133,Delhivery,2025-08-04 00:28:00,2025-08-06 17:28:00,2025-08-06 17:28:00,Delivered
O1001134,DHL,2025-09-12 02:29:00,2025-09-15 15:29:00,2025-09-15 15:29:00,Delivered
O1001135,BlueDart,2025-05-02 10:16:00,2025-05-05 02:16:00,2025-05-07 02:16:00,Delayed
O1001136,DHL,2025-08-26 07:21:00,2025-08-27 21:21:00,2025-08-27 21:21:00,Delivered
O1001137,BlueDart,2025-05-27 01:55:00,2025-05-30 20:55:00,2025-06-01 20:55:00,Delayed
O1001138,DHL,2025-02-20 14:41:00,2025-02-22 15:41:00,2025-02-24 15:41:00,Delayed
O1001139,BlueDart,2025-05-16 21:47:00,2025-05-17 21:47:00,2025-05-18 21:47:00,Delayed
O1001141,DHL,2025-01-01 16:25:00,2025-01-03 00:25:00,2025-01-03 00:25:00,Delivered
O1001142,Delhivery,2025-11-22 20:30:00,2025-11-25 05:30:00,2025-11-25 05:30:00,Delivered
O1001143,Delhivery,2025-07-13 02:27:00,2025-07-15 13:27:00,2025-07-15 13:27:00,Delivered
O1001144,DHL,2025-01-15 09:51:00,2025-01-18 05:51:00,2025-01-18 05:51:00,Delivered
O1001145,Delhivery,2025-11-13 22:52:00,2025-11-15 10:52:00,2025-11-15 10:52:00,Delivered
O1001147,BlueDart,2025-01-05 18:16:00,2025-01-07 01:16:00,2025-01-07 01:16:00,Delivered
O1001148,Delhivery,2025-03-02 00:08:00,2025-03-03 18:08:00,2025-03-04 18:08:00,Delayed
O1001149,DHL,2025-05-13 23:49:00,2025-05-15 03:49:00,2025-05-16 03:49:00,Delayed
O1001150,Delhivery,2025-07-06 10:31:00,2025-07-07 14:31:00,2025-07-07 14:31:00,Delivered
O1001151,Delhivery,2025-09-23 07:11:00,2025-09-26 05:11:00,2025-09-26 05:11:00,Delivered
O1001152,EcomExpress,2025-06-05 10:32:00,2025-06-07 07:32:00,2025-06-07 07:32:00,Delivered
O1001153,DHL,2025-08-12 15:50:00,2025-08-14 02:50:00,2025-08-15 02:50:00,Delayed
O1001154,Delhivery,2025-01-04 22:11:00,2025-01-06 09:11:00,2025-01-06 09:11:00,Delivered
O1001155,BlueDart,2025-08-30 00:06:00,2025-09-02 09:06:00,2025-09-02 09:06:00,Delivered
O1001156,Delhivery,2025-12-01 16:50:00,2025-12-04 17:50:00,2025-12-04 17:50:00,Delivered
O1001157,EcomExpress,2025-07-13 05:02:00,2025-07-14 08:02:00,2025-07-14 20:02:00,Delayed
O1001158,EcomExpress,2025-06-16 19:25:00,2025-06-19 16:25:00,2025-06-19 16:25:00,Delivered
O1001159,Delhivery,2025-04-20 02:52:00,2025-04-22 22:52:00,2025-04-24 22:52:00,Delayed
O1001160,BlueDart,2025-12-16 06:49:00,2025-12-19 05:49:00,2025-12-21 05:49:00,Delayed
O1001161,Delhivery,2025-01-14 02:26:00,2025-01-17 10:26:00,2025-01-18 10:26:00,Delayed
O1001162,EcomExpress,2025-04-16 10:04:00,2025-04-19 10:04:00,2025-04-19 10:04:00,Delivered
O1001163,BlueDart,2025-02-21 06:54:00,2025-02-24 09:54:00,2025-02-25 09:54:00,Delayed
O1001164,BlueDart,2025-11-13 22:37:00,2025-11-15 05:37:00,2025-11-15 05:37:00,Delivered
O1001165,Delhivery,2025-06-26 19:20:00,2025-06-30 13:20:00,2025-06-30 13:20:00,Delivered
O1001166,Delhivery,2025-12-04 07:19:00,2025-12-05 22:19:00,2025-12-05 22:19:00,Delivered
O1001167,Delhivery,2025-09-01 15:42:00,2025-09-04 21:42:00,2025-09-05 03:42:00,Delayed
O1001168,Delhivery,2025-07-23 17:05:00,2025-07-26 22:05:00,2025-07-26 22:05:00,Delivered
O1001169,EcomExpress,2025-07-08 20:51:00,2025-07-11 06:51:00,2025-07-11 06:51:00,Delivered
O1001170,Delhivery,2025-03-16 05:13:00,2025-03-18 15:13:00,2025-03-20 15:13:00,Delayed
O1001171,EcomExpress,2025-07-26 06:38:00,2025-07-29 22:38:00,2025-07-29 22:38:00,Delivered
O1001172,DHL,2025-09-08 10:37:00,2025-09-11 07:37:00,2025-09-11 07:37:00,Delivered
O1001173,BlueDart,2025-12-19 20:15:00,2025-12-21 14:15:00,2025-12-22 14:15:00,Delayed
O1001174,EcomExpress,2025-07-20 19:31:00,2025-07-21 23:31:00,2025-07-22 11:31:00,Delayed
O1001175,DHL,2025-12-10 08:22:00,2025-12-11 17:22:00,2025-12-11 17:22:00,Delivered
O1001176,DHL,2025-12-11 23:30:00,2025-12-14 02:30:00,2025-12-14 02:30:00,Delivered
O1001177,Delhivery,2025-07-11 16:30:00,2025-07-14 15:30:00,2025-07-14 15:30:00,Delivered
O1001178,Delhivery,2025-06-11 00:55:00,2025-06-13 07:55:00,2025-06-13 07:55:00,Delivered
O1001179,DHL,2025-02-23 05:17:00,2025-02-26 11:17:00,2025-02-26 11:17:00,Delivered
O1001180,BlueDart,2025-04-10 03:43:00,2025-04-13 04:43:00,2025-04-13 04:43:00,Delivered
O1001181,BlueDart,2025-11-18 18:43:00,2025-11-21 21:43:00,2025-11-22 03:43:00,Delayed
O1001182,EcomExpress,2025-02-20 19:52:00,2025-02-24 12:52:00,2025-02-24 12:52:00,Delivered
O1001183,Delhivery,2025-05-26 11:29:00,2025-05-27 16:29:00,2025-05-27 16:29:00,Delivered
O1001184,EcomExpress,2025-09-14 07:01:00,2025-09-17 00:01:00,2025-09-17 00:01:00,Delivered
O1001185,Delhivery,2025-03-30 17:32:00,2025-04-01 17:32:00,2025-04-01 17:32:00,Delivered
O1001186,EcomExpress,2025-12-22 21:33:00,2025-12-26 03:33:00,2025-12-26 03:33:00,Delivered
O1001187,EcomExpress,2025-08-27 10:51:00,2025-08-30 20:51:00,2025-08-31 02:51:00,Delayed
O1001188,Delhivery,2025-01-12 03:16:00,2025-01-15 01:16:00,2025-01-17 01:16:00,Delayed
O1001189,EcomExpress,2025-04-02 07:22:00,2025-04-05 12:22:00,2025-04-05 12:22:00,Delivered
O1001190,BlueDart,2025-09-29 07:50:00,2025-10-03 00:50:00,2025-10-03 00:50:00,Delivered
O1001191,Delhivery,2025-11-13 18:48:00,2025-11-16 10:48:00,2025-11-16 16:48:00,Delayed
O1001192,EcomExpress,2025-12-06 12:31:00,2025-12-09 22:31:00,2025-12-09 22:31:00,Delivered
O1001193,BlueDart,2025-11-08 10:33:00,2025-11-09 17:33:00,2025-11-09 17:33:00,Delivered
O1001194,BlueDart,2025-01-28 20:07:00,2025-01-30 13:07:00,2025-01-30 19:07:00,Delayed
O1001195,EcomExpress,2025-09-25 05:35:00,2025-09-28 22:35:00,2025-09-28 22:35:00,Delivered
O1001196,BlueDart,2025-02-11 09:40:00,2025-02-13 01:40:00,2025-02-13 01:40:00,Delivered
O1001197,EcomExpress,2025-01-29 00:33:00,2025-01-30 00:33:00,2025-01-30 00:33:00,Delivered
O1001198,DHL,2025-09-11 05:20:00,2025-09-14 22:20:00,2025-09-14 22:20:00,Delivered
O1001199,BlueDart,2025-06-24 21:48:00,2025-06-26 22:48:00,2025-06-26 22:48:00,Delivered
O1001200,Delhivery,2025-08-26 09:28:00,2025-08-29 04:28:00,2025-08-29 04:28:00,Delivered
O1001201,DHL,2025-11-08 09:14:00,2025-11-11 16:14:00,2025-11-11 16:14:00,Delivered
O1001202,Delhivery,2025-01-27 04:52:00,2025-01-29 12:52:00,2025-01-29 12:52:00,Delivered
O1001203,BlueDart,2025-07-13 01:49:00,2025-07-14 02:49:00,2025-07-14 02:49:00,Delivered
O1001204,DHL,2025-11-02 01:25:00,2025-11-05 03:25:00,2025-11-05 03:25:00,Delivered
O1001205,Delhivery,2025-06-11 01:46:00,2025-06-14 00:46:00,2025-06-14 00:46:00,Delivered
O1001206,BlueDart,2025-07-11 17:14:00,2025-07-13 13:14:00,2025-07-13 13:14:00,Delivered
O1001207,Delhivery,2025-07-02 13:32:00,2025-07-05 12:32:00,2025-07-06 12:32:00,Delayed
O1001208,EcomExpress,2025-11-29 20:09:00,2025-12-03 06:09:00,2025-12-03 06:09:00,Delivered
O1001209,EcomExpress,2025-01-20 08:56:00,2025-01-24 06:56:00,2025-01-25 06:56:00,Delayed
O1001210,BlueDart,2025-11-18 08:00:00,2025-11-20 21:00:00,2025-11-22 21:00:00,Delayed
O1001211,BlueDart,2025-10-26 13:53:00,2025-10-27 17:53:00,2025-10-27 17:53:00,Delivered
O1001212,Delhivery,2025-10-25 07:06:00,2025-10-28 21:06:00,2025-10-28 21:06:00,Delivered
O1001213,EcomExpress,2025-06-01 03:50:00,2025-06-03 10:50:00,2025-06-03 10:50:00,Delivered
O1001214,Delhivery,2025-07-09 01:09:00,2025-07-11 23:09:00,2025-07-12 23:09:00,Delayed
O1001215,DHL,2025-05-16 00:45:00,2025-05-19 15:45:00,2025-05-21 15:45:00,Delayed
O1001216,Delhivery,2025-04-02 21:26:00,2025-04-04 15:26:00,2025-04-04 15:26:00,Delivered
O1001218,EcomExpress,2025-07-04 22:37:00,2025-07-05 22:37:00,2025-07-06 22:37:00,Delayed
O1001219,BlueDart,2025-09-23 04:43:00,2025-09-27 01:43:00,2025-09-27 13:43:00,Delayed
O1001220,BlueDart,2025-02-07 19:39:00,2025-02-09 06:39:00,2025-02-09 06:39:00,Delivered
O1001221,BlueDart,2025-10-15 15:52:00,2025-10-17 19:52:00,2025-10-18 19:52:00,Delayed
O1001222,Delhivery,2025-08-30 06:50:00,2025-09-02 14:50:00,2025-09-02 14:50:00,Delivered
O1001223,Delhivery,2026-01-01 16:54:00,2026-01-04 23:54:00,2026-01-04 23:54:00,Delivered
O1001224,EcomExpress,2025-02-19 13:12:00,2025-02-21 00:12:00,2025-02-21 06:12:00,Delayed
O1001225,Delhivery,2025-07-17 23:54:00,2025-07-19 17:54:00,2025-07-19 23:54:00,Delayed
O1001226,EcomExpress,2025-07-07 03:01:00,2025-07-10 04:01:00,2025-07-10 04:01:00,Delivered
O1001227,BlueDart,2025-07-16 17:35:00,2025-07-18 23:35:00,2025-07-18 23:35:00,Delivered
O1001228,BlueDart,2025-01-20 21:29:00,2025-01-23 09:29:00,2025-01-23 09:29:00,Delivered
O1001229,BlueDart,2025-06-23 17:45:00,2025-06-26 22:45:00,2025-06-26 22:45:00,Delivered
O1001230,EcomExpress,2025-04-21 12:51:00,2025-04-25 01:51:00,2025-04-25 01:51:00,Delivered
O1001231,BlueDart,2025-08-14 13:14:00,2025-08-17 15:14:00,2025-08-17 15:14:00,Delivered
O1001232,EcomExpress,2025-03-27 01:22:00,2025-03-28 13:22:00,2025-03-28 13:22:00,Delivered
O1001233,DHL,2025-06-09 10:56:00,2025-06-13 05:56:00,2025-06-13 05:56:00,Delivered
O1001234,Delhivery,2025-08-15 21:38:00,2025-08-18 13:38:00,2025-08-18 13:38:00,Delivered
O1001235,BlueDart,2025-01-25 14:17:00,2025-01-28 23:17:00,2025-01-29 23:17:00,Delayed
O1001237,DHL,2025-09-20 06:18:00,2025-09-23 02:18:00,2025-09-23 08:18:00,Delayed
O1001238,EcomExpress,2025-01-22 04:00:00,2025-01-24 03:00:00,2025-01-24 03:00:00,Delivered
O1001239,BlueDart,2025-01-25 00:49:00,2025-01-27 22:49:00,2025-01-28 04:49:00,Delayed
O1001240,DHL,2025-11-08 16:12:00,2025-11-12 06:12:00,2025-11-12 06:12:00,Delivered
O1001241,Delhivery,2025-04-15 06:16:00,2025-04-18 17:16:00,2025-04-18 17:16:00,Delivered
O1001242,EcomExpress,2025-11-11 12:25:00,2025-11-15 06:25:00,2025-11-15 18:25:00,Delayed
O1001243,BlueDart,2025-07-02 21:31:00,2025-07-04 00:31:00,2025-07-04 00:31:00,Delivered
O1001244,DHL,2025-05-05 18:07:00,2025-05-09 14:07:00,2025-05-09 14:07:00,Delivered
O1001245,DHL,2025-04-11 00:08:00,2025-04-12 23:08:00,2025-04-13 11:08:00,Delayed
O1001246,Delhivery,2025-08-29 20:27:00,2025-09-02 12:27:00,2025-09-02 12:27:00,Delivered
O1001247,EcomExpress,2025-02-10 19:59:00,2025-02-13 08:59:00,2025-02-14 08:59:00,Delayed
O1001248,Delhivery,2025-05-28 12:00:00,2025-05-31 14:00:00,2025-06-01 14:00:00,Delayed
O1001249,EcomExpress,2025-05-08 04:43:00,2025-05-11 12:43:00,2025-05-11 12:43:00,Delivered
O1001250,BlueDart,2025-02-27 16:19:00,2025-03-03 01:19:00,2025-03-03 13:19:00,Delayed
O1001251,EcomExpress,2025-05-10 03:04:00,2025-05-12 02:04:00,2025-05-13 02:04:00,Delayed
O1001252,EcomExpress,2025-07-12 16:27:00,2025-07-15 14:27:00,2025-07-16 14:27:00,Delayed
O1001253,EcomExpress,2025-09-06 09:45:00,2025-09-09 01:45:00,2025-09-09 01:45:00,Delivered
O1001254,BlueDart,2025-02-02 00:43:00,2025-02-03 23:43:00,2025-02-03 23:43:00,Delivered
O1001255,DHL,2025-11-16 10:26:00,2025-11-17 12:26:00,2025-11-17 12:26:00,Delivered
O1001256,BlueDart,2025-11-18 05:19:00,2025-11-21 15:19:00,2025-11-21 15:19:00,Delivered
O1001257,BlueDart,2025-09-10 23:46:00,2025-09-13 05:46:00,2025-09-13 05:46:00,Delivered
O1001258,DHL,2025-12-05 06:13:00,2025-12-06 22:13:00,2025-12-06 22:13:00,Delivered
O1001259,EcomExpress,2025-06-07 06:14:00,2025-06-09 06:14:00,2025-06-09 06:14:00,Delivered
O1001260,EcomExpress,2025-10-27 23:24:00,2025-10-30 06:24:00,2025-10-30 06:24:00,Delivered
O1001261,BlueDart,2025-09-24 11:45:00,2025-09-28 10:45:00,2025-09-28 10:45:00,Delivered
O1001262,EcomExpress,2025-07-26 15:51:00,2025-07-28 15:51:00,2025-07-28 15:51:00,Delivered
O1001263,BlueDart,2025-03-08 14:16:00,2025-03-09 23:16:00,2025-03-09 23:16:00,Delivered
O1001264,EcomExpress,2025-07-23 15:00:00,2025-07-25 03:00:00,2025-07-25 03:00:00,Delivered
O1001265,Delhivery,2025-11-25 17:15:00,2025-11-29 11:15:00,2025-11-29 11:15:00,Delivered
O1001266,DHL,2025-12-27 03:53:00,2025-12-30 12:53:00,2025-12-30 12:53:00,Delivered
O1001267,BlueDart,2025-06-13 23:19:00,2025-06-14 23:19:00,2025-06-14 23:19:00,Delivered
O1001268,Delhivery,2025-04-01 21:34:00,2025-04-04 06:34:00,2025-04-04 06:34:00,Delivered
O1001269,DHL,2025-10-01 02:53:00,2025-10-02 21:53:00,2025-10-02 21:53:00,Delivered
O1001270,BlueDart,2025-01-29 04:44:00,2025-01-31 17:44:00,2025-01-31 17:44:00,Delivered
O1001271,DHL,2025-02-26 18:51:00,2025-03-01 13:51:00,2025-03-01 13:51:00,Delivered
O1001272,BlueDart,2025-07-25 20:49:00,2025-07-28 08:49:00,2025-07-28 08:49:00,Delivered
O1001273,Delhivery,2025-12-28 14:52:00,2025-12-31 01:52:00,2026-01-02 01:52:00,Delayed
O1001274,Delhivery,2025-05-01 19:15:00,2025-05-04 20:15:00,2025-05-05 08:15:00,Delayed
O1001275,BlueDart,2025-06-11 13:44:00,2025-06-14 16:44:00,2025-06-15 16:44:00,Delayed
O1001276,Delhivery,2025-04-28 14:57:00,2025-04-30 02:57:00,2025-04-30 02:57:00,Delivered
O1001277,Delhivery,2025-06-11 11:17:00,2025-06-14 12:17:00,2025-06-14 12:17:00,Delivered
O1001278,DHL,2025-01-03 22:17:00,2025-01-06 10:17:00,2025-01-06 16:17:00,Delayed
O1001279,BlueDart,2025-08-07 09:25:00,2025-08-09 14:25:00,2025-08-09 14:25:00,Delivered
O1001280,DHL,2025-08-06 18:03:00,2025-08-08 12:03:00,2025-08-08 18:03:00,Delayed
O1001281,EcomExpress,2025-04-27 06:20:00,2025-04-29 21:20:00,2025-04-29 21:20:00,Delivered
O1001282,EcomExpress,2025-04-08 02:37:00,2025-04-11 23:37:00,2025-04-11 23:37:00,Delivered
O1001283,DHL,2025-10-06 06:21:00,2025-10-08 15:21:00,2025-10-09 03:21:00,Delayed
O1001284,Delhivery,2025-03-11 02:49:00,2025-03-12 06:49:00,2025-03-12 06:49:00,Delivered
O1001285,Delhivery,2025-01-19 02:16:00,2025-01-20 19:16:00,2025-01-20 19:16:00,Delivered
O1001286,BlueDart,2025-01-16 06:44:00,2025-01-20 00:44:00,2025-01-20 00:44:00,Delivered
O1001287,EcomExpress,2025-11-18 17:20:00,2025-11-22 02:20:00,2025-11-22 02:20:00,Delivered
O1001288,DHL,2025-05-13 21:49:00,2025-05-15 01:49:00,2025-05-15 01:49:00,Delivered
O1001289,EcomExpress,2025-02-08 00:24:00,2025-02-11 09:24:00,2025-02-11 09:24:00,Delivered
O1001290,BlueDart,2025-11-18 04:55:00,2025-11-19 11:55:00,2025-11-19 11:55:00,Delivered
O1001291,Delhivery,2025-02-24 23:48:00,2025-02-26 20:48:00,2025-02-26 20:48:00,Delivered
O1001292,Delhivery,2025-05-04 03:01:00,2025-05-07 20:01:00,2025-05-07 20:01:00,Delivered
O1001293,EcomExpress,2025-01-09 08:25:00,2025-01-12 06:25:00,2025-01-12 06:25:00,Delivered
O1001294,DHL,2025-09-05 21:15:00,2025-09-08 19:15:00,2025-09-08 19:15:00,Delivered
O1001295,DHL,2025-09-14 06:29:00,2025-09-15 21:29:00,2025-09-15 21:29:00,Delivered
O1001296,EcomExpress,2025-10-05 05:54:00,2025-10-07 04:54:00,2025-10-07 04:54:00,Delivered
O1001297,EcomExpress,2025-04-08 11:01:00,2025-04-09 17:01:00,2025-04-10 05:01:00,Delayed
O1001298,Delhivery,2025-05-01 06:43:00,2025-05-04 00:43:00,2025-05-04 00:43:00,Delivered
O1001299,EcomExpress,2025-12-10 08:22:00,2025-12-12 19:22:00,2025-12-12 19:22:00,Delivered
O1001300,Delhivery,2025-10-27 19:26:00,2025-10-29 06:26:00,2025-10-29 06:26:00,Delivered
O1001301,Delhivery,2025-01-15 02:48:00,2025-01-16 23:48:00,2025-01-16 23:48:00,Delivered
O1001302,DHL,2025-09-11 05:46:00,2025-09-12 09:46:00,2025-09-12 09:46:00,Delivered
O1001303,DHL,2025-10-25 01:49:00,2025-10-26 05:49:00,2025-10-26 11:49:00,Delayed
O1001304,DHL,2025-07-24 16:11:00,2025-07-25 19:11:00,2025-07-25 19:11:00,Delivered
O1001305,DHL,2025-08-23 06:03:00,2025-08-25 05:03:00,2025-08-25 05:03:00,Delivered
O1001306,EcomExpress,2025-01-01 15:38:00,2025-01-03 10:38:00,2025-01-03 10:38:00,Delivered
O1001307,Delhivery,2025-01-11 16:39:00,2025-01-13 05:39:00,2025-01-13 05:39:00,Delivered
O1001308,EcomExpress,2025-01-14 16:04:00,2025-01-16 04:04:00,2025-01-16 04:04:00,Delivered
O1001309,Delhivery,2025-03-01 10:58:00,2025-03-05 06:58:00,2025-03-07 06:58:00,Delayed
O1001310,EcomExpress,2025-12-29 10:02:00,2025-12-31 15:02:00,2025-12-31 15:02:00,Delivered
O1001311,Delhivery,2025-08-21 07:46:00,2025-08-23 20:46:00,2025-08-23 20:46:00,Delivered
O1001312,DHL,2025-10-13 22:25:00,2025-10-17 13:25:00,2025-10-17 13:25:00,Delivered
O1001313,BlueDart,2025-04-19 12:43:00,2025-04-23 11:43:00,2025-04-23 11:43:00,Delivered
O1001314,DHL,2025-12-09 22:22:00,2025-12-12 01:22:00,2025-12-12 01:22:00,Delivered
O1001315,EcomExpress,2025-03-15 11:21:00,2025-03-18 18:21:00,2025-03-19 18:21:00,Delayed
O1001316,Delhivery,2025-11-27 01:01:00,2025-11-29 05:01:00,2025-11-29 05:01:00,Delivered
O1001317,EcomExpress,2025-01-13 02:45:00,2025-01-14 21:45:00,2025-01-15 21:45:00,Delayed
O1001318,BlueDart,2025-01-08 21:17:00,2025-01-10 05:17:00,2025-01-10 05:17:00,Delivered
O1001319,Delhivery,2025-01-30 06:12:00,2025-02-01 07:12:00,2025-02-01 07:12:00,Delivered
O1001320,Delhivery,2025-10-17 23:38:00,2025-10-21 22:38:00,2025-10-22 04:38:00,Delayed
O1001321,EcomExpress,2025-04-04 16:43:00,2025-04-06 04:43:00,2025-04-06 04:43:00,Delivered
O1001322,DHL,2025-06-14 23:30:00,2025-06-16 09:30:00,2025-06-16 09:30:00,Delivered
O1001323,BlueDart,2025-06-23 09:24:00,2025-06-25 03:24:00,2025-06-25 03:24:00,Delivered
O1001324,BlueDart,2025-10-17 17:45:00,2025-10-19 17:45:00,2025-10-19 17:45:00,Delivered
O1001325,BlueDart,2025-05-09 14:39:00,2025-05-11 17:39:00,2025-05-11 23:39:00,Delayed
O1001326,EcomExpress,2025-01-04 00:59:00,2025-01-07 20:59:00,2025-01-07 20:59:00,Delivered
O1001327,BlueDart,2025-05-23 08:33:00,2025-05-27 02:33:00,2025-05-27 02:33:00,Delivered
O1001328,Delhivery,2025-04-17 06:09:00,2025-04-19 14:09:00,2025-04-19 14:09:00,Delivered
O1001329,EcomExpress,2025-09-25 11:28:00,2025-09-29 02:28:00,2025-10-01 02:28:00,Delayed
O1001330,DHL,2025-10-03 09:16:00,2025-10-05 09:16:00,2025-10-06 09:16:00,Delayed
O1001331,DHL,2025-02-04 05:23:00,2025-02-06 09:23:00,2025-02-06 09:23:00,Delivered
O1001332,DHL,2025-10-18 09:42:00,2025-10-21 12:42:00,2025-10-22 00:42:00,Delayed
O1001333,EcomExpress,2025-01-27 06:47:00,2025-01-30 20:47:00,2025-01-30 20:47:00,Delivered
O1001334,Delhivery,2025-08-16 04:28:00,2025-08-17 06:28:00,2025-08-17 06:28:00,Delivered
O1001335,DHL,2025-05-23 22:44:00,2025-05-26 16:44:00,2025-05-27 04:44:00,Delayed
O1001336,DHL,2025-04-21 16:11:00,2025-04-23 15:11:00,2025-04-23 15:11:00,Delivered
O1001337,BlueDart,2025-06-27 05:14:00,2025-06-29 09:14:00,2025-06-29 15:14:00,Delayed
O1001338,Delhivery,2025-04-24 23:33:00,2025-04-27 16:33:00,2025-04-27 16:33:00,Delivered
O1001339,EcomExpress,2025-10-17 17:07:00,2025-10-20 05:07:00,2025-10-21 05:07:00,Delayed
O1001340,BlueDart,2025-12-20 15:12:00,2025-12-24 14:12:00,2025-12-24 14:12:00,Delivered
O1001341,BlueDart,2025-10-25 19:56:00,2025-10-28 02:56:00,2025-10-28 02:56:00,Delivered
O1001342,DHL,2025-06-10 16:29:00,2025-06-14 13:29:00,2025-06-14 13:29:00,Delivered
O1001343,EcomExpress,2025-07-04 11:08:00,2025-07-07 11:08:00,2025-07-07 11:08:00,Delivered
O1001344,Delhivery,2025-06-13 23:38:00,2025-06-16 20:38:00,2025-06-17 02:38:00,Delayed
O1001345,EcomExpress,2025-10-18 07:22:00,2025-10-20 21:22:00,2025-10-21 03:22:00,Delayed
O1001346,DHL,2025-07-22 13:52:00,2025-07-24 13:52:00,2025-07-24 13:52:00,Delivered
O1001347,BlueDart,2025-06-20 17:09:00,2025-06-23 11:09:00,2025-06-23 11:09:00,Delivered
O1001348,EcomExpress,2025-05-31 10:57:00,2025-06-03 01:57:00,2025-06-03 01:57:00,Delivered
O1001349,DHL,2025-05-18 02:24:00,2025-05-19 09:24:00,2025-05-19 09:24:00,Delivered
O1001350,BlueDart,2025-07-22 00:56:00,2025-07-25 19:56:00,2025-07-25 19:56:00,Delivered
O1001351,DHL,2025-09-10 16:40:00,2025-09-14 07:40:00,2025-09-14 07:40:00,Delivered
O1001352,BlueDart,2025-06-07 20:51:00,2025-06-10 20:51:00,2025-06-11 08:51:00,Delayed
O1001354,EcomExpress,2025-10-29 22:29:00,2025-11-01 22:29:00,2025-11-01 22:29:00,Delivered
O1001355,Delhivery,2025-06-07 03:12:00,2025-06-08 13:12:00,2025-06-08 13:12:00,Delivered
O1001356,BlueDart,2025-11-29 04:49:00,2025-12-01 22:49:00,2025-12-02 22:49:00,Delayed
O1001357,DHL,2025-03-06 14:17:00,2025-03-10 11:17:00,2025-03-10 11:17:00,Delivered
O1001358,BlueDart,2025-12-07 18:03:00,2025-12-09 02:03:00,2025-12-09 02:03:00,Delivered
O1001359,Delhivery,2025-04-19 09:07:00,2025-04-23 01:07:00,2025-04-23 01:07:00,Delivered
O1001360,DHL,2025-07-26 07:43:00,2025-07-28 08:43:00,2025-07-29 08:43:00,Delayed
O1001361,EcomExpress,2025-04-14 16:26:00,2025-04-16 07:26:00,2025-04-16 19:26:00,Delayed
O1001362,DHL,2025-06-11 17:19:00,2025-06-15 09:19:00,2025-06-15 09:19:00,Delivered
O1001363,DHL,2025-05-05 18:32:00,2025-05-08 17:32:00,2025-05-09 05:32:00,Delayed
O1001364,BlueDart,2025-09-16 19:20:00,2025-09-20 04:20:00,2025-09-20 04:20:00,Delivered
O1001366,EcomExpress,2025-11-03 01:36:00,2025-11-06 16:36:00,2025-11-07 04:36:00,Delayed
O1001367,DHL,2025-11-27 01:18:00,2025-11-28 01:18:00,2025-11-28 13:18:00,Delayed
O1001368,BlueDart,2025-07-26 04:56:00,2025-07-27 19:56:00,2025-07-27 19:56:00,Delivered
O1001369,Delhivery,2025-07-20 17:04:00,2025-07-22 10:04:00,2025-07-22 10:04:00,Delivered
O1001370,EcomExpress,2025-09-13 17:23:00,2025-09-17 11:23:00,2025-09-17 11:23:00,Delivered
O1001371,EcomExpress,2025-03-15 01:50:00,2025-03-17 14:50:00,2025-03-17 20:50:00,Delayed
O1001372,BlueDart,2025-10-02 01:24:00,2025-10-03 13:24:00,2025-10-03 13:24:00,Delivered
O1001373,Delhivery,2025-03-22 06:36:00,2025-03-25 08:36:00,2025-03-25 08:36:00,Delivered
O1001374,Delhivery,2025-09-05 04:52:00,2025-09-07 05:52:00,2025-09-09 05:52:00,Delayed
O1001375,BlueDart,2025-04-22 21:49:00,2025-04-25 14:49:00,2025-04-25 14:49:00,Delivered
O1001376,DHL,2025-09-30 23:14:00,2025-10-04 18:14:00,2025-10-04 18:14:00,Delivered
O1001377,DHL,2025-10-17 04:21:00,2025-10-18 23:21:00,2025-10-18 23:21:00,Delivered
O1001378,BlueDart,2025-03-19 10:07:00,2025-03-23 06:07:00,2025-03-25 06:07:00,Delayed
O1001379,Delhivery,2025-08-14 16:38:00,2025-08-17 21:38:00,2025-08-18 03:38:00,Delayed
O1001380,BlueDart,2025-07-01 21:34:00,2025-07-02 22:34:00,2025-07-03 04:34:00,Delayed
O1001381,BlueDart,2025-04-19 01:37:00,2025-04-21 05:37:00,2025-04-21 05:37:00,Delivered
O1001382,Delhivery,2025-08-04 07:32:00,2025-08-07 21:32:00,2025-08-07 21:32:00,Delivered
O1001384,DHL,2025-01-02 06:13:00,2025-01-05 19:13:00,2025-01-05 19:13:00,Delivered
O1001385,DHL,2025-12-16 23:41:00,2025-12-20 00:41:00,2025-12-20 12:41:00,Delayed
O1001386,BlueDart,2025-11-10 03:11:00,2025-11-13 04:11:00,2025-11-13 04:11:00,Delivered
O1001387,BlueDart,2025-07-14 08:42:00,2025-07-17 22:42:00,2025-07-17 22:42:00,Delivered
O1001388,BlueDart,2025-08-12 20:44:00,2025-08-14 06:44:00,2025-08-14 06:44:00,Delivered
O1001389,DHL,2025-05-16 03:48:00,2025-05-18 12:48:00,2025-05-18 18:48:00,Delayed
O1001390,EcomExpress,2025-02-17 12:26:00,2025-02-19 13:26:00,2025-02-19 13:26:00,Delivered
O1001391,EcomExpress,2025-07-29 02:49:00,2025-08-02 00:49:00,2025-08-02 00:49:00,Delivered
O1001392,Delhivery,2025-10-26 02:50:00,2025-10-29 09:50:00,2025-10-29 09:50:00,Delivered
O1001393,DHL,2025-03-26 15:37:00,2025-03-29 20:37:00,2025-03-30 20:37:00,Delayed
O1001394,EcomExpress,2025-09-19 17:19:00,2025-09-20 23:19:00,2025-09-20 23:19:00,Delivered
O1001395,BlueDart,2025-10-02 06:42:00,2025-10-05 12:42:00,2025-10-05 12:42:00,Delivered
O1001397,Delhivery,2025-05-05 21:29:00,2025-05-09 09:29:00,2025-05-09 09:29:00,Delivered
O1001398,DHL,2025-05-25 03:04:00,2025-05-27 09:04:00,2025-05-27 21:04:00,Delayed
O1001399,DHL,2025-06-02 00:19:00,2025-06-05 14:19:00,2025-06-06 14:19:00,Delayed
O1001400,DHL,2025-11-08 23:35:00,2025-11-11 03:35:00,2025-11-11 03:35:00,Delivered
O1001401,DHL,2025-11-26 19:40:00,2025-11-29 18:40:00,2025-11-29 18:40:00,Delivered
O1001402,DHL,2025-06-02 06:07:00,2025-06-03 20:07:00,2025-06-04 02:07:00,Delayed
O1001403,EcomExpress,2025-12-22 04:19:00,2025-12-24 16:19:00,2025-12-24 16:19:00,Delivered
O1001404,BlueDart,2025-07-29 00:49:00,2025-07-30 04:49:00,2025-07-30 04:49:00,Delivered
O1001405,DHL,2025-05-21 20:20:00,2025-05-23 04:20:00,2025-05-23 04:20:00,Delivered
O1001406,EcomExpress,2025-01-02 07:04:00,2025-01-05 23:04:00,2025-01-06 05:04:00,Delayed
O1001407,EcomExpress,2025-08-13 03:08:00,2025-08-16 05:08:00,2025-08-16 11:08:00,Delayed
O1001408,DHL,2025-08-24 22:23:00,2025-08-27 16:23:00,2025-08-27 16:23:00,Delivered
O1001409,EcomExpress,2025-12-21 04:38:00,2025-12-23 09:38:00,2025-12-23 09:38:00,Delivered
O1001410,DHL,2025-09-21 03:13:00,2025-09-23 19:13:00,2025-09-25 19:13:00,Delayed
O1001411,EcomExpress,2025-01-11 15:25:00,2025-01-14 17:25:00,2025-01-14 17:25:00,Delivered
O1001412,Delhivery,2025-07-27 15:50:00,2025-07-29 15:50:00,2025-07-29 15:50:00,Delivered
O1001413,Delhivery,2025-09-30 03:59:00,2025-10-02 02:59:00,2025-10-04 02:59:00,Delayed
O1001414,Delhivery,2025-07-02 03:22:00,2025-07-05 08:22:00,2025-07-05 14:22:00,Delayed
O1001415,DHL,2025-06-07 00:14:00,2025-06-09 14:14:00,2025-06-09 14:14:00,Delivered
O1001416,EcomExpress,2025-10-24 00:15:00,2025-10-26 05:15:00,2025-10-26 17:15:00,Delayed
O1001417,DHL,2025-08-12 18:35:00,2025-08-15 02:35:00,2025-08-15 02:35:00,Delivered
O1001418,BlueDart,2025-09-07 08:50:00,2025-09-10 18:50:00,2025-09-10 18:50:00,Delivered
O1001419,Delhivery,2025-06-19 12:25:00,2025-06-22 01:25:00,2025-06-22 01:25:00,Delivered
O1001420,EcomExpress,2025-04-13 09:49:00,2025-04-14 14:49:00,2025-04-15 14:49:00,Delayed
O1001422,Delhivery,2025-12-18 04:19:00,2025-12-21 15:19:00,2025-12-21 15:19:00,Delivered
O1001423,EcomExpress,2025-08-08 21:53:00,2025-08-10 14:53:00,2025-08-10 14:53:00,Delivered
O1001424,Delhivery,2025-09-17 05:56:00,2025-09-18 10:56:00,2025-09-18 10:56:00,Delivered
O1001425,BlueDart,2025-02-16 04:57:00,2025-02-18 00:57:00,2025-02-18 00:57:00,Delivered
O1001426,BlueDart,2025-12-27 20:23:00,2025-12-29 04:23:00,2025-12-29 04:23:00,Delivered
O1001427,Delhivery,2025-03-31 18:31:00,2025-04-01 19:31:00,2025-04-01 19:31:00,Delivered
O1001428,EcomExpress,2025-12-21 13:01:00,2025-12-24 15:01:00,2025-12-24 21:01:00,Delayed
O1001429,Delhivery,2025-06-13 13:36:00,2025-06-16 12:36:00,2025-06-16 12:36:00,Delivered
O1001430,DHL,2025-12-02 13:40:00,2025-12-04 11:40:00,2025-12-05 11:40:00,Delayed
O1001431,BlueDart,2025-11-23 06:12:00,2025-11-26 08:12:00,2025-11-27 08:12:00,Delayed
O1001432,Delhivery,2025-10-03 16:00:00,2025-10-04 18:00:00,2025-10-04 18:00:00,Delivered
O1001433,BlueDart,2025-12-02 11:26:00,2025-12-04 16:26:00,2025-12-04 16:26:00,Delivered
O1001434,BlueDart,2025-08-12 04:01:00,2025-08-14 21:01:00,2025-08-14 21:01:00,Delivered
O1001435,BlueDart,2025-11-06 20:44:00,2025-11-10 05:44:00,2025-11-10 05:44:00,Delivered
O1001436,EcomExpress,2025-03-05 00:19:00,2025-03-06 19:19:00,2025-03-06 19:19:00,Delivered
O1001437,EcomExpress,2025-01-27 03:03:00,2025-01-30 23:03:00,2025-01-30 23:03:00,Delivered
O1001438,EcomExpress,2025-07-18 22:05:00,2025-07-21 00:05:00,2025-07-21 00:05:00,Delivered
O1001439,EcomExpress,2025-10-24 14:02:00,2025-10-27 19:02:00,2025-10-28 01:02:00,Delayed
O1001440,EcomExpress,2025-10-08 03:21:00,2025-10-09 15:21:00,2025-10-10 15:21:00,Delayed
O1001441,DHL,2025-07-12 13:38:00,2025-07-15 13:38:00,2025-07-15 13:38:00,Delivered
O1001442,EcomExpress,2025-07-11 07:20:00,2025-07-13 23:20:00,2025-07-13 23:20:00,Delivered
O1001443,EcomExpress,2025-08-11 22:07:00,2025-08-14 06:07:00,2025-08-14 06:07:00,Delivered
O1001444,EcomExpress,2025-11-14 00:46:00,2025-11-15 18:46:00,2025-11-15 18:46:00,Delivered
O1001445,DHL,2025-11-05 02:33:00,2025-11-07 17:33:00,2025-11-07 23:33:00,Delayed
O1001446,EcomExpress,2025-02-11 10:09:00,2025-02-13 15:09:00,2025-02-14 03:09:00,Delayed
O1001447,EcomExpress,2025-08-06 20:48:00,2025-08-08 16:48:00,2025-08-08 16:48:00,Delivered
O1001448,BlueDart,2025-05-21 08:16:00,2025-05-23 21:16:00,2025-05-23 21:16:00,Delivered
O1001449,Delhivery,2025-10-20 12:13:00,2025-10-22 05:13:00,2025-10-24 05:13:00,Delayed
O1001450,BlueDart,2025-07-05 11:43:00,2025-07-08 10:43:00,2025-07-08 10:43:00,Delivered
O1001451,DHL,2025-12-29 11:56:00,2025-12-30 12:56:00,2025-12-30 12:56:00,Delivered
O1001452,Delhivery,2025-06-08 02:13:00,2025-06-09 19:13:00,2025-06-11 19:13:00,Delayed
O1001453,BlueDart,2025-09-05 20:39:00,2025-09-08 06:39:00,2025-09-09 06:39:00,Delayed
O1001454,EcomExpress,2025-02-10 08:14:00,2025-02-11 17:14:00,2025-02-11 17:14:00,Delivered
O1001455,Delhivery,2025-12-07 16:17:00,2025-12-09 08:17:00,2025-12-09 08:17:00,Delivered
O1001456,BlueDart,2025-02-26 21:20:00,2025-03-01 03:20:00,2025-03-01 09:20:00,Delayed
O1001457,BlueDart,2025-05-19 19:09:00,2025-05-22 04:09:00,2025-05-22 04:09:00,Delivered
O1001458,EcomExpress,2025-11-02 19:43:00,2025-11-04 19:43:00,2025-11-04 19:43:00,Delivered
O1001459,EcomExpress,2025-12-20 22:47:00,2025-12-24 08:47:00,2025-12-24 08:47:00,Delivered
O1001460,DHL,2025-06-27 10:44:00,2025-06-29 22:44:00,2025-06-29 22:44:00,Delivered
O1001461,Delhivery,2025-06-27 07:41:00,2025-06-29 09:41:00,2025-06-29 09:41:00,Delivered
O1001463,Delhivery,2025-12-25 08:51:00,2025-12-27 20:51:00,2025-12-27 20:51:00,Delivered
O1001464,BlueDart,2025-01-07 22:33:00,2025-01-09 21:33:00,2025-01-09 21:33:00,Delivered
O1001465,DHL,2025-01-11 15:44:00,2025-01-12 18:44:00,2025-01-13 00:44:00,Delayed
O1001466,DHL,2025-06-22 23:10:00,2025-06-25 07:10:00,2025-06-25 19:10:00,Delayed
O1001467,EcomExpress,2025-01-02 21:15:00,2025-01-04 23:15:00,2025-01-05 05:15:00,Delayed
O1001468,EcomExpress,2025-03-01 23:36:00,2025-03-04 10:36:00,2025-03-04 10:36:00,Delivered
O1001469,EcomExpress,2025-08-19 14:32:00,2025-08-22 03:32:00,2025-08-24 03:32:00,Delayed
O1001470,BlueDart,2025-09-16 19:21:00,2025-09-18 14:21:00,2025-09-20 14:21:00,Delayed
O1001471,EcomExpress,2025-04-20 10:53:00,2025-04-22 18:53:00,2025-04-22 18:53:00,Delivered
O1001472,Delhivery,2025-10-18 22:03:00,2025-10-21 17:03:00,2025-10-23 17:03:00,Delayed
O1001474,Delhivery,2025-03-25 19:20:00,2025-03-27 12:20:00,2025-03-27 12:20:00,Delivered
O1001475,Delhivery,2025-09-19 01:13:00,2025-09-20 03:13:00,2025-09-20 03:13:00,Delivered
O1001476,DHL,2025-08-06 06:00:00,2025-08-07 19:00:00,2025-08-07 19:00:00,Delivered
O1001477,Delhivery,2025-10-25 12:28:00,2025-10-27 23:28:00,2025-10-27 23:28:00,Delivered
O1001478,EcomExpress,2025-02-27 19:21:00,2025-03-02 20:21:00,2025-03-03 20:21:00,Delayed
O1001479,EcomExpress,2025-03-27 12:11:00,2025-03-30 10:11:00,2025-03-30 10:11:00,Delivered
O1001480,Delhivery,2025-04-22 07:12:00,2025-04-25 14:12:00,2025-04-26 02:12:00,Delayed
O1001481,DHL,2025-05-05 21:54:00,2025-05-08 06:54:00,2025-05-08 18:54:00,Delayed
O1001482,DHL,2025-11-22 16:24:00,2025-11-26 07:24:00,2025-11-26 07:24:00,Delivered
O1001483,BlueDart,2025-09-26 01:30:00,2025-09-29 23:30:00,2025-09-30 05:30:00,Delayed
O1001484,EcomExpress,2025-07-19 07:05:00,2025-07-20 08:05:00,2025-07-20 08:05:00,Delivered
O1001485,Delhivery,2025-07-18 15:46:00,2025-07-20 02:46:00,2025-07-20 02:46:00,Delivered
O1001486,DHL,2025-11-21 10:01:00,2025-11-23 14:01:00,2025-11-23 14:01:00,Delivered
O1001487,Delhivery,2025-06-14 03:23:00,2025-06-16 11:23:00,2025-06-17 11:23:00,Delayed
O1001488,DHL,2025-03-25 06:13:00,2025-03-26 20:13:00,2025-03-27 02:13:00,Delayed
O1001489,Delhivery,2025-02-20 02:27:00,2025-02-21 23:27:00,2025-02-21 23:27:00,Delivered
O1001490,Delhivery,2025-05-02 00:00:00,2025-05-03 03:00:00,2025-05-03 03:00:00,Delivered
O1001491,Delhivery,2025-08-27 17:44:00,2025-08-31 10:44:00,2025-08-31 16:44:00,Delayed
O1001492,Delhivery,2025-06-22 16:41:00,2025-06-26 00:41:00,2025-06-26 12:41:00,Delayed
O1001493,BlueDart,2025-06-03 15:54:00,2025-06-05 03:54:00,2025-06-06 03:54:00,Delayed
O1001494,EcomExpress,2025-06-25 12:56:00,2025-06-27 16:56:00,2025-06-28 04:56:00,Delayed
O1001495,EcomExpress,2025-12-23 12:52:00,2025-12-26 01:52:00,2025-12-26 01:52:00,Delivered
O1001496,EcomExpress,2025-12-31 21:31:00,2026-01-03 05:31:00,2026-01-04 05:31:00,Delayed
O1001497,BlueDart,2025-03-01 00:06:00,2025-03-03 06:06:00,2025-03-03 18:06:00,Delayed
O1001498,Delhivery,2025-02-12 02:27:00,2025-02-14 17:27:00,2025-02-14 17:27:00,Delivered
O1001499,DHL,2025-04-01 08:10:00,2025-04-05 02:10:00,2025-04-05 08:10:00,Delayed
O1001500,DHL,2025-11-07 22:40:00,2025-11-10 11:40:00,2025-11-10 11:40:00,Delivered
O1001501,Delhivery,2025-06-17 17:01:00,2025-06-20 09:01:00,2025-06-20 09:01:00,Delivered
O1001504,Delhivery,2025-07-22 03:23:00,2025-07-23 21:23:00,2025-07-23 21:23:00,Delivered
O1001505,BlueDart,2025-04-14 08:54:00,2025-04-16 17:54:00,2025-04-16 23:54:00,Delayed
O1001506,Delhivery,2025-05-06 12:59:00,2025-05-09 12:59:00,2025-05-09 12:59:00,Delivered
O1001507,Delhivery,2025-02-24 01:22:00,2025-02-26 19:22:00,2025-02-27 07:22:00,Delayed
O1001508,EcomExpress,2025-07-10 10:54:00,2025-07-12 21:54:00,2025-07-12 21:54:00,Delivered
O1001509,BlueDart,2025-04-14 00:15:00,2025-04-17 03:15:00,2025-04-17 03:15:00,Delivered
O1001510,DHL,2025-04-18 05:43:00,2025-04-19 20:43:00,2025-04-19 20:43:00,Delivered
O1001511,BlueDart,2025-01-16 02:11:00,2025-01-17 04:11:00,2025-01-17 04:11:00,Delivered
O1001512,DHL,2025-10-20 20:36:00,2025-10-22 18:36:00,2025-10-23 00:36:00,Delayed
O1001513,EcomExpress,2025-12-10 00:56:00,2025-12-11 17:56:00,2025-12-11 17:56:00,Delivered
O1001514,DHL,2025-07-02 14:23:00,2025-07-06 07:23:00,2025-07-06 07:23:00,Delivered
O1001515,BlueDart,2025-07-16 04:50:00,2025-07-17 20:50:00,2025-07-18 20:50:00,Delayed
O1001516,DHL,2025-12-05 00:16:00,2025-12-08 17:16:00,2025-12-08 17:16:00,Delivered
O1001518,EcomExpress,2025-08-16 15:50:00,2025-08-18 20:50:00,2025-08-18 20:50:00,Delivered
O1001519,DHL,2025-06-07 00:29:00,2025-06-10 03:29:00,2025-06-10 03:29:00,Delivered
O1001520,BlueDart,2025-07-08 01:26:00,2025-07-10 18:26:00,2025-07-12 18:26:00,Delayed
O1001521,BlueDart,2025-07-11 04:26:00,2025-07-12 04:26:00,2025-07-12 04:26:00,Delivered
O1001522,DHL,2025-09-17 21:05:00,2025-09-21 14:05:00,2025-09-21 14:05:00,Delivered
O1001523,EcomExpress,2025-08-10 10:00:00,2025-08-12 20:00:00,2025-08-12 20:00:00,Delivered
O1001524,Delhivery,2025-07-04 14:28:00,2025-07-07 06:28:00,2025-07-07 12:28:00,Delayed
O1001525,EcomExpress,2025-01-29 10:41:00,2025-01-31 05:41:00,2025-01-31 05:41:00,Delivered
O1001526,Delhivery,2025-11-27 21:16:00,2025-11-29 10:16:00,2025-11-30 10:16:00,Delayed
O1001527,DHL,2025-11-22 05:08:00,2025-11-23 07:08:00,2025-11-23 07:08:00,Delivered
O1001528,Delhivery,2025-03-10 05:22:00,2025-03-12 18:22:00,2025-03-12 18:22:00,Delivered
O1001529,DHL,2025-04-19 14:17:00,2025-04-21 12:17:00,2025-04-21 12:17:00,Delivered
O1001530,Delhivery,2025-12-23 12:10:00,2025-12-25 18:10:00,2025-12-26 18:10:00,Delayed
O1001531,BlueDart,2025-04-28 19:24:00,2025-05-02 17:24:00,2025-05-02 17:24:00,Delivered
O1001533,BlueDart,2025-10-14 23:14:00,2025-10-17 21:14:00,2025-10-17 21:14:00,Delivered
O1001534,Delhivery,2025-11-12 06:02:00,2025-11-15 11:02:00,2025-11-15 11:02:00,Delivered
O1001535,Delhivery,2025-01-06 17:55:00,2025-01-09 14:55:00,2025-01-09 14:55:00,Delivered
O1001536,BlueDart,2025-06-27 09:38:00,2025-06-28 21:38:00,2025-06-28 21:38:00,Delivered
O1001537,Delhivery,2025-07-27 07:13:00,2025-07-30 06:13:00,2025-07-30 06:13:00,Delivered
O1001538,BlueDart,2025-11-02 20:58:00,2025-11-06 11:58:00,2025-11-06 11:58:00,Delivered
O1001539,Delhivery,2025-03-23 19:43:00,2025-03-27 18:43:00,2025-03-27 18:43:00,Delivered
O1001540,EcomExpress,2025-04-23 08:28:00,2025-04-24 11:28:00,2025-04-24 11:28:00,Delivered
O1001541,DHL,2025-03-07 20:31:00,2025-03-08 21:31:00,2025-03-08 21:31:00,Delivered
O1001542,DHL,2025-10-07 11:47:00,2025-10-11 09:47:00,2025-10-11 09:47:00,Delivered
O1001543,EcomExpress,2026-01-01 08:22:00,2026-01-04 14:22:00,2026-01-06 14:22:00,Delayed
O1001544,DHL,2025-02-22 05:49:00,2025-02-23 06:49:00,2025-02-23 06:49:00,Delivered
O1001545,DHL,2025-03-27 13:32:00,2025-03-31 02:32:00,2025-03-31 14:32:00,Delayed
O1001546,DHL,2025-04-23 23:41:00,2025-04-27 18:41:00,2025-04-27 18:41:00,Delivered
O1001547,DHL,2025-11-22 12:07:00,2025-11-24 05:07:00,2025-11-24 05:07:00,Delivered
O1001548,BlueDart,2025-06-13 11:23:00,2025-06-15 02:23:00,2025-06-17 02:23:00,Delayed
O1001549,EcomExpress,2025-04-14 01:56:00,2025-04-17 07:56:00,2025-04-17 07:56:00,Delivered
O1001550,DHL,2025-04-29 03:40:00,2025-05-01 00:40:00,2025-05-01 06:40:00,Delayed
O1001551,BlueDart,2025-08-08 11:20:00,2025-08-09 18:20:00,2025-08-09 18:20:00,Delivered
O1001552,Delhivery,2025-05-23 01:42:00,2025-05-26 03:42:00,2025-05-26 15:42:00,Delayed
O1001553,EcomExpress,2025-02-21 21:13:00,2025-02-24 12:13:00,2025-02-25 12:13:00,Delayed
O1001554,Delhivery,2025-10-28 00:35:00,2025-10-29 19:35:00,2025-10-29 19:35:00,Delivered
O1001556,Delhivery,2025-04-04 23:22:00,2025-04-06 22:22:00,2025-04-06 22:22:00,Delivered
O1001557,DHL,2025-09-23 12:47:00,2025-09-25 21:47:00,2025-09-26 21:47:00,Delayed
O1001558,DHL,2025-10-01 10:12:00,2025-10-03 02:12:00,2025-10-03 02:12:00,Delivered
O1001559,EcomExpress,2025-02-26 23:31:00,2025-02-28 02:31:00,2025-02-28 02:31:00,Delivered
O1001560,Delhivery,2025-01-28 08:01:00,2025-01-31 06:01:00,2025-01-31 06:01:00,Delivered
O1001561,EcomExpress,2025-01-17 23:46:00,2025-01-19 20:46:00,2025-01-19 20:46:00,Delivered
O1001562,EcomExpress,2025-10-07 18:11:00,2025-10-09 22:11:00,2025-10-09 22:11:00,Delivered
O1001563,BlueDart,2025-08-18 12:48:00,2025-08-20 10:48:00,2025-08-20 10:48:00,Delivered
O1001564,BlueDart,2025-10-17 20:32:00,2025-10-19 07:32:00,2025-10-19 07:32:00,Delivered
O1001565,EcomExpress,2025-08-17 15:17:00,2025-08-20 06:17:00,2025-08-20 06:17:00,Delivered
O1001566,BlueDart,2025-05-28 02:42:00,2025-05-30 21:42:00,2025-05-30 21:42:00,Delivered
O1001567,Delhivery,2025-08-04 18:34:00,2025-08-07 06:34:00,2025-08-07 12:34:00,Delayed
O1001568,EcomExpress,2025-09-22 10:29:00,2025-09-24 22:29:00,2025-09-25 04:29:00,Delayed
O1001569,EcomExpress,2025-05-26 11:51:00,2025-05-29 14:51:00,2025-05-29 14:51:00,Delivered
O1001570,DHL,2025-12-01 14:01:00,2025-12-02 17:01:00,2025-12-02 17:01:00,Delivered
O1001571,BlueDart,2025-11-26 12:12:00,2025-11-29 19:12:00,2025-11-30 07:12:00,Delayed
O1001572,DHL,2025-10-20 22:54:00,2025-10-24 09:54:00,2025-10-24 09:54:00,Delivered
O1001573,DHL,2025-12-30 07:45:00,2025-12-31 17:45:00,2026-01-01 17:45:00,Delayed
O1001575,BlueDart,2025-02-12 06:10:00,2025-02-16 05:10:00,2025-02-18 05:10:00,Delayed
O1001576,BlueDart,2025-06-26 23:21:00,2025-06-29 07:21:00,2025-06-29 07:21:00,Delivered
O1001577,DHL,2025-10-01 04:37:00,2025-10-03 04:37:00,2025-10-03 04:37:00,Delivered
O1001578,BlueDart,2025-10-12 13:20:00,2025-10-14 10:20:00,2025-10-14 10:20:00,Delivered
O1001579,DHL,2025-05-23 04:12:00,2025-05-27 03:12:00,2025-05-27 03:12:00,Delivered
O1001580,Delhivery,2025-04-17 17:38:00,2025-04-20 08:38:00,2025-04-20 14:38:00,Delayed
O1001581,Delhivery,2025-06-13 14:51:00,2025-06-17 13:51:00,2025-06-17 13:51:00,Delivered
O1001582,EcomExpress,2025-10-22 09:43:00,2025-10-25 12:43:00,2025-10-27 12:43:00,Delayed
O1001583,EcomExpress,2025-01-23 17:34:00,2025-01-26 02:34:00,2025-01-26 08:34:00,Delayed
O1001584,Delhivery,2025-05-01 05:11:00,2025-05-02 07:11:00,2025-05-04 07:11:00,Delayed
O1001585,Delhivery,2025-03-26 01:48:00,2025-03-29 19:48:00,2025-03-29 19:48:00,Delivered
O1001586,EcomExpress,2025-10-23 02:25:00,2025-10-24 18:25:00,2025-10-24 18:25:00,Delivered
O1001587,EcomExpress,2025-06-22 06:54:00,2025-06-25 14:54:00,2025-06-25 14:54:00,Delivered
O1001588,EcomExpress,2025-02-01 22:29:00,2025-02-03 07:29:00,2025-02-03 19:29:00,Delayed
O1001589,BlueDart,2025-04-06 16:16:00,2025-04-10 04:16:00,2025-04-10 04:16:00,Delivered
O1001590,Delhivery,2025-01-18 06:25:00,2025-01-19 07:25:00,2025-01-20 07:25:00,Delayed
O1001591,BlueDart,2025-06-24 07:09:00,2025-06-25 15:09:00,2025-06-25 15:09:00,Delivered
O1001592,EcomExpress,2026-01-01 01:53:00,2026-01-02 22:53:00,2026-01-02 22:53:00,Delivered
O1001593,DHL,2025-07-28 17:26:00,2025-08-01 01:26:00,2025-08-01 01:26:00,Delivered
O1001594,DHL,2025-11-14 21:26:00,2025-11-18 20:26:00,2025-11-18 20:26:00,Delivered
O1001595,Delhivery,2025-09-29 17:40:00,2025-10-01 10:40:00,2025-10-01 22:40:00,Delayed
O1001597,BlueDart,2025-04-24 18:37:00,2025-04-27 11:37:00,2025-04-27 11:37:00,Delivered
O1001598,DHL,2025-12-15 00:53:00,2025-12-18 05:53:00,2025-12-19 05:53:00,Delayed
O1001599,DHL,2025-03-29 16:45:00,2025-04-02 08:45:00,2025-04-02 08:45:00,Delivered
O1001600,BlueDart,2025-06-10 09:08:00,2025-06-12 01:08:00,2025-06-12 01:08:00,Delivered
O1001601,DHL,2025-09-07 01:57:00,2025-09-08 09:57:00,2025-09-10 09:57:00,Delayed
O1001602,DHL,2025-04-16 17:12:00,2025-04-20 01:12:00,2025-04-20 13:12:00,Delayed
O1001603,Delhivery,2025-04-08 02:14:00,2025-04-09 04:14:00,2025-04-09 04:14:00,Delivered
O1001604,EcomExpress,2025-02-18 12:08:00,2025-02-22 04:08:00,2025-02-22 04:08:00,Delivered
O1001605,DHL,2025-01-02 23:56:00,2025-01-05 03:56:00,2025-01-06 03:56:00,Delayed
O1001606,Delhivery,2025-07-03 12:51:00,2025-07-06 00:51:00,2025-07-06 00:51:00,Delivered
O1001607,EcomExpress,2025-12-28 05:50:00,2025-12-30 16:50:00,2025-12-30 16:50:00,Delivered
O1001608,DHL,2025-03-22 14:05:00,2025-03-24 21:05:00,2025-03-24 21:05:00,Delivered
O1001609,EcomExpress,2025-06-10 19:03:00,2025-06-11 19:03:00,2025-06-11 19:03:00,Delivered
O1001610,EcomExpress,2025-12-09 05:21:00,2025-12-10 15:21:00,2025-12-10 15:21:00,Delivered
O1001611,DHL,2025-10-10 06:02:00,2025-10-12 07:02:00,2025-10-12 07:02:00,Delivered
O1001612,Delhivery,2025-01-02 14:50:00,2025-01-04 06:50:00,2025-01-04 06:50:00,Delivered
O1001613,DHL,2025-07-03 04:29:00,2025-07-06 14:29:00,2025-07-06 14:29:00,Delivered
O1001614,Delhivery,2025-02-23 10:49:00,2025-02-27 09:49:00,2025-02-27 09:49:00,Delivered
O1001616,EcomExpress,2025-03-31 17:58:00,2025-04-02 07:58:00,2025-04-02 07:58:00,Delivered
O1001617,EcomExpress,2025-08-13 07:36:00,2025-08-16 11:36:00,2025-08-16 17:36:00,Delayed
O1001618,DHL,2025-03-15 14:23:00,2025-03-18 02:23:00,2025-03-18 02:23:00,Delivered
O1001619,EcomExpress,2025-04-03 05:12:00,2025-04-06 12:12:00,2025-04-06 12:12:00,Delivered
O1001620,EcomExpress,2025-03-25 04:41:00,2025-03-28 10:41:00,2025-03-28 22:41:00,Delayed
O1001621,BlueDart,2025-05-12 00:56:00,2025-05-15 10:56:00,2025-05-15 10:56:00,Delivered
O1001622,BlueDart,2025-08-29 09:00:00,2025-09-02 06:00:00,2025-09-02 06:00:00,Delivered
O1001623,BlueDart,2025-05-27 05:53:00,2025-05-29 23:53:00,2025-05-30 05:53:00,Delayed
O1001624,BlueDart,2025-05-01 00:06:00,2025-05-04 18:06:00,2025-05-04 18:06:00,Delivered
O1001625,DHL,2025-07-08 17:24:00,2025-07-11 00:24:00,2025-07-11 00:24:00,Delivered
O1001626,DHL,2025-08-14 15:23:00,2025-08-15 18:23:00,2025-08-16 06:23:00,Delayed
O1001627,DHL,2025-01-07 13:27:00,2025-01-09 14:27:00,2025-01-09 14:27:00,Delivered
O1001628,Delhivery,2025-11-22 00:50:00,2025-11-25 01:50:00,2025-11-25 01:50:00,Delivered
O1001629,BlueDart,2025-12-02 10:26:00,2025-12-03 11:26:00,2025-12-04 11:26:00,Delayed
O1001630,EcomExpress,2025-08-09 03:04:00,2025-08-12 14:04:00,2025-08-12 14:04:00,Delivered
O1001631,DHL,2025-07-30 07:45:00,2025-08-02 17:45:00,2025-08-02 17:45:00,Delivered
O1001632,Delhivery,2025-09-12 16:21:00,2025-09-14 08:21:00,2025-09-14 08:21:00,Delivered
O1001633,DHL,2025-06-11 08:25:00,2025-06-14 22:25:00,2025-06-16 22:25:00,Delayed
O1001634,EcomExpress,2025-05-15 09:44:00,2025-05-18 16:44:00,2025-05-18 16:44:00,Delivered
O1001635,DHL,2025-05-10 09:27:00,2025-05-12 09:27:00,2025-05-13 09:27:00,Delayed
O1001636,BlueDart,2025-03-01 15:17:00,2025-03-05 09:17:00,2025-03-05 09:17:00,Delivered
O1001637,DHL,2025-11-05 08:22:00,2025-11-07 21:22:00,2025-11-08 09:22:00,Delayed
O1001638,EcomExpress,2025-04-28 21:23:00,2025-05-01 05:23:00,2025-05-01 17:23:00,Delayed
O1001639,EcomExpress,2025-04-14 13:33:00,2025-04-17 06:33:00,2025-04-17 06:33:00,Delivered
O1001640,EcomExpress,2025-12-19 09:22:00,2025-12-23 07:22:00,2025-12-23 07:22:00,Delivered
O1001641,DHL,2025-07-04 16:32:00,2025-07-07 15:32:00,2025-07-07 15:32:00,Delivered
O1001642,Delhivery,2025-08-15 21:52:00,2025-08-18 09:52:00,2025-08-18 09:52:00,Delivered
O1001643,EcomExpress,2025-03-31 21:06:00,2025-04-03 19:06:00,2025-04-03 19:06:00,Delivered
O1001644,EcomExpress,2025-04-12 13:12:00,2025-04-15 18:12:00,2025-04-16 00:12:00,Delayed
O1001645,DHL,2025-09-24 10:51:00,2025-09-26 00:51:00,2025-09-26 00:51:00,Delivered
O1001646,EcomExpress,2025-06-14 14:52:00,2025-06-17 04:52:00,2025-06-17 04:52:00,Delivered
O1001647,Delhivery,2025-02-23 21:20:00,2025-02-26 22:20:00,2025-02-27 10:20:00,Delayed
O1001648,EcomExpress,2025-11-02 11:09:00,2025-11-04 00:09:00,2025-11-04 00:09:00,Delivered
O1001649,Delhivery,2025-05-28 17:22:00,2025-05-31 23:22:00,2025-05-31 23:22:00,Delivered
O1001650,DHL,2025-09-01 16:49:00,2025-09-02 16:49:00,2025-09-02 16:49:00,Delivered
O1001651,Delhivery,2025-05-06 10:20:00,2025-05-07 11:20:00,2025-05-07 11:20:00,Delivered
O1001652,EcomExpress,2025-07-25 03:25:00,2025-07-27 07:25:00,2025-07-27 07:25:00,Delivered
O1001653,EcomExpress,2025-10-12 09:57:00,2025-10-15 05:57:00,2025-10-15 05:57:00,Delivered
O1001654,BlueDart,2025-11-20 13:10:00,2025-11-21 21:10:00,2025-11-21 21:10:00,Delivered
O1001655,EcomExpress,2025-03-18 00:12:00,2025-03-20 06:12:00,2025-03-20 12:12:00,Delayed
O1001656,BlueDart,2025-09-03 23:07:00,2025-09-05 12:07:00,2025-09-05 12:07:00,Delivered
O1001657,BlueDart,2025-12-01 16:50:00,2025-12-05 07:50:00,2025-12-06 07:50:00,Delayed
O1001658,EcomExpress,2025-08-24 06:33:00,2025-08-27 10:33:00,2025-08-27 16:33:00,Delayed
O1001659,Delhivery,2025-02-23 10:46:00,2025-02-27 05:46:00,2025-03-01 05:46:00,Delayed
O1001660,DHL,2025-03-11 17:20:00,2025-03-13 19:20:00,2025-03-14 01:20:00,Delayed
O1001661,EcomExpress,2025-03-16 13:18:00,2025-03-19 07:18:00,2025-03-19 07:18:00,Delivered
O1001662,EcomExpress,2025-02-09 08:41:00,2025-02-11 09:41:00,2025-02-11 09:41:00,Delivered
O1001663,EcomExpress,2025-10-03 17:51:00,2025-10-05 21:51:00,2025-10-05 21:51:00,Delivered
O1001664,Delhivery,2025-12-19 23:02:00,2025-12-22 14:02:00,2025-12-22 20:02:00,Delayed
O1001665,BlueDart,2025-07-09 04:03:00,2025-07-12 23:03:00,2025-07-12 23:03:00,Delivered
O1001666,BlueDart,2025-08-08 06:54:00,2025-08-11 20:54:00,2025-08-11 20:54:00,Delivered
O1001667,BlueDart,2025-10-11 14:28:00,2025-10-13 09:28:00,2025-10-13 15:28:00,Delayed
O1001668,DHL,2025-06-01 17:49:00,2025-06-03 15:49:00,2025-06-03 15:49:00,Delivered
O1001669,Delhivery,2025-06-23 01:14:00,2025-06-25 12:14:00,2025-06-25 18:14:00,Delayed
O1001670,Delhivery,2025-08-03 22:43:00,2025-08-07 04:43:00,2025-08-07 04:43:00,Delivered
O1001671,Delhivery,2025-04-23 04:46:00,2025-04-25 05:46:00,2025-04-25 05:46:00,Delivered
O1001672,BlueDart,2025-01-24 17:45:00,2025-01-25 21:45:00,2025-01-25 21:45:00,Delivered
O1001673,Delhivery,2025-07-28 13:22:00,2025-07-30 00:22:00,2025-08-01 00:22:00,Delayed
O1001674,Delhivery,2025-10-29 05:48:00,2025-10-31 09:48:00,2025-10-31 09:48:00,Delivered
O1001675,Delhivery,2025-01-28 02:33:00,2025-01-31 18:33:00,2025-01-31 18:33:00,Delivered
O1001676,Delhivery,2025-03-21 23:51:00,2025-03-25 00:51:00,2025-03-25 00:51:00,Delivered
O1001677,EcomExpress,2025-04-07 13:15:00,2025-04-09 07:15:00,2025-04-09 07:15:00,Delivered
O1001678,DHL,2025-10-22 15:10:00,2025-10-25 09:10:00,2025-10-25 09:10:00,Delivered
O1001679,BlueDart,2025-07-04 15:17:00,2025-07-08 00:17:00,2025-07-08 06:17:00,Delayed
O1001680,DHL,2025-07-16 11:58:00,2025-07-18 07:58:00,2025-07-18 07:58:00,Delivered
O1001681,Delhivery,2025-08-25 17:04:00,2025-08-28 23:04:00,2025-08-28 23:04:00,Delivered
O1001682,BlueDart,2025-04-11 19:28:00,2025-04-14 17:28:00,2025-04-14 17:28:00,Delivered
O1001683,Delhivery,2025-09-18 16:29:00,2025-09-21 16:29:00,2025-09-22 04:29:00,Delayed
O1001685,Delhivery,2025-02-12 19:21:00,2025-02-14 04:21:00,2025-02-14 04:21:00,Delivered
O1001686,BlueDart,2025-10-26 01:29:00,2025-10-27 08:29:00,2025-10-27 08:29:00,Delivered
O1001687,DHL,2025-08-30 15:39:00,2025-09-01 23:39:00,2025-09-01 23:39:00,Delivered
O1001688,EcomExpress,2025-03-06 20:18:00,2025-03-09 00:18:00,2025-03-09 12:18:00,Delayed
O1001689,Delhivery,2025-06-11 04:06:00,2025-06-13 02:06:00,2025-06-15 02:06:00,Delayed
O1001690,DHL,2025-01-20 07:59:00,2025-01-24 01:59:00,2025-01-24 01:59:00,Delivered
O1001691,Delhivery,2025-09-03 22:26:00,2025-09-05 15:26:00,2025-09-05 15:26:00,Delivered
O1001692,Delhivery,2025-10-03 17:37:00,2025-10-05 19:37:00,2025-10-05 19:37:00,Delivered
O1001693,DHL,2025-04-12 15:45:00,2025-04-13 18:45:00,2025-04-13 18:45:00,Delivered
O1001694,BlueDart,2025-05-08 17:33:00,2025-05-09 18:33:00,2025-05-09 18:33:00,Delivered
O1001695,DHL,2025-03-29 13:26:00,2025-03-31 12:26:00,2025-03-31 12:26:00,Delivered
O1001696,Delhivery,2025-05-24 00:41:00,2025-05-27 04:41:00,2025-05-27 04:41:00,Delivered
O1001697,DHL,2025-04-11 11:34:00,2025-04-14 05:34:00,2025-04-14 05:34:00,Delivered
O1001698,DHL,2025-04-01 20:26:00,2025-04-04 21:26:00,2025-04-04 21:26:00,Delivered
O1001699,BlueDart,2025-06-08 05:04:00,2025-06-11 11:04:00,2025-06-11 11:04:00,Delivered
O1001700,Delhivery,2025-11-11 02:41:00,2025-11-13 19:41:00,2025-11-13 19:41:00,Delivered
O1001701,EcomExpress,2025-10-07 12:15:00,2025-10-09 20:15:00,2025-10-09 20:15:00,Delivered
O1001702,BlueDart,2025-04-20 04:06:00,2025-04-22 06:06:00,2025-04-23 06:06:00,Delayed
O1001703,DHL,2025-12-12 14:51:00,2025-12-13 16:51:00,2025-12-13 16:51:00,Delivered
O1001704,Delhivery,2025-03-19 11:07:00,2025-03-21 10:07:00,2025-03-22 10:07:00,Delayed
O1001705,Delhivery,2025-11-30 03:14:00,2025-12-02 14:14:00,2025-12-04 14:14:00,Delayed
O1001706,BlueDart,2025-04-24 18:03:00,2025-04-26 10:03:00,2025-04-26 10:03:00,Delivered
O1001707,EcomExpress,2025-07-18 01:16:00,2025-07-19 11:16:00,2025-07-20 11:16:00,Delayed
O1001708,DHL,2025-03-17 06:42:00,2025-03-20 00:42:00,2025-03-20 00:42:00,Delivered
O1001709,EcomExpress,2025-10-06 21:43:00,2025-10-09 07:43:00,2025-10-09 07:43:00,Delivered
O1001710,BlueDart,2025-04-27 12:07:00,2025-05-01 11:07:00,2025-05-01 17:07:00,Delayed
O1001712,BlueDart,2025-01-31 12:55:00,2025-02-03 23:55:00,2025-02-03 23:55:00,Delivered
O1001713,Delhivery,2025-07-04 07:21:00,2025-07-07 15:21:00,2025-07-07 15:21:00,Delivered
O1001714,Delhivery,2025-02-28 06:00:00,2025-03-02 17:00:00,2025-03-03 17:00:00,Delayed
O1001715,EcomExpress,2025-11-22 12:55:00,2025-11-25 11:55:00,2025-11-27 11:55:00,Delayed
O1001716,EcomExpress,2025-06-03 01:43:00,2025-06-06 16:43:00,2025-06-06 16:43:00,Delivered
O1001718,BlueDart,2025-11-18 19:37:00,2025-11-21 12:37:00,2025-11-21 18:37:00,Delayed
O1001719,DHL,2025-07-15 15:34:00,2025-07-17 09:34:00,2025-07-17 09:34:00,Delivered
O1001720,BlueDart,2025-01-22 13:11:00,2025-01-25 15:11:00,2025-01-25 15:11:00,Delivered
O1001721,Delhivery,2025-03-23 04:17:00,2025-03-24 12:17:00,2025-03-24 12:17:00,Delivered
O1001722,EcomExpress,2025-03-20 02:39:00,2025-03-22 14:39:00,2025-03-22 14:39:00,Delivered
O1001723,BlueDart,2025-12-01 03:05:00,2025-12-04 16:05:00,2025-12-04 16:05:00,Delivered
O1001724,DHL,2025-11-29 08:28:00,2025-12-02 21:28:00,2025-12-03 03:28:00,Delayed
O1001725,DHL,2025-06-25 05:37:00,2025-06-28 12:37:00,2025-06-28 12:37:00,Delivered
O1001726,EcomExpress,2025-11-21 20:34:00,2025-11-24 13:34:00,2025-11-24 19:34:00,Delayed
O1001727,EcomExpress,2025-04-01 07:49:00,2025-04-03 08:49:00,2025-04-03 08:49:00,Delivered
O1001728,Delhivery,2025-09-05 19:02:00,2025-09-07 12:02:00,2025-09-07 12:02:00,Delivered
O1001729,BlueDart,2025-05-25 03:30:00,2025-05-27 14:30:00,2025-05-28 02:30:00,Delayed
O1001730,Delhivery,2025-03-30 00:28:00,2025-04-01 16:28:00,2025-04-01 16:28:00,Delivered
O1001731,EcomExpress,2025-04-03 10:19:00,2025-04-05 09:19:00,2025-04-05 15:19:00,Delayed
O1001732,EcomExpress,2025-06-03 18:32:00,2025-06-05 11:32:00,2025-06-05 11:32:00,Delivered
O1001733,Delhivery,2025-05-04 21:06:00,2025-05-08 04:06:00,2025-05-08 04:06:00,Delivered
O1001734,DHL,2025-03-20 00:15:00,2025-03-22 14:15:00,2025-03-23 14:15:00,Delayed
O1001736,DHL,2025-02-17 04:51:00,2025-02-19 14:51:00,2025-02-19 14:51:00,Delivered
O1001737,EcomExpress,2025-12-21 10:20:00,2025-12-24 19:20:00,2025-12-24 19:20:00,Delivered
O1001738,EcomExpress,2025-05-20 03:30:00,2025-05-24 00:30:00,2025-05-24 00:30:00,Delivered
O1001739,BlueDart,2025-02-10 06:32:00,2025-02-13 10:32:00,2025-02-13 10:32:00,Delivered
O1001740,Delhivery,2025-07-30 14:12:00,2025-08-02 22:12:00,2025-08-04 22:12:00,Delayed
O1001741,Delhivery,2025-11-20 04:42:00,2025-11-21 23:42:00,2025-11-21 23:42:00,Delivered
O1001742,EcomExpress,2025-05-13 05:05:00,2025-05-16 18:05:00,2025-05-16 18:05:00,Delivered
O1001743,DHL,2025-11-06 10:37:00,2025-11-09 14:37:00,2025-11-09 14:37:00,Delivered
O1001744,Delhivery,2025-08-12 08:15:00,2025-08-15 00:15:00,2025-08-15 00:15:00,Delivered
O1001745,BlueDart,2025-09-28 04:59:00,2025-09-29 12:59:00,2025-09-29 18:59:00,Delayed
O1001746,DHL,2025-04-19 21:50:00,2025-04-22 10:50:00,2025-04-22 10:50:00,Delivered
O1001747,Delhivery,2025-01-14 11:48:00,2025-01-17 09:48:00,2025-01-17 09:48:00,Delivered
O1001748,BlueDart,2025-05-08 05:35:00,2025-05-09 19:35:00,2025-05-09 19:35:00,Delivered
O1001749,Delhivery,2025-12-05 03:25:00,2025-12-07 01:25:00,2025-12-07 01:25:00,Delivered
O1001750,Delhivery,2025-10-17 11:21:00,2025-10-20 19:21:00,2025-10-21 19:21:00,Delayed
O1001751,BlueDart,2025-10-15 14:46:00,2025-10-18 10:46:00,2025-10-18 16:46:00,Delayed
O1001752,EcomExpress,2025-11-18 10:25:00,2025-11-20 03:25:00,2025-11-20 03:25:00,Delivered
O1001753,DHL,2025-05-18 08:51:00,2025-05-21 22:51:00,2025-05-21 22:51:00,Delivered
O1001754,Delhivery,2025-04-29 01:41:00,2025-05-02 13:41:00,2025-05-02 13:41:00,Delivered
O1001755,DHL,2025-12-05 09:53:00,2025-12-06 18:53:00,2025-12-06 18:53:00,Delivered
O1001756,Delhivery,2025-07-29 02:15:00,2025-07-30 06:15:00,2025-07-30 06:15:00,Delivered
O1001757,EcomExpress,2025-04-19 15:19:00,2025-04-22 17:19:00,2025-04-24 17:19:00,Delayed
O1001758,EcomExpress,2025-04-13 08:41:00,2025-04-14 13:41:00,2025-04-14 19:41:00,Delayed
O1001759,EcomExpress,2025-11-18 04:57:00,2025-11-21 05:57:00,2025-11-21 05:57:00,Delivered
O1001761,Delhivery,2025-01-23 22:55:00,2025-01-26 12:55:00,2025-01-26 12:55:00,Delivered
O1001762,DHL,2025-09-28 05:03:00,2025-10-01 11:03:00,2025-10-01 23:03:00,Delayed
O1001763,DHL,2025-01-02 07:49:00,2025-01-03 09:49:00,2025-01-03 09:49:00,Delivered
O1001764,EcomExpress,2025-03-04 15:13:00,2025-03-08 12:13:00,2025-03-08 12:13:00,Delivered
O1001765,DHL,2025-12-29 12:41:00,2025-12-30 18:41:00,2025-12-30 18:41:00,Delivered
O1001766,DHL,2025-06-06 03:34:00,2025-06-08 13:34:00,2025-06-09 13:34:00,Delayed
O1001767,BlueDart,2025-09-23 22:52:00,2025-09-27 08:52:00,2025-09-27 08:52:00,Delivered
O1001768,Delhivery,2025-06-28 06:16:00,2025-06-29 15:16:00,2025-06-29 21:16:00,Delayed
O1001769,DHL,2025-02-04 12:00:00,2025-02-07 17:00:00,2025-02-08 17:00:00,Delayed
O1001770,Delhivery,2025-03-10 02:13:00,2025-03-13 04:13:00,2025-03-13 04:13:00,Delivered
O1001771,BlueDart,2025-10-06 16:54:00,2025-10-10 07:54:00,2025-10-12 07:54:00,Delayed
O1001772,Delhivery,2025-02-05 04:05:00,2025-02-07 19:05:00,2025-02-07 19:05:00,Delivered
O1001773,EcomExpress,2025-08-07 10:12:00,2025-08-09 08:12:00,2025-08-09 14:12:00,Delayed
O1001774,Delhivery,2025-05-09 06:27:00,2025-05-12 16:27:00,2025-05-12 16:27:00,Delivered
O1001775,DHL,2025-05-16 21:54:00,2025-05-18 08:54:00,2025-05-18 08:54:00,Delivered
O1001776,EcomExpress,2025-12-14 18:38:00,2025-12-18 03:38:00,2025-12-18 03:38:00,Delivered
O1001777,Delhivery,2025-08-11 06:28:00,2025-08-12 17:28:00,2025-08-12 17:28:00,Delivered
O1001778,Delhivery,2025-08-14 16:57:00,2025-08-17 20:57:00,2025-08-17 20:57:00,Delivered
O1001779,Delhivery,2025-05-09 13:33:00,2025-05-10 15:33:00,2025-05-10 15:33:00,Delivered
O1001780,Delhivery,2025-05-21 13:14:00,2025-05-23 17:14:00,2025-05-23 17:14:00,Delivered
O1001781,BlueDart,2025-09-08 20:39:00,2025-09-12 11:39:00,2025-09-14 11:39:00,Delayed
O1001782,BlueDart,2025-01-16 04:48:00,2025-01-18 14:48:00,2025-01-19 02:48:00,Delayed
O1001783,BlueDart,2025-03-28 22:14:00,2025-03-29 23:14:00,2025-03-29 23:14:00,Delivered
O1001784,Delhivery,2025-08-09 08:16:00,2025-08-13 01:16:00,2025-08-13 01:16:00,Delivered
O1001785,EcomExpress,2025-08-16 19:37:00,2025-08-19 14:37:00,2025-08-20 14:37:00,Delayed
O1001786,Delhivery,2025-02-04 01:44:00,2025-02-06 08:44:00,2025-02-06 20:44:00,Delayed
O1001787,EcomExpress,2025-10-16 05:48:00,2025-10-19 20:48:00,2025-10-20 02:48:00,Delayed
O1001788,DHL,2025-07-18 22:56:00,2025-07-21 16:56:00,2025-07-21 22:56:00,Delayed
O1001789,Delhivery,2025-03-29 15:24:00,2025-04-01 10:24:00,2025-04-01 10:24:00,Delivered
O1001790,EcomExpress,2025-10-03 07:51:00,2025-10-06 08:51:00,2025-10-06 08:51:00,Delivered
O1001791,DHL,2025-12-29 13:12:00,2025-12-31 01:12:00,2025-12-31 01:12:00,Delivered
O1001792,BlueDart,2025-06-05 00:06:00,2025-06-06 08:06:00,2025-06-06 08:06:00,Delivered
O1001793,DHL,2025-04-15 02:04:00,2025-04-17 21:04:00,2025-04-18 03:04:00,Delayed
O1001794,EcomExpress,2025-04-21 03:55:00,2025-04-24 10:55:00,2025-04-24 22:55:00,Delayed
O1001795,BlueDart,2025-08-06 03:54:00,2025-08-10 00:54:00,2025-08-11 00:54:00,Delayed
O1001796,Delhivery,2025-01-19 14:20:00,2025-01-20 15:20:00,2025-01-20 15:20:00,Delivered
O1001797,Delhivery,2025-06-27 02:32:00,2025-06-28 07:32:00,2025-06-28 13:32:00,Delayed
O1001798,EcomExpress,2025-01-11 16:08:00,2025-01-15 14:08:00,2025-01-17 14:08:00,Delayed
O1001799,EcomExpress,2025-01-16 03:22:00,2025-01-17 15:22:00,2025-01-17 15:22:00,Delivered
O1001800,Delhivery,2025-06-07 02:07:00,2025-06-09 18:07:00,2025-06-09 18:07:00,Delivered
O1001801,Delhivery,2025-10-01 12:15:00,2025-10-03 22:15:00,2025-10-04 22:15:00,Delayed
O1001803,EcomExpress,2025-02-01 22:14:00,2025-02-03 10:14:00,2025-02-03 10:14:00,Delivered
O1001804,DHL,2025-03-31 16:30:00,2025-04-03 23:30:00,2025-04-04 05:30:00,Delayed
O1001805,EcomExpress,2025-06-03 19:48:00,2025-06-07 03:48:00,2025-06-07 03:48:00,Delivered
O1001806,EcomExpress,2025-07-29 19:03:00,2025-07-31 15:03:00,2025-07-31 15:03:00,Delivered
O1001807,BlueDart,2025-12-28 08:39:00,2025-12-31 20:39:00,2026-01-01 20:39:00,Delayed
O1001808,Delhivery,2025-09-07 21:11:00,2025-09-10 16:11:00,2025-09-10 16:11:00,Delivered
O1001809,Delhivery,2025-07-17 00:36:00,2025-07-18 14:36:00,2025-07-18 14:36:00,Delivered
O1001810,EcomExpress,2025-01-24 08:41:00,2025-01-26 03:41:00,2025-01-26 03:41:00,Delivered
O1001811,BlueDart,2025-01-31 04:53:00,2025-02-01 06:53:00,2025-02-01 06:53:00,Delivered
O1001812,EcomExpress,2025-02-26 16:57:00,2025-03-01 08:57:00,2025-03-01 08:57:00,Delivered
O1001813,Delhivery,2025-08-31 08:58:00,2025-09-02 21:58:00,2025-09-03 03:58:00,Delayed
O1001814,BlueDart,2025-05-02 01:55:00,2025-05-03 13:55:00,2025-05-03 13:55:00,Delivered
O1001815,Delhivery,2025-03-30 15:41:00,2025-04-02 13:41:00,2025-04-02 13:41:00,Delivered
O1001817,DHL,2025-10-26 05:49:00,2025-10-28 02:49:00,2025-10-28 02:49:00,Delivered
O1001818,EcomExpress,2025-06-11 18:53:00,2025-06-13 06:53:00,2025-06-13 18:53:00,Delayed
O1001819,BlueDart,2025-11-19 10:18:00,2025-11-20 23:18:00,2025-11-20 23:18:00,Delivered
O1001820,BlueDart,2025-09-26 02:49:00,2025-09-28 18:49:00,2025-09-29 18:49:00,Delayed
O1001821,BlueDart,2025-09-19 23:38:00,2025-09-23 17:38:00,2025-09-24 17:38:00,Delayed
O1001822,BlueDart,2025-11-14 10:43:00,2025-11-16 23:43:00,2025-11-16 23:43:00,Delivered
O1001823,EcomExpress,2025-03-09 21:24:00,2025-03-12 17:24:00,2025-03-12 17:24:00,Delivered
O1001824,BlueDart,2025-10-05 06:54:00,2025-10-08 20:54:00,2025-10-09 02:54:00,Delayed
O1001825,EcomExpress,2025-12-16 17:27:00,2025-12-19 15:27:00,2025-12-19 15:27:00,Delivered
O1001826,BlueDart,2025-12-30 10:38:00,2026-01-02 20:38:00,2026-01-03 08:38:00,Delayed
O1001827,EcomExpress,2025-07-30 12:55:00,2025-08-02 02:55:00,2025-08-04 02:55:00,Delayed
O1001828,DHL,2025-10-04 02:03:00,2025-10-05 11:03:00,2025-10-05 11:03:00,Delivered
O1001829,BlueDart,2025-11-22 19:08:00,2025-11-25 18:08:00,2025-11-25 18:08:00,Delivered
O1001830,DHL,2025-11-09 07:57:00,2025-11-12 09:57:00,2025-11-12 09:57:00,Delivered
O1001831,Delhivery,2025-11-25 05:23:00,2025-11-27 13:23:00,2025-11-27 13:23:00,Delivered
O1001832,DHL,2025-11-01 06:57:00,2025-11-03 18:57:00,2025-11-03 18:57:00,Delivered
O1001833,Delhivery,2025-05-21 06:41:00,2025-05-22 12:41:00,2025-05-23 00:41:00,Delayed
O1001834,Delhivery,2025-09-24 14:23:00,2025-09-26 23:23:00,2025-09-26 23:23:00,Delivered
O1001835,Delhivery,2025-05-31 17:01:00,2025-06-04 11:01:00,2025-06-04 11:01:00,Delivered
O1001836,EcomExpress,2025-10-21 03:33:00,2025-10-22 14:33:00,2025-10-22 14:33:00,Delivered
O1001837,Delhivery,2025-10-24 10:36:00,2025-10-27 08:36:00,2025-10-27 08:36:00,Delivered
O1001838,DHL,2025-12-09 08:56:00,2025-12-12 13:56:00,2025-12-12 19:56:00,Delayed
O1001840,DHL,2025-06-24 06:52:00,2025-06-27 09:52:00,2025-06-27 21:52:00,Delayed
O1001841,EcomExpress,2025-03-02 13:49:00,2025-03-06 03:49:00,2025-03-06 03:49:00,Delivered
O1001842,Delhivery,2025-08-22 10:29:00,2025-08-24 00:29:00,2025-08-24 00:29:00,Delivered
O1001843,Delhivery,2025-07-27 05:18:00,2025-07-28 19:18:00,2025-07-28 19:18:00,Delivered
O1001844,BlueDart,2025-07-08 01:26:00,2025-07-10 01:26:00,2025-07-10 07:26:00,Delayed
O1001845,EcomExpress,2025-09-05 08:17:00,2025-09-06 10:17:00,2025-09-07 10:17:00,Delayed
O1001846,DHL,2025-11-07 18:13:00,2025-11-08 18:13:00,2025-11-09 00:13:00,Delayed
O1001847,EcomExpress,2025-02-24 14:05:00,2025-02-27 09:05:00,2025-02-27 09:05:00,Delivered
O1001848,Delhivery,2025-06-08 05:17:00,2025-06-10 02:17:00,2025-06-10 02:17:00,Delivered
O1001849,BlueDart,2025-09-22 09:24:00,2025-09-26 07:24:00,2025-09-28 07:24:00,Delayed
O1001850,DHL,2025-10-28 01:24:00,2025-10-31 14:24:00,2025-10-31 20:24:00,Delayed
O1001851,DHL,2025-10-12 18:26:00,2025-10-15 18:26:00,2025-10-15 18:26:00,Delivered
O1001852,BlueDart,2025-10-20 02:49:00,2025-10-23 13:49:00,2025-10-23 13:49:00,Delivered
O1001853,BlueDart,2025-11-09 11:18:00,2025-11-11 05:18:00,2025-11-11 05:18:00,Delivered
O1001854,Delhivery,2025-12-19 12:22:00,2025-12-22 14:22:00,2025-12-23 14:22:00,Delayed
O1001855,Delhivery,2025-08-11 04:42:00,2025-08-14 18:42:00,2025-08-14 18:42:00,Delivered
O1001856,BlueDart,2025-04-02 04:53:00,2025-04-03 15:53:00,2025-04-03 15:53:00,Delivered
O1001857,Delhivery,2025-07-26 15:56:00,2025-07-29 05:56:00,2025-07-29 05:56:00,Delivered
O1001858,EcomExpress,2025-09-17 20:40:00,2025-09-21 19:40:00,2025-09-21 19:40:00,Delivered
O1001859,DHL,2025-02-07 15:43:00,2025-02-10 03:43:00,2025-02-10 03:43:00,Delivered
O1001860,BlueDart,2025-10-04 14:58:00,2025-10-08 00:58:00,2025-10-08 06:58:00,Delayed
O1001861,BlueDart,2025-07-19 08:29:00,2025-07-20 12:29:00,2025-07-20 18:29:00,Delayed
O1001862,Delhivery,2025-12-09 11:37:00,2025-12-11 11:37:00,2025-12-11 11:37:00,Delivered
O1001863,DHL,2025-03-20 08:50:00,2025-03-21 12:50:00,2025-03-22 00:50:00,Delayed
O1001864,BlueDart,2025-11-29 08:53:00,2025-12-02 11:53:00,2025-12-02 23:53:00,Delayed
O1001865,Delhivery,2025-06-13 14:52:00,2025-06-16 07:52:00,2025-06-16 07:52:00,Delivered
O1001866,EcomExpress,2025-07-30 03:10:00,2025-07-31 17:10:00,2025-07-31 17:10:00,Delivered
O1001867,DHL,2025-08-29 11:58:00,2025-09-01 21:58:00,2025-09-01 21:58:00,Delivered
O1001868,BlueDart,2025-08-01 11:29:00,2025-08-04 01:29:00,2025-08-05 01:29:00,Delayed
O1001869,Delhivery,2025-11-27 16:16:00,2025-11-30 22:16:00,2025-11-30 22:16:00,Delivered
O1001870,Delhivery,2025-03-04 10:40:00,2025-03-07 13:40:00,2025-03-08 01:40:00,Delayed
O1001871,BlueDart,2025-09-24 23:34:00,2025-09-28 18:34:00,2025-09-28 18:34:00,Delivered
O1001872,EcomExpress,2025-12-23 02:41:00,2025-12-24 18:41:00,2025-12-24 18:41:00,Delivered
O1001873,Delhivery,2025-03-23 12:08:00,2025-03-26 00:08:00,2025-03-26 00:08:00,Delivered
O1001874,BlueDart,2025-04-05 06:15:00,2025-04-06 17:15:00,2025-04-08 17:15:00,Delayed
O1001875,EcomExpress,2025-06-23 17:22:00,2025-06-26 13:22:00,2025-06-26 13:22:00,Delivered
O1001876,EcomExpress,2025-09-23 10:13:00,2025-09-25 12:13:00,2025-09-25 12:13:00,Delivered
O1001877,BlueDart,2025-12-18 01:30:00,2025-12-20 22:30:00,2025-12-21 22:30:00,Delayed
O1001878,DHL,2025-10-19 02:56:00,2025-10-20 07:56:00,2025-10-20 07:56:00,Delivered
O1001879,EcomExpress,2025-10-18 03:29:00,2025-10-20 06:29:00,2025-10-20 18:29:00,Delayed
O1001880,EcomExpress,2025-06-12 00:32:00,2025-06-14 09:32:00,2025-06-15 09:32:00,Delayed
O1001881,EcomExpress,2025-08-25 15:17:00,2025-08-26 15:17:00,2025-08-27 03:17:00,Delayed
O1001882,BlueDart,2025-03-20 18:00:00,2025-03-22 03:00:00,2025-03-22 03:00:00,Delivered
O1001883,DHL,2025-06-20 04:14:00,2025-06-23 16:14:00,2025-06-25 16:14:00,Delayed
O1001884,BlueDart,2025-03-11 16:50:00,2025-03-14 03:50:00,2025-03-14 03:50:00,Delivered
O1001885,DHL,2025-01-10 15:48:00,2025-01-11 19:48:00,2025-01-11 19:48:00,Delivered
O1001886,EcomExpress,2025-11-09 17:39:00,2025-11-11 03:39:00,2025-11-11 15:39:00,Delayed
O1001887,DHL,2025-10-22 06:22:00,2025-10-26 03:22:00,2025-10-26 03:22:00,Delivered
O1001888,DHL,2025-07-06 22:04:00,2025-07-08 10:04:00,2025-07-08 10:04:00,Delivered
O1001889,BlueDart,2025-01-06 19:02:00,2025-01-10 07:02:00,2025-01-10 13:02:00,Delayed
O1001890,Delhivery,2025-02-03 12:22:00,2025-02-05 05:22:00,2025-02-05 05:22:00,Delivered
O1001891,DHL,2025-02-10 13:32:00,2025-02-11 20:32:00,2025-02-11 20:32:00,Delivered
O1001892,DHL,2025-09-19 21:21:00,2025-09-23 09:21:00,2025-09-23 15:21:00,Delayed
O1001893,Delhivery,2025-03-17 07:54:00,2025-03-18 15:54:00,2025-03-19 15:54:00,Delayed
O1001894,Delhivery,2025-04-02 15:39:00,2025-04-06 01:39:00,2025-04-06 01:39:00,Delivered
O1001895,BlueDart,2025-11-11 15:37:00,2025-11-14 20:37:00,2025-11-14 20:37:00,Delivered
O1001896,BlueDart,2025-11-17 05:09:00,2025-11-21 04:09:00,2025-11-21 04:09:00,Delivered
O1001897,Delhivery,2025-10-07 09:12:00,2025-10-10 00:12:00,2025-10-11 00:12:00,Delayed
O1001898,EcomExpress,2025-04-24 07:30:00,2025-04-28 01:30:00,2025-04-28 01:30:00,Delivered
O1001899,EcomExpress,2025-07-31 17:28:00,2025-08-03 15:28:00,2025-08-03 15:28:00,Delivered
O1001900,Delhivery,2025-03-15 22:40:00,2025-03-16 23:40:00,2025-03-17 23:40:00,Delayed
O1001903,EcomExpress,2025-09-29 17:38:00,2025-10-01 13:38:00,2025-10-01 19:38:00,Delayed
O1001904,BlueDart,2025-07-06 15:39:00,2025-07-07 16:39:00,2025-07-07 16:39:00,Delivered
O1001905,Delhivery,2025-10-04 21:02:00,2025-10-08 12:02:00,2025-10-10 12:02:00,Delayed
O1001906,Delhivery,2025-06-15 16:48:00,2025-06-17 21:48:00,2025-06-17 21:48:00,Delivered
O1001907,DHL,2025-02-27 23:02:00,2025-03-02 14:02:00,2025-03-02 14:02:00,Delivered
O1001908,EcomExpress,2025-10-02 20:23:00,2025-10-06 05:23:00,2025-10-06 05:23:00,Delivered
O1001909,BlueDart,2025-08-20 03:57:00,2025-08-22 19:57:00,2025-08-22 19:57:00,Delivered
O1001910,DHL,2025-06-19 22:17:00,2025-06-23 16:17:00,2025-06-23 16:17:00,Delivered
O1001911,DHL,2025-05-18 18:47:00,2025-05-22 17:47:00,2025-05-23 05:47:00,Delayed
O1001912,DHL,2025-05-07 17:05:00,2025-05-09 07:05:00,2025-05-09 07:05:00,Delivered
O1001913,DHL,2025-06-26 03:58:00,2025-06-29 10:58:00,2025-06-29 10:58:00,Delivered
O1001914,Delhivery,2025-04-07 10:48:00,2025-04-08 23:48:00,2025-04-09 23:48:00,Delayed
O1001915,EcomExpress,2025-04-14 20:14:00,2025-04-17 21:14:00,2025-04-18 09:14:00,Delayed
O1001916,EcomExpress,2025-04-12 18:51:00,2025-04-15 08:51:00,2025-04-15 08:51:00,Delivered
O1001917,Delhivery,2025-01-06 17:13:00,2025-01-10 07:13:00,2025-01-10 07:13:00,Delivered
O1001918,BlueDart,2025-12-06 02:43:00,2025-12-07 14:43:00,2025-12-07 14:43:00,Delivered
O1001919,BlueDart,2025-03-29 03:09:00,2025-04-02 02:09:00,2025-04-02 02:09:00,Delivered
O1001920,BlueDart,2025-03-03 06:14:00,2025-03-05 18:14:00,2025-03-06 18:14:00,Delayed
O1001921,BlueDart,2025-02-26 04:56:00,2025-03-01 14:56:00,2025-03-01 14:56:00,Delivered
O1001922,DHL,2025-12-27 23:44:00,2025-12-31 09:44:00,2025-12-31 09:44:00,Delivered
O1001923,BlueDart,2025-06-25 12:58:00,2025-06-28 22:58:00,2025-06-29 10:58:00,Delayed
O1001924,Delhivery,2025-05-01 11:36:00,2025-05-03 04:36:00,2025-05-05 04:36:00,Delayed
O1001925,EcomExpress,2025-05-29 00:26:00,2025-05-30 13:26:00,2025-05-30 13:26:00,Delivered
O1001926,EcomExpress,2025-02-03 06:09:00,2025-02-04 12:09:00,2025-02-04 12:09:00,Delivered
O1001927,Delhivery,2025-04-25 22:56:00,2025-04-29 12:56:00,2025-04-30 00:56:00,Delayed
O1001928,BlueDart,2025-04-02 03:45:00,2025-04-04 22:45:00,2025-04-06 22:45:00,Delayed
O1001929,Delhivery,2025-10-22 07:02:00,2025-10-25 22:02:00,2025-10-26 04:02:00,Delayed
O1001930,DHL,2025-01-22 21:22:00,2025-01-24 21:22:00,2025-01-24 21:22:00,Delivered
O1001931,DHL,2025-06-06 02:40:00,2025-06-08 20:40:00,2025-06-08 20:40:00,Delivered
O1001932,EcomExpress,2025-10-17 08:35:00,2025-10-18 12:35:00,2025-10-20 12:35:00,Delayed
O1001933,Delhivery,2025-11-01 15:37:00,2025-11-04 13:37:00,2025-11-04 19:37:00,Delayed
O1001934,DHL,2025-07-07 21:36:00,2025-07-11 13:36:00,2025-07-11 19:36:00,Delayed
O1001935,DHL,2025-03-23 20:29:00,2025-03-26 16:29:00,2025-03-27 16:29:00,Delayed
O1001936,BlueDart,2025-05-04 22:50:00,2025-05-08 11:50:00,2025-05-09 11:50:00,Delayed
O1001937,Delhivery,2025-03-23 23:23:00,2025-03-26 14:23:00,2025-03-26 14:23:00,Delivered
O1001938,DHL,2025-08-31 04:43:00,2025-09-02 11:43:00,2025-09-02 11:43:00,Delivered
O1001939,Delhivery,2025-04-17 20:57:00,2025-04-19 09:57:00,2025-04-19 09:57:00,Delivered
O1001940,EcomExpress,2025-08-20 15:53:00,2025-08-22 08:53:00,2025-08-23 08:53:00,Delayed
O1001941,Delhivery,2025-08-29 06:18:00,2025-09-01 05:18:00,2025-09-01 05:18:00,Delivered
O1001942,EcomExpress,2025-12-11 05:31:00,2025-12-13 09:31:00,2025-12-13 09:31:00,Delivered
O1001943,Delhivery,2025-05-17 07:52:00,2025-05-19 10:52:00,2025-05-19 10:52:00,Delivered
O1001944,Delhivery,2025-12-17 12:35:00,2025-12-20 04:35:00,2025-12-20 04:35:00,Delivered
O1001945,BlueDart,2025-05-27 23:45:00,2025-05-30 13:45:00,2025-05-30 13:45:00,Delivered
O1001946,EcomExpress,2025-09-07 01:57:00,2025-09-10 10:57:00,2025-09-11 10:57:00,Delayed
O1001947,EcomExpress,2025-08-31 16:28:00,2025-09-04 08:28:00,2025-09-04 08:28:00,Delivered
O1001948,EcomExpress,2025-10-26 18:50:00,2025-10-28 03:50:00,2025-10-28 15:50:00,Delayed
O1001949,DHL,2025-06-22 06:49:00,2025-06-23 13:49:00,2025-06-23 13:49:00,Delivered
O1001950,EcomExpress,2025-10-18 00:02:00,2025-10-21 11:02:00,2025-10-21 11:02:00,Delivered
O1001951,DHL,2025-05-11 09:45:00,2025-05-15 05:45:00,2025-05-15 05:45:00,Delivered
O1001952,EcomExpress,2025-06-30 05:09:00,2025-07-02 19:09:00,2025-07-02 19:09:00,Delivered
O1001953,Delhivery,2025-07-03 00:11:00,2025-07-05 16:11:00,2025-07-05 22:11:00,Delayed
O1001954,BlueDart,2025-09-16 05:02:00,2025-09-19 09:02:00,2025-09-19 09:02:00,Delivered
O1001955,Delhivery,2025-08-15 08:55:00,2025-08-19 04:55:00,2025-08-19 04:55:00,Delivered
O1001956,DHL,2025-01-30 01:57:00,2025-02-01 02:57:00,2025-02-01 02:57:00,Delivered
O1001957,BlueDart,2025-10-24 05:49:00,2025-10-25 19:49:00,2025-10-27 19:49:00,Delayed
O1001958,Delhivery,2025-10-05 04:44:00,2025-10-08 14:44:00,2025-10-08 14:44:00,Delivered
O1001959,DHL,2025-02-09 08:43:00,2025-02-10 11:43:00,2025-02-10 23:43:00,Delayed
O1001960,Delhivery,2025-12-18 17:17:00,2025-12-20 00:17:00,2025-12-21 00:17:00,Delayed
O1001961,DHL,2025-08-31 06:42:00,2025-09-03 02:42:00,2025-09-05 02:42:00,Delayed
O1001962,DHL,2025-02-01 21:52:00,2025-02-03 19:52:00,2025-02-04 01:52:00,Delayed
O1001963,Delhivery,2025-06-29 13:26:00,2025-07-02 02:26:00,2025-07-02 02:26:00,Delivered
O1001964,Delhivery,2025-11-02 14:26:00,2025-11-05 01:26:00,2025-11-05 01:26:00,Delivered
O1001965,Delhivery,2025-04-14 09:52:00,2025-04-17 13:52:00,2025-04-18 01:52:00,Delayed
O1001966,Delhivery,2025-12-07 20:55:00,2025-12-09 08:55:00,2025-12-10 08:55:00,Delayed
O1001967,EcomExpress,2025-06-03 11:41:00,2025-06-06 06:41:00,2025-06-06 06:41:00,Delivered
O1001969,BlueDart,2025-05-11 23:44:00,2025-05-15 04:44:00,2025-05-15 10:44:00,Delayed
O1001970,DHL,2025-07-11 18:21:00,2025-07-14 07:21:00,2025-07-16 07:21:00,Delayed
O1001971,Delhivery,2025-09-10 00:45:00,2025-09-11 22:45:00,2025-09-11 22:45:00,Delivered
O1001972,EcomExpress,2025-12-06 10:14:00,2025-12-10 02:14:00,2025-12-10 02:14:00,Delivered
O1001973,DHL,2025-03-14 06:39:00,2025-03-15 15:39:00,2025-03-15 15:39:00,Delivered
O1001974,EcomExpress,2025-12-18 01:13:00,2025-12-20 00:13:00,2025-12-20 00:13:00,Delivered
O1001975,DHL,2025-07-12 15:51:00,2025-07-15 06:51:00,2025-07-15 12:51:00,Delayed
O1001977,Delhivery,2025-12-06 05:44:00,2025-12-08 00:44:00,2025-12-08 00:44:00,Delivered
O1001978,BlueDart,2025-05-08 23:01:00,2025-05-11 21:01:00,2025-05-11 21:01:00,Delivered
O1001979,DHL,2025-08-16 04:20:00,2025-08-19 13:20:00,2025-08-20 01:20:00,Delayed
O1001980,EcomExpress,2025-09-12 15:56:00,2025-09-15 05:56:00,2025-09-15 05:56:00,Delivered
O1001981,BlueDart,2025-01-05 17:56:00,2025-01-07 18:56:00,2025-01-07 18:56:00,Delivered
O1001982,BlueDart,2025-03-23 05:25:00,2025-03-26 00:25:00,2025-03-26 00:25:00,Delivered
O1001983,Delhivery,2025-09-08 17:09:00,2025-09-11 09:09:00,2025-09-13 09:09:00,Delayed
O1001984,EcomExpress,2025-04-29 21:03:00,2025-05-03 07:03:00,2025-05-03 07:03:00,Delivered
O1001985,Delhivery,2025-01-05 04:25:00,2025-01-08 00:25:00,2025-01-08 12:25:00,Delayed
O1001986,EcomExpress,2025-01-09 19:51:00,2025-01-10 19:51:00,2025-01-10 19:51:00,Delivered
O1001987,EcomExpress,2025-10-30 03:53:00,2025-11-01 00:53:00,2025-11-01 00:53:00,Delivered
O1001988,BlueDart,2025-02-26 18:01:00,2025-02-28 20:01:00,2025-02-28 20:01:00,Delivered
O1001989,BlueDart,2025-02-06 23:50:00,2025-02-09 00:50:00,2025-02-09 00:50:00,Delivered
O1001990,BlueDart,2025-07-26 06:52:00,2025-07-29 19:52:00,2025-07-30 19:52:00,Delayed
O1001991,EcomExpress,2025-02-14 06:21:00,2025-02-15 08:21:00,2025-02-15 14:21:00,Delayed
O1001992,BlueDart,2025-08-28 01:06:00,2025-08-31 06:06:00,2025-08-31 06:06:00,Delivered
O1001993,EcomExpress,2025-07-19 16:24:00,2025-07-21 12:24:00,2025-07-21 12:24:00,Delivered
O1001994,DHL,2025-08-26 09:39:00,2025-08-29 00:39:00,2025-08-29 00:39:00,Delivered
O1001995,Delhivery,2025-06-30 12:38:00,2025-07-02 11:38:00,2025-07-02 17:38:00,Delayed
O1001996,DHL,2025-10-12 22:50:00,2025-10-14 03:50:00,2025-10-14 15:50:00,Delayed
O1001997,DHL,2025-08-25 04:23:00,2025-08-26 05:23:00,2025-08-26 05:23:00,Delivered
O1001998,Delhivery,2025-06-02 04:12:00,2025-06-04 08:12:00,2025-06-05 08:12:00,Delayed
O1001999,EcomExpress,2025-01-07 13:03:00,2025-01-11 00:03:00,2025-01-11 00:03:00,Delivered
O1002000,Delhivery,2025-04-10 18:07:00,2025-04-12 19:07:00,2025-04-12 19:07:00,Delivered
O1002001,EcomExpress,2025-02-17 18:42:00,2025-02-21 09:42:00,2025-02-21 09:42:00,Delivered
O1002002,Delhivery,2025-01-07 15:56:00,2025-01-11 08:56:00,2025-01-12 08:56:00,Delayed
O1002003,BlueDart,2025-04-10 22:55:00,2025-04-12 10:55:00,2025-04-12 10:55:00,Delivered
O1002004,DHL,2025-03-17 13:19:00,2025-03-21 01:19:00,2025-03-21 01:19:00,Delivered
O1002005,Delhivery,2025-01-29 18:59:00,2025-02-01 13:59:00,2025-02-02 01:59:00,Delayed
O1002006,EcomExpress,2025-04-26 15:20:00,2025-04-29 07:20:00,2025-04-29 07:20:00,Delivered
O1002007,EcomExpress,2025-07-05 16:45:00,2025-07-07 23:45:00,2025-07-07 23:45:00,Delivered
O1002008,Delhivery,2025-03-07 22:14:00,2025-03-11 18:14:00,2025-03-12 06:14:00,Delayed
O1002009,BlueDart,2025-04-11 01:37:00,2025-04-12 10:37:00,2025-04-12 10:37:00,Delivered
O1002010,BlueDart,2025-01-09 05:48:00,2025-01-10 05:48:00,2025-01-10 11:48:00,Delayed
O1002011,Delhivery,2025-01-20 00:17:00,2025-01-21 01:17:00,2025-01-21 01:17:00,Delivered
O1002012,Delhivery,2025-02-27 20:41:00,2025-03-03 11:41:00,2025-03-03 17:41:00,Delayed
O1002013,EcomExpress,2025-06-16 10:21:00,2025-06-19 09:21:00,2025-06-19 21:21:00,Delayed
O1002014,Delhivery,2025-09-01 22:11:00,2025-09-04 10:11:00,2025-09-04 10:11:00,Delivered
O1002015,BlueDart,2025-10-15 23:55:00,2025-10-17 04:55:00,2025-10-17 16:55:00,Delayed
O1002016,Delhivery,2025-08-18 15:20:00,2025-08-20 00:20:00,2025-08-20 00:20:00,Delivered
O1002017,BlueDart,2025-08-15 09:01:00,2025-08-19 01:01:00,2025-08-20 01:01:00,Delayed
O1002018,BlueDart,2025-12-08 14:07:00,2025-12-12 04:07:00,2025-12-12 04:07:00,Delivered
O1002019,DHL,2025-04-05 16:10:00,2025-04-09 00:10:00,2025-04-09 12:10:00,Delayed
O1002020,DHL,2025-10-20 07:28:00,2025-10-23 22:28:00,2025-10-25 22:28:00,Delayed
O1002021,BlueDart,2025-12-08 12:46:00,2025-12-11 16:46:00,2025-12-11 22:46:00,Delayed
O1002022,EcomExpress,2025-07-27 23:49:00,2025-07-31 05:49:00,2025-08-01 05:49:00,Delayed
O1002023,BlueDart,2025-11-03 19:00:00,2025-11-07 07:00:00,2025-11-07 07:00:00,Delivered
O1002024,BlueDart,2025-02-21 07:09:00,2025-02-23 15:09:00,2025-02-23 21:09:00,Delayed
O1002025,EcomExpress,2025-11-18 10:01:00,2025-11-19 17:01:00,2025-11-19 17:01:00,Delivered
O1002026,BlueDart,2025-07-25 23:11:00,2025-07-27 07:11:00,2025-07-27 07:11:00,Delivered
O1002027,EcomExpress,2025-03-22 14:42:00,2025-03-25 11:42:00,2025-03-25 11:42:00,Delivered
O1002028,Delhivery,2025-01-23 17:06:00,2025-01-25 06:06:00,2025-01-25 06:06:00,Delivered
O1002029,EcomExpress,2025-09-21 07:32:00,2025-09-22 21:32:00,2025-09-23 21:32:00,Delayed
O1002030,EcomExpress,2025-06-08 07:12:00,2025-06-11 22:12:00,2025-06-12 10:12:00,Delayed
O1002031,EcomExpress,2025-04-24 23:23:00,2025-04-27 12:23:00,2025-04-28 12:23:00,Delayed
O1002032,Delhivery,2025-05-24 03:25:00,2025-05-26 13:25:00,2025-05-26 13:25:00,Delivered
O1002033,BlueDart,2025-12-28 15:30:00,2025-12-30 16:30:00,2025-12-31 04:30:00,Delayed
O1002034,EcomExpress,2025-06-07 01:16:00,2025-06-08 20:16:00,2025-06-08 20:16:00,Delivered
O1002035,BlueDart,2025-01-30 03:14:00,2025-01-31 11:14:00,2025-01-31 17:14:00,Delayed
O1002036,DHL,2025-04-14 06:38:00,2025-04-18 01:38:00,2025-04-18 01:38:00,Delivered
O1002037,DHL,2025-02-24 20:10:00,2025-02-28 00:10:00,2025-02-28 00:10:00,Delivered
O1002038,EcomExpress,2025-09-08 22:34:00,2025-09-12 11:34:00,2025-09-12 11:34:00,Delivered
O1002039,DHL,2025-10-21 10:09:00,2025-10-23 07:09:00,2025-10-23 19:09:00,Delayed
O1002041,EcomExpress,2025-08-20 23:12:00,2025-08-22 06:12:00,2025-08-22 06:12:00,Delivered
O1002042,BlueDart,2025-10-09 13:16:00,2025-10-10 21:16:00,2025-10-12 21:16:00,Delayed
O1002043,DHL,2025-06-03 11:18:00,2025-06-07 09:18:00,2025-06-08 09:18:00,Delayed
O1002044,DHL,2025-08-18 19:22:00,2025-08-22 10:22:00,2025-08-22 10:22:00,Delivered
O1002045,DHL,2025-02-10 09:53:00,2025-02-14 03:53:00,2025-02-14 03:53:00,Delivered
O1002046,BlueDart,2025-07-16 14:42:00,2025-07-17 23:42:00,2025-07-17 23:42:00,Delivered
O1002047,EcomExpress,2025-07-23 22:22:00,2025-07-26 04:22:00,2025-07-26 16:22:00,Delayed
O1002048,BlueDart,2025-01-12 15:37:00,2025-01-14 05:37:00,2025-01-14 05:37:00,Delivered
O1002049,BlueDart,2025-07-21 00:15:00,2025-07-23 18:15:00,2025-07-23 18:15:00,Delivered
O1002050,BlueDart,2025-09-22 05:46:00,2025-09-23 06:46:00,2025-09-24 06:46:00,Delayed
O1002051,DHL,2025-05-16 01:00:00,2025-05-18 05:00:00,2025-05-18 05:00:00,Delivered
O1002052,EcomExpress,2025-07-19 12:17:00,2025-07-22 01:17:00,2025-07-22 01:17:00,Delivered
O1002053,BlueDart,2025-04-15 23:17:00,2025-04-17 18:17:00,2025-04-18 18:17:00,Delayed
O1002054,EcomExpress,2025-04-10 13:50:00,2025-04-14 00:50:00,2025-04-14 00:50:00,Delivered
O1002055,EcomExpress,2025-02-18 09:34:00,2025-02-19 14:34:00,2025-02-20 14:34:00,Delayed
O1002057,EcomExpress,2025-10-22 01:18:00,2025-10-25 14:18:00,2025-10-25 14:18:00,Delivered
O1002058,EcomExpress,2025-12-09 09:13:00,2025-12-10 09:13:00,2025-12-10 09:13:00,Delivered
O1002059,EcomExpress,2025-08-22 03:04:00,2025-08-25 08:04:00,2025-08-27 08:04:00,Delayed
O1002060,Delhivery,2025-08-16 12:39:00,2025-08-19 11:39:00,2025-08-19 11:39:00,Delivered
O1002061,Delhivery,2025-08-13 15:10:00,2025-08-16 00:10:00,2025-08-16 00:10:00,Delivered
O1002062,BlueDart,2025-06-23 21:21:00,2025-06-25 00:21:00,2025-06-25 00:21:00,Delivered
O1002063,DHL,2025-06-04 16:24:00,2025-06-08 08:24:00,2025-06-10 08:24:00,Delayed
O1002064,BlueDart,2025-08-16 03:57:00,2025-08-19 20:57:00,2025-08-19 20:57:00,Delivered
O1002065,BlueDart,2025-10-15 11:47:00,2025-10-18 18:47:00,2025-10-18 18:47:00,Delivered
O1002066,Delhivery,2025-06-02 04:23:00,2025-06-06 00:23:00,2025-06-06 00:23:00,Delivered
O1002067,DHL,2025-07-27 10:59:00,2025-07-31 02:59:00,2025-07-31 02:59:00,Delivered
O1002068,DHL,2025-06-21 13:37:00,2025-06-25 00:37:00,2025-06-25 00:37:00,Delivered
O1002069,BlueDart,2025-04-16 17:00:00,2025-04-18 10:00:00,2025-04-18 10:00:00,Delivered
O1002070,DHL,2025-04-17 11:38:00,2025-04-20 22:38:00,2025-04-20 22:38:00,Delivered
O1002071,EcomExpress,2025-01-29 11:37:00,2025-02-01 06:37:00,2025-02-01 06:37:00,Delivered
O1002072,DHL,2025-06-11 05:29:00,2025-06-12 10:29:00,2025-06-12 10:29:00,Delivered
O1002073,EcomExpress,2025-09-18 18:03:00,2025-09-19 19:03:00,2025-09-19 19:03:00,Delivered
O1002074,BlueDart,2025-09-08 16:53:00,2025-09-10 10:53:00,2025-09-10 16:53:00,Delayed
O1002075,Delhivery,2025-12-27 03:58:00,2025-12-29 16:58:00,2025-12-30 16:58:00,Delayed
O1002076,Delhivery,2025-01-15 21:58:00,2025-01-19 18:58:00,2025-01-20 00:58:00,Delayed
O1002077,BlueDart,2025-10-05 13:48:00,2025-10-09 04:48:00,2025-10-09 10:48:00,Delayed
O1002078,BlueDart,2025-10-19 09:23:00,2025-10-23 06:23:00,2025-10-23 06:23:00,Delivered
O1002079,EcomExpress,2025-06-09 22:06:00,2025-06-13 03:06:00,2025-06-14 03:06:00,Delayed
O1002080,EcomExpress,2025-04-15 02:01:00,2025-04-16 11:01:00,2025-04-16 23:01:00,Delayed
O1002081,BlueDart,2025-05-11 22:39:00,2025-05-15 05:39:00,2025-05-15 05:39:00,Delivered
O1002082,DHL,2025-09-08 02:40:00,2025-09-10 05:40:00,2025-09-10 05:40:00,Delivered
O1002083,EcomExpress,2025-11-11 18:54:00,2025-11-13 16:54:00,2025-11-13 16:54:00,Delivered
O1002084,Delhivery,2025-08-23 19:45:00,2025-08-26 09:45:00,2025-08-28 09:45:00,Delayed
O1002085,EcomExpress,2025-07-08 06:31:00,2025-07-10 10:31:00,2025-07-10 10:31:00,Delivered
O1002086,Delhivery,2025-08-27 21:14:00,2025-08-30 18:14:00,2025-08-30 18:14:00,Delivered
O1002087,Delhivery,2025-01-26 23:35:00,2025-01-30 22:35:00,2025-01-30 22:35:00,Delivered
O1002088,BlueDart,2025-08-11 06:27:00,2025-08-13 05:27:00,2025-08-13 05:27:00,Delivered
O1002089,BlueDart,2025-01-17 01:00:00,2025-01-18 20:00:00,2025-01-18 20:00:00,Delivered
O1002090,DHL,2025-12-18 00:31:00,2025-12-21 21:31:00,2025-12-21 21:31:00,Delivered
O1002091,EcomExpress,2025-11-21 17:02:00,2025-11-22 23:02:00,2025-11-22 23:02:00,Delivered
O1002092,BlueDart,2025-07-05 22:23:00,2025-07-09 10:23:00,2025-07-09 10:23:00,Delivered
O1002093,EcomExpress,2025-05-17 21:51:00,2025-05-20 01:51:00,2025-05-20 01:51:00,Delivered
O1002094,BlueDart,2025-09-26 06:57:00,2025-09-30 03:57:00,2025-09-30 09:57:00,Delayed
O1002095,BlueDart,2025-08-22 10:59:00,2025-08-25 17:59:00,2025-08-25 23:59:00,Delayed
O1002096,BlueDart,2025-09-15 15:30:00,2025-09-17 01:30:00,2025-09-19 01:30:00,Delayed
O1002097,BlueDart,2025-07-09 05:07:00,2025-07-11 18:07:00,2025-07-11 18:07:00,Delivered
O1002098,DHL,2025-03-29 09:07:00,2025-03-31 04:07:00,2025-03-31 04:07:00,Delivered
O1002099,Delhivery,2025-01-28 11:43:00,2025-01-29 14:43:00,2025-01-29 14:43:00,Delivered
O1002100,EcomExpress,2025-04-15 09:58:00,2025-04-18 05:58:00,2025-04-18 05:58:00,Delivered
O1002101,Delhivery,2025-07-14 04:02:00,2025-07-17 03:02:00,2025-07-18 03:02:00,Delayed
O1002102,Delhivery,2025-06-04 13:01:00,2025-06-07 23:01:00,2025-06-07 23:01:00,Delivered
O1002103,DHL,2025-07-05 13:25:00,2025-07-08 17:25:00,2025-07-08 17:25:00,Delivered
O1002104,Delhivery,2025-04-13 12:54:00,2025-04-16 07:54:00,2025-04-16 07:54:00,Delivered
O1002105,EcomExpress,2025-12-09 20:13:00,2025-12-12 15:13:00,2025-12-12 15:13:00,Delivered
O1002106,BlueDart,2025-05-15 05:21:00,2025-05-18 01:21:00,2025-05-18 13:21:00,Delayed
O1002107,DHL,2025-11-06 03:29:00,2025-11-07 15:29:00,2025-11-07 21:29:00,Delayed
O1002108,EcomExpress,2025-05-24 11:04:00,2025-05-27 08:04:00,2025-05-27 14:04:00,Delayed
O1002109,BlueDart,2025-06-11 18:21:00,2025-06-13 07:21:00,2025-06-13 07:21:00,Delivered
O1002110,BlueDart,2025-08-09 17:09:00,2025-08-12 10:09:00,2025-08-12 10:09:00,Delivered
O1002111,EcomExpress,2025-04-08 04:36:00,2025-04-10 09:36:00,2025-04-10 15:36:00,Delayed
O1002112,BlueDart,2025-03-23 10:37:00,2025-03-26 22:37:00,2025-03-26 22:37:00,Delivered
O1002113,EcomExpress,2025-05-20 14:06:00,2025-05-22 15:06:00,2025-05-22 15:06:00,Delivered
O1002114,BlueDart,2025-10-22 02:35:00,2025-10-23 02:35:00,2025-10-23 14:35:00,Delayed
O1002115,EcomExpress,2025-02-23 01:41:00,2025-02-24 08:41:00,2025-02-24 08:41:00,Delivered
O1002116,BlueDart,2025-06-09 20:31:00,2025-06-11 10:31:00,2025-06-11 10:31:00,Delivered
O1002117,EcomExpress,2025-09-03 23:56:00,2025-09-07 12:56:00,2025-09-09 12:56:00,Delayed
O1002118,BlueDart,2025-09-16 17:02:00,2025-09-19 23:02:00,2025-09-20 23:02:00,Delayed
O1002119,Delhivery,2025-06-09 00:27:00,2025-06-12 18:27:00,2025-06-12 18:27:00,Delivered
O1002120,BlueDart,2025-01-31 19:52:00,2025-02-03 23:52:00,2025-02-04 23:52:00,Delayed
O1002121,DHL,2025-01-06 22:57:00,2025-01-08 08:57:00,2025-01-08 08:57:00,Delivered
O1002122,Delhivery,2025-06-21 12:23:00,2025-06-22 15:23:00,2025-06-23 03:23:00,Delayed
O1002123,BlueDart,2025-10-24 09:11:00,2025-10-27 01:11:00,2025-10-27 01:11:00,Delivered
O1002124,EcomExpress,2025-01-12 01:32:00,2025-01-14 15:32:00,2025-01-16 15:32:00,Delayed
O1002125,Delhivery,2025-11-21 03:20:00,2025-11-23 09:20:00,2025-11-23 21:20:00,Delayed
O1002126,Delhivery,2025-09-05 18:59:00,2025-09-08 12:59:00,2025-09-08 12:59:00,Delivered
O1002127,BlueDart,2025-01-03 21:51:00,2025-01-06 02:51:00,2025-01-06 02:51:00,Delivered
O1002128,DHL,2025-05-07 06:45:00,2025-05-08 22:45:00,2025-05-08 22:45:00,Delivered
O1002129,BlueDart,2025-03-22 23:54:00,2025-03-25 16:54:00,2025-03-25 16:54:00,Delivered
O1002130,Delhivery,2025-12-14 09:46:00,2025-12-16 13:46:00,2025-12-16 13:46:00,Delivered
O1002131,BlueDart,2025-07-23 00:37:00,2025-07-25 08:37:00,2025-07-25 08:37:00,Delivered
O1002132,BlueDart,2025-04-29 23:59:00,2025-05-03 10:59:00,2025-05-03 10:59:00,Delivered
O1002133,DHL,2025-04-13 07:30:00,2025-04-15 15:30:00,2025-04-15 15:30:00,Delivered
O1002134,BlueDart,2025-07-26 05:08:00,2025-07-30 00:08:00,2025-07-30 00:08:00,Delivered
O1002135,Delhivery,2025-01-03 11:51:00,2025-01-04 21:51:00,2025-01-04 21:51:00,Delivered
O1002136,BlueDart,2025-04-04 21:03:00,2025-04-07 19:03:00,2025-04-07 19:03:00,Delivered
O1002138,BlueDart,2025-08-16 02:51:00,2025-08-19 05:51:00,2025-08-19 05:51:00,Delivered
O1002139,Delhivery,2025-09-03 13:28:00,2025-09-04 19:28:00,2025-09-04 19:28:00,Delivered
O1002140,BlueDart,2025-06-20 19:10:00,2025-06-23 12:10:00,2025-06-23 12:10:00,Delivered
O1002141,DHL,2025-02-22 02:13:00,2025-02-25 05:13:00,2025-02-25 05:13:00,Delivered
O1002142,Delhivery,2025-05-17 04:18:00,2025-05-18 08:18:00,2025-05-18 08:18:00,Delivered
O1002143,BlueDart,2025-11-05 08:33:00,2025-11-08 19:33:00,2025-11-08 19:33:00,Delivered
O1002144,BlueDart,2025-03-16 20:40:00,2025-03-18 23:40:00,2025-03-20 23:40:00,Delayed
O1002145,DHL,2025-03-01 14:49:00,2025-03-04 12:49:00,2025-03-05 12:49:00,Delayed
O1002146,Delhivery,2025-02-11 17:54:00,2025-02-13 08:54:00,2025-02-13 08:54:00,Delivered
O1002147,Delhivery,2025-10-27 12:40:00,2025-10-28 22:40:00,2025-10-28 22:40:00,Delivered
O1002148,EcomExpress,2025-02-13 21:53:00,2025-02-16 01:53:00,2025-02-16 01:53:00,Delivered
O1002149,EcomExpress,2025-08-01 18:28:00,2025-08-03 04:28:00,2025-08-03 04:28:00,Delivered
O1002150,DHL,2025-12-31 20:59:00,2026-01-02 04:59:00,2026-01-03 04:59:00,Delayed
O1002151,Delhivery,2025-08-24 05:16:00,2025-08-26 22:16:00,2025-08-26 22:16:00,Delivered
O1002152,BlueDart,2025-06-01 12:08:00,2025-06-04 07:08:00,2025-06-04 07:08:00,Delivered
O1002153,Delhivery,2025-03-18 07:59:00,2025-03-22 01:59:00,2025-03-23 01:59:00,Delayed
O1002154,BlueDart,2025-01-02 09:44:00,2025-01-05 02:44:00,2025-01-05 02:44:00,Delivered
O1002155,DHL,2025-02-27 10:54:00,2025-03-02 01:54:00,2025-03-02 01:54:00,Delivered
O1002156,EcomExpress,2025-12-15 02:26:00,2025-12-17 20:26:00,2025-12-18 20:26:00,Delayed
O1002157,Delhivery,2025-02-22 23:26:00,2025-02-26 22:26:00,2025-02-26 22:26:00,Delivered
O1002158,DHL,2025-01-09 01:41:00,2025-01-11 03:41:00,2025-01-13 03:41:00,Delayed
O1002159,Delhivery,2025-10-26 06:39:00,2025-10-29 07:39:00,2025-10-29 07:39:00,Delivered
O1002160,EcomExpress,2025-06-03 18:54:00,2025-06-06 21:54:00,2025-06-07 03:54:00,Delayed
O1002161,Delhivery,2025-05-11 19:59:00,2025-05-13 07:59:00,2025-05-13 07:59:00,Delivered
O1002163,Delhivery,2025-07-10 17:35:00,2025-07-14 05:35:00,2025-07-14 05:35:00,Delivered
O1002164,DHL,2025-11-30 12:37:00,2025-12-02 18:37:00,2025-12-02 18:37:00,Delivered
O1002165,DHL,2025-06-21 06:25:00,2025-06-23 11:25:00,2025-06-23 11:25:00,Delivered
O1002166,EcomExpress,2025-09-19 05:51:00,2025-09-20 21:51:00,2025-09-20 21:51:00,Delivered
O1002167,BlueDart,2025-11-18 18:25:00,2025-11-21 01:25:00,2025-11-21 01:25:00,Delivered
O1002168,BlueDart,2025-06-19 20:05:00,2025-06-22 13:05:00,2025-06-23 13:05:00,Delayed
O1002169,DHL,2025-04-15 05:45:00,2025-04-18 21:45:00,2025-04-19 21:45:00,Delayed
O1002170,DHL,2025-12-23 06:16:00,2025-12-25 04:16:00,2025-12-25 10:16:00,Delayed
O1002172,Delhivery,2025-01-16 13:20:00,2025-01-19 08:20:00,2025-01-19 14:20:00,Delayed
O1002173,EcomExpress,2025-08-01 06:43:00,2025-08-04 20:43:00,2025-08-04 20:43:00,Delivered
O1002174,BlueDart,2025-12-28 12:33:00,2025-12-31 00:33:00,2025-12-31 00:33:00,Delivered
O1002175,EcomExpress,2025-02-02 03:15:00,2025-02-03 17:15:00,2025-02-03 17:15:00,Delivered
O1002176,Delhivery,2025-11-07 22:00:00,2025-11-11 03:00:00,2025-11-11 03:00:00,Delivered
O1002177,DHL,2025-11-01 04:25:00,2025-11-03 21:25:00,2025-11-03 21:25:00,Delivered
O1002178,DHL,2025-12-07 09:00:00,2025-12-09 07:00:00,2025-12-09 07:00:00,Delivered
O1002179,DHL,2025-06-04 06:41:00,2025-06-07 20:41:00,2025-06-07 20:41:00,Delivered
O1002180,BlueDart,2025-04-03 13:08:00,2025-04-04 15:08:00,2025-04-04 15:08:00,Delivered
O1002181,DHL,2025-07-06 18:03:00,2025-07-10 15:03:00,2025-07-10 15:03:00,Delivered
O1002182,EcomExpress,2025-02-22 14:16:00,2025-02-25 16:16:00,2025-02-25 22:16:00,Delayed
O1002183,BlueDart,2025-11-04 22:04:00,2025-11-07 23:04:00,2025-11-07 23:04:00,Delivered
O1002184,Delhivery,2025-09-01 07:35:00,2025-09-04 05:35:00,2025-09-04 05:35:00,Delivered
O1002185,BlueDart,2025-06-26 23:19:00,2025-06-30 22:19:00,2025-07-01 10:19:00,Delayed
O1002186,BlueDart,2025-07-09 10:33:00,2025-07-11 16:33:00,2025-07-11 16:33:00,Delivered
O1002187,EcomExpress,2025-09-18 15:27:00,2025-09-22 13:27:00,2025-09-22 13:27:00,Delivered
O1002188,DHL,2025-07-11 05:01:00,2025-07-12 08:01:00,2025-07-12 20:01:00,Delayed
O1002189,BlueDart,2025-11-04 14:42:00,2025-11-08 08:42:00,2025-11-08 14:42:00,Delayed
O1002191,Delhivery,2025-12-13 16:29:00,2025-12-17 11:29:00,2025-12-17 11:29:00,Delivered
O1002192,Delhivery,2025-08-16 01:08:00,2025-08-17 20:08:00,2025-08-17 20:08:00,Delivered
O1002193,BlueDart,2025-09-29 12:58:00,2025-10-02 16:58:00,2025-10-03 04:58:00,Delayed
O1002194,DHL,2025-04-25 14:39:00,2025-04-27 17:39:00,2025-04-27 17:39:00,Delivered
O1002195,Delhivery,2025-01-14 20:13:00,2025-01-16 23:13:00,2025-01-16 23:13:00,Delivered
O1002196,BlueDart,2025-05-28 09:36:00,2025-05-30 22:36:00,2025-05-30 22:36:00,Delivered
O1002197,DHL,2025-11-16 13:01:00,2025-11-18 03:01:00,2025-11-18 03:01:00,Delivered
O1002198,Delhivery,2025-02-19 06:07:00,2025-02-20 22:07:00,2025-02-20 22:07:00,Delivered
O1002199,EcomExpress,2025-07-20 06:48:00,2025-07-22 21:48:00,2025-07-23 21:48:00,Delayed
O1002200,Delhivery,2025-03-12 12:41:00,2025-03-16 11:41:00,2025-03-16 11:41:00,Delivered
O1002201,Delhivery,2025-06-07 07:37:00,2025-06-08 08:37:00,2025-06-08 08:37:00,Delivered
O1002202,DHL,2025-02-22 17:54:00,2025-02-25 02:54:00,2025-02-25 08:54:00,Delayed
O1002203,Delhivery,2025-09-27 15:56:00,2025-09-29 23:56:00,2025-09-30 23:56:00,Delayed
O1002204,EcomExpress,2025-10-23 19:46:00,2025-10-27 00:46:00,2025-10-27 00:46:00,Delivered
O1002205,DHL,2025-10-05 03:48:00,2025-10-09 02:48:00,2025-10-09 02:48:00,Delivered
O1002206,BlueDart,2025-09-16 02:06:00,2025-09-18 18:06:00,2025-09-18 18:06:00,Delivered
O1002207,EcomExpress,2025-03-27 18:15:00,2025-03-30 23:15:00,2025-03-31 11:15:00,Delayed
O1002208,DHL,2025-07-14 02:26:00,2025-07-15 11:26:00,2025-07-15 11:26:00,Delivered
O1002209,BlueDart,2025-02-09 04:06:00,2025-02-13 02:06:00,2025-02-13 02:06:00,Delivered
O1002210,Delhivery,2025-05-18 09:56:00,2025-05-22 05:56:00,2025-05-22 05:56:00,Delivered
O1002211,DHL,2025-07-05 15:03:00,2025-07-07 19:03:00,2025-07-07 19:03:00,Delivered
O1002212,BlueDart,2025-09-03 10:13:00,2025-09-06 13:13:00,2025-09-07 13:13:00,Delayed
O1002213,BlueDart,2025-02-06 02:37:00,2025-02-07 08:37:00,2025-02-08 08:37:00,Delayed
O1002214,BlueDart,2025-10-24 20:37:00,2025-10-27 13:37:00,2025-10-27 13:37:00,Delivered
O1002215,DHL,2025-06-17 17:18:00,2025-06-21 14:18:00,2025-06-21 14:18:00,Delivered
O1002216,Delhivery,2025-11-19 08:42:00,2025-11-20 19:42:00,2025-11-21 01:42:00,Delayed
O1002217,DHL,2025-07-13 07:57:00,2025-07-16 21:57:00,2025-07-16 21:57:00,Delivered
O1002218,BlueDart,2025-07-19 18:17:00,2025-07-23 16:17:00,2025-07-23 16:17:00,Delivered
O1002219,Delhivery,2025-09-10 21:14:00,2025-09-13 13:14:00,2025-09-13 13:14:00,Delivered
O1002220,BlueDart,2025-10-28 10:12:00,2025-10-31 18:12:00,2025-10-31 18:12:00,Delivered
O1002221,EcomExpress,2025-02-27 18:40:00,2025-03-01 10:40:00,2025-03-01 16:40:00,Delayed
O1002222,DHL,2025-07-07 04:50:00,2025-07-09 12:50:00,2025-07-09 12:50:00,Delivered
O1002223,DHL,2025-01-11 22:14:00,2025-01-15 03:14:00,2025-01-15 03:14:00,Delivered
O1002224,BlueDart,2025-06-24 18:32:00,2025-06-27 00:32:00,2025-06-28 00:32:00,Delayed
O1002225,EcomExpress,2025-10-25 07:16:00,2025-10-26 08:16:00,2025-10-26 08:16:00,Delivered
O1002226,DHL,2025-11-13 02:23:00,2025-11-16 13:23:00,2025-11-16 13:23:00,Delivered
O1002227,EcomExpress,2025-04-15 09:21:00,2025-04-19 02:21:00,2025-04-19 02:21:00,Delivered
O1002229,EcomExpress,2025-07-22 13:08:00,2025-07-25 07:08:00,2025-07-25 19:08:00,Delayed
O1002230,DHL,2025-05-25 19:10:00,2025-05-28 21:10:00,2025-05-29 21:10:00,Delayed
O1002231,EcomExpress,2025-03-06 19:24:00,2025-03-08 06:24:00,2025-03-08 06:24:00,Delivered
O1002232,BlueDart,2025-04-23 04:54:00,2025-04-24 16:54:00,2025-04-24 22:54:00,Delayed
O1002233,DHL,2025-05-29 12:12:00,2025-06-02 06:12:00,2025-06-02 06:12:00,Delivered
O1002234,DHL,2025-07-09 15:51:00,2025-07-11 02:51:00,2025-07-11 02:51:00,Delivered
O1002235,Delhivery,2025-12-04 00:22:00,2025-12-07 19:22:00,2025-12-07 19:22:00,Delivered
O1002236,BlueDart,2025-07-19 12:08:00,2025-07-20 16:08:00,2025-07-20 16:08:00,Delivered
O1002237,EcomExpress,2025-05-23 02:53:00,2025-05-25 12:53:00,2025-05-26 00:53:00,Delayed
O1002238,DHL,2025-08-30 23:41:00,2025-09-03 06:41:00,2025-09-03 06:41:00,Delivered
O1002239,BlueDart,2025-10-11 12:15:00,2025-10-12 18:15:00,2025-10-12 18:15:00,Delivered
O1002240,BlueDart,2025-06-08 10:56:00,2025-06-09 19:56:00,2025-06-10 01:56:00,Delayed
O1002241,Delhivery,2025-06-29 04:24:00,2025-07-02 09:24:00,2025-07-02 09:24:00,Delivered
O1002242,Delhivery,2025-03-21 16:32:00,2025-03-24 05:32:00,2025-03-24 17:32:00,Delayed
O1002244,Delhivery,2025-11-14 09:19:00,2025-11-17 18:19:00,2025-11-17 18:19:00,Delivered
O1002245,Delhivery,2025-03-05 22:03:00,2025-03-07 23:03:00,2025-03-07 23:03:00,Delivered
O1002246,Delhivery,2025-05-08 09:04:00,2025-05-11 14:04:00,2025-05-11 14:04:00,Delivered
O1002247,BlueDart,2025-04-11 04:07:00,2025-04-13 19:07:00,2025-04-13 19:07:00,Delivered
O1002248,DHL,2025-12-04 00:52:00,2025-12-05 04:52:00,2025-12-05 04:52:00,Delivered
O1002249,BlueDart,2025-01-25 08:18:00,2025-01-28 10:18:00,2025-01-28 10:18:00,Delivered
O1002250,EcomExpress,2025-03-17 17:05:00,2025-03-21 11:05:00,2025-03-21 23:05:00,Delayed
O1002251,DHL,2025-04-26 03:49:00,2025-04-27 18:49:00,2025-04-29 18:49:00,Delayed
O1002252,BlueDart,2025-07-25 14:07:00,2025-07-28 23:07:00,2025-07-28 23:07:00,Delivered
O1002253,BlueDart,2025-04-02 11:34:00,2025-04-04 01:34:00,2025-04-04 13:34:00,Delayed
O1002254,BlueDart,2025-07-16 10:55:00,2025-07-20 04:55:00,2025-07-20 16:55:00,Delayed
O1002255,Delhivery,2025-10-01 02:30:00,2025-10-03 02:30:00,2025-10-03 14:30:00,Delayed
O1002256,EcomExpress,2025-10-31 17:38:00,2025-11-03 15:38:00,2025-11-03 15:38:00,Delivered
O1002257,BlueDart,2025-02-06 23:49:00,2025-02-10 18:49:00,2025-02-10 18:49:00,Delivered
O1002258,Delhivery,2025-02-21 13:46:00,2025-02-24 05:46:00,2025-02-24 05:46:00,Delivered
O1002259,Delhivery,2025-02-04 17:42:00,2025-02-07 00:42:00,2025-02-08 00:42:00,Delayed
O1002260,EcomExpress,2025-11-30 09:14:00,2025-12-02 20:14:00,2025-12-03 20:14:00,Delayed
O1002261,BlueDart,2025-08-27 18:40:00,2025-08-29 12:40:00,2025-08-29 12:40:00,Delivered
O1002262,EcomExpress,2025-07-14 09:40:00,2025-07-15 12:40:00,2025-07-16 12:40:00,Delayed
O1002263,BlueDart,2025-10-16 10:59:00,2025-10-18 23:59:00,2025-10-18 23:59:00,Delivered
O1002264,DHL,2025-08-02 17:24:00,2025-08-06 01:24:00,2025-08-06 01:24:00,Delivered
O1002265,EcomExpress,2025-03-28 03:38:00,2025-03-29 15:38:00,2025-03-30 15:38:00,Delayed
O1002266,EcomExpress,2025-07-07 13:56:00,2025-07-11 07:56:00,2025-07-11 07:56:00,Delivered
O1002267,DHL,2025-09-15 01:29:00,2025-09-18 08:29:00,2025-09-18 14:29:00,Delayed
O1002268,BlueDart,2025-01-15 13:26:00,2025-01-18 12:26:00,2025-01-18 12:26:00,Delivered
O1002269,EcomExpress,2025-08-11 02:37:00,2025-08-13 00:37:00,2025-08-15 00:37:00,Delayed
O1002270,Delhivery,2025-07-02 06:35:00,2025-07-05 09:35:00,2025-07-05 09:35:00,Delivered
O1002271,EcomExpress,2025-01-26 15:26:00,2025-01-30 13:26:00,2025-01-30 13:26:00,Delivered
O1002273,Delhivery,2025-06-14 07:26:00,2025-06-16 03:26:00,2025-06-16 03:26:00,Delivered
O1002274,Delhivery,2025-05-07 08:41:00,2025-05-10 05:41:00,2025-05-10 05:41:00,Delivered
O1002275,DHL,2025-04-16 21:28:00,2025-04-19 03:28:00,2025-04-19 03:28:00,Delivered
O1002276,Delhivery,2025-08-26 09:18:00,2025-08-29 05:18:00,2025-08-29 05:18:00,Delivered
O1002277,EcomExpress,2025-05-29 04:00:00,2025-05-30 22:00:00,2025-05-30 22:00:00,Delivered
O1002278,BlueDart,2025-07-02 06:27:00,2025-07-04 02:27:00,2025-07-04 02:27:00,Delivered
O1002279,Delhivery,2025-10-19 21:46:00,2025-10-23 12:46:00,2025-10-24 12:46:00,Delayed
O1002280,BlueDart,2025-02-04 22:57:00,2025-02-06 10:57:00,2025-02-06 10:57:00,Delivered
O1002281,Delhivery,2025-05-13 03:48:00,2025-05-16 15:48:00,2025-05-16 15:48:00,Delivered
O1002282,Delhivery,2025-01-28 13:11:00,2025-01-29 18:11:00,2025-01-30 00:11:00,Delayed
O1002283,BlueDart,2025-12-06 06:03:00,2025-12-09 22:03:00,2025-12-10 10:03:00,Delayed
O1002284,DHL,2025-03-10 10:43:00,2025-03-13 23:43:00,2025-03-13 23:43:00,Delivered
O1002285,BlueDart,2025-10-27 22:52:00,2025-10-31 16:52:00,2025-10-31 16:52:00,Delivered
O1002286,BlueDart,2025-03-11 15:19:00,2025-03-15 13:19:00,2025-03-15 13:19:00,Delivered
O1002287,DHL,2025-04-30 11:47:00,2025-05-04 07:47:00,2025-05-04 07:47:00,Delivered
O1002288,BlueDart,2025-08-11 13:21:00,2025-08-13 04:21:00,2025-08-13 04:21:00,Delivered
O1002289,DHL,2025-10-31 17:08:00,2025-11-04 08:08:00,2025-11-04 08:08:00,Delivered
O1002290,EcomExpress,2025-03-06 18:51:00,2025-03-10 17:51:00,2025-03-11 05:51:00,Delayed
O1002291,BlueDart,2025-03-20 02:22:00,2025-03-22 17:22:00,2025-03-23 05:22:00,Delayed
O1002292,BlueDart,2025-11-18 16:29:00,2025-11-21 12:29:00,2025-11-22 00:29:00,Delayed
O1002293,Delhivery,2025-04-28 18:00:00,2025-05-02 09:00:00,2025-05-02 09:00:00,Delivered
O1002294,BlueDart,2025-03-18 22:52:00,2025-03-22 06:52:00,2025-03-22 12:52:00,Delayed
O1002295,BlueDart,2025-09-29 19:09:00,2025-10-03 04:09:00,2025-10-03 04:09:00,Delivered
O1002296,Delhivery,2025-02-04 12:29:00,2025-02-08 11:29:00,2025-02-09 11:29:00,Delayed
O1002297,Delhivery,2025-11-14 04:32:00,2025-11-17 16:32:00,2025-11-17 16:32:00,Delivered
O1002298,Delhivery,2025-11-17 05:21:00,2025-11-21 03:21:00,2025-11-21 03:21:00,Delivered
O1002299,Delhivery,2025-11-09 16:25:00,2025-11-13 10:25:00,2025-11-13 10:25:00,Delivered
O1002300,BlueDart,2025-04-18 19:32:00,2025-04-21 11:32:00,2025-04-21 11:32:00,Delivered
O1002301,EcomExpress,2025-02-12 05:14:00,2025-02-14 23:14:00,2025-02-14 23:14:00,Delivered
O1002302,DHL,2025-06-05 12:28:00,2025-06-08 01:28:00,2025-06-09 01:28:00,Delayed
O1002303,Delhivery,2025-05-03 22:42:00,2025-05-05 20:42:00,2025-05-05 20:42:00,Delivered
O1002304,DHL,2025-12-18 03:37:00,2025-12-21 03:37:00,2025-12-21 15:37:00,Delayed
O1002305,Delhivery,2025-08-20 12:47:00,2025-08-23 07:47:00,2025-08-23 07:47:00,Delivered
O1002306,EcomExpress,2025-12-12 01:27:00,2025-12-13 16:27:00,2025-12-13 16:27:00,Delivered
O1002307,Delhivery,2025-10-02 16:26:00,2025-10-06 05:26:00,2025-10-06 05:26:00,Delivered
O1002308,DHL,2025-09-19 07:30:00,2025-09-21 10:30:00,2025-09-21 10:30:00,Delivered
O1002309,DHL,2025-02-11 02:40:00,2025-02-13 11:40:00,2025-02-13 11:40:00,Delivered
O1002310,DHL,2025-01-26 19:38:00,2025-01-30 06:38:00,2025-01-30 06:38:00,Delivered
O1002311,DHL,2025-01-18 13:43:00,2025-01-21 08:43:00,2025-01-21 20:43:00,Delayed
O1002312,EcomExpress,2025-08-06 06:22:00,2025-08-07 13:22:00,2025-08-07 13:22:00,Delivered
O1002313,EcomExpress,2025-03-16 05:05:00,2025-03-18 03:05:00,2025-03-18 03:05:00,Delivered
O1002314,Delhivery,2025-12-29 01:45:00,2025-12-31 10:45:00,2025-12-31 10:45:00,Delivered
O1002315,DHL,2025-02-19 01:24:00,2025-02-22 05:24:00,2025-02-24 05:24:00,Delayed
O1002317,EcomExpress,2025-09-02 03:05:00,2025-09-04 01:05:00,2025-09-04 01:05:00,Delivered
O1002318,BlueDart,2025-02-09 10:40:00,2025-02-11 19:40:00,2025-02-11 19:40:00,Delivered
O1002319,EcomExpress,2025-01-23 12:39:00,2025-01-26 05:39:00,2025-01-27 05:39:00,Delayed
O1002320,DHL,2025-05-25 13:45:00,2025-05-28 03:45:00,2025-05-28 03:45:00,Delivered
O1002321,DHL,2025-05-04 23:53:00,2025-05-06 12:53:00,2025-05-07 12:53:00,Delayed
O1002322,DHL,2025-04-27 09:45:00,2025-04-29 21:45:00,2025-05-01 21:45:00,Delayed
O1002323,EcomExpress,2025-07-12 22:21:00,2025-07-16 16:21:00,2025-07-16 16:21:00,Delivered
O1002324,BlueDart,2025-02-18 02:56:00,2025-02-21 01:56:00,2025-02-21 01:56:00,Delivered
O1002325,EcomExpress,2025-02-18 09:20:00,2025-02-21 18:20:00,2025-02-23 18:20:00,Delayed
O1002326,BlueDart,2025-09-12 11:01:00,2025-09-15 15:01:00,2025-09-15 15:01:00,Delivered
O1002327,Delhivery,2025-12-28 23:56:00,2025-12-30 04:56:00,2025-12-30 04:56:00,Delivered
O1002328,Delhivery,2025-04-11 17:25:00,2025-04-14 02:25:00,2025-04-14 02:25:00,Delivered
O1002329,DHL,2025-12-08 05:47:00,2025-12-10 04:47:00,2025-12-10 10:47:00,Delayed
O1002330,DHL,2025-05-07 13:17:00,2025-05-10 01:17:00,2025-05-10 07:17:00,Delayed
O1002331,BlueDart,2025-05-04 06:27:00,2025-05-05 09:27:00,2025-05-06 09:27:00,Delayed
O1002332,Delhivery,2025-02-02 23:41:00,2025-02-04 15:41:00,2025-02-04 15:41:00,Delivered
O1002333,BlueDart,2025-06-04 18:00:00,2025-06-06 02:00:00,2025-06-06 02:00:00,Delivered
O1002334,EcomExpress,2025-07-02 04:46:00,2025-07-03 07:46:00,2025-07-03 13:46:00,Delayed
O1002335,DHL,2025-09-01 08:15:00,2025-09-03 14:15:00,2025-09-03 14:15:00,Delivered
O1002336,BlueDart,2025-02-28 02:56:00,2025-03-03 10:56:00,2025-03-04 10:56:00,Delayed
O1002337,EcomExpress,2025-03-11 03:50:00,2025-03-13 02:50:00,2025-03-13 02:50:00,Delivered
O1002338,EcomExpress,2025-06-08 05:53:00,2025-06-11 13:53:00,2025-06-11 13:53:00,Delivered
O1002339,DHL,2025-01-27 08:50:00,2025-01-29 21:50:00,2025-01-29 21:50:00,Delivered
O1002340,Delhivery,2025-02-23 06:18:00,2025-02-26 06:18:00,2025-02-26 18:18:00,Delayed
O1002341,BlueDart,2025-08-19 07:39:00,2025-08-21 03:39:00,2025-08-21 09:39:00,Delayed
O1002342,Delhivery,2025-12-16 06:04:00,2025-12-18 12:04:00,2025-12-19 12:04:00,Delayed
O1002343,BlueDart,2025-07-30 02:52:00,2025-08-01 01:52:00,2025-08-01 01:52:00,Delivered
O1002344,BlueDart,2025-02-23 00:50:00,2025-02-25 06:50:00,2025-02-26 06:50:00,Delayed
O1002345,DHL,2025-12-29 10:18:00,2026-01-02 06:18:00,2026-01-02 06:18:00,Delivered
O1002346,EcomExpress,2025-07-11 07:27:00,2025-07-12 15:27:00,2025-07-13 15:27:00,Delayed
O1002347,DHL,2025-09-19 15:08:00,2025-09-23 05:08:00,2025-09-24 05:08:00,Delayed
O1002348,BlueDart,2025-03-13 22:51:00,2025-03-17 16:51:00,2025-03-17 16:51:00,Delivered
O1002349,EcomExpress,2025-07-31 16:28:00,2025-08-01 16:28:00,2025-08-01 16:28:00,Delivered
O1002350,DHL,2025-01-29 10:56:00,2025-01-31 15:56:00,2025-02-02 15:56:00,Delayed
O1002351,Delhivery,2025-08-18 10:32:00,2025-08-21 05:32:00,2025-08-21 05:32:00,Delivered
O1002352,Delhivery,2025-03-15 14:35:00,2025-03-17 11:35:00,2025-03-17 17:35:00,Delayed
O1002353,Delhivery,2025-11-29 07:31:00,2025-11-30 17:31:00,2025-11-30 17:31:00,Delivered
O1002354,EcomExpress,2025-01-21 11:22:00,2025-01-23 15:22:00,2025-01-23 15:22:00,Delivered
O1002355,DHL,2025-08-28 03:30:00,2025-08-31 11:30:00,2025-08-31 11:30:00,Delivered
O1002356,EcomExpress,2025-02-20 14:55:00,2025-02-23 00:55:00,2025-02-23 00:55:00,Delivered
O1002357,DHL,2025-09-08 16:47:00,2025-09-12 04:47:00,2025-09-12 04:47:00,Delivered
O1002358,EcomExpress,2025-07-01 05:01:00,2025-07-03 07:01:00,2025-07-03 19:01:00,Delayed
O1002359,EcomExpress,2025-12-20 20:09:00,2025-12-23 19:09:00,2025-12-23 19:09:00,Delivered
O1002361,BlueDart,2025-05-16 23:53:00,2025-05-20 06:53:00,2025-05-20 06:53:00,Delivered
O1002362,EcomExpress,2025-02-01 22:35:00,2025-02-04 22:35:00,2025-02-04 22:35:00,Delivered
O1002363,DHL,2025-08-07 04:33:00,2025-08-09 12:33:00,2025-08-09 12:33:00,Delivered
O1002364,DHL,2025-06-11 03:33:00,2025-06-14 16:33:00,2025-06-14 16:33:00,Delivered
O1002365,DHL,2025-01-21 06:21:00,2025-01-22 18:21:00,2025-01-23 00:21:00,Delayed
O1002366,Delhivery,2025-08-02 00:29:00,2025-08-03 07:29:00,2025-08-03 19:29:00,Delayed
O1002367,Delhivery,2025-03-19 00:53:00,2025-03-20 02:53:00,2025-03-20 02:53:00,Delivered
O1002368,DHL,2025-03-28 11:04:00,2025-03-31 13:04:00,2025-03-31 13:04:00,Delivered
O1002369,DHL,2025-01-05 07:02:00,2025-01-07 08:02:00,2025-01-07 08:02:00,Delivered
O1002370,EcomExpress,2025-05-17 12:56:00,2025-05-18 20:56:00,2025-05-20 20:56:00,Delayed
O1002371,BlueDart,2025-03-22 17:26:00,2025-03-24 06:26:00,2025-03-24 06:26:00,Delivered
O1002372,EcomExpress,2025-01-27 21:41:00,2025-01-29 00:41:00,2025-01-30 00:41:00,Delayed
O1002373,Delhivery,2025-06-08 22:54:00,2025-06-11 03:54:00,2025-06-11 09:54:00,Delayed
O1002374,EcomExpress,2025-03-22 23:23:00,2025-03-25 20:23:00,2025-03-27 20:23:00,Delayed
O1002375,DHL,2025-02-19 03:04:00,2025-02-20 21:04:00,2025-02-21 03:04:00,Delayed
O1002376,EcomExpress,2025-06-20 22:09:00,2025-06-22 17:09:00,2025-06-22 17:09:00,Delivered
O1002377,DHL,2025-01-24 21:15:00,2025-01-28 18:15:00,2025-01-28 18:15:00,Delivered
O1002378,BlueDart,2025-12-29 10:37:00,2025-12-30 13:37:00,2025-12-30 13:37:00,Delivered
O1002379,EcomExpress,2025-06-22 10:39:00,2025-06-25 22:39:00,2025-06-25 22:39:00,Delivered
O1002380,DHL,2025-12-31 16:31:00,2026-01-01 20:31:00,2026-01-03 20:31:00,Delayed
O1002381,EcomExpress,2025-11-19 10:25:00,2025-11-22 18:25:00,2025-11-22 18:25:00,Delivered
O1002382,BlueDart,2025-12-25 11:50:00,2025-12-29 09:50:00,2025-12-29 09:50:00,Delivered
O1002383,Delhivery,2025-07-19 00:25:00,2025-07-20 21:25:00,2025-07-20 21:25:00,Delivered
O1002384,EcomExpress,2025-06-05 14:11:00,2025-06-07 06:11:00,2025-06-07 06:11:00,Delivered
O1002385,EcomExpress,2025-09-20 19:38:00,2025-09-22 12:38:00,2025-09-22 12:38:00,Delivered
O1002386,EcomExpress,2025-01-31 18:37:00,2025-02-02 23:37:00,2025-02-02 23:37:00,Delivered
O1002387,EcomExpress,2025-11-04 08:32:00,2025-11-06 03:32:00,2025-11-06 03:32:00,Delivered
O1002388,EcomExpress,2025-04-29 22:47:00,2025-05-01 17:47:00,2025-05-01 17:47:00,Delivered
O1002389,EcomExpress,2025-01-04 06:42:00,2025-01-05 18:42:00,2025-01-06 00:42:00,Delayed
O1002390,DHL,2025-03-29 17:59:00,2025-04-02 12:59:00,2025-04-02 12:59:00,Delivered
O1002391,Delhivery,2025-03-30 16:48:00,2025-04-01 13:48:00,2025-04-01 13:48:00,Delivered
O1002392,Delhivery,2025-01-06 15:01:00,2025-01-07 20:01:00,2025-01-08 02:01:00,Delayed
O1002393,DHL,2025-09-03 07:05:00,2025-09-05 05:05:00,2025-09-05 11:05:00,Delayed
O1002394,Delhivery,2025-02-05 04:58:00,2025-02-07 19:58:00,2025-02-07 19:58:00,Delivered
O1002395,EcomExpress,2025-11-07 09:53:00,2025-11-08 17:53:00,2025-11-09 17:53:00,Delayed
O1002396,BlueDart,2025-06-16 15:57:00,2025-06-19 01:57:00,2025-06-19 01:57:00,Delivered
O1002397,DHL,2025-09-21 09:03:00,2025-09-25 08:03:00,2025-09-25 14:03:00,Delayed
O1002398,BlueDart,2025-05-05 07:18:00,2025-05-08 08:18:00,2025-05-08 20:18:00,Delayed
O1002400,Delhivery,2025-03-07 18:12:00,2025-03-09 18:12:00,2025-03-09 18:12:00,Delivered
O1002401,DHL,2025-08-24 19:35:00,2025-08-28 11:35:00,2025-08-28 11:35:00,Delivered
O1002402,DHL,2025-09-20 11:49:00,2025-09-22 10:49:00,2025-09-22 10:49:00,Delivered
O1002403,DHL,2025-04-09 08:39:00,2025-04-10 08:39:00,2025-04-10 08:39:00,Delivered
O1002404,DHL,2025-05-12 01:32:00,2025-05-13 18:32:00,2025-05-13 18:32:00,Delivered
O1002405,BlueDart,2025-12-12 10:43:00,2025-12-13 11:43:00,2025-12-13 23:43:00,Delayed
O1002406,Delhivery,2025-11-07 16:37:00,2025-11-10 03:37:00,2025-11-10 03:37:00,Delivered
O1002407,EcomExpress,2025-06-01 10:58:00,2025-06-03 13:58:00,2025-06-03 13:58:00,Delivered
O1002408,Delhivery,2025-03-29 23:26:00,2025-03-31 03:26:00,2025-03-31 03:26:00,Delivered
O1002409,DHL,2025-04-20 18:06:00,2025-04-22 22:06:00,2025-04-23 10:06:00,Delayed
O1002410,DHL,2025-07-17 02:13:00,2025-07-18 15:13:00,2025-07-18 15:13:00,Delivered
O1002411,DHL,2025-07-27 03:49:00,2025-07-30 19:49:00,2025-07-30 19:49:00,Delivered
O1002412,BlueDart,2025-03-10 00:14:00,2025-03-12 19:14:00,2025-03-12 19:14:00,Delivered
O1002413,BlueDart,2025-01-26 01:35:00,2025-01-27 21:35:00,2025-01-27 21:35:00,Delivered
O1002414,EcomExpress,2025-07-01 05:54:00,2025-07-04 11:54:00,2025-07-04 23:54:00,Delayed
O1002415,DHL,2025-10-20 10:23:00,2025-10-23 23:23:00,2025-10-24 05:23:00,Delayed
O1002416,DHL,2025-02-26 00:41:00,2025-03-01 07:41:00,2025-03-01 13:41:00,Delayed
O1002417,BlueDart,2025-05-31 02:24:00,2025-06-01 08:24:00,2025-06-02 08:24:00,Delayed
O1002418,BlueDart,2025-02-28 21:57:00,2025-03-03 09:57:00,2025-03-04 09:57:00,Delayed
O1002419,Delhivery,2025-03-31 17:36:00,2025-04-01 22:36:00,2025-04-02 10:36:00,Delayed
O1002420,DHL,2025-08-13 02:13:00,2025-08-15 23:13:00,2025-08-15 23:13:00,Delivered
O1002421,Delhivery,2025-04-16 06:38:00,2025-04-19 11:38:00,2025-04-19 11:38:00,Delivered
O1002422,BlueDart,2025-04-08 00:37:00,2025-04-09 01:37:00,2025-04-11 01:37:00,Delayed
O1002424,Delhivery,2025-03-05 11:38:00,2025-03-08 17:38:00,2025-03-08 17:38:00,Delivered
O1002425,DHL,2025-03-12 06:01:00,2025-03-13 23:01:00,2025-03-13 23:01:00,Delivered
O1002426,DHL,2025-12-07 04:34:00,2025-12-08 10:34:00,2025-12-08 10:34:00,Delivered
O1002427,EcomExpress,2025-07-21 12:31:00,2025-07-23 08:31:00,2025-07-23 14:31:00,Delayed
O1002428,Delhivery,2025-01-17 01:40:00,2025-01-21 00:40:00,2025-01-21 00:40:00,Delivered
O1002429,DHL,2025-06-06 00:03:00,2025-06-07 20:03:00,2025-06-07 20:03:00,Delivered
O1002430,Delhivery,2025-07-27 15:03:00,2025-07-28 20:03:00,2025-07-28 20:03:00,Delivered
O1002431,DHL,2025-04-03 19:46:00,2025-04-05 00:46:00,2025-04-05 00:46:00,Delivered
O1002432,DHL,2025-07-21 10:52:00,2025-07-25 01:52:00,2025-07-26 01:52:00,Delayed
O1002433,BlueDart,2025-08-26 09:10:00,2025-08-29 08:10:00,2025-08-29 08:10:00,Delivered
O1002434,BlueDart,2025-04-03 00:19:00,2025-04-04 13:19:00,2025-04-05 13:19:00,Delayed
O1002435,BlueDart,2025-10-25 05:33:00,2025-10-28 02:33:00,2025-10-28 02:33:00,Delivered
O1002436,EcomExpress,2025-06-16 02:12:00,2025-06-17 03:12:00,2025-06-18 03:12:00,Delayed
O1002437,Delhivery,2025-12-19 00:20:00,2025-12-22 01:20:00,2025-12-23 01:20:00,Delayed
O1002438,BlueDart,2025-02-03 05:36:00,2025-02-06 18:36:00,2025-02-06 18:36:00,Delivered
O1002440,DHL,2025-09-22 01:40:00,2025-09-25 09:40:00,2025-09-25 09:40:00,Delivered
O1002441,BlueDart,2025-11-24 10:50:00,2025-11-25 23:50:00,2025-11-26 05:50:00,Delayed
O1002442,BlueDart,2025-03-23 16:12:00,2025-03-25 17:12:00,2025-03-25 17:12:00,Delivered
O1002443,Delhivery,2025-12-25 04:34:00,2025-12-27 18:34:00,2025-12-27 18:34:00,Delivered
O1002444,EcomExpress,2025-03-13 06:26:00,2025-03-14 11:26:00,2025-03-14 17:26:00,Delayed
O1002445,EcomExpress,2025-06-02 10:24:00,2025-06-05 21:24:00,2025-06-06 21:24:00,Delayed
O1002446,BlueDart,2025-04-25 22:08:00,2025-04-28 17:08:00,2025-04-28 17:08:00,Delivered
O1002447,DHL,2025-06-04 22:15:00,2025-06-06 09:15:00,2025-06-06 09:15:00,Delivered
O1002448,DHL,2025-11-26 23:53:00,2025-11-30 05:53:00,2025-12-01 05:53:00,Delayed
O1002449,BlueDart,2025-09-25 13:56:00,2025-09-28 18:56:00,2025-09-28 18:56:00,Delivered
O1002450,EcomExpress,2025-10-19 03:03:00,2025-10-20 14:03:00,2025-10-21 14:03:00,Delayed
O1002451,DHL,2025-04-04 18:27:00,2025-04-07 08:27:00,2025-04-07 08:27:00,Delivered
O1002452,BlueDart,2025-12-13 08:42:00,2025-12-15 06:42:00,2025-12-15 06:42:00,Delivered
O1002453,BlueDart,2025-06-09 02:17:00,2025-06-10 20:17:00,2025-06-10 20:17:00,Delivered
O1002454,BlueDart,2025-08-26 18:49:00,2025-08-30 04:49:00,2025-08-30 04:49:00,Delivered
O1002455,DHL,2025-09-13 09:27:00,2025-09-14 11:27:00,2025-09-14 11:27:00,Delivered
O1002456,DHL,2025-08-30 20:23:00,2025-09-02 02:23:00,2025-09-02 08:23:00,Delayed
O1002457,Delhivery,2025-08-09 03:58:00,2025-08-10 21:58:00,2025-08-10 21:58:00,Delivered
O1002458,Delhivery,2025-06-26 11:57:00,2025-06-28 10:57:00,2025-06-29 10:57:00,Delayed
O1002459,BlueDart,2025-08-26 04:00:00,2025-08-28 10:00:00,2025-08-28 10:00:00,Delivered
O1002460,Delhivery,2025-11-27 19:10:00,2025-11-30 12:10:00,2025-11-30 12:10:00,Delivered
O1002461,BlueDart,2025-05-23 21:02:00,2025-05-25 23:02:00,2025-05-26 05:02:00,Delayed
O1002462,BlueDart,2025-07-07 14:05:00,2025-07-10 05:05:00,2025-07-10 05:05:00,Delivered
O1002463,EcomExpress,2025-03-08 01:13:00,2025-03-11 04:13:00,2025-03-11 10:13:00,Delayed
O1002464,Delhivery,2025-05-11 03:59:00,2025-05-12 15:59:00,2025-05-12 15:59:00,Delivered
O1002465,Delhivery,2025-10-10 03:15:00,2025-10-12 08:15:00,2025-10-12 20:15:00,Delayed
O1002466,BlueDart,2025-08-23 06:33:00,2025-08-25 20:33:00,2025-08-25 20:33:00,Delivered
O1002467,BlueDart,2025-03-20 00:41:00,2025-03-22 03:41:00,2025-03-22 03:41:00,Delivered
O1002468,DHL,2025-07-19 21:02:00,2025-07-22 12:02:00,2025-07-22 18:02:00,Delayed
O1002469,Delhivery,2025-10-25 13:08:00,2025-10-28 23:08:00,2025-10-28 23:08:00,Delivered
O1002470,EcomExpress,2025-02-16 11:07:00,2025-02-19 07:07:00,2025-02-21 07:07:00,Delayed
O1002471,DHL,2025-01-23 17:38:00,2025-01-26 02:38:00,2025-01-26 02:38:00,Delivered
O1002472,DHL,2025-05-24 15:56:00,2025-05-27 14:56:00,2025-05-27 14:56:00,Delivered
O1002473,BlueDart,2025-08-29 02:24:00,2025-09-02 00:24:00,2025-09-02 00:24:00,Delivered
O1002474,EcomExpress,2025-04-25 18:25:00,2025-04-26 19:25:00,2025-04-26 19:25:00,Delivered
O1002475,EcomExpress,2025-10-28 00:43:00,2025-10-30 17:43:00,2025-10-31 05:43:00,Delayed
O1002476,BlueDart,2025-11-06 22:19:00,2025-11-07 22:19:00,2025-11-07 22:19:00,Delivered
O1002477,Delhivery,2025-07-15 02:58:00,2025-07-18 21:58:00,2025-07-18 21:58:00,Delivered
O1002478,EcomExpress,2025-05-19 21:58:00,2025-05-23 01:58:00,2025-05-23 01:58:00,Delivered
O1002479,Delhivery,2025-01-17 02:33:00,2025-01-20 17:33:00,2025-01-21 17:33:00,Delayed
O1002480,Delhivery,2025-10-28 05:22:00,2025-10-30 22:22:00,2025-10-30 22:22:00,Delivered
O1002481,Delhivery,2025-11-23 23:12:00,2025-11-26 04:12:00,2025-11-26 04:12:00,Delivered
O1002482,Delhivery,2025-06-11 19:02:00,2025-06-12 19:02:00,2025-06-12 19:02:00,Delivered
O1002483,BlueDart,2025-07-09 10:30:00,2025-07-12 06:30:00,2025-07-12 06:30:00,Delivered
O1002484,EcomExpress,2025-10-04 04:00:00,2025-10-07 21:00:00,2025-10-07 21:00:00,Delivered
O1002485,BlueDart,2025-09-11 20:47:00,2025-09-13 06:47:00,2025-09-13 18:47:00,Delayed
O1002486,EcomExpress,2025-02-20 10:34:00,2025-02-22 03:34:00,2025-02-22 03:34:00,Delivered
O1002487,Delhivery,2025-09-03 17:46:00,2025-09-06 06:46:00,2025-09-06 06:46:00,Delivered
O1002488,BlueDart,2025-12-04 22:37:00,2025-12-07 12:37:00,2025-12-07 12:37:00,Delivered
O1002489,BlueDart,2025-10-02 19:18:00,2025-10-05 01:18:00,2025-10-05 01:18:00,Delivered
O1002490,Delhivery,2025-06-26 13:42:00,2025-06-27 23:42:00,2025-06-27 23:42:00,Delivered
O1002491,EcomExpress,2025-07-11 04:49:00,2025-07-13 14:49:00,2025-07-13 20:49:00,Delayed
O1002492,BlueDart,2025-04-05 15:51:00,2025-04-08 03:51:00,2025-04-08 03:51:00,Delivered
O1002493,Delhivery,2025-08-30 23:03:00,2025-09-01 12:03:00,2025-09-01 12:03:00,Delivered
O1002494,BlueDart,2025-03-31 16:37:00,2025-04-03 11:37:00,2025-04-03 17:37:00,Delayed
O1002496,DHL,2025-04-08 05:57:00,2025-04-11 19:57:00,2025-04-11 19:57:00,Delivered
O1002497,EcomExpress,2025-05-03 16:58:00,2025-05-04 22:58:00,2025-05-05 04:58:00,Delayed
O1002498,DHL,2025-05-14 17:26:00,2025-05-15 22:26:00,2025-05-15 22:26:00,Delivered
O1002499,Delhivery,2025-02-01 11:05:00,2025-02-04 03:05:00,2025-02-04 15:05:00,Delayed
O1002500,EcomExpress,2025-09-20 03:30:00,2025-09-23 11:30:00,2025-09-23 11:30:00,Delivered
O1002501,EcomExpress,2025-06-11 08:38:00,2025-06-12 15:38:00,2025-06-12 15:38:00,Delivered
O1002502,Delhivery,2025-12-14 07:38:00,2025-12-18 02:38:00,2025-12-18 02:38:00,Delivered
O1002503,BlueDart,2025-03-09 08:28:00,2025-03-11 18:28:00,2025-03-11 18:28:00,Delivered
O1002504,DHL,2025-09-02 23:55:00,2025-09-04 06:55:00,2025-09-04 06:55:00,Delivered
O1002505,EcomExpress,2025-03-07 12:10:00,2025-03-09 20:10:00,2025-03-09 20:10:00,Delivered
O1002506,DHL,2025-07-19 20:25:00,2025-07-22 03:25:00,2025-07-22 15:25:00,Delayed
O1002507,EcomExpress,2025-06-30 02:35:00,2025-07-02 06:35:00,2025-07-02 06:35:00,Delivered
O1002508,BlueDart,2025-06-14 03:40:00,2025-06-16 21:40:00,2025-06-16 21:40:00,Delivered
O1002509,Delhivery,2025-08-28 04:37:00,2025-08-29 21:37:00,2025-08-29 21:37:00,Delivered
O1002510,Delhivery,2025-10-31 14:45:00,2025-11-04 13:45:00,2025-11-04 13:45:00,Delivered
O1002511,EcomExpress,2025-04-27 07:46:00,2025-04-29 03:46:00,2025-04-29 03:46:00,Delivered
O1002512,Delhivery,2025-11-07 21:23:00,2025-11-11 11:23:00,2025-11-11 23:23:00,Delayed
O1002513,BlueDart,2025-03-10 04:52:00,2025-03-13 14:52:00,2025-03-13 20:52:00,Delayed
O1002514,DHL,2025-04-17 13:00:00,2025-04-19 18:00:00,2025-04-20 00:00:00,Delayed
O1002515,BlueDart,2025-04-24 14:03:00,2025-04-26 03:03:00,2025-04-26 03:03:00,Delivered
O1002516,DHL,2025-12-15 04:20:00,2025-12-19 01:20:00,2025-12-19 13:20:00,Delayed
O1002517,DHL,2025-02-14 01:29:00,2025-02-16 18:29:00,2025-02-16 18:29:00,Delivered
O1002518,BlueDart,2025-05-26 07:29:00,2025-05-28 06:29:00,2025-05-28 12:29:00,Delayed
O1002520,EcomExpress,2025-10-21 19:51:00,2025-10-23 05:51:00,2025-10-23 17:51:00,Delayed
O1002521,DHL,2025-06-28 02:16:00,2025-06-30 02:16:00,2025-06-30 02:16:00,Delivered
O1002522,DHL,2025-12-19 12:14:00,2025-12-22 10:14:00,2025-12-22 10:14:00,Delivered
O1002523,DHL,2025-09-29 01:23:00,2025-10-01 13:23:00,2025-10-01 13:23:00,Delivered
O1002524,DHL,2025-09-15 13:09:00,2025-09-16 17:09:00,2025-09-17 05:09:00,Delayed
O1002525,Delhivery,2025-10-02 23:27:00,2025-10-06 07:27:00,2025-10-06 07:27:00,Delivered
O1002526,Delhivery,2025-02-28 22:38:00,2025-03-02 21:38:00,2025-03-02 21:38:00,Delivered
O1002527,BlueDart,2025-06-14 02:27:00,2025-06-15 15:27:00,2025-06-15 15:27:00,Delivered
O1002528,EcomExpress,2025-08-03 05:04:00,2025-08-06 07:04:00,2025-08-06 13:04:00,Delayed
O1002529,DHL,2025-03-18 18:54:00,2025-03-21 23:54:00,2025-03-22 05:54:00,Delayed
O1002530,Delhivery,2025-02-13 20:51:00,2025-02-17 07:51:00,2025-02-17 13:51:00,Delayed
O1002531,DHL,2025-02-20 08:56:00,2025-02-21 08:56:00,2025-02-22 08:56:00,Delayed
O1002532,BlueDart,2025-10-16 20:28:00,2025-10-18 23:28:00,2025-10-18 23:28:00,Delivered
O1002533,EcomExpress,2025-08-28 19:34:00,2025-08-30 13:34:00,2025-08-30 13:34:00,Delivered
O1002535,EcomExpress,2025-09-28 02:42:00,2025-09-30 19:42:00,2025-09-30 19:42:00,Delivered
O1002537,DHL,2025-10-27 03:09:00,2025-10-31 01:09:00,2025-10-31 01:09:00,Delivered
O1002538,BlueDart,2025-11-30 05:05:00,2025-12-01 13:05:00,2025-12-01 13:05:00,Delivered
O1002539,EcomExpress,2025-11-20 18:44:00,2025-11-23 17:44:00,2025-11-25 17:44:00,Delayed
O1002540,EcomExpress,2025-03-09 10:19:00,2025-03-11 17:19:00,2025-03-11 17:19:00,Delivered
O1002541,DHL,2025-10-09 02:43:00,2025-10-11 11:43:00,2025-10-11 11:43:00,Delivered
O1002542,DHL,2025-05-25 07:23:00,2025-05-29 02:23:00,2025-05-31 02:23:00,Delayed
O1002543,Delhivery,2025-05-28 22:22:00,2025-06-01 02:22:00,2025-06-01 02:22:00,Delivered
O1002544,DHL,2025-08-26 12:54:00,2025-08-27 18:54:00,2025-08-27 18:54:00,Delivered
O1002545,Delhivery,2025-08-09 18:32:00,2025-08-12 01:32:00,2025-08-12 01:32:00,Delivered
O1002546,DHL,2025-06-03 19:59:00,2025-06-07 00:59:00,2025-06-07 00:59:00,Delivered
O1002547,EcomExpress,2025-12-31 21:20:00,2026-01-02 04:20:00,2026-01-02 04:20:00,Delivered
O1002548,EcomExpress,2025-03-06 14:40:00,2025-03-09 02:40:00,2025-03-09 02:40:00,Delivered
O1002549,Delhivery,2025-02-05 21:43:00,2025-02-08 08:43:00,2025-02-08 08:43:00,Delivered
O1002550,BlueDart,2025-01-11 12:59:00,2025-01-12 17:59:00,2025-01-12 17:59:00,Delivered
O1002551,DHL,2025-10-25 16:13:00,2025-10-29 12:13:00,2025-10-29 18:13:00,Delayed
O1002552,Delhivery,2025-05-29 21:59:00,2025-05-31 23:59:00,2025-05-31 23:59:00,Delivered
O1002553,EcomExpress,2025-06-10 14:39:00,2025-06-12 09:39:00,2025-06-13 09:39:00,Delayed
O1002554,EcomExpress,2025-08-26 05:38:00,2025-08-27 11:38:00,2025-08-28 11:38:00,Delayed
O1002555,Delhivery,2025-06-08 21:52:00,2025-06-10 00:52:00,2025-06-10 00:52:00,Delivered
O1002556,BlueDart,2025-07-30 10:07:00,2025-08-01 00:07:00,2025-08-01 00:07:00,Delivered
O1002557,DHL,2025-01-23 06:35:00,2025-01-26 11:35:00,2025-01-26 17:35:00,Delayed
O1002558,EcomExpress,2025-02-28 07:45:00,2025-03-02 02:45:00,2025-03-02 02:45:00,Delivered
O1002559,DHL,2025-12-08 10:35:00,2025-12-10 18:35:00,2025-12-10 18:35:00,Delivered
O1002560,DHL,2025-06-14 19:16:00,2025-06-17 18:16:00,2025-06-17 18:16:00,Delivered
O1002561,BlueDart,2025-03-04 08:31:00,2025-03-06 08:31:00,2025-03-06 08:31:00,Delivered
O1002562,EcomExpress,2025-05-16 15:16:00,2025-05-18 20:16:00,2025-05-18 20:16:00,Delivered
O1002563,BlueDart,2025-05-04 19:11:00,2025-05-07 06:11:00,2025-05-07 18:11:00,Delayed
O1002564,Delhivery,2025-04-12 14:36:00,2025-04-16 07:36:00,2025-04-16 07:36:00,Delivered
O1002565,Delhivery,2025-04-19 08:11:00,2025-04-23 02:11:00,2025-04-23 02:11:00,Delivered
O1002566,DHL,2025-09-25 09:38:00,2025-09-27 05:38:00,2025-09-27 05:38:00,Delivered
O1002567,DHL,2025-02-09 07:45:00,2025-02-11 01:45:00,2025-02-11 01:45:00,Delivered
O1002568,DHL,2025-04-24 22:56:00,2025-04-27 03:56:00,2025-04-27 03:56:00,Delivered
O1002569,Delhivery,2025-06-21 15:18:00,2025-06-23 05:18:00,2025-06-23 17:18:00,Delayed
O1002571,BlueDart,2025-11-19 00:06:00,2025-11-21 16:06:00,2025-11-21 16:06:00,Delivered
O1002572,DHL,2025-12-04 00:47:00,2025-12-06 14:47:00,2025-12-06 14:47:00,Delivered
O1002573,BlueDart,2025-04-19 15:06:00,2025-04-22 00:06:00,2025-04-22 00:06:00,Delivered
O1002574,BlueDart,2025-07-17 00:39:00,2025-07-19 09:39:00,2025-07-19 09:39:00,Delivered
O1002575,DHL,2025-01-09 23:36:00,2025-01-13 12:36:00,2025-01-13 12:36:00,Delivered
O1002576,Delhivery,2025-08-15 04:45:00,2025-08-16 14:45:00,2025-08-16 20:45:00,Delayed
O1002578,Delhivery,2025-01-27 14:39:00,2025-01-30 21:39:00,2025-01-30 21:39:00,Delivered
O1002579,EcomExpress,2025-09-04 03:20:00,2025-09-06 20:20:00,2025-09-07 20:20:00,Delayed
O1002580,Delhivery,2025-03-08 00:00:00,2025-03-11 09:00:00,2025-03-11 21:00:00,Delayed
O1002581,EcomExpress,2025-06-24 22:55:00,2025-06-27 15:55:00,2025-06-27 15:55:00,Delivered
O1002582,DHL,2025-02-07 00:14:00,2025-02-10 07:14:00,2025-02-10 07:14:00,Delivered
O1002583,EcomExpress,2025-09-30 21:47:00,2025-10-03 16:47:00,2025-10-03 16:47:00,Delivered
O1002584,EcomExpress,2025-10-08 11:15:00,2025-10-11 14:15:00,2025-10-11 14:15:00,Delivered
O1002585,BlueDart,2025-07-29 20:24:00,2025-08-01 01:24:00,2025-08-01 01:24:00,Delivered
O1002586,EcomExpress,2025-11-03 13:31:00,2025-11-07 05:31:00,2025-11-07 17:31:00,Delayed
O1002587,BlueDart,2025-06-10 02:25:00,2025-06-11 22:25:00,2025-06-11 22:25:00,Delivered
O1002588,Delhivery,2025-03-11 02:16:00,2025-03-14 05:16:00,2025-03-14 17:16:00,Delayed
O1002589,DHL,2025-02-25 14:41:00,2025-02-27 13:41:00,2025-02-27 13:41:00,Delivered
O1002590,EcomExpress,2025-03-22 23:12:00,2025-03-26 07:12:00,2025-03-26 07:12:00,Delivered
O1002591,DHL,2025-03-16 07:28:00,2025-03-19 19:28:00,2025-03-19 19:28:00,Delivered
O1002592,BlueDart,2025-04-28 23:51:00,2025-04-30 12:51:00,2025-04-30 12:51:00,Delivered
O1002593,DHL,2025-03-21 08:10:00,2025-03-24 05:10:00,2025-03-24 11:10:00,Delayed
O1002594,DHL,2025-08-05 04:26:00,2025-08-07 18:26:00,2025-08-07 18:26:00,Delivered
O1002595,Delhivery,2025-02-25 04:15:00,2025-02-27 08:15:00,2025-02-27 20:15:00,Delayed
O1002596,EcomExpress,2025-08-15 16:35:00,2025-08-17 12:35:00,2025-08-17 18:35:00,Delayed
O1002597,DHL,2025-05-03 10:01:00,2025-05-06 06:01:00,2025-05-06 06:01:00,Delivered
O1002598,DHL,2025-09-08 23:32:00,2025-09-12 10:32:00,2025-09-12 10:32:00,Delivered
O1002599,DHL,2025-07-08 00:56:00,2025-07-10 01:56:00,2025-07-11 01:56:00,Delayed
O1002600,Delhivery,2025-11-28 07:47:00,2025-11-30 07:47:00,2025-11-30 07:47:00,Delivered
O1002601,Delhivery,2025-06-11 08:54:00,2025-06-14 22:54:00,2025-06-14 22:54:00,Delivered
O1002602,EcomExpress,2025-04-18 22:23:00,2025-04-22 04:23:00,2025-04-22 04:23:00,Delivered
O1002603,Delhivery,2025-08-05 06:38:00,2025-08-08 10:38:00,2025-08-10 10:38:00,Delayed
O1002604,EcomExpress,2025-08-30 10:36:00,2025-09-02 04:36:00,2025-09-04 04:36:00,Delayed
O1002605,EcomExpress,2025-06-10 19:39:00,2025-06-12 02:39:00,2025-06-12 14:39:00,Delayed
O1002606,Delhivery,2025-07-24 19:38:00,2025-07-26 05:38:00,2025-07-26 05:38:00,Delivered
O1002607,BlueDart,2025-06-22 12:58:00,2025-06-23 16:58:00,2025-06-24 16:58:00,Delayed
O1002608,BlueDart,2025-04-22 18:43:00,2025-04-24 16:43:00,2025-04-24 16:43:00,Delivered
O1002609,BlueDart,2025-04-25 17:00:00,2025-04-26 19:00:00,2025-04-26 19:00:00,Delivered
O1002610,EcomExpress,2025-11-29 12:39:00,2025-12-01 21:39:00,2025-12-02 21:39:00,Delayed
O1002611,DHL,2025-09-05 05:07:00,2025-09-06 06:07:00,2025-09-06 06:07:00,Delivered
O1002612,EcomExpress,2025-02-04 17:31:00,2025-02-08 16:31:00,2025-02-09 16:31:00,Delayed
O1002613,BlueDart,2025-12-19 01:32:00,2025-12-21 12:32:00,2025-12-21 12:32:00,Delivered
O1002614,DHL,2025-09-18 02:57:00,2025-09-19 02:57:00,2025-09-20 02:57:00,Delayed
O1002615,Delhivery,2025-01-19 20:31:00,2025-01-21 09:31:00,2025-01-21 09:31:00,Delivered
O1002616,DHL,2025-09-24 06:59:00,2025-09-25 19:59:00,2025-09-25 19:59:00,Delivered
O1002617,Delhivery,2025-08-05 14:22:00,2025-08-08 14:22:00,2025-08-09 02:22:00,Delayed
O1002618,DHL,2025-12-02 08:23:00,2025-12-05 15:23:00,2025-12-05 15:23:00,Delivered
O1002620,BlueDart,2025-07-09 15:44:00,2025-07-12 01:44:00,2025-07-12 01:44:00,Delivered
O1002621,DHL,2025-04-25 16:09:00,2025-04-28 20:09:00,2025-04-28 20:09:00,Delivered
O1002622,DHL,2025-04-29 02:47:00,2025-04-30 08:47:00,2025-04-30 20:47:00,Delayed
O1002623,EcomExpress,2025-08-15 00:25:00,2025-08-16 22:25:00,2025-08-17 22:25:00,Delayed
O1002624,Delhivery,2025-10-30 19:13:00,2025-10-31 19:13:00,2025-10-31 19:13:00,Delivered
O1002625,DHL,2025-11-23 17:43:00,2025-11-25 22:43:00,2025-11-25 22:43:00,Delivered
O1002626,EcomExpress,2025-10-10 11:29:00,2025-10-11 13:29:00,2025-10-11 13:29:00,Delivered
O1002627,EcomExpress,2025-08-12 07:53:00,2025-08-15 15:53:00,2025-08-15 15:53:00,Delivered
O1002628,Delhivery,2025-07-02 18:38:00,2025-07-05 08:38:00,2025-07-05 08:38:00,Delivered
O1002629,Delhivery,2025-05-05 04:08:00,2025-05-08 10:08:00,2025-05-08 22:08:00,Delayed
O1002630,BlueDart,2025-10-09 03:04:00,2025-10-11 21:04:00,2025-10-11 21:04:00,Delivered
O1002631,DHL,2025-04-28 01:48:00,2025-04-29 03:48:00,2025-04-29 03:48:00,Delivered
O1002632,EcomExpress,2025-04-09 01:00:00,2025-04-11 02:00:00,2025-04-11 02:00:00,Delivered
O1002633,Delhivery,2025-11-14 04:25:00,2025-11-15 04:25:00,2025-11-16 04:25:00,Delayed
O1002634,Delhivery,2025-08-05 01:15:00,2025-08-06 06:15:00,2025-08-06 06:15:00,Delivered
O1002635,BlueDart,2025-05-11 14:18:00,2025-05-15 09:18:00,2025-05-15 09:18:00,Delivered
O1002636,Delhivery,2025-11-13 16:34:00,2025-11-17 11:34:00,2025-11-17 11:34:00,Delivered
O1002637,DHL,2025-12-18 23:35:00,2025-12-20 07:35:00,2025-12-20 07:35:00,Delivered
O1002638,Delhivery,2025-04-28 05:19:00,2025-04-30 10:19:00,2025-04-30 16:19:00,Delayed
O1002640,EcomExpress,2025-06-27 18:30:00,2025-06-29 14:30:00,2025-06-29 14:30:00,Delivered
O1002641,Delhivery,2025-09-14 13:43:00,2025-09-16 19:43:00,2025-09-16 19:43:00,Delivered
O1002642,DHL,2025-12-15 09:33:00,2025-12-18 04:33:00,2025-12-18 04:33:00,Delivered
O1002643,DHL,2025-07-21 06:09:00,2025-07-23 09:09:00,2025-07-24 09:09:00,Delayed
O1002644,EcomExpress,2025-10-19 14:10:00,2025-10-23 00:10:00,2025-10-23 06:10:00,Delayed
O1002645,EcomExpress,2025-08-06 21:42:00,2025-08-08 01:42:00,2025-08-09 01:42:00,Delayed
O1002646,DHL,2025-11-20 17:11:00,2025-11-23 11:11:00,2025-11-23 11:11:00,Delivered
O1002647,DHL,2025-05-29 01:31:00,2025-06-01 04:31:00,2025-06-01 04:31:00,Delivered
O1002648,BlueDart,2025-05-22 07:02:00,2025-05-24 22:02:00,2025-05-24 22:02:00,Delivered
O1002649,Delhivery,2025-06-04 21:21:00,2025-06-07 20:21:00,2025-06-07 20:21:00,Delivered
O1002650,Delhivery,2025-12-31 06:36:00,2026-01-03 02:36:00,2026-01-03 02:36:00,Delivered
O1002651,EcomExpress,2025-08-13 04:32:00,2025-08-14 15:32:00,2025-08-14 15:32:00,Delivered
O1002652,EcomExpress,2025-02-25 23:00:00,2025-03-01 07:00:00,2025-03-01 07:00:00,Delivered
O1002653,BlueDart,2025-01-15 23:14:00,2025-01-17 18:14:00,2025-01-19 18:14:00,Delayed
O1002654,BlueDart,2025-07-10 03:53:00,2025-07-11 15:53:00,2025-07-13 15:53:00,Delayed
O1002655,DHL,2025-10-23 01:05:00,2025-10-25 16:05:00,2025-10-26 04:05:00,Delayed
O1002656,DHL,2025-06-24 22:11:00,2025-06-27 19:11:00,2025-06-27 19:11:00,Delivered
O1002657,EcomExpress,2025-07-25 09:13:00,2025-07-27 12:13:00,2025-07-27 12:13:00,Delivered
O1002658,DHL,2025-10-19 17:05:00,2025-10-20 21:05:00,2025-10-20 21:05:00,Delivered
O1002659,BlueDart,2025-07-09 06:26:00,2025-07-13 05:26:00,2025-07-14 05:26:00,Delayed
O1002660,Delhivery,2025-11-28 17:52:00,2025-12-02 03:52:00,2025-12-02 03:52:00,Delivered
O1002661,DHL,2025-08-21 23:20:00,2025-08-24 10:20:00,2025-08-24 10:20:00,Delivered
O1002662,BlueDart,2025-09-25 07:26:00,2025-09-27 08:26:00,2025-09-27 14:26:00,Delayed
O1002663,DHL,2025-10-14 02:16:00,2025-10-17 17:16:00,2025-10-17 17:16:00,Delivered
O1002664,EcomExpress,2025-08-17 21:16:00,2025-08-19 22:16:00,2025-08-20 04:16:00,Delayed
O1002665,DHL,2025-01-19 23:30:00,2025-01-21 13:30:00,2025-01-21 13:30:00,Delivered
O1002666,DHL,2025-06-07 18:19:00,2025-06-09 12:19:00,2025-06-09 12:19:00,Delivered
O1002667,BlueDart,2025-02-22 02:45:00,2025-02-24 18:45:00,2025-02-25 18:45:00,Delayed
O1002668,Delhivery,2025-07-06 12:34:00,2025-07-09 17:34:00,2025-07-09 17:34:00,Delivered
O1002669,Delhivery,2025-02-23 00:29:00,2025-02-24 23:29:00,2025-02-24 23:29:00,Delivered
O1002670,Delhivery,2025-07-06 14:34:00,2025-07-08 03:34:00,2025-07-08 03:34:00,Delivered
O1002671,BlueDart,2025-05-07 03:18:00,2025-05-10 22:18:00,2025-05-10 22:18:00,Delivered
O1002672,BlueDart,2025-01-08 21:57:00,2025-01-10 03:57:00,2025-01-10 03:57:00,Delivered
O1002673,EcomExpress,2025-02-15 15:07:00,2025-02-18 06:07:00,2025-02-18 06:07:00,Delivered
O1002674,DHL,2025-07-04 02:04:00,2025-07-05 14:04:00,2025-07-05 14:04:00,Delivered
O1002675,Delhivery,2025-01-29 16:09:00,2025-02-01 15:09:00,2025-02-01 15:09:00,Delivered
O1002676,BlueDart,2025-11-10 02:11:00,2025-11-12 05:11:00,2025-11-13 05:11:00,Delayed
O1002677,EcomExpress,2025-10-04 22:34:00,2025-10-06 03:34:00,2025-10-06 03:34:00,Delivered
O1002678,BlueDart,2025-09-16 21:35:00,2025-09-18 09:35:00,2025-09-19 09:35:00,Delayed
O1002679,EcomExpress,2025-03-05 18:40:00,2025-03-08 05:40:00,2025-03-08 05:40:00,Delivered
O1002680,BlueDart,2025-10-19 07:17:00,2025-10-20 17:17:00,2025-10-20 17:17:00,Delivered
O1002681,BlueDart,2025-08-21 01:49:00,2025-08-23 18:49:00,2025-08-23 18:49:00,Delivered
O1002683,BlueDart,2025-01-02 10:01:00,2025-01-05 19:01:00,2025-01-05 19:01:00,Delivered
O1002684,DHL,2025-07-14 06:44:00,2025-07-16 02:44:00,2025-07-16 08:44:00,Delayed
O1002685,Delhivery,2025-10-18 22:38:00,2025-10-22 17:38:00,2025-10-22 17:38:00,Delivered
O1002686,EcomExpress,2025-01-13 21:38:00,2025-01-17 01:38:00,2025-01-17 01:38:00,Delivered
O1002687,EcomExpress,2025-01-20 22:38:00,2025-01-22 04:38:00,2025-01-22 04:38:00,Delivered
O1002689,DHL,2025-07-06 21:01:00,2025-07-09 06:01:00,2025-07-09 06:01:00,Delivered
O1002690,Delhivery,2025-06-24 02:43:00,2025-06-26 17:43:00,2025-06-27 17:43:00,Delayed
O1002691,EcomExpress,2025-06-05 23:54:00,2025-06-08 15:54:00,2025-06-08 15:54:00,Delivered
O1002692,EcomExpress,2025-04-05 09:45:00,2025-04-07 18:45:00,2025-04-08 00:45:00,Delayed
O1002693,BlueDart,2025-01-23 00:32:00,2025-01-25 01:32:00,2025-01-25 01:32:00,Delivered
O1002694,BlueDart,2025-01-12 15:25:00,2025-01-15 07:25:00,2025-01-15 07:25:00,Delivered
O1002695,EcomExpress,2025-02-06 15:22:00,2025-02-09 15:22:00,2025-02-10 03:22:00,Delayed
O1002696,BlueDart,2025-09-09 19:39:00,2025-09-13 08:39:00,2025-09-13 20:39:00,Delayed
O1002697,EcomExpress,2025-10-14 19:34:00,2025-10-16 02:34:00,2025-10-16 02:34:00,Delivered
O1002698,EcomExpress,2025-06-09 04:19:00,2025-06-10 13:19:00,2025-06-10 13:19:00,Delivered
O1002699,Delhivery,2025-01-30 01:06:00,2025-02-01 13:06:00,2025-02-01 13:06:00,Delivered
O1002700,EcomExpress,2025-06-02 03:16:00,2025-06-04 09:16:00,2025-06-04 09:16:00,Delivered
O1002701,Delhivery,2025-12-26 20:48:00,2025-12-30 12:48:00,2025-12-30 18:48:00,Delayed
O1002703,DHL,2025-06-29 14:36:00,2025-07-02 07:36:00,2025-07-02 19:36:00,Delayed
O1002704,DHL,2025-07-16 13:46:00,2025-07-18 05:46:00,2025-07-18 05:46:00,Delivered
O1002705,BlueDart,2025-05-02 00:43:00,2025-05-05 13:43:00,2025-05-07 13:43:00,Delayed
O1002706,EcomExpress,2025-06-10 09:32:00,2025-06-13 23:32:00,2025-06-15 23:32:00,Delayed
O1002707,DHL,2025-06-23 03:32:00,2025-06-24 05:32:00,2025-06-24 05:32:00,Delivered
O1002708,BlueDart,2025-06-24 17:48:00,2025-06-28 08:48:00,2025-06-28 08:48:00,Delivered
O1002709,DHL,2025-09-20 14:25:00,2025-09-22 16:25:00,2025-09-22 16:25:00,Delivered
O1002710,BlueDart,2025-08-01 19:15:00,2025-08-03 11:15:00,2025-08-05 11:15:00,Delayed
O1002711,EcomExpress,2025-01-21 09:56:00,2025-01-22 17:56:00,2025-01-22 17:56:00,Delivered
O1002712,BlueDart,2025-01-03 13:48:00,2025-01-04 18:48:00,2025-01-04 18:48:00,Delivered
O1002713,EcomExpress,2025-05-31 07:43:00,2025-06-01 11:43:00,2025-06-02 11:43:00,Delayed
O1002714,EcomExpress,2025-11-29 16:17:00,2025-12-02 23:17:00,2025-12-02 23:17:00,Delivered
O1002715,BlueDart,2025-01-15 10:54:00,2025-01-19 03:54:00,2025-01-20 03:54:00,Delayed
O1002716,DHL,2025-01-27 00:05:00,2025-01-30 21:05:00,2025-01-31 09:05:00,Delayed
O1002717,Delhivery,2025-09-06 06:45:00,2025-09-08 18:45:00,2025-09-08 18:45:00,Delivered
O1002718,DHL,2025-06-15 13:28:00,2025-06-17 07:28:00,2025-06-17 19:28:00,Delayed
O1002720,EcomExpress,2025-03-18 17:54:00,2025-03-22 08:54:00,2025-03-22 20:54:00,Delayed
O1002721,DHL,2025-09-01 13:20:00,2025-09-05 06:20:00,2025-09-05 06:20:00,Delivered
O1002722,EcomExpress,2025-07-11 14:48:00,2025-07-13 18:48:00,2025-07-14 06:48:00,Delayed
O1002723,BlueDart,2025-08-22 06:28:00,2025-08-23 20:28:00,2025-08-23 20:28:00,Delivered
O1002724,EcomExpress,2025-04-14 06:59:00,2025-04-17 18:59:00,2025-04-18 06:59:00,Delayed
O1002725,EcomExpress,2025-07-13 03:35:00,2025-07-15 04:35:00,2025-07-15 16:35:00,Delayed
O1002726,EcomExpress,2025-11-10 15:51:00,2025-11-13 05:51:00,2025-11-14 05:51:00,Delayed
O1002727,DHL,2025-04-27 06:02:00,2025-04-30 21:02:00,2025-05-01 09:02:00,Delayed
O1002728,BlueDart,2025-05-26 03:28:00,2025-05-27 14:28:00,2025-05-28 14:28:00,Delayed
O1002729,EcomExpress,2025-03-02 02:14:00,2025-03-03 23:14:00,2025-03-03 23:14:00,Delivered
O1002730,DHL,2025-08-23 15:21:00,2025-08-25 06:21:00,2025-08-25 06:21:00,Delivered
O1002731,Delhivery,2025-01-13 05:17:00,2025-01-16 11:17:00,2025-01-16 11:17:00,Delivered
O1002732,DHL,2025-04-02 06:10:00,2025-04-03 14:10:00,2025-04-03 14:10:00,Delivered
O1002733,BlueDart,2025-09-19 08:24:00,2025-09-20 18:24:00,2025-09-21 18:24:00,Delayed
O1002734,DHL,2025-01-09 17:20:00,2025-01-11 16:20:00,2025-01-11 16:20:00,Delivered
O1002735,DHL,2025-12-29 03:11:00,2025-12-31 06:11:00,2025-12-31 06:11:00,Delivered
O1002736,Delhivery,2025-05-29 14:06:00,2025-06-01 19:06:00,2025-06-01 19:06:00,Delivered
O1002737,EcomExpress,2025-05-27 07:16:00,2025-05-31 02:16:00,2025-06-01 02:16:00,Delayed
O1002738,DHL,2025-07-15 21:51:00,2025-07-18 15:51:00,2025-07-18 15:51:00,Delivered
O1002739,EcomExpress,2025-08-23 18:46:00,2025-08-25 10:46:00,2025-08-27 10:46:00,Delayed
O1002740,BlueDart,2025-06-18 01:25:00,2025-06-21 00:25:00,2025-06-21 00:25:00,Delivered
O1002741,EcomExpress,2025-11-20 08:19:00,2025-11-23 10:19:00,2025-11-23 10:19:00,Delivered
O1002742,EcomExpress,2025-12-19 02:28:00,2025-12-20 08:28:00,2025-12-20 08:28:00,Delivered
O1002743,BlueDart,2025-03-15 16:03:00,2025-03-19 10:03:00,2025-03-20 10:03:00,Delayed
O1002744,EcomExpress,2025-09-15 21:21:00,2025-09-18 09:21:00,2025-09-18 09:21:00,Delivered
O1002745,BlueDart,2025-04-21 14:10:00,2025-04-24 22:10:00,2025-04-24 22:10:00,Delivered
O1002746,DHL,2025-12-31 03:50:00,2026-01-01 06:50:00,2026-01-01 06:50:00,Delivered
O1002747,BlueDart,2025-04-04 09:32:00,2025-04-08 05:32:00,2025-04-08 05:32:00,Delivered
O1002748,DHL,2025-04-18 13:30:00,2025-04-22 11:30:00,2025-04-22 11:30:00,Delivered
O1002749,DHL,2025-09-19 07:48:00,2025-09-23 02:48:00,2025-09-23 02:48:00,Delivered
O1002750,EcomExpress,2025-10-17 08:00:00,2025-10-19 22:00:00,2025-10-19 22:00:00,Delivered
O1002751,EcomExpress,2025-02-17 12:34:00,2025-02-18 20:34:00,2025-02-19 02:34:00,Delayed
O1002752,EcomExpress,2025-07-23 04:05:00,2025-07-25 12:05:00,2025-07-25 12:05:00,Delivered
O1002753,DHL,2025-05-08 09:16:00,2025-05-11 04:16:00,2025-05-11 04:16:00,Delivered
O1002754,EcomExpress,2025-08-12 13:26:00,2025-08-14 21:26:00,2025-08-15 21:26:00,Delayed
O1002755,DHL,2025-07-23 15:44:00,2025-07-25 21:44:00,2025-07-26 03:44:00,Delayed
O1002756,EcomExpress,2025-12-27 09:10:00,2025-12-29 10:10:00,2025-12-29 22:10:00,Delayed
O1002757,DHL,2025-12-08 09:48:00,2025-12-11 10:48:00,2025-12-11 10:48:00,Delivered
O1002758,DHL,2025-08-28 15:56:00,2025-08-31 08:56:00,2025-08-31 08:56:00,Delivered
O1002759,DHL,2025-09-06 04:39:00,2025-09-09 09:39:00,2025-09-09 09:39:00,Delivered
O1002760,EcomExpress,2025-11-26 13:06:00,2025-11-27 18:06:00,2025-11-27 18:06:00,Delivered
O1002761,EcomExpress,2025-03-09 03:40:00,2025-03-10 20:40:00,2025-03-10 20:40:00,Delivered
O1002762,DHL,2025-09-23 06:47:00,2025-09-26 21:47:00,2025-09-26 21:47:00,Delivered
O1002763,EcomExpress,2025-10-09 22:20:00,2025-10-13 07:20:00,2025-10-13 07:20:00,Delivered
O1002764,Delhivery,2025-02-17 07:04:00,2025-02-20 07:04:00,2025-02-20 07:04:00,Delivered
O1002765,EcomExpress,2025-11-19 01:24:00,2025-11-21 06:24:00,2025-11-21 06:24:00,Delivered
O1002766,Delhivery,2025-09-13 19:57:00,2025-09-16 01:57:00,2025-09-16 01:57:00,Delivered
O1002767,BlueDart,2025-05-08 00:10:00,2025-05-10 23:10:00,2025-05-10 23:10:00,Delivered
O1002768,EcomExpress,2025-06-27 16:12:00,2025-06-30 23:12:00,2025-06-30 23:12:00,Delivered
O1002769,Delhivery,2025-06-28 19:22:00,2025-07-01 01:22:00,2025-07-01 01:22:00,Delivered
O1002770,Delhivery,2025-12-03 05:56:00,2025-12-06 21:56:00,2025-12-07 03:56:00,Delayed
O1002771,BlueDart,2025-12-21 00:35:00,2025-12-23 00:35:00,2025-12-23 00:35:00,Delivered
O1002772,DHL,2025-10-22 12:26:00,2025-10-24 11:26:00,2025-10-24 11:26:00,Delivered
O1002773,Delhivery,2025-08-28 07:14:00,2025-08-31 08:14:00,2025-08-31 08:14:00,Delivered
O1002774,EcomExpress,2025-02-09 05:16:00,2025-02-12 13:16:00,2025-02-12 13:16:00,Delivered
O1002775,BlueDart,2025-12-01 08:56:00,2025-12-03 23:56:00,2025-12-03 23:56:00,Delivered
O1002776,Delhivery,2025-02-18 21:06:00,2025-02-22 17:06:00,2025-02-22 17:06:00,Delivered
O1002777,EcomExpress,2025-03-03 02:19:00,2025-03-06 15:19:00,2025-03-06 15:19:00,Delivered
O1002778,EcomExpress,2025-01-27 07:00:00,2025-01-28 21:00:00,2025-01-29 21:00:00,Delayed
O1002779,EcomExpress,2025-12-13 15:23:00,2025-12-16 23:23:00,2025-12-16 23:23:00,Delivered
O1002781,EcomExpress,2025-03-28 14:32:00,2025-04-01 00:32:00,2025-04-01 00:32:00,Delivered
O1002782,DHL,2025-01-31 09:45:00,2025-02-03 23:45:00,2025-02-04 05:45:00,Delayed
O1002783,DHL,2025-06-01 03:24:00,2025-06-03 16:24:00,2025-06-03 16:24:00,Delivered
O1002784,DHL,2025-09-22 15:17:00,2025-09-25 22:17:00,2025-09-25 22:17:00,Delivered
O1002785,Delhivery,2025-12-31 02:12:00,2026-01-03 06:12:00,2026-01-03 18:12:00,Delayed
O1002786,Delhivery,2025-07-22 10:48:00,2025-07-26 04:48:00,2025-07-27 04:48:00,Delayed
O1002787,DHL,2025-08-10 23:25:00,2025-08-12 20:25:00,2025-08-12 20:25:00,Delivered
O1002788,DHL,2025-11-03 14:35:00,2025-11-05 01:35:00,2025-11-05 01:35:00,Delivered
O1002789,BlueDart,2025-11-27 08:16:00,2025-11-30 15:16:00,2025-11-30 15:16:00,Delivered
O1002790,BlueDart,2025-04-14 00:45:00,2025-04-16 22:45:00,2025-04-16 22:45:00,Delivered
O1002791,BlueDart,2025-12-30 10:12:00,2026-01-03 08:12:00,2026-01-03 14:12:00,Delayed
O1002792,BlueDart,2025-07-10 15:23:00,2025-07-11 20:23:00,2025-07-12 02:23:00,Delayed
O1002793,Delhivery,2025-12-06 22:53:00,2025-12-08 00:53:00,2025-12-08 00:53:00,Delivered
O1002794,BlueDart,2025-02-12 23:25:00,2025-02-15 10:25:00,2025-02-15 10:25:00,Delivered
O1002795,BlueDart,2025-02-06 07:08:00,2025-02-09 02:08:00,2025-02-09 08:08:00,Delayed
O1002796,BlueDart,2025-11-20 04:11:00,2025-11-23 18:11:00,2025-11-23 18:11:00,Delivered
O1002797,Delhivery,2025-09-04 12:09:00,2025-09-07 12:09:00,2025-09-08 12:09:00,Delayed
O1002798,DHL,2025-03-05 13:07:00,2025-03-08 17:07:00,2025-03-08 17:07:00,Delivered
O1002799,BlueDart,2025-11-24 00:33:00,2025-11-26 03:33:00,2025-11-28 03:33:00,Delayed
O1002800,EcomExpress,2025-02-08 04:12:00,2025-02-10 21:12:00,2025-02-10 21:12:00,Delivered
O1002801,BlueDart,2025-09-07 16:47:00,2025-09-09 02:47:00,2025-09-09 02:47:00,Delivered
O1002802,BlueDart,2025-03-17 08:51:00,2025-03-20 09:51:00,2025-03-21 09:51:00,Delayed
O1002803,EcomExpress,2025-01-27 04:44:00,2025-01-28 14:44:00,2025-01-28 14:44:00,Delivered
O1002804,BlueDart,2025-10-23 03:52:00,2025-10-24 15:52:00,2025-10-24 15:52:00,Delivered
O1002805,Delhivery,2025-11-06 23:53:00,2025-11-08 10:53:00,2025-11-08 10:53:00,Delivered
O1002806,BlueDart,2025-02-09 05:43:00,2025-02-13 00:43:00,2025-02-13 00:43:00,Delivered
O1002807,BlueDart,2025-02-03 13:05:00,2025-02-05 01:05:00,2025-02-07 01:05:00,Delayed
O1002808,Delhivery,2025-08-13 22:54:00,2025-08-15 13:54:00,2025-08-16 01:54:00,Delayed
O1002809,Delhivery,2025-01-12 02:15:00,2025-01-16 01:15:00,2025-01-16 07:15:00,Delayed
O1002810,Delhivery,2025-09-30 21:21:00,2025-10-02 09:21:00,2025-10-02 09:21:00,Delivered
O1002811,Delhivery,2025-12-02 06:12:00,2025-12-04 21:12:00,2025-12-04 21:12:00,Delivered
O1002812,BlueDart,2025-10-03 18:20:00,2025-10-05 04:20:00,2025-10-05 16:20:00,Delayed
O1002813,DHL,2025-03-27 08:27:00,2025-03-29 16:27:00,2025-03-29 16:27:00,Delivered
O1002814,BlueDart,2025-03-12 02:38:00,2025-03-15 21:38:00,2025-03-15 21:38:00,Delivered
O1002815,Delhivery,2025-09-07 04:24:00,2025-09-09 03:24:00,2025-09-09 03:24:00,Delivered
O1002816,DHL,2025-01-23 23:00:00,2025-01-26 08:00:00,2025-01-26 20:00:00,Delayed
O1002817,Delhivery,2025-07-16 22:08:00,2025-07-20 13:08:00,2025-07-20 13:08:00,Delivered
O1002818,EcomExpress,2025-06-13 23:04:00,2025-06-16 13:04:00,2025-06-16 13:04:00,Delivered
O1002819,EcomExpress,2025-09-30 14:32:00,2025-10-04 10:32:00,2025-10-06 10:32:00,Delayed
O1002820,EcomExpress,2025-03-15 21:19:00,2025-03-18 00:19:00,2025-03-18 00:19:00,Delivered
O1002821,Delhivery,2025-10-07 02:02:00,2025-10-08 18:02:00,2025-10-08 18:02:00,Delivered
O1002823,BlueDart,2025-03-30 09:54:00,2025-03-31 10:54:00,2025-03-31 10:54:00,Delivered
O1002824,EcomExpress,2025-05-12 19:15:00,2025-05-14 23:15:00,2025-05-14 23:15:00,Delivered
O1002825,Delhivery,2025-01-25 19:50:00,2025-01-26 23:50:00,2025-01-27 11:50:00,Delayed
O1002826,DHL,2025-06-15 02:02:00,2025-06-17 19:02:00,2025-06-17 19:02:00,Delivered
O1002827,BlueDart,2025-04-07 03:11:00,2025-04-08 04:11:00,2025-04-08 04:11:00,Delivered
O1002828,BlueDart,2025-02-12 03:36:00,2025-02-13 10:36:00,2025-02-13 10:36:00,Delivered
O1002829,DHL,2025-07-25 13:30:00,2025-07-28 03:30:00,2025-07-28 03:30:00,Delivered
O1002830,Delhivery,2025-07-28 13:42:00,2025-07-31 08:42:00,2025-07-31 08:42:00,Delivered
O1002831,EcomExpress,2025-02-01 20:36:00,2025-02-03 09:36:00,2025-02-03 09:36:00,Delivered
O1002832,EcomExpress,2025-03-10 06:33:00,2025-03-13 11:33:00,2025-03-13 11:33:00,Delivered
O1002833,EcomExpress,2025-02-01 04:27:00,2025-02-03 08:27:00,2025-02-03 08:27:00,Delivered
O1002834,Delhivery,2025-09-05 15:18:00,2025-09-07 04:18:00,2025-09-07 04:18:00,Delivered
O1002835,EcomExpress,2025-05-04 21:41:00,2025-05-07 06:41:00,2025-05-07 06:41:00,Delivered
O1002836,Delhivery,2025-01-26 22:47:00,2025-01-30 16:47:00,2025-01-30 16:47:00,Delivered
O1002837,Delhivery,2025-03-12 17:41:00,2025-03-15 07:41:00,2025-03-15 07:41:00,Delivered
O1002838,DHL,2025-12-23 23:04:00,2025-12-27 12:04:00,2025-12-27 12:04:00,Delivered
O1002839,BlueDart,2025-04-05 05:27:00,2025-04-08 21:27:00,2025-04-08 21:27:00,Delivered
O1002840,BlueDart,2025-09-07 18:55:00,2025-09-09 10:55:00,2025-09-09 10:55:00,Delivered
O1002841,BlueDart,2025-06-21 01:39:00,2025-06-22 04:39:00,2025-06-22 10:39:00,Delayed
O1002843,EcomExpress,2025-04-24 01:57:00,2025-04-27 01:57:00,2025-04-27 01:57:00,Delivered
O1002844,DHL,2025-01-07 05:04:00,2025-01-09 16:04:00,2025-01-09 22:04:00,Delayed
O1002845,EcomExpress,2025-09-30 21:50:00,2025-10-02 22:50:00,2025-10-02 22:50:00,Delivered
O1002846,EcomExpress,2025-05-04 08:13:00,2025-05-05 17:13:00,2025-05-05 17:13:00,Delivered
O1002847,BlueDart,2025-07-03 08:44:00,2025-07-04 18:44:00,2025-07-05 06:44:00,Delayed
O1002848,BlueDart,2025-02-26 12:44:00,2025-03-02 06:44:00,2025-03-02 06:44:00,Delivered
O1002849,EcomExpress,2025-10-29 03:34:00,2025-10-30 13:34:00,2025-10-30 13:34:00,Delivered
O1002850,DHL,2025-03-22 10:25:00,2025-03-26 04:25:00,2025-03-26 04:25:00,Delivered
O1002851,BlueDart,2025-07-26 14:48:00,2025-07-28 09:48:00,2025-07-28 15:48:00,Delayed
O1002852,BlueDart,2025-11-15 20:51:00,2025-11-17 06:51:00,2025-11-17 06:51:00,Delivered
O1002853,DHL,2025-09-18 23:02:00,2025-09-21 12:02:00,2025-09-22 00:02:00,Delayed
O1002854,DHL,2025-08-10 11:18:00,2025-08-11 19:18:00,2025-08-11 19:18:00,Delivered
O1002855,DHL,2025-11-22 03:28:00,2025-11-23 22:28:00,2025-11-24 10:28:00,Delayed
O1002856,EcomExpress,2025-03-07 07:56:00,2025-03-08 14:56:00,2025-03-08 14:56:00,Delivered
O1002857,BlueDart,2025-12-19 19:05:00,2025-12-20 20:05:00,2025-12-20 20:05:00,Delivered
O1002858,EcomExpress,2025-07-23 13:13:00,2025-07-24 20:13:00,2025-07-24 20:13:00,Delivered
O1002859,EcomExpress,2025-05-31 00:36:00,2025-06-03 21:36:00,2025-06-03 21:36:00,Delivered
O1002860,EcomExpress,2025-04-05 09:53:00,2025-04-06 20:53:00,2025-04-06 20:53:00,Delivered
O1002861,BlueDart,2025-09-30 10:01:00,2025-10-02 01:01:00,2025-10-02 07:01:00,Delayed
O1002862,DHL,2025-12-24 00:20:00,2025-12-25 11:20:00,2025-12-25 17:20:00,Delayed
O1002863,DHL,2025-09-10 07:35:00,2025-09-11 12:35:00,2025-09-11 12:35:00,Delivered
O1002864,DHL,2025-01-12 15:47:00,2025-01-14 02:47:00,2025-01-14 02:47:00,Delivered
O1002865,Delhivery,2025-06-22 05:00:00,2025-06-23 12:00:00,2025-06-23 18:00:00,Delayed
O1002866,DHL,2025-09-26 08:05:00,2025-09-27 18:05:00,2025-09-28 06:05:00,Delayed
O1002867,DHL,2025-05-27 04:09:00,2025-05-29 12:09:00,2025-05-29 12:09:00,Delivered
O1002868,BlueDart,2025-10-10 19:06:00,2025-10-12 22:06:00,2025-10-12 22:06:00,Delivered
O1002869,EcomExpress,2025-09-16 20:35:00,2025-09-18 08:35:00,2025-09-19 08:35:00,Delayed
O1002870,Delhivery,2025-01-26 11:48:00,2025-01-28 05:48:00,2025-01-28 05:48:00,Delivered
O1002871,DHL,2025-07-23 21:33:00,2025-07-26 06:33:00,2025-07-26 06:33:00,Delivered
O1002872,DHL,2025-03-04 20:11:00,2025-03-07 02:11:00,2025-03-07 02:11:00,Delivered
O1002873,EcomExpress,2025-06-27 23:24:00,2025-06-29 07:24:00,2025-06-29 19:24:00,Delayed
O1002874,EcomExpress,2025-05-21 21:13:00,2025-05-25 13:13:00,2025-05-25 19:13:00,Delayed
O1002875,Delhivery,2025-10-22 23:46:00,2025-10-25 03:46:00,2025-10-26 03:46:00,Delayed
O1002876,Delhivery,2025-11-14 09:55:00,2025-11-16 10:55:00,2025-11-16 16:55:00,Delayed
O1002877,BlueDart,2025-06-19 08:49:00,2025-06-22 01:49:00,2025-06-22 01:49:00,Delivered
O1002878,Delhivery,2025-07-17 05:24:00,2025-07-19 01:24:00,2025-07-19 01:24:00,Delivered
O1002879,BlueDart,2025-08-17 10:14:00,2025-08-20 06:14:00,2025-08-20 18:14:00,Delayed
O1002880,BlueDart,2025-08-29 00:33:00,2025-09-01 17:33:00,2025-09-01 23:33:00,Delayed
O1002881,EcomExpress,2025-08-21 03:54:00,2025-08-24 15:54:00,2025-08-24 15:54:00,Delivered
O1002882,Delhivery,2025-10-14 04:51:00,2025-10-16 03:51:00,2025-10-16 03:51:00,Delivered
O1002883,BlueDart,2025-12-26 08:52:00,2025-12-27 14:52:00,2025-12-27 20:52:00,Delayed
O1002884,Delhivery,2025-10-31 06:46:00,2025-11-01 14:46:00,2025-11-01 14:46:00,Delivered
O1002885,BlueDart,2025-02-20 08:22:00,2025-02-21 23:22:00,2025-02-22 05:22:00,Delayed
O1002886,BlueDart,2025-06-24 04:48:00,2025-06-27 00:48:00,2025-06-28 00:48:00,Delayed
O1002887,Delhivery,2025-06-19 02:06:00,2025-06-21 13:06:00,2025-06-21 13:06:00,Delivered
O1002888,BlueDart,2025-07-06 02:30:00,2025-07-07 22:30:00,2025-07-07 22:30:00,Delivered
O1002889,DHL,2025-07-13 04:44:00,2025-07-14 18:44:00,2025-07-15 18:44:00,Delayed
O1002890,EcomExpress,2025-09-20 21:15:00,2025-09-23 10:15:00,2025-09-23 10:15:00,Delivered
O1002891,BlueDart,2025-06-04 02:04:00,2025-06-07 23:04:00,2025-06-08 11:04:00,Delayed
O1002892,Delhivery,2025-04-08 02:55:00,2025-04-11 09:55:00,2025-04-11 09:55:00,Delivered
O1002893,Delhivery,2025-06-17 13:44:00,2025-06-19 07:44:00,2025-06-19 07:44:00,Delivered
O1002894,EcomExpress,2025-11-09 09:26:00,2025-11-12 01:26:00,2025-11-12 01:26:00,Delivered
O1002895,BlueDart,2025-04-25 07:17:00,2025-04-27 19:17:00,2025-04-27 19:17:00,Delivered
O1002896,EcomExpress,2025-01-09 10:21:00,2025-01-12 20:21:00,2025-01-13 20:21:00,Delayed
O1002897,EcomExpress,2025-12-24 06:43:00,2025-12-26 06:43:00,2025-12-26 06:43:00,Delivered
O1002898,Delhivery,2025-03-14 12:56:00,2025-03-16 12:56:00,2025-03-16 12:56:00,Delivered
O1002899,Delhivery,2025-08-09 14:28:00,2025-08-11 22:28:00,2025-08-11 22:28:00,Delivered
O1002900,BlueDart,2025-10-20 14:15:00,2025-10-22 02:15:00,2025-10-22 08:15:00,Delayed
O1002901,DHL,2025-04-12 05:05:00,2025-04-15 19:05:00,2025-04-15 19:05:00,Delivered
O1002902,DHL,2025-05-06 12:30:00,2025-05-08 16:30:00,2025-05-08 16:30:00,Delivered
O1002903,Delhivery,2025-04-14 03:28:00,2025-04-17 16:28:00,2025-04-17 22:28:00,Delayed
O1002904,EcomExpress,2025-02-25 05:17:00,2025-02-27 10:17:00,2025-02-27 10:17:00,Delivered
O1002905,Delhivery,2025-02-26 11:40:00,2025-03-01 11:40:00,2025-03-01 11:40:00,Delivered
O1002906,BlueDart,2025-03-11 00:02:00,2025-03-14 03:02:00,2025-03-14 03:02:00,Delivered
O1002907,DHL,2025-06-17 23:53:00,2025-06-21 07:53:00,2025-06-21 07:53:00,Delivered
O1002908,BlueDart,2025-07-14 13:11:00,2025-07-17 14:11:00,2025-07-17 14:11:00,Delivered
O1002909,Delhivery,2025-01-06 21:32:00,2025-01-09 22:32:00,2025-01-09 22:32:00,Delivered
O1002910,DHL,2025-11-06 03:24:00,2025-11-08 01:24:00,2025-11-08 01:24:00,Delivered
O1002911,Delhivery,2025-09-05 11:15:00,2025-09-06 15:15:00,2025-09-08 15:15:00,Delayed
O1002912,EcomExpress,2025-01-27 07:40:00,2025-01-31 01:40:00,2025-01-31 01:40:00,Delivered
O1002913,DHL,2025-11-05 01:08:00,2025-11-08 13:08:00,2025-11-08 19:08:00,Delayed
O1002914,EcomExpress,2025-01-13 01:20:00,2025-01-14 20:20:00,2025-01-14 20:20:00,Delivered
O1002915,Delhivery,2025-07-24 22:28:00,2025-07-25 23:28:00,2025-07-25 23:28:00,Delivered
O1002916,Delhivery,2025-06-20 05:57:00,2025-06-24 04:57:00,2025-06-24 04:57:00,Delivered
O1002917,DHL,2025-07-04 00:37:00,2025-07-05 05:37:00,2025-07-05 11:37:00,Delayed
O1002918,DHL,2025-12-16 12:54:00,2025-12-17 14:54:00,2025-12-17 14:54:00,Delivered
O1002919,EcomExpress,2025-12-06 09:56:00,2025-12-10 08:56:00,2025-12-10 08:56:00,Delivered
O1002920,Delhivery,2025-04-12 16:27:00,2025-04-15 16:27:00,2025-04-16 04:27:00,Delayed
O1002921,BlueDart,2025-08-01 07:50:00,2025-08-04 02:50:00,2025-08-04 02:50:00,Delivered
O1002922,DHL,2025-12-18 09:22:00,2025-12-21 05:22:00,2025-12-22 05:22:00,Delayed
O1002923,DHL,2025-09-25 06:45:00,2025-09-28 11:45:00,2025-09-28 11:45:00,Delivered
O1002924,BlueDart,2025-11-22 02:47:00,2025-11-24 20:47:00,2025-11-25 08:47:00,Delayed
O1002925,BlueDart,2025-06-08 15:01:00,2025-06-11 20:01:00,2025-06-11 20:01:00,Delivered
O1002926,BlueDart,2025-04-15 02:59:00,2025-04-18 10:59:00,2025-04-18 10:59:00,Delivered
O1002927,BlueDart,2025-07-07 01:59:00,2025-07-08 16:59:00,2025-07-08 16:59:00,Delivered
O1002928,Delhivery,2025-10-27 01:33:00,2025-10-29 19:33:00,2025-10-30 19:33:00,Delayed
O1002929,BlueDart,2025-12-06 18:58:00,2025-12-08 17:58:00,2025-12-08 17:58:00,Delivered
O1002930,EcomExpress,2025-09-09 03:39:00,2025-09-11 22:39:00,2025-09-11 22:39:00,Delivered
O1002931,BlueDart,2025-09-16 12:38:00,2025-09-18 00:38:00,2025-09-18 00:38:00,Delivered
O1002932,EcomExpress,2025-07-07 10:11:00,2025-07-11 01:11:00,2025-07-11 01:11:00,Delivered
O1002933,EcomExpress,2025-04-28 12:49:00,2025-04-30 07:49:00,2025-04-30 07:49:00,Delivered
O1002934,EcomExpress,2025-06-05 02:40:00,2025-06-06 15:40:00,2025-06-06 15:40:00,Delivered
O1002935,EcomExpress,2025-07-02 09:18:00,2025-07-03 17:18:00,2025-07-04 17:18:00,Delayed
O1002936,BlueDart,2025-10-26 07:16:00,2025-10-28 21:16:00,2025-10-28 21:16:00,Delivered
O1002937,DHL,2025-07-23 01:28:00,2025-07-25 02:28:00,2025-07-25 08:28:00,Delayed
O1002938,BlueDart,2025-10-17 23:01:00,2025-10-21 02:01:00,2025-10-22 02:01:00,Delayed
O1002939,BlueDart,2025-01-10 16:34:00,2025-01-12 22:34:00,2025-01-12 22:34:00,Delivered
O1002940,EcomExpress,2025-10-04 17:46:00,2025-10-06 15:46:00,2025-10-07 03:46:00,Delayed
O1002941,Delhivery,2025-07-06 04:38:00,2025-07-08 02:38:00,2025-07-08 02:38:00,Delivered
O1002942,EcomExpress,2026-01-01 07:31:00,2026-01-02 22:31:00,2026-01-02 22:31:00,Delivered
O1002943,DHL,2025-06-22 21:51:00,2025-06-25 23:51:00,2025-06-25 23:51:00,Delivered
O1002944,DHL,2025-06-25 10:19:00,2025-06-26 19:19:00,2025-06-26 19:19:00,Delivered
O1002945,EcomExpress,2025-02-17 14:35:00,2025-02-21 07:35:00,2025-02-21 07:35:00,Delivered
O1002946,DHL,2025-10-22 16:04:00,2025-10-24 10:04:00,2025-10-24 10:04:00,Delivered
O1002947,EcomExpress,2025-09-15 05:32:00,2025-09-16 05:32:00,2025-09-16 05:32:00,Delivered
O1002948,BlueDart,2025-11-12 03:55:00,2025-11-15 02:55:00,2025-11-16 02:55:00,Delayed
O1002949,BlueDart,2025-02-04 09:40:00,2025-02-07 12:40:00,2025-02-08 12:40:00,Delayed
O1002950,EcomExpress,2025-03-20 01:03:00,2025-03-22 21:03:00,2025-03-23 03:03:00,Delayed
O1002951,Delhivery,2025-11-18 01:07:00,2025-11-20 03:07:00,2025-11-20 03:07:00,Delivered
O1002952,Delhivery,2025-01-17 11:59:00,2025-01-18 23:59:00,2025-01-19 23:59:00,Delayed
O1002953,DHL,2025-07-05 21:33:00,2025-07-09 11:33:00,2025-07-11 11:33:00,Delayed
O1002954,BlueDart,2025-05-29 01:22:00,2025-05-31 12:22:00,2025-06-01 00:22:00,Delayed
O1002955,Delhivery,2025-12-10 05:08:00,2025-12-12 15:08:00,2025-12-12 21:08:00,Delayed
O1002956,BlueDart,2025-11-10 02:38:00,2025-11-11 17:38:00,2025-11-11 17:38:00,Delivered
O1002957,BlueDart,2025-11-25 01:01:00,2025-11-28 09:01:00,2025-11-29 09:01:00,Delayed
O1002958,Delhivery,2025-04-17 17:49:00,2025-04-21 12:49:00,2025-04-21 12:49:00,Delivered
O1002959,Delhivery,2025-08-04 00:06:00,2025-08-06 22:06:00,2025-08-06 22:06:00,Delivered
O1002960,Delhivery,2025-09-13 13:26:00,2025-09-16 17:26:00,2025-09-16 17:26:00,Delivered
O1002961,BlueDart,2025-12-20 14:47:00,2025-12-23 17:47:00,2025-12-23 17:47:00,Delivered
O1002962,DHL,2025-01-04 07:55:00,2025-01-05 19:55:00,2025-01-07 19:55:00,Delayed
O1002963,EcomExpress,2025-12-23 23:46:00,2025-12-26 08:46:00,2025-12-26 08:46:00,Delivered
O1002964,Delhivery,2025-05-10 14:17:00,2025-05-12 10:17:00,2025-05-12 16:17:00,Delayed
O1002965,DHL,2025-02-16 21:58:00,2025-02-19 01:58:00,2025-02-19 01:58:00,Delivered
O1002966,DHL,2025-08-14 04:01:00,2025-08-17 17:01:00,2025-08-17 17:01:00,Delivered
O1002967,EcomExpress,2025-10-14 11:04:00,2025-10-17 22:04:00,2025-10-17 22:04:00,Delivered
O1002968,BlueDart,2025-02-17 23:36:00,2025-02-20 15:36:00,2025-02-21 03:36:00,Delayed
O1002969,Delhivery,2025-01-16 05:46:00,2025-01-17 13:46:00,2025-01-17 13:46:00,Delivered
O1002970,BlueDart,2025-11-24 21:44:00,2025-11-26 22:44:00,2025-11-26 22:44:00,Delivered
O1002971,Delhivery,2025-12-08 07:03:00,2025-12-11 11:03:00,2025-12-11 11:03:00,Delivered
O1002972,DHL,2025-02-27 15:45:00,2025-03-02 10:45:00,2025-03-02 10:45:00,Delivered
O1002973,DHL,2025-11-26 22:35:00,2025-11-29 14:35:00,2025-11-29 14:35:00,Delivered
O1002975,DHL,2026-01-01 02:20:00,2026-01-03 06:20:00,2026-01-03 18:20:00,Delayed
O1002976,DHL,2025-03-20 20:03:00,2025-03-24 17:03:00,2025-03-25 05:03:00,Delayed
O1002977,BlueDart,2025-07-31 15:37:00,2025-08-04 08:37:00,2025-08-04 08:37:00,Delivered
O1002978,BlueDart,2025-12-30 12:27:00,2026-01-02 10:27:00,2026-01-02 10:27:00,Delivered
O1002979,Delhivery,2025-11-27 05:16:00,2025-11-30 19:16:00,2025-12-02 19:16:00,Delayed
O1002980,BlueDart,2025-08-09 11:56:00,2025-08-10 23:56:00,2025-08-10 23:56:00,Delivered
O1002981,Delhivery,2025-03-13 17:26:00,2025-03-15 04:26:00,2025-03-15 04:26:00,Delivered
O1002982,EcomExpress,2025-02-01 02:39:00,2025-02-04 05:39:00,2025-02-04 05:39:00,Delivered
O1002983,EcomExpress,2025-04-05 22:17:00,2025-04-08 22:17:00,2025-04-08 22:17:00,Delivered
O1002984,DHL,2025-01-24 12:14:00,2025-01-26 05:14:00,2025-01-26 05:14:00,Delivered
O1002985,BlueDart,2025-03-13 16:59:00,2025-03-17 04:59:00,2025-03-17 04:59:00,Delivered
O1002986,BlueDart,2025-01-29 01:06:00,2025-02-01 06:06:00,2025-02-01 06:06:00,Delivered
O1002987,BlueDart,2025-10-07 06:45:00,2025-10-08 21:45:00,2025-10-08 21:45:00,Delivered
O1002988,BlueDart,2025-08-05 02:19:00,2025-08-07 21:19:00,2025-08-07 21:19:00,Delivered
O1002989,DHL,2025-07-10 14:59:00,2025-07-14 04:59:00,2025-07-14 16:59:00,Delayed
O1002990,Delhivery,2025-10-24 05:06:00,2025-10-27 12:06:00,2025-10-27 12:06:00,Delivered
O1002991,DHL,2025-05-31 11:30:00,2025-06-02 17:30:00,2025-06-02 17:30:00,Delivered
O1002992,DHL,2025-05-29 08:46:00,2025-06-01 18:46:00,2025-06-01 18:46:00,Delivered
O1002993,BlueDart,2025-03-17 15:45:00,2025-03-19 13:45:00,2025-03-19 13:45:00,Delivered
O1002994,BlueDart,2025-06-13 00:00:00,2025-06-16 22:00:00,2025-06-16 22:00:00,Delivered
O1002995,Delhivery,2025-03-06 07:41:00,2025-03-10 05:41:00,2025-03-10 05:41:00,Delivered
O1002996,EcomExpress,2025-08-05 02:27:00,2025-08-06 23:27:00,2025-08-07 11:27:00,Delayed
O1002997,Delhivery,2026-01-01 10:28:00,2026-01-04 11:28:00,2026-01-04 11:28:00,Delivered
O1002998,EcomExpress,2025-07-14 21:37:00,2025-07-18 18:37:00,2025-07-18 18:37:00,Delivered
O1002999,Delhivery,2025-04-20 12:35:00,2025-04-22 08:35:00,2025-04-22 08:35:00,Delivered
O1003000,EcomExpress,2025-09-10 11:24:00,2025-09-13 14:24:00,2025-09-13 14:24:00,Delivered
O1003001,EcomExpress,2025-10-27 22:15:00,2025-10-30 12:15:00,2025-10-30 18:15:00,Delayed
O1003002,DHL,2025-06-22 21:20:00,2025-06-25 04:20:00,2025-06-26 04:20:00,Delayed
O1003003,EcomExpress,2025-04-02 15:52:00,2025-04-05 13:52:00,2025-04-05 13:52:00,Delivered
O1003004,BlueDart,2025-09-19 06:06:00,2025-09-21 16:06:00,2025-09-21 16:06:00,Delivered
O1003005,EcomExpress,2025-03-11 05:56:00,2025-03-14 08:56:00,2025-03-14 14:56:00,Delayed
O1003006,Delhivery,2025-12-31 19:49:00,2026-01-04 16:49:00,2026-01-04 16:49:00,Delivered
O1003007,DHL,2025-04-28 04:56:00,2025-04-29 19:56:00,2025-04-30 07:56:00,Delayed
O1003008,Delhivery,2025-05-08 12:23:00,2025-05-10 00:23:00,2025-05-10 00:23:00,Delivered
O1003009,DHL,2025-09-23 20:37:00,2025-09-26 16:37:00,2025-09-26 16:37:00,Delivered
O1003010,Delhivery,2025-01-06 00:15:00,2025-01-09 21:15:00,2025-01-10 09:15:00,Delayed
O1003011,Delhivery,2025-03-17 10:55:00,2025-03-20 23:55:00,2025-03-20 23:55:00,Delivered
O1003012,BlueDart,2025-02-15 19:58:00,2025-02-18 00:58:00,2025-02-18 00:58:00,Delivered
O1003013,DHL,2025-05-24 09:14:00,2025-05-27 18:14:00,2025-05-28 18:14:00,Delayed
O1003014,EcomExpress,2025-07-22 21:24:00,2025-07-26 14:24:00,2025-07-26 14:24:00,Delivered
O1003015,DHL,2025-03-08 11:23:00,2025-03-10 08:23:00,2025-03-10 08:23:00,Delivered
O1003016,BlueDart,2025-05-06 23:36:00,2025-05-08 06:36:00,2025-05-08 06:36:00,Delivered
O1003017,EcomExpress,2025-10-09 13:12:00,2025-10-13 10:12:00,2025-10-13 10:12:00,Delivered
O1003019,BlueDart,2025-01-07 01:46:00,2025-01-08 12:46:00,2025-01-08 12:46:00,Delivered
O1003020,Delhivery,2025-08-19 11:05:00,2025-08-20 11:05:00,2025-08-21 11:05:00,Delayed
O1003021,Delhivery,2025-01-11 01:24:00,2025-01-12 23:24:00,2025-01-13 05:24:00,Delayed
O1003022,BlueDart,2025-07-09 22:17:00,2025-07-13 06:17:00,2025-07-13 18:17:00,Delayed
O1003023,Delhivery,2025-11-19 02:12:00,2025-11-22 07:12:00,2025-11-22 07:12:00,Delivered
O1003024,EcomExpress,2025-10-20 05:59:00,2025-10-22 03:59:00,2025-10-22 03:59:00,Delivered
O1003025,DHL,2025-03-26 19:22:00,2025-03-29 20:22:00,2025-03-29 20:22:00,Delivered
O1003026,EcomExpress,2025-04-06 03:44:00,2025-04-09 22:44:00,2025-04-09 22:44:00,Delivered
O1003027,DHL,2025-10-14 09:32:00,2025-10-15 09:32:00,2025-10-15 09:32:00,Delivered
O1003028,EcomExpress,2025-10-27 19:18:00,2025-10-31 08:18:00,2025-10-31 08:18:00,Delivered
O1003029,Delhivery,2025-04-14 15:52:00,2025-04-17 10:52:00,2025-04-18 10:52:00,Delayed
O1003030,DHL,2025-01-03 16:06:00,2025-01-07 07:06:00,2025-01-07 07:06:00,Delivered
O1003031,EcomExpress,2025-06-12 22:38:00,2025-06-14 01:38:00,2025-06-14 01:38:00,Delivered
O1003032,DHL,2025-08-16 02:53:00,2025-08-17 20:53:00,2025-08-18 20:53:00,Delayed
O1003033,EcomExpress,2025-06-12 17:13:00,2025-06-14 20:13:00,2025-06-15 02:13:00,Delayed
O1003034,BlueDart,2025-12-09 17:09:00,2025-12-13 02:09:00,2025-12-13 02:09:00,Delivered
O1003035,EcomExpress,2025-10-24 20:47:00,2025-10-27 20:47:00,2025-10-27 20:47:00,Delivered
O1003036,BlueDart,2025-10-16 04:54:00,2025-10-18 03:54:00,2025-10-18 15:54:00,Delayed
O1003037,Delhivery,2025-01-09 17:35:00,2025-01-11 10:35:00,2025-01-11 10:35:00,Delivered
O1003038,Delhivery,2025-11-09 01:58:00,2025-11-11 09:58:00,2025-11-11 09:58:00,Delivered
O1003039,BlueDart,2025-10-04 09:05:00,2025-10-05 20:05:00,2025-10-05 20:05:00,Delivered
O1003040,Delhivery,2025-05-25 17:31:00,2025-05-29 10:31:00,2025-05-29 10:31:00,Delivered
O1003041,EcomExpress,2025-08-05 02:46:00,2025-08-08 13:46:00,2025-08-08 13:46:00,Delivered
O1003042,BlueDart,2025-10-29 04:34:00,2025-11-01 07:34:00,2025-11-01 07:34:00,Delivered
O1003043,DHL,2025-11-27 19:41:00,2025-11-30 05:41:00,2025-12-01 05:41:00,Delayed
O1003044,DHL,2025-07-22 13:39:00,2025-07-25 11:39:00,2025-07-26 11:39:00,Delayed
O1003045,Delhivery,2025-01-17 08:58:00,2025-01-19 02:58:00,2025-01-19 02:58:00,Delivered
O1003046,DHL,2025-08-15 03:44:00,2025-08-16 12:44:00,2025-08-16 12:44:00,Delivered
O1003047,Delhivery,2025-09-06 23:00:00,2025-09-08 15:00:00,2025-09-08 15:00:00,Delivered
O1003048,Delhivery,2025-01-22 20:13:00,2025-01-25 10:13:00,2025-01-25 10:13:00,Delivered
O1003049,EcomExpress,2025-10-27 02:23:00,2025-10-30 23:23:00,2025-10-30 23:23:00,Delivered
O1003050,EcomExpress,2025-03-16 09:24:00,2025-03-17 17:24:00,2025-03-17 17:24:00,Delivered
O1003051,BlueDart,2025-11-23 08:15:00,2025-11-25 05:15:00,2025-11-26 05:15:00,Delayed
O1003052,EcomExpress,2025-07-22 08:01:00,2025-07-23 13:01:00,2025-07-23 13:01:00,Delivered
O1003053,EcomExpress,2025-04-29 05:41:00,2025-05-01 12:41:00,2025-05-01 12:41:00,Delivered
O1003054,EcomExpress,2025-01-23 02:07:00,2025-01-26 22:07:00,2025-01-26 22:07:00,Delivered
O1003055,DHL,2025-01-07 20:46:00,2025-01-08 23:46:00,2025-01-08 23:46:00,Delivered
O1003056,Delhivery,2025-09-29 13:53:00,2025-10-02 07:53:00,2025-10-03 07:53:00,Delayed
O1003057,Delhivery,2025-05-19 05:03:00,2025-05-20 16:03:00,2025-05-20 16:03:00,Delivered
O1003058,Delhivery,2025-11-03 19:23:00,2025-11-04 19:23:00,2025-11-04 19:23:00,Delivered
O1003059,BlueDart,2025-03-27 10:53:00,2025-03-30 00:53:00,2025-03-30 00:53:00,Delivered
O1003060,DHL,2025-12-03 03:12:00,2025-12-05 12:12:00,2025-12-05 12:12:00,Delivered
O1003061,DHL,2025-12-11 06:25:00,2025-12-14 22:25:00,2025-12-14 22:25:00,Delivered
O1003062,DHL,2025-02-08 01:07:00,2025-02-09 21:07:00,2025-02-10 09:07:00,Delayed
O1003063,EcomExpress,2025-08-26 08:42:00,2025-08-29 05:42:00,2025-08-29 17:42:00,Delayed
O1003064,EcomExpress,2025-12-10 08:21:00,2025-12-11 19:21:00,2025-12-11 19:21:00,Delivered
O1003065,BlueDart,2025-04-28 15:20:00,2025-05-01 08:20:00,2025-05-01 08:20:00,Delivered
O1003066,Delhivery,2025-01-26 00:42:00,2025-01-29 10:42:00,2025-01-29 10:42:00,Delivered
O1003067,BlueDart,2025-11-17 04:37:00,2025-11-19 07:37:00,2025-11-19 07:37:00,Delivered
O1003069,BlueDart,2025-01-11 03:19:00,2025-01-12 14:19:00,2025-01-12 14:19:00,Delivered
O1003070,DHL,2025-11-04 06:17:00,2025-11-06 18:17:00,2025-11-06 18:17:00,Delivered
O1003071,DHL,2025-09-06 08:53:00,2025-09-07 19:53:00,2025-09-08 07:53:00,Delayed
O1003072,EcomExpress,2025-01-27 04:06:00,2025-01-30 02:06:00,2025-01-30 02:06:00,Delivered
O1003073,EcomExpress,2025-04-06 00:53:00,2025-04-07 16:53:00,2025-04-08 04:53:00,Delayed
O1003074,EcomExpress,2025-01-07 15:42:00,2025-01-10 14:42:00,2025-01-12 14:42:00,Delayed
O1003075,Delhivery,2025-12-16 09:42:00,2025-12-19 12:42:00,2025-12-19 12:42:00,Delivered
O1003076,EcomExpress,2025-01-10 19:05:00,2025-01-14 18:05:00,2025-01-14 18:05:00,Delivered
O1003077,BlueDart,2025-10-18 23:47:00,2025-10-20 12:47:00,2025-10-22 12:47:00,Delayed
O1003078,BlueDart,2025-07-07 02:54:00,2025-07-10 21:54:00,2025-07-10 21:54:00,Delivered
O1003079,DHL,2025-08-02 03:01:00,2025-08-04 02:01:00,2025-08-04 02:01:00,Delivered
O1003080,BlueDart,2025-10-25 07:05:00,2025-10-26 18:05:00,2025-10-26 18:05:00,Delivered
O1003081,DHL,2025-11-24 01:01:00,2025-11-27 17:01:00,2025-11-27 17:01:00,Delivered
O1003082,BlueDart,2025-02-17 04:55:00,2025-02-19 21:55:00,2025-02-20 21:55:00,Delayed
O1003083,Delhivery,2025-01-08 04:27:00,2025-01-10 20:27:00,2025-01-10 20:27:00,Delivered
O1003085,DHL,2025-09-08 09:04:00,2025-09-10 06:04:00,2025-09-10 06:04:00,Delivered
O1003086,Delhivery,2025-07-28 10:52:00,2025-07-29 22:52:00,2025-07-29 22:52:00,Delivered
O1003087,EcomExpress,2025-02-01 05:42:00,2025-02-02 09:42:00,2025-02-02 09:42:00,Delivered
O1003088,EcomExpress,2025-03-28 10:40:00,2025-03-31 23:40:00,2025-04-01 23:40:00,Delayed
O1003089,DHL,2025-07-17 11:29:00,2025-07-18 12:29:00,2025-07-18 12:29:00,Delivered
O1003090,BlueDart,2025-09-25 08:10:00,2025-09-27 20:10:00,2025-09-28 08:10:00,Delayed
O1003091,Delhivery,2025-05-07 11:58:00,2025-05-09 06:58:00,2025-05-09 06:58:00,Delivered
O1003092,Delhivery,2025-12-14 08:01:00,2025-12-17 20:01:00,2025-12-18 20:01:00,Delayed
O1003093,EcomExpress,2025-12-30 02:40:00,2026-01-02 04:40:00,2026-01-04 04:40:00,Delayed
O1003094,BlueDart,2025-10-08 13:41:00,2025-10-09 18:41:00,2025-10-11 18:41:00,Delayed
O1003095,BlueDart,2025-06-16 16:17:00,2025-06-18 01:17:00,2025-06-20 01:17:00,Delayed
O1003096,EcomExpress,2025-11-18 00:30:00,2025-11-19 11:30:00,2025-11-19 17:30:00,Delayed
O1003097,BlueDart,2025-09-24 07:50:00,2025-09-27 10:50:00,2025-09-27 16:50:00,Delayed
O1003098,Delhivery,2025-07-09 12:14:00,2025-07-10 18:14:00,2025-07-10 18:14:00,Delivered
O1003099,Delhivery,2025-06-12 05:05:00,2025-06-13 21:05:00,2025-06-13 21:05:00,Delivered
O1003100,BlueDart,2025-11-01 07:40:00,2025-11-03 17:40:00,2025-11-04 05:40:00,Delayed
O1003101,EcomExpress,2025-07-24 11:37:00,2025-07-26 00:37:00,2025-07-26 00:37:00,Delivered
O1003102,EcomExpress,2025-03-09 10:10:00,2025-03-11 13:10:00,2025-03-11 13:10:00,Delivered
O1003103,BlueDart,2026-01-01 00:49:00,2026-01-02 21:49:00,2026-01-02 21:49:00,Delivered
O1003104,Delhivery,2025-01-25 18:44:00,2025-01-27 23:44:00,2025-01-27 23:44:00,Delivered
O1003105,BlueDart,2025-09-12 03:11:00,2025-09-13 05:11:00,2025-09-13 05:11:00,Delivered
O1003106,EcomExpress,2025-08-28 20:28:00,2025-08-30 22:28:00,2025-08-31 22:28:00,Delayed
O1003107,DHL,2025-08-03 04:07:00,2025-08-05 18:07:00,2025-08-05 18:07:00,Delivered
O1003108,BlueDart,2025-01-19 18:50:00,2025-01-22 00:50:00,2025-01-22 12:50:00,Delayed
O1003109,Delhivery,2025-06-30 01:32:00,2025-07-03 20:32:00,2025-07-03 20:32:00,Delivered
O1003110,BlueDart,2025-11-23 17:37:00,2025-11-25 20:37:00,2025-11-26 08:37:00,Delayed
O1003111,Delhivery,2025-03-30 06:11:00,2025-04-01 03:11:00,2025-04-01 15:11:00,Delayed
O1003113,Delhivery,2025-11-10 15:07:00,2025-11-12 02:07:00,2025-11-14 02:07:00,Delayed
O1003114,Delhivery,2025-12-15 20:16:00,2025-12-18 16:16:00,2025-12-18 16:16:00,Delivered
O1003115,EcomExpress,2025-07-09 02:31:00,2025-07-11 18:31:00,2025-07-12 06:31:00,Delayed
O1003116,Delhivery,2025-04-26 00:53:00,2025-04-27 03:53:00,2025-04-27 03:53:00,Delivered
O1003117,EcomExpress,2025-09-14 05:19:00,2025-09-17 19:19:00,2025-09-17 19:19:00,Delivered
O1003118,EcomExpress,2025-06-28 08:39:00,2025-07-02 06:39:00,2025-07-02 06:39:00,Delivered
O1003119,BlueDart,2025-08-17 18:13:00,2025-08-21 17:13:00,2025-08-21 23:13:00,Delayed
O1003120,Delhivery,2025-09-28 18:39:00,2025-10-02 02:39:00,2025-10-03 02:39:00,Delayed
O1003121,BlueDart,2025-09-18 04:35:00,2025-09-19 12:35:00,2025-09-19 18:35:00,Delayed
O1003122,DHL,2025-03-31 09:58:00,2025-04-04 01:58:00,2025-04-04 01:58:00,Delivered
O1003123,Delhivery,2025-10-04 05:58:00,2025-10-06 10:58:00,2025-10-06 10:58:00,Delivered
O1003124,EcomExpress,2025-07-17 21:45:00,2025-07-21 11:45:00,2025-07-21 11:45:00,Delivered
O1003125,BlueDart,2025-12-07 00:34:00,2025-12-08 17:34:00,2025-12-08 17:34:00,Delivered
O1003126,EcomExpress,2025-08-30 17:00:00,2025-09-02 18:00:00,2025-09-03 06:00:00,Delayed
O1003127,BlueDart,2025-11-23 09:39:00,2025-11-26 01:39:00,2025-11-26 01:39:00,Delivered
O1003128,BlueDart,2025-12-24 22:08:00,2025-12-27 07:08:00,2025-12-27 07:08:00,Delivered
O1003129,BlueDart,2025-12-30 08:21:00,2026-01-01 09:21:00,2026-01-01 09:21:00,Delivered
O1003130,BlueDart,2025-09-29 21:19:00,2025-10-01 00:19:00,2025-10-01 00:19:00,Delivered
O1003131,Delhivery,2025-08-08 15:05:00,2025-08-12 06:05:00,2025-08-12 06:05:00,Delivered
O1003132,DHL,2025-02-13 11:36:00,2025-02-16 15:36:00,2025-02-16 15:36:00,Delivered
O1003133,DHL,2025-05-22 09:46:00,2025-05-26 04:46:00,2025-05-26 04:46:00,Delivered
O1003134,BlueDart,2025-06-24 00:08:00,2025-06-26 13:08:00,2025-06-26 19:08:00,Delayed
O1003135,EcomExpress,2025-10-13 02:04:00,2025-10-15 01:04:00,2025-10-16 01:04:00,Delayed
O1003136,EcomExpress,2025-08-04 07:53:00,2025-08-07 03:53:00,2025-08-07 03:53:00,Delivered
O1003137,EcomExpress,2025-06-11 11:02:00,2025-06-13 12:02:00,2025-06-13 12:02:00,Delivered
O1003138,Delhivery,2025-02-24 14:23:00,2025-02-28 09:23:00,2025-02-28 09:23:00,Delivered
O1003139,Delhivery,2025-09-19 18:01:00,2025-09-22 08:01:00,2025-09-22 20:01:00,Delayed
O1003140,EcomExpress,2025-06-08 05:52:00,2025-06-11 05:52:00,2025-06-11 05:52:00,Delivered
O1003141,Delhivery,2025-01-15 01:13:00,2025-01-17 22:13:00,2025-01-18 22:13:00,Delayed
O1003142,BlueDart,2025-04-14 22:25:00,2025-04-17 01:25:00,2025-04-17 01:25:00,Delivered
O1003143,EcomExpress,2025-11-18 17:56:00,2025-11-21 23:56:00,2025-11-22 05:56:00,Delayed
O1003144,DHL,2025-02-13 19:24:00,2025-02-16 06:24:00,2025-02-16 12:24:00,Delayed
O1003145,EcomExpress,2025-05-29 23:11:00,2025-05-31 06:11:00,2025-05-31 06:11:00,Delivered
O1003146,DHL,2025-07-06 19:18:00,2025-07-09 00:18:00,2025-07-09 00:18:00,Delivered
O1003147,BlueDart,2025-02-01 03:31:00,2025-02-02 06:31:00,2025-02-02 06:31:00,Delivered
O1003148,DHL,2025-03-02 16:45:00,2025-03-05 20:45:00,2025-03-05 20:45:00,Delivered
O1003149,EcomExpress,2025-12-10 23:31:00,2025-12-13 23:31:00,2025-12-13 23:31:00,Delivered
O1003150,EcomExpress,2025-08-05 05:52:00,2025-08-08 21:52:00,2025-08-09 03:52:00,Delayed
O1003151,BlueDart,2025-03-18 21:41:00,2025-03-21 07:41:00,2025-03-21 07:41:00,Delivered
O1003152,EcomExpress,2025-03-04 05:43:00,2025-03-08 04:43:00,2025-03-08 10:43:00,Delayed
O1003153,BlueDart,2025-06-05 22:19:00,2025-06-08 22:19:00,2025-06-08 22:19:00,Delivered
O1003154,DHL,2025-09-22 13:48:00,2025-09-24 16:48:00,2025-09-24 16:48:00,Delivered
O1003155,Delhivery,2025-09-24 17:29:00,2025-09-26 14:29:00,2025-09-26 20:29:00,Delayed
O1003157,Delhivery,2025-09-23 10:38:00,2025-09-27 06:38:00,2025-09-27 06:38:00,Delivered
O1003158,EcomExpress,2025-11-24 20:46:00,2025-11-26 08:46:00,2025-11-26 08:46:00,Delivered
O1003159,EcomExpress,2025-03-24 15:49:00,2025-03-25 16:49:00,2025-03-25 16:49:00,Delivered
O1003160,EcomExpress,2025-01-10 22:44:00,2025-01-12 06:44:00,2025-01-12 06:44:00,Delivered
O1003161,BlueDart,2025-12-16 20:07:00,2025-12-19 21:07:00,2025-12-19 21:07:00,Delivered
O1003162,DHL,2025-07-11 02:13:00,2025-07-14 10:13:00,2025-07-14 10:13:00,Delivered
O1003163,EcomExpress,2025-10-12 00:24:00,2025-10-14 12:24:00,2025-10-14 12:24:00,Delivered
O1003164,Delhivery,2025-04-28 06:07:00,2025-04-30 11:07:00,2025-04-30 17:07:00,Delayed
O1003165,DHL,2025-04-21 06:40:00,2025-04-22 19:40:00,2025-04-22 19:40:00,Delivered
O1003166,EcomExpress,2025-03-25 05:46:00,2025-03-26 10:46:00,2025-03-26 10:46:00,Delivered
O1003167,DHL,2025-03-21 23:21:00,2025-03-25 04:21:00,2025-03-25 04:21:00,Delivered
O1003168,BlueDart,2025-06-23 02:43:00,2025-06-24 19:43:00,2025-06-25 19:43:00,Delayed
O1003169,Delhivery,2025-02-09 08:26:00,2025-02-13 06:26:00,2025-02-13 06:26:00,Delivered
O1003170,EcomExpress,2025-11-04 19:21:00,2025-11-08 09:21:00,2025-11-08 15:21:00,Delayed
O1003171,BlueDart,2025-07-06 20:02:00,2025-07-10 03:02:00,2025-07-10 03:02:00,Delivered
O1003172,DHL,2025-12-01 20:04:00,2025-12-04 06:04:00,2025-12-04 06:04:00,Delivered
O1003173,EcomExpress,2025-07-04 03:44:00,2025-07-06 04:44:00,2025-07-06 16:44:00,Delayed
O1003174,DHL,2025-04-21 23:59:00,2025-04-25 12:59:00,2025-04-25 12:59:00,Delivered
O1003175,EcomExpress,2025-07-08 19:31:00,2025-07-09 22:31:00,2025-07-09 22:31:00,Delivered
O1003176,BlueDart,2025-02-26 22:14:00,2025-03-02 18:14:00,2025-03-02 18:14:00,Delivered
O1003177,Delhivery,2025-10-28 20:13:00,2025-11-01 07:13:00,2025-11-01 07:13:00,Delivered
O1003178,Delhivery,2025-09-20 20:29:00,2025-09-22 00:29:00,2025-09-23 00:29:00,Delayed
O1003179,Delhivery,2025-02-24 03:46:00,2025-02-25 18:46:00,2025-02-26 18:46:00,Delayed
O1003180,EcomExpress,2025-08-01 12:37:00,2025-08-05 07:37:00,2025-08-05 07:37:00,Delivered
O1003181,EcomExpress,2025-07-17 05:04:00,2025-07-20 04:04:00,2025-07-20 16:04:00,Delayed
O1003182,EcomExpress,2025-03-16 00:58:00,2025-03-18 02:58:00,2025-03-18 02:58:00,Delivered
O1003183,BlueDart,2025-02-15 00:08:00,2025-02-18 11:08:00,2025-02-18 11:08:00,Delivered
O1003184,EcomExpress,2025-10-05 19:29:00,2025-10-08 21:29:00,2025-10-08 21:29:00,Delivered
O1003185,Delhivery,2025-04-07 13:16:00,2025-04-11 07:16:00,2025-04-11 19:16:00,Delayed
O1003186,Delhivery,2025-07-10 00:33:00,2025-07-12 05:33:00,2025-07-12 05:33:00,Delivered
O1003187,Delhivery,2025-04-02 15:50:00,2025-04-05 09:50:00,2025-04-07 09:50:00,Delayed
O1003188,EcomExpress,2025-08-28 20:49:00,2025-08-31 16:49:00,2025-09-01 04:49:00,Delayed
O1003189,BlueDart,2025-01-18 20:10:00,2025-01-19 23:10:00,2025-01-19 23:10:00,Delivered
O1003190,BlueDart,2025-05-12 21:22:00,2025-05-15 21:22:00,2025-05-16 21:22:00,Delayed
O1003191,DHL,2025-07-19 21:12:00,2025-07-23 00:12:00,2025-07-23 00:12:00,Delivered
O1003192,Delhivery,2025-06-10 19:28:00,2025-06-12 04:28:00,2025-06-13 04:28:00,Delayed
O1003193,Delhivery,2025-08-13 02:42:00,2025-08-16 12:42:00,2025-08-16 12:42:00,Delivered
O1003194,BlueDart,2025-03-07 15:34:00,2025-03-09 22:34:00,2025-03-09 22:34:00,Delivered
O1003195,EcomExpress,2025-06-11 19:01:00,2025-06-14 01:01:00,2025-06-15 01:01:00,Delayed
O1003196,DHL,2025-10-04 17:06:00,2025-10-06 07:06:00,2025-10-06 07:06:00,Delivered
O1003197,BlueDart,2025-05-03 13:01:00,2025-05-07 02:01:00,2025-05-08 02:01:00,Delayed
O1003198,BlueDart,2025-02-28 17:30:00,2025-03-02 01:30:00,2025-03-02 01:30:00,Delivered
O1003200,DHL,2025-10-13 14:07:00,2025-10-17 12:07:00,2025-10-17 18:07:00,Delayed
O1003201,DHL,2025-09-07 17:19:00,2025-09-10 11:19:00,2025-09-10 11:19:00,Delivered
O1003202,Delhivery,2025-10-20 18:36:00,2025-10-22 11:36:00,2025-10-22 11:36:00,Delivered
O1003203,BlueDart,2025-10-13 11:17:00,2025-10-16 11:17:00,2025-10-16 23:17:00,Delayed
O1003204,Delhivery,2025-09-30 14:17:00,2025-10-03 17:17:00,2025-10-03 17:17:00,Delivered
O1003205,BlueDart,2025-07-06 04:08:00,2025-07-07 22:08:00,2025-07-08 22:08:00,Delayed
O1003206,DHL,2025-01-09 08:55:00,2025-01-12 23:55:00,2025-01-14 23:55:00,Delayed
O1003207,Delhivery,2025-08-07 04:08:00,2025-08-08 04:08:00,2025-08-08 10:08:00,Delayed
O1003208,DHL,2025-04-11 09:58:00,2025-04-12 18:58:00,2025-04-13 18:58:00,Delayed
O1003209,DHL,2025-10-11 03:12:00,2025-10-15 00:12:00,2025-10-15 00:12:00,Delivered
O1003210,BlueDart,2025-06-21 03:37:00,2025-06-24 09:37:00,2025-06-26 09:37:00,Delayed
O1003211,DHL,2025-11-27 12:48:00,2025-11-29 22:48:00,2025-11-30 10:48:00,Delayed
O1003212,Delhivery,2025-08-07 01:53:00,2025-08-08 23:53:00,2025-08-09 05:53:00,Delayed
O1003213,BlueDart,2025-07-21 02:14:00,2025-07-24 00:14:00,2025-07-26 00:14:00,Delayed
O1003214,BlueDart,2025-12-03 06:12:00,2025-12-06 07:12:00,2025-12-06 07:12:00,Delivered
O1003215,BlueDart,2025-06-23 22:15:00,2025-06-25 03:15:00,2025-06-25 03:15:00,Delivered
O1003216,BlueDart,2025-05-18 20:13:00,2025-05-21 03:13:00,2025-05-22 03:13:00,Delayed
O1003217,EcomExpress,2025-05-16 17:04:00,2025-05-19 13:04:00,2025-05-19 19:04:00,Delayed
O1003218,EcomExpress,2025-11-17 09:43:00,2025-11-20 03:43:00,2025-11-20 03:43:00,Delivered
O1003219,Delhivery,2025-10-05 09:22:00,2025-10-08 15:22:00,2025-10-08 15:22:00,Delivered
O1003220,BlueDart,2025-03-02 10:16:00,2025-03-06 03:16:00,2025-03-06 03:16:00,Delivered
O1003221,DHL,2025-06-30 06:12:00,2025-07-01 09:12:00,2025-07-01 09:12:00,Delivered
O1003222,EcomExpress,2025-05-16 18:54:00,2025-05-19 08:54:00,2025-05-19 08:54:00,Delivered
O1003223,BlueDart,2025-08-26 03:30:00,2025-08-28 16:30:00,2025-08-28 16:30:00,Delivered
O1003224,EcomExpress,2025-01-20 15:23:00,2025-01-22 05:23:00,2025-01-22 05:23:00,Delivered
O1003225,DHL,2025-09-19 08:21:00,2025-09-20 18:21:00,2025-09-21 18:21:00,Delayed
O1003226,Delhivery,2025-09-30 06:45:00,2025-10-03 23:45:00,2025-10-03 23:45:00,Delivered
O1003227,BlueDart,2025-03-25 03:11:00,2025-03-26 13:11:00,2025-03-27 13:11:00,Delayed
O1003228,DHL,2025-02-25 06:50:00,2025-02-27 13:50:00,2025-02-27 13:50:00,Delivered
O1003229,Delhivery,2025-08-19 11:14:00,2025-08-22 07:14:00,2025-08-23 07:14:00,Delayed
O1003230,Delhivery,2025-04-05 12:05:00,2025-04-07 22:05:00,2025-04-08 04:05:00,Delayed
O1003231,BlueDart,2025-12-10 19:18:00,2025-12-13 15:18:00,2025-12-13 15:18:00,Delivered
O1003232,BlueDart,2025-10-11 09:09:00,2025-10-12 11:09:00,2025-10-12 11:09:00,Delivered
O1003233,BlueDart,2025-12-15 19:03:00,2025-12-18 10:03:00,2025-12-19 10:03:00,Delayed
O1003235,Delhivery,2025-12-10 05:55:00,2025-12-13 15:55:00,2025-12-13 21:55:00,Delayed
O1003236,DHL,2025-01-07 10:03:00,2025-01-09 22:03:00,2025-01-09 22:03:00,Delivered
O1003237,DHL,2025-04-16 17:53:00,2025-04-20 16:53:00,2025-04-21 16:53:00,Delayed
O1003238,EcomExpress,2025-01-02 07:27:00,2025-01-04 16:27:00,2025-01-04 16:27:00,Delivered
O1003239,DHL,2025-09-06 09:57:00,2025-09-08 07:57:00,2025-09-08 07:57:00,Delivered
O1003240,EcomExpress,2025-07-07 08:18:00,2025-07-09 18:18:00,2025-07-09 18:18:00,Delivered
O1003241,Delhivery,2025-04-16 03:24:00,2025-04-18 00:24:00,2025-04-19 00:24:00,Delayed
O1003242,BlueDart,2025-04-23 14:30:00,2025-04-25 14:30:00,2025-04-25 14:30:00,Delivered
O1003243,DHL,2025-08-24 11:43:00,2025-08-26 19:43:00,2025-08-27 07:43:00,Delayed
O1003244,EcomExpress,2025-03-08 19:15:00,2025-03-10 13:15:00,2025-03-10 13:15:00,Delivered
O1003245,EcomExpress,2025-07-07 20:02:00,2025-07-08 22:02:00,2025-07-08 22:02:00,Delivered
O1003247,EcomExpress,2025-03-29 18:46:00,2025-03-31 13:46:00,2025-03-31 13:46:00,Delivered
O1003248,DHL,2025-03-26 14:47:00,2025-03-27 16:47:00,2025-03-28 16:47:00,Delayed
O1003249,EcomExpress,2025-05-11 03:11:00,2025-05-14 20:11:00,2025-05-14 20:11:00,Delivered
O1003250,DHL,2025-08-05 16:03:00,2025-08-09 06:03:00,2025-08-10 06:03:00,Delayed
O1003251,BlueDart,2025-04-04 15:38:00,2025-04-06 10:38:00,2025-04-06 10:38:00,Delivered
O1003252,EcomExpress,2025-05-20 10:05:00,2025-05-24 02:05:00,2025-05-26 02:05:00,Delayed
O1003253,BlueDart,2025-07-19 12:53:00,2025-07-21 14:53:00,2025-07-21 14:53:00,Delivered
O1003254,EcomExpress,2025-03-10 21:34:00,2025-03-12 23:34:00,2025-03-12 23:34:00,Delivered
O1003255,DHL,2025-07-28 03:00:00,2025-07-30 15:00:00,2025-07-30 15:00:00,Delivered
O1003256,EcomExpress,2025-02-20 17:54:00,2025-02-24 10:54:00,2025-02-24 10:54:00,Delivered
O1003257,BlueDart,2025-02-23 03:41:00,2025-02-26 08:41:00,2025-02-27 08:41:00,Delayed
O1003258,EcomExpress,2025-03-29 10:52:00,2025-04-01 07:52:00,2025-04-01 07:52:00,Delivered
O1003259,DHL,2025-04-16 08:53:00,2025-04-19 15:53:00,2025-04-20 15:53:00,Delayed
O1003260,Delhivery,2025-01-12 01:21:00,2025-01-15 16:21:00,2025-01-15 16:21:00,Delivered
O1003261,EcomExpress,2025-12-17 18:52:00,2025-12-20 21:52:00,2025-12-21 03:52:00,Delayed
O1003264,DHL,2025-11-26 18:03:00,2025-11-29 03:03:00,2025-11-29 03:03:00,Delivered
O1003265,DHL,2025-10-20 23:29:00,2025-10-22 20:29:00,2025-10-24 20:29:00,Delayed
O1003266,EcomExpress,2025-11-01 01:34:00,2025-11-03 10:34:00,2025-11-03 22:34:00,Delayed
O1003267,EcomExpress,2025-02-07 10:32:00,2025-02-08 21:32:00,2025-02-09 21:32:00,Delayed
O1003268,Delhivery,2025-05-16 19:56:00,2025-05-19 14:56:00,2025-05-19 14:56:00,Delivered
O1003270,DHL,2025-07-30 17:57:00,2025-08-03 03:57:00,2025-08-03 03:57:00,Delivered
O1003271,DHL,2025-01-03 22:53:00,2025-01-05 00:53:00,2025-01-05 12:53:00,Delayed
O1003272,EcomExpress,2025-07-28 19:41:00,2025-08-01 09:41:00,2025-08-01 15:41:00,Delayed
O1003273,EcomExpress,2025-10-22 02:51:00,2025-10-24 23:51:00,2025-10-24 23:51:00,Delivered
O1003274,BlueDart,2025-10-31 07:52:00,2025-11-04 00:52:00,2025-11-04 00:52:00,Delivered
O1003275,DHL,2025-05-21 14:38:00,2025-05-24 16:38:00,2025-05-24 16:38:00,Delivered
O1003276,Delhivery,2025-03-28 13:15:00,2025-04-01 02:15:00,2025-04-01 02:15:00,Delivered
O1003277,DHL,2025-04-23 19:33:00,2025-04-27 01:33:00,2025-04-27 01:33:00,Delivered
O1003278,BlueDart,2025-04-20 07:02:00,2025-04-22 09:02:00,2025-04-22 09:02:00,Delivered
O1003279,BlueDart,2025-05-07 21:50:00,2025-05-10 11:50:00,2025-05-10 11:50:00,Delivered
O1003280,EcomExpress,2025-04-21 16:02:00,2025-04-23 03:02:00,2025-04-23 03:02:00,Delivered
O1003281,DHL,2025-06-17 05:08:00,2025-06-20 17:08:00,2025-06-20 17:08:00,Delivered
O1003282,BlueDart,2025-01-15 20:32:00,2025-01-18 20:32:00,2025-01-18 20:32:00,Delivered
O1003283,DHL,2025-04-12 09:24:00,2025-04-15 03:24:00,2025-04-15 09:24:00,Delayed
O1003284,DHL,2025-04-25 15:13:00,2025-04-28 13:13:00,2025-04-30 13:13:00,Delayed
O1003285,BlueDart,2025-02-25 16:44:00,2025-02-28 18:44:00,2025-02-28 18:44:00,Delivered
O1003286,BlueDart,2025-11-18 07:18:00,2025-11-20 00:18:00,2025-11-21 00:18:00,Delayed
O1003287,Delhivery,2025-09-05 00:38:00,2025-09-07 20:38:00,2025-09-07 20:38:00,Delivered
O1003288,Delhivery,2025-11-29 23:28:00,2025-12-02 19:28:00,2025-12-04 19:28:00,Delayed
O1003289,EcomExpress,2025-07-24 13:07:00,2025-07-27 14:07:00,2025-07-27 14:07:00,Delivered
O1003290,Delhivery,2025-02-11 13:04:00,2025-02-15 12:04:00,2025-02-15 18:04:00,Delayed
O1003291,DHL,2025-11-28 04:26:00,2025-11-30 04:26:00,2025-11-30 04:26:00,Delivered
O1003292,DHL,2025-06-18 02:49:00,2025-06-19 14:49:00,2025-06-21 14:49:00,Delayed
O1003293,Delhivery,2025-09-08 02:21:00,2025-09-12 01:21:00,2025-09-12 01:21:00,Delivered
O1003295,BlueDart,2025-07-01 00:31:00,2025-07-03 03:31:00,2025-07-03 03:31:00,Delivered
O1003296,EcomExpress,2025-06-29 11:50:00,2025-07-01 07:50:00,2025-07-02 07:50:00,Delayed
O1003297,BlueDart,2025-04-15 19:52:00,2025-04-17 23:52:00,2025-04-17 23:52:00,Delivered
O1003298,DHL,2025-07-23 00:18:00,2025-07-26 08:18:00,2025-07-27 08:18:00,Delayed
O1003299,DHL,2025-09-26 16:20:00,2025-09-28 07:20:00,2025-09-28 07:20:00,Delivered
O1003300,EcomExpress,2025-01-09 06:23:00,2025-01-10 07:23:00,2025-01-10 07:23:00,Delivered
O1003301,DHL,2025-02-17 14:45:00,2025-02-20 22:45:00,2025-02-20 22:45:00,Delivered
O1003302,EcomExpress,2025-11-05 09:00:00,2025-11-07 21:00:00,2025-11-08 03:00:00,Delayed
O1003303,EcomExpress,2025-07-27 14:17:00,2025-07-30 16:17:00,2025-07-30 16:17:00,Delivered
O1003304,DHL,2025-12-23 06:39:00,2025-12-25 01:39:00,2025-12-26 01:39:00,Delayed
O1003305,BlueDart,2025-08-09 17:40:00,2025-08-11 08:40:00,2025-08-11 08:40:00,Delivered
O1003306,BlueDart,2025-08-28 05:05:00,2025-08-30 14:05:00,2025-08-30 14:05:00,Delivered
O1003307,DHL,2025-11-26 03:27:00,2025-11-29 16:27:00,2025-11-29 16:27:00,Delivered
O1003308,DHL,2025-08-31 04:26:00,2025-09-03 09:26:00,2025-09-03 09:26:00,Delivered
O1003309,DHL,2025-05-02 03:54:00,2025-05-04 09:54:00,2025-05-04 09:54:00,Delivered
O1003310,EcomExpress,2025-07-12 20:10:00,2025-07-14 07:10:00,2025-07-16 07:10:00,Delayed
O1003311,DHL,2025-03-27 17:16:00,2025-03-30 08:16:00,2025-04-01 08:16:00,Delayed
O1003312,EcomExpress,2025-05-04 13:50:00,2025-05-05 16:50:00,2025-05-05 16:50:00,Delivered
O1003313,BlueDart,2025-09-07 08:30:00,2025-09-10 09:30:00,2025-09-10 09:30:00,Delivered
O1003314,Delhivery,2025-02-25 16:31:00,2025-02-27 23:31:00,2025-02-27 23:31:00,Delivered
O1003315,Delhivery,2025-09-03 21:22:00,2025-09-07 11:22:00,2025-09-07 17:22:00,Delayed
O1003316,EcomExpress,2025-08-03 15:00:00,2025-08-07 12:00:00,2025-08-07 12:00:00,Delivered
O1003317,Delhivery,2025-04-24 02:24:00,2025-04-25 18:24:00,2025-04-27 18:24:00,Delayed
O1003318,Delhivery,2025-01-17 22:37:00,2025-01-19 06:37:00,2025-01-19 06:37:00,Delivered
O1003319,EcomExpress,2025-09-16 02:54:00,2025-09-18 20:54:00,2025-09-18 20:54:00,Delivered
O1003320,BlueDart,2025-10-29 14:54:00,2025-10-30 17:54:00,2025-10-31 05:54:00,Delayed
O1003321,BlueDart,2025-09-25 01:23:00,2025-09-28 01:23:00,2025-09-28 01:23:00,Delivered
O1003322,DHL,2025-06-03 22:18:00,2025-06-07 13:18:00,2025-06-08 13:18:00,Delayed
O1003323,EcomExpress,2025-08-28 05:49:00,2025-08-31 20:49:00,2025-08-31 20:49:00,Delivered
O1003324,DHL,2025-06-01 17:39:00,2025-06-05 00:39:00,2025-06-05 00:39:00,Delivered
O1003325,EcomExpress,2025-05-11 14:07:00,2025-05-14 21:07:00,2025-05-15 21:07:00,Delayed
O1003326,Delhivery,2025-05-01 00:26:00,2025-05-02 18:26:00,2025-05-02 18:26:00,Delivered
O1003327,DHL,2025-03-19 15:29:00,2025-03-23 08:29:00,2025-03-23 08:29:00,Delivered
O1003328,Delhivery,2025-12-20 16:28:00,2025-12-23 22:28:00,2025-12-24 04:28:00,Delayed
O1003329,Delhivery,2025-09-01 14:02:00,2025-09-02 19:02:00,2025-09-04 19:02:00,Delayed
O1003330,DHL,2025-03-05 17:17:00,2025-03-08 11:17:00,2025-03-10 11:17:00,Delayed
O1003331,EcomExpress,2025-11-13 05:40:00,2025-11-15 11:40:00,2025-11-17 11:40:00,Delayed
O1003332,BlueDart,2025-02-25 20:34:00,2025-02-27 07:34:00,2025-02-27 07:34:00,Delivered
O1003333,DHL,2025-08-06 07:29:00,2025-08-08 05:29:00,2025-08-09 05:29:00,Delayed
O1003334,EcomExpress,2025-03-03 00:39:00,2025-03-06 19:39:00,2025-03-06 19:39:00,Delivered
O1003335,Delhivery,2025-05-12 22:15:00,2025-05-15 09:15:00,2025-05-15 09:15:00,Delivered
O1003336,EcomExpress,2025-08-30 10:47:00,2025-08-31 21:47:00,2025-08-31 21:47:00,Delivered
O1003337,DHL,2026-01-01 04:06:00,2026-01-04 14:06:00,2026-01-04 14:06:00,Delivered
O1003338,Delhivery,2025-12-30 05:18:00,2025-12-31 22:18:00,2025-12-31 22:18:00,Delivered
O1003339,BlueDart,2025-11-24 01:24:00,2025-11-26 12:24:00,2025-11-27 12:24:00,Delayed
O1003340,Delhivery,2025-03-28 06:47:00,2025-03-29 15:47:00,2025-03-31 15:47:00,Delayed
O1003341,DHL,2025-02-05 07:35:00,2025-02-06 09:35:00,2025-02-06 09:35:00,Delivered
O1003342,EcomExpress,2025-11-27 16:04:00,2025-12-01 14:04:00,2025-12-01 14:04:00,Delivered
O1003343,BlueDart,2025-12-03 19:14:00,2025-12-06 19:14:00,2025-12-06 19:14:00,Delivered
O1003344,BlueDart,2025-04-13 09:51:00,2025-04-16 04:51:00,2025-04-16 04:51:00,Delivered
O1003345,DHL,2025-01-08 08:16:00,2025-01-09 08:16:00,2025-01-10 08:16:00,Delayed
O1003346,Delhivery,2025-08-26 06:41:00,2025-08-29 01:41:00,2025-08-29 07:41:00,Delayed
O1003347,EcomExpress,2025-01-29 06:24:00,2025-01-30 13:24:00,2025-01-30 13:24:00,Delivered
O1003348,Delhivery,2025-01-15 18:49:00,2025-01-17 05:49:00,2025-01-19 05:49:00,Delayed
O1003349,DHL,2025-12-10 07:51:00,2025-12-13 11:51:00,2025-12-13 11:51:00,Delivered
O1003350,EcomExpress,2025-07-01 16:04:00,2025-07-04 04:04:00,2025-07-04 16:04:00,Delayed
O1003351,Delhivery,2025-02-10 16:49:00,2025-02-14 03:49:00,2025-02-14 03:49:00,Delivered
O1003352,Delhivery,2025-08-28 05:33:00,2025-08-30 06:33:00,2025-08-30 12:33:00,Delayed
O1003353,DHL,2025-05-16 02:34:00,2025-05-18 00:34:00,2025-05-18 00:34:00,Delivered
O1003354,Delhivery,2025-07-16 07:53:00,2025-07-19 18:53:00,2025-07-19 18:53:00,Delivered
O1003355,EcomExpress,2025-11-26 11:38:00,2025-11-29 03:38:00,2025-11-29 03:38:00,Delivered
O1003356,EcomExpress,2025-03-29 08:25:00,2025-04-02 01:25:00,2025-04-02 01:25:00,Delivered
O1003357,EcomExpress,2025-08-24 23:16:00,2025-08-27 14:16:00,2025-08-27 14:16:00,Delivered
O1003358,BlueDart,2025-10-31 12:17:00,2025-11-02 01:17:00,2025-11-02 07:17:00,Delayed
O1003359,BlueDart,2025-06-05 07:23:00,2025-06-06 11:23:00,2025-06-06 11:23:00,Delivered
O1003360,EcomExpress,2025-12-22 04:17:00,2025-12-23 19:17:00,2025-12-23 19:17:00,Delivered
O1003361,DHL,2025-06-13 21:30:00,2025-06-16 12:30:00,2025-06-17 00:30:00,Delayed
O1003363,Delhivery,2025-11-20 15:18:00,2025-11-23 14:18:00,2025-11-23 14:18:00,Delivered
O1003364,DHL,2025-08-21 18:57:00,2025-08-22 18:57:00,2025-08-22 18:57:00,Delivered
O1003366,EcomExpress,2025-10-16 16:48:00,2025-10-18 11:48:00,2025-10-18 11:48:00,Delivered
O1003367,BlueDart,2025-09-18 17:10:00,2025-09-22 04:10:00,2025-09-22 04:10:00,Delivered
O1003368,EcomExpress,2025-03-30 17:21:00,2025-04-01 21:21:00,2025-04-01 21:21:00,Delivered
O1003369,BlueDart,2025-05-26 18:24:00,2025-05-29 23:24:00,2025-05-30 11:24:00,Delayed
O1003370,BlueDart,2025-11-12 19:01:00,2025-11-14 21:01:00,2025-11-15 09:01:00,Delayed
O1003371,BlueDart,2025-08-13 11:45:00,2025-08-15 07:45:00,2025-08-15 07:45:00,Delivered
O1003372,EcomExpress,2025-04-14 11:26:00,2025-04-17 12:26:00,2025-04-17 12:26:00,Delivered
O1003373,EcomExpress,2025-05-01 10:00:00,2025-05-03 04:00:00,2025-05-05 04:00:00,Delayed
O1003374,Delhivery,2025-10-12 04:48:00,2025-10-15 03:48:00,2025-10-15 15:48:00,Delayed
O1003375,BlueDart,2025-03-08 06:25:00,2025-03-09 19:25:00,2025-03-09 19:25:00,Delivered
O1003376,BlueDart,2025-02-10 23:51:00,2025-02-14 05:51:00,2025-02-14 05:51:00,Delivered
O1003377,DHL,2025-10-08 09:38:00,2025-10-12 05:38:00,2025-10-13 05:38:00,Delayed
O1003378,BlueDart,2025-04-17 04:32:00,2025-04-20 21:32:00,2025-04-21 21:32:00,Delayed
O1003379,Delhivery,2025-10-07 18:46:00,2025-10-11 06:46:00,2025-10-11 06:46:00,Delivered
O1003380,EcomExpress,2025-07-14 21:10:00,2025-07-15 21:10:00,2025-07-15 21:10:00,Delivered
O1003381,EcomExpress,2026-01-01 03:06:00,2026-01-04 15:06:00,2026-01-04 15:06:00,Delivered
O1003382,BlueDart,2025-07-12 13:35:00,2025-07-15 09:35:00,2025-07-15 15:35:00,Delayed
O1003383,DHL,2025-11-14 02:19:00,2025-11-16 11:19:00,2025-11-17 11:19:00,Delayed
O1003384,EcomExpress,2025-11-08 01:20:00,2025-11-11 11:20:00,2025-11-11 11:20:00,Delivered
O1003385,Delhivery,2025-03-20 00:34:00,2025-03-23 10:34:00,2025-03-23 10:34:00,Delivered
O1003386,Delhivery,2025-12-30 20:25:00,2026-01-03 15:25:00,2026-01-03 21:25:00,Delayed
O1003387,BlueDart,2025-10-01 03:24:00,2025-10-03 21:24:00,2025-10-04 21:24:00,Delayed
O1003388,BlueDart,2025-02-10 09:21:00,2025-02-13 11:21:00,2025-02-14 11:21:00,Delayed
O1003389,EcomExpress,2025-01-03 15:48:00,2025-01-05 12:48:00,2025-01-05 12:48:00,Delivered
O1003390,Delhivery,2025-04-11 15:31:00,2025-04-14 15:31:00,2025-04-15 15:31:00,Delayed
O1003391,BlueDart,2025-01-06 10:13:00,2025-01-08 16:13:00,2025-01-08 16:13:00,Delivered
O1003392,EcomExpress,2025-05-12 11:26:00,2025-05-15 09:26:00,2025-05-17 09:26:00,Delayed
O1003393,BlueDart,2025-12-31 01:06:00,2026-01-02 06:06:00,2026-01-02 12:06:00,Delayed
O1003394,BlueDart,2025-06-25 02:19:00,2025-06-26 14:19:00,2025-06-26 14:19:00,Delivered
O1003395,EcomExpress,2025-01-09 17:57:00,2025-01-11 18:57:00,2025-01-11 18:57:00,Delivered
O1003396,EcomExpress,2025-07-01 02:42:00,2025-07-03 02:42:00,2025-07-03 02:42:00,Delivered
O1003397,BlueDart,2025-03-21 11:29:00,2025-03-23 04:29:00,2025-03-23 04:29:00,Delivered
O1003398,EcomExpress,2025-11-10 07:52:00,2025-11-11 14:52:00,2025-11-11 14:52:00,Delivered
O1003399,Delhivery,2025-02-04 12:54:00,2025-02-06 16:54:00,2025-02-07 16:54:00,Delayed
O1003400,BlueDart,2025-10-10 07:23:00,2025-10-12 19:23:00,2025-10-12 19:23:00,Delivered
O1003402,DHL,2025-01-08 03:28:00,2025-01-10 22:28:00,2025-01-12 22:28:00,Delayed
O1003403,DHL,2025-09-04 13:16:00,2025-09-07 09:16:00,2025-09-07 09:16:00,Delivered
O1003404,Delhivery,2025-06-16 21:14:00,2025-06-18 11:14:00,2025-06-18 11:14:00,Delivered
O1003405,BlueDart,2025-10-10 04:49:00,2025-10-11 14:49:00,2025-10-11 20:49:00,Delayed
O1003406,Delhivery,2025-08-15 12:34:00,2025-08-16 22:34:00,2025-08-16 22:34:00,Delivered
O1003407,BlueDart,2025-10-15 14:55:00,2025-10-18 15:55:00,2025-10-18 15:55:00,Delivered
O1003408,Delhivery,2025-06-19 17:44:00,2025-06-22 18:44:00,2025-06-23 06:44:00,Delayed
O1003409,DHL,2025-01-04 00:39:00,2025-01-06 13:39:00,2025-01-06 13:39:00,Delivered
O1003410,BlueDart,2025-02-18 11:17:00,2025-02-21 00:17:00,2025-02-21 00:17:00,Delivered
O1003411,DHL,2025-06-17 19:39:00,2025-06-20 16:39:00,2025-06-21 04:39:00,Delayed
O1003412,Delhivery,2025-05-27 02:46:00,2025-05-29 03:46:00,2025-05-29 03:46:00,Delivered
O1003413,EcomExpress,2025-10-18 15:07:00,2025-10-21 20:07:00,2025-10-21 20:07:00,Delivered
O1003414,DHL,2025-06-01 00:52:00,2025-06-04 17:52:00,2025-06-04 17:52:00,Delivered
O1003415,Delhivery,2025-11-11 13:46:00,2025-11-13 06:46:00,2025-11-13 12:46:00,Delayed
O1003416,BlueDart,2025-03-11 08:05:00,2025-03-13 17:05:00,2025-03-15 17:05:00,Delayed
O1003417,EcomExpress,2025-05-21 14:39:00,2025-05-23 12:39:00,2025-05-23 12:39:00,Delivered
O1003418,Delhivery,2025-10-05 15:42:00,2025-10-07 14:42:00,2025-10-07 14:42:00,Delivered
O1003419,Delhivery,2025-02-15 20:45:00,2025-02-18 00:45:00,2025-02-18 00:45:00,Delivered
O1003420,DHL,2025-04-29 10:44:00,2025-05-01 01:44:00,2025-05-02 01:44:00,Delayed
O1003421,EcomExpress,2025-10-03 06:42:00,2025-10-05 07:42:00,2025-10-06 07:42:00,Delayed
O1003422,DHL,2025-08-04 01:55:00,2025-08-06 00:55:00,2025-08-06 00:55:00,Delivered
O1003423,BlueDart,2025-10-11 14:48:00,2025-10-15 00:48:00,2025-10-15 00:48:00,Delivered
O1003424,EcomExpress,2025-07-09 01:50:00,2025-07-10 20:50:00,2025-07-10 20:50:00,Delivered
O1003425,BlueDart,2025-11-11 02:06:00,2025-11-12 08:06:00,2025-11-12 08:06:00,Delivered
O1003426,BlueDart,2025-11-18 09:24:00,2025-11-21 23:24:00,2025-11-21 23:24:00,Delivered
O1003427,BlueDart,2025-12-23 05:36:00,2025-12-26 21:36:00,2025-12-26 21:36:00,Delivered
O1003428,Delhivery,2025-02-15 13:39:00,2025-02-19 05:39:00,2025-02-19 05:39:00,Delivered
O1003429,BlueDart,2025-08-05 02:06:00,2025-08-06 15:06:00,2025-08-06 15:06:00,Delivered
O1003430,EcomExpress,2025-02-12 01:32:00,2025-02-14 06:32:00,2025-02-14 18:32:00,Delayed
O1003431,BlueDart,2025-03-26 06:51:00,2025-03-28 02:51:00,2025-03-28 02:51:00,Delivered
O1003432,DHL,2025-04-21 06:29:00,2025-04-23 00:29:00,2025-04-23 00:29:00,Delivered
O1003433,DHL,2025-08-25 06:14:00,2025-08-29 00:14:00,2025-08-30 00:14:00,Delayed
O1003434,BlueDart,2025-06-08 12:37:00,2025-06-09 21:37:00,2025-06-10 21:37:00,Delayed
O1003435,Delhivery,2025-11-13 03:43:00,2025-11-15 22:43:00,2025-11-16 10:43:00,Delayed
O1003436,Delhivery,2025-04-20 03:15:00,2025-04-23 06:15:00,2025-04-23 06:15:00,Delivered
O1003437,EcomExpress,2025-08-14 18:08:00,2025-08-15 22:08:00,2025-08-15 22:08:00,Delivered
O1003438,DHL,2025-10-07 13:49:00,2025-10-11 04:49:00,2025-10-11 04:49:00,Delivered
O1003439,EcomExpress,2025-12-24 18:55:00,2025-12-26 10:55:00,2025-12-26 10:55:00,Delivered
O1003440,BlueDart,2025-03-31 23:01:00,2025-04-03 04:01:00,2025-04-03 10:01:00,Delayed
O1003441,EcomExpress,2025-09-25 12:17:00,2025-09-28 02:17:00,2025-09-28 02:17:00,Delivered
O1003442,Delhivery,2025-01-31 19:43:00,2025-02-04 09:43:00,2025-02-04 09:43:00,Delivered
O1003443,EcomExpress,2025-07-19 09:18:00,2025-07-23 08:18:00,2025-07-23 14:18:00,Delayed
O1003444,DHL,2025-06-02 01:42:00,2025-06-03 18:42:00,2025-06-03 18:42:00,Delivered
O1003445,EcomExpress,2025-12-16 15:11:00,2025-12-18 20:11:00,2025-12-19 02:11:00,Delayed
O1003446,DHL,2025-10-11 06:42:00,2025-10-14 01:42:00,2025-10-14 01:42:00,Delivered
O1003447,EcomExpress,2025-12-06 05:47:00,2025-12-08 10:47:00,2025-12-09 10:47:00,Delayed
O1003448,BlueDart,2025-11-08 04:54:00,2025-11-09 09:54:00,2025-11-11 09:54:00,Delayed
O1003449,EcomExpress,2025-05-31 04:07:00,2025-06-03 12:07:00,2025-06-03 12:07:00,Delivered
O1003450,EcomExpress,2025-09-26 02:35:00,2025-09-28 18:35:00,2025-09-28 18:35:00,Delivered
O1003452,DHL,2025-07-24 10:45:00,2025-07-25 19:45:00,2025-07-25 19:45:00,Delivered
O1003453,Delhivery,2025-01-19 01:48:00,2025-01-21 22:48:00,2025-01-22 22:48:00,Delayed
O1003454,BlueDart,2025-09-23 06:30:00,2025-09-26 23:30:00,2025-09-26 23:30:00,Delivered
O1003455,DHL,2025-12-20 03:18:00,2025-12-23 01:18:00,2025-12-23 13:18:00,Delayed
O1003456,DHL,2025-09-07 00:21:00,2025-09-09 10:21:00,2025-09-09 10:21:00,Delivered
O1003457,BlueDart,2025-11-04 02:01:00,2025-11-07 10:01:00,2025-11-08 10:01:00,Delayed
O1003459,DHL,2025-12-29 21:41:00,2025-12-31 16:41:00,2025-12-31 16:41:00,Delivered
O1003460,Delhivery,2025-07-22 13:23:00,2025-07-23 19:23:00,2025-07-23 19:23:00,Delivered
O1003461,BlueDart,2025-09-04 16:58:00,2025-09-07 03:58:00,2025-09-07 03:58:00,Delivered
O1003462,EcomExpress,2025-10-10 11:56:00,2025-10-12 07:56:00,2025-10-14 07:56:00,Delayed
O1003463,EcomExpress,2025-08-23 03:09:00,2025-08-25 14:09:00,2025-08-25 14:09:00,Delivered
O1003464,DHL,2025-04-27 03:29:00,2025-04-30 04:29:00,2025-04-30 04:29:00,Delivered
O1003465,DHL,2025-08-12 23:58:00,2025-08-16 11:58:00,2025-08-16 11:58:00,Delivered
O1003466,DHL,2025-08-28 00:58:00,2025-08-30 18:58:00,2025-08-31 00:58:00,Delayed
O1003467,EcomExpress,2025-11-10 05:34:00,2025-11-13 00:34:00,2025-11-13 00:34:00,Delivered
O1003468,DHL,2025-06-26 05:04:00,2025-06-30 01:04:00,2025-06-30 01:04:00,Delivered
O1003469,Delhivery,2025-07-04 05:01:00,2025-07-07 22:01:00,2025-07-07 22:01:00,Delivered
O1003471,DHL,2025-02-12 03:21:00,2025-02-15 11:21:00,2025-02-15 11:21:00,Delivered
O1003472,EcomExpress,2025-02-02 19:12:00,2025-02-06 12:12:00,2025-02-07 00:12:00,Delayed
O1003473,EcomExpress,2025-01-09 00:08:00,2025-01-11 09:08:00,2025-01-11 09:08:00,Delivered
O1003474,BlueDart,2025-09-02 03:00:00,2025-09-05 10:00:00,2025-09-06 10:00:00,Delayed
O1003475,EcomExpress,2025-06-02 15:02:00,2025-06-05 05:02:00,2025-06-05 05:02:00,Delivered
O1003476,BlueDart,2025-11-13 01:31:00,2025-11-15 21:31:00,2025-11-15 21:31:00,Delivered
O1003477,BlueDart,2025-09-15 04:41:00,2025-09-18 03:41:00,2025-09-18 09:41:00,Delayed
O1003478,Delhivery,2025-02-21 19:20:00,2025-02-23 00:20:00,2025-02-25 00:20:00,Delayed
O1003479,EcomExpress,2025-02-06 14:36:00,2025-02-07 14:36:00,2025-02-07 14:36:00,Delivered
O1003480,Delhivery,2025-05-15 13:18:00,2025-05-19 09:18:00,2025-05-19 15:18:00,Delayed
O1003481,DHL,2025-12-04 02:41:00,2025-12-06 04:41:00,2025-12-06 16:41:00,Delayed
O1003482,BlueDart,2025-01-19 04:45:00,2025-01-20 07:45:00,2025-01-20 19:45:00,Delayed
O1003483,DHL,2025-03-11 06:33:00,2025-03-12 14:33:00,2025-03-13 14:33:00,Delayed
O1003484,BlueDart,2025-01-12 03:53:00,2025-01-13 05:53:00,2025-01-13 05:53:00,Delivered
O1003485,BlueDart,2025-05-31 23:36:00,2025-06-02 16:36:00,2025-06-03 04:36:00,Delayed
O1003486,Delhivery,2025-12-29 07:10:00,2026-01-01 11:10:00,2026-01-03 11:10:00,Delayed
O1003487,DHL,2025-09-07 19:36:00,2025-09-11 06:36:00,2025-09-11 06:36:00,Delivered
O1003488,Delhivery,2025-06-30 17:32:00,2025-07-01 21:32:00,2025-07-02 03:32:00,Delayed
O1003489,BlueDart,2025-02-22 20:18:00,2025-02-25 11:18:00,2025-02-25 11:18:00,Delivered
O1003490,BlueDart,2025-05-11 02:56:00,2025-05-14 01:56:00,2025-05-14 01:56:00,Delivered
O1003491,DHL,2025-07-12 06:17:00,2025-07-15 19:17:00,2025-07-15 19:17:00,Delivered
O1003492,DHL,2025-04-12 08:33:00,2025-04-16 01:33:00,2025-04-16 01:33:00,Delivered
O1003494,EcomExpress,2025-12-25 06:00:00,2025-12-28 21:00:00,2025-12-28 21:00:00,Delivered
O1003495,DHL,2025-03-18 00:04:00,2025-03-21 03:04:00,2025-03-22 03:04:00,Delayed
O1003497,EcomExpress,2025-02-17 08:33:00,2025-02-20 18:33:00,2025-02-20 18:33:00,Delivered
O1003498,DHL,2025-09-23 11:49:00,2025-09-26 16:49:00,2025-09-26 16:49:00,Delivered
O1003499,Delhivery,2025-06-18 20:21:00,2025-06-22 02:21:00,2025-06-22 02:21:00,Delivered
O1003500,EcomExpress,2025-04-15 09:42:00,2025-04-19 01:42:00,2025-04-19 13:42:00,Delayed
O1003501,DHL,2025-03-23 06:58:00,2025-03-24 17:58:00,2025-03-24 17:58:00,Delivered
O1003502,EcomExpress,2025-01-26 18:37:00,2025-01-28 00:37:00,2025-01-28 12:37:00,Delayed
O1003503,DHL,2025-06-24 11:57:00,2025-06-26 06:57:00,2025-06-26 06:57:00,Delivered
O1003504,DHL,2025-09-07 20:01:00,2025-09-11 16:01:00,2025-09-11 16:01:00,Delivered
O1003505,Delhivery,2025-03-28 05:47:00,2025-03-31 07:47:00,2025-03-31 13:47:00,Delayed
O1003506,BlueDart,2025-01-02 14:04:00,2025-01-04 23:04:00,2025-01-05 11:04:00,Delayed
O1003507,BlueDart,2025-06-23 03:51:00,2025-06-25 00:51:00,2025-06-25 06:51:00,Delayed
O1003508,Delhivery,2025-09-04 13:04:00,2025-09-06 03:04:00,2025-09-07 03:04:00,Delayed
O1003509,BlueDart,2025-05-07 18:47:00,2025-05-09 21:47:00,2025-05-09 21:47:00,Delivered
O1003510,BlueDart,2025-04-03 17:42:00,2025-04-07 13:42:00,2025-04-07 13:42:00,Delivered
O1003511,EcomExpress,2025-02-27 18:17:00,2025-03-03 13:17:00,2025-03-03 13:17:00,Delivered
O1003512,Delhivery,2025-09-30 22:35:00,2025-10-04 20:35:00,2025-10-06 20:35:00,Delayed
O1003513,EcomExpress,2025-11-12 02:03:00,2025-11-15 04:03:00,2025-11-15 04:03:00,Delivered
O1003514,Delhivery,2025-10-08 13:41:00,2025-10-11 07:41:00,2025-10-11 13:41:00,Delayed
O1003515,EcomExpress,2025-07-10 04:35:00,2025-07-11 11:35:00,2025-07-12 11:35:00,Delayed
O1003516,BlueDart,2025-09-23 04:26:00,2025-09-25 22:26:00,2025-09-25 22:26:00,Delivered
O1003517,Delhivery,2025-05-25 18:30:00,2025-05-28 21:30:00,2025-05-28 21:30:00,Delivered
O1003518,Delhivery,2025-01-10 07:40:00,2025-01-12 13:40:00,2025-01-12 13:40:00,Delivered
O1003519,BlueDart,2025-05-16 08:44:00,2025-05-19 17:44:00,2025-05-19 17:44:00,Delivered
O1003520,DHL,2025-09-14 23:34:00,2025-09-17 17:34:00,2025-09-17 17:34:00,Delivered
O1003521,Delhivery,2025-08-25 17:32:00,2025-08-29 10:32:00,2025-08-29 10:32:00,Delivered
O1003522,BlueDart,2025-12-29 01:32:00,2025-12-30 08:32:00,2025-12-30 08:32:00,Delivered
O1003523,Delhivery,2026-01-01 07:40:00,2026-01-04 08:40:00,2026-01-04 08:40:00,Delivered
O1003524,DHL,2025-03-30 15:18:00,2025-04-01 15:18:00,2025-04-01 15:18:00,Delivered
O1003525,BlueDart,2025-01-04 23:07:00,2025-01-06 05:07:00,2025-01-06 05:07:00,Delivered
O1003526,EcomExpress,2025-04-12 07:24:00,2025-04-14 04:24:00,2025-04-14 04:24:00,Delivered
O1003527,Delhivery,2025-11-17 05:15:00,2025-11-20 12:15:00,2025-11-20 12:15:00,Delivered
O1003528,Delhivery,2025-10-25 12:45:00,2025-10-27 01:45:00,2025-10-28 01:45:00,Delayed
O1003529,BlueDart,2025-02-06 15:17:00,2025-02-09 14:17:00,2025-02-09 14:17:00,Delivered
O1003530,DHL,2025-02-28 23:11:00,2025-03-02 13:11:00,2025-03-02 13:11:00,Delivered
O1003531,EcomExpress,2025-07-26 14:37:00,2025-07-28 22:37:00,2025-07-28 22:37:00,Delivered
O1003533,Delhivery,2025-12-26 13:41:00,2025-12-27 23:41:00,2025-12-27 23:41:00,Delivered
O1003534,EcomExpress,2025-10-04 00:19:00,2025-10-07 06:19:00,2025-10-09 06:19:00,Delayed
O1003535,Delhivery,2025-03-19 22:03:00,2025-03-23 12:03:00,2025-03-23 18:03:00,Delayed
O1003536,DHL,2025-01-15 04:15:00,2025-01-17 17:15:00,2025-01-17 17:15:00,Delivered
O1003537,BlueDart,2025-08-21 07:40:00,2025-08-23 11:40:00,2025-08-25 11:40:00,Delayed
O1003538,Delhivery,2025-07-23 01:48:00,2025-07-26 20:48:00,2025-07-26 20:48:00,Delivered
O1003539,BlueDart,2025-12-04 06:17:00,2025-12-08 02:17:00,2025-12-08 14:17:00,Delayed
O1003540,BlueDart,2025-07-31 07:40:00,2025-08-04 02:40:00,2025-08-04 02:40:00,Delivered
O1003541,BlueDart,2025-07-03 14:54:00,2025-07-06 22:54:00,2025-07-06 22:54:00,Delivered
O1003542,EcomExpress,2025-04-21 20:46:00,2025-04-23 12:46:00,2025-04-23 12:46:00,Delivered
O1003543,Delhivery,2025-02-02 04:49:00,2025-02-03 15:49:00,2025-02-03 15:49:00,Delivered
O1003544,EcomExpress,2025-11-17 07:08:00,2025-11-19 14:08:00,2025-11-21 14:08:00,Delayed
O1003545,EcomExpress,2025-10-30 13:20:00,2025-11-02 05:20:00,2025-11-02 05:20:00,Delivered
O1003546,Delhivery,2025-03-02 05:18:00,2025-03-03 19:18:00,2025-03-03 19:18:00,Delivered
O1003547,DHL,2025-09-15 12:01:00,2025-09-16 22:01:00,2025-09-16 22:01:00,Delivered
O1003548,DHL,2025-05-14 13:14:00,2025-05-16 12:14:00,2025-05-16 12:14:00,Delivered
O1003549,Delhivery,2025-06-10 17:24:00,2025-06-12 18:24:00,2025-06-12 18:24:00,Delivered
O1003550,DHL,2025-11-06 19:15:00,2025-11-08 11:15:00,2025-11-08 11:15:00,Delivered
O1003551,EcomExpress,2025-11-05 10:18:00,2025-11-07 19:18:00,2025-11-07 19:18:00,Delivered
O1003552,Delhivery,2025-03-12 05:12:00,2025-03-14 17:12:00,2025-03-14 17:12:00,Delivered
O1003553,Delhivery,2025-04-23 17:41:00,2025-04-24 23:41:00,2025-04-25 11:41:00,Delayed
O1003554,BlueDart,2025-10-27 20:14:00,2025-10-28 20:14:00,2025-10-28 20:14:00,Delivered
O1003555,EcomExpress,2025-12-02 11:35:00,2025-12-03 13:35:00,2025-12-04 13:35:00,Delayed
O1003556,BlueDart,2025-01-30 07:18:00,2025-02-02 15:18:00,2025-02-02 15:18:00,Delivered
O1003557,BlueDart,2025-11-02 05:26:00,2025-11-05 15:26:00,2025-11-06 15:26:00,Delayed
O1003558,BlueDart,2025-06-29 01:10:00,2025-06-30 12:10:00,2025-07-01 12:10:00,Delayed
O1003559,Delhivery,2025-08-05 08:58:00,2025-08-09 03:58:00,2025-08-09 03:58:00,Delivered
O1003560,DHL,2025-01-29 04:06:00,2025-01-30 23:06:00,2025-01-31 11:06:00,Delayed
O1003561,BlueDart,2025-09-07 10:25:00,2025-09-11 02:25:00,2025-09-11 02:25:00,Delivered
O1003563,Delhivery,2025-08-31 14:09:00,2025-09-02 02:09:00,2025-09-02 02:09:00,Delivered
O1003564,EcomExpress,2025-10-16 16:51:00,2025-10-20 02:51:00,2025-10-20 08:51:00,Delayed
O1003565,DHL,2025-12-12 18:12:00,2025-12-14 19:12:00,2025-12-14 19:12:00,Delivered
O1003566,EcomExpress,2025-11-07 22:54:00,2025-11-11 06:54:00,2025-11-11 12:54:00,Delayed
O1003567,BlueDart,2025-09-30 06:55:00,2025-10-01 11:55:00,2025-10-01 11:55:00,Delivered
O1003568,DHL,2025-12-26 02:07:00,2025-12-28 19:07:00,2025-12-28 19:07:00,Delivered
O1003570,BlueDart,2025-09-04 08:11:00,2025-09-07 21:11:00,2025-09-07 21:11:00,Delivered
O1003571,EcomExpress,2025-07-18 01:19:00,2025-07-19 10:19:00,2025-07-20 10:19:00,Delayed
O1003572,BlueDart,2025-10-09 17:56:00,2025-10-11 22:56:00,2025-10-12 04:56:00,Delayed
O1003573,DHL,2025-01-28 02:30:00,2025-01-31 18:30:00,2025-02-01 06:30:00,Delayed
O1003574,BlueDart,2025-07-05 02:58:00,2025-07-08 20:58:00,2025-07-09 08:58:00,Delayed
O1003575,DHL,2025-06-05 23:32:00,2025-06-08 11:32:00,2025-06-08 23:32:00,Delayed
O1003576,DHL,2025-11-30 17:49:00,2025-12-01 20:49:00,2025-12-01 20:49:00,Delivered
O1003577,Delhivery,2025-01-27 22:10:00,2025-01-31 17:10:00,2025-02-01 17:10:00,Delayed
O1003578,DHL,2025-08-23 11:24:00,2025-08-24 23:24:00,2025-08-24 23:24:00,Delivered
O1003579,BlueDart,2025-03-09 23:23:00,2025-03-12 04:23:00,2025-03-12 04:23:00,Delivered
O1003580,DHL,2025-11-20 10:29:00,2025-11-23 22:29:00,2025-11-24 10:29:00,Delayed
O1003581,Delhivery,2025-11-08 05:39:00,2025-11-09 12:39:00,2025-11-10 12:39:00,Delayed
O1003582,BlueDart,2025-03-27 21:58:00,2025-03-30 06:58:00,2025-03-30 06:58:00,Delivered
O1003583,EcomExpress,2025-11-15 22:38:00,2025-11-18 18:38:00,2025-11-18 18:38:00,Delivered
O1003584,DHL,2025-07-02 02:05:00,2025-07-03 06:05:00,2025-07-03 06:05:00,Delivered
O1003585,Delhivery,2025-12-21 18:27:00,2025-12-24 04:27:00,2025-12-24 04:27:00,Delivered
O1003586,Delhivery,2025-09-25 08:55:00,2025-09-26 11:55:00,2025-09-26 11:55:00,Delivered
O1003587,DHL,2025-01-14 06:15:00,2025-01-17 04:15:00,2025-01-17 10:15:00,Delayed
O1003588,DHL,2025-03-16 13:36:00,2025-03-20 05:36:00,2025-03-20 05:36:00,Delivered
O1003590,Delhivery,2025-03-19 21:09:00,2025-03-21 11:09:00,2025-03-21 11:09:00,Delivered
O1003591,Delhivery,2025-02-19 15:04:00,2025-02-21 09:04:00,2025-02-21 09:04:00,Delivered
O1003592,BlueDart,2025-12-24 09:24:00,2025-12-25 18:24:00,2025-12-25 18:24:00,Delivered
O1003593,EcomExpress,2025-11-15 00:06:00,2025-11-17 05:06:00,2025-11-17 05:06:00,Delivered
O1003594,Delhivery,2025-06-09 13:15:00,2025-06-10 13:15:00,2025-06-11 01:15:00,Delayed
O1003595,DHL,2025-03-20 17:01:00,2025-03-24 09:01:00,2025-03-24 09:01:00,Delivered
O1003596,EcomExpress,2025-03-08 23:13:00,2025-03-10 05:13:00,2025-03-11 05:13:00,Delayed
O1003597,Delhivery,2025-12-02 16:30:00,2025-12-05 16:30:00,2025-12-05 22:30:00,Delayed
O1003598,DHL,2025-05-02 10:55:00,2025-05-04 09:55:00,2025-05-04 09:55:00,Delivered
O1003599,EcomExpress,2025-01-05 15:09:00,2025-01-08 22:09:00,2025-01-08 22:09:00,Delivered
O1003600,BlueDart,2025-05-27 05:37:00,2025-05-28 08:37:00,2025-05-28 08:37:00,Delivered
O1003601,EcomExpress,2025-06-16 03:11:00,2025-06-18 12:11:00,2025-06-19 12:11:00,Delayed
O1003602,EcomExpress,2025-08-16 16:17:00,2025-08-17 22:17:00,2025-08-17 22:17:00,Delivered
O1003603,BlueDart,2025-05-04 23:25:00,2025-05-08 01:25:00,2025-05-08 01:25:00,Delivered
O1003604,EcomExpress,2025-12-03 16:23:00,2025-12-05 05:23:00,2025-12-05 17:23:00,Delayed
O1003605,DHL,2025-08-24 02:25:00,2025-08-26 20:25:00,2025-08-26 20:25:00,Delivered
O1003606,BlueDart,2025-12-27 22:52:00,2025-12-30 03:52:00,2025-12-30 03:52:00,Delivered
O1003607,DHL,2025-05-15 07:27:00,2025-05-16 19:27:00,2025-05-16 19:27:00,Delivered
O1003608,DHL,2025-08-26 20:36:00,2025-08-28 09:36:00,2025-08-28 21:36:00,Delayed
O1003609,EcomExpress,2025-05-15 09:18:00,2025-05-18 02:18:00,2025-05-20 02:18:00,Delayed
O1003610,DHL,2025-09-13 18:39:00,2025-09-15 09:39:00,2025-09-17 09:39:00,Delayed
O1003611,DHL,2025-10-01 00:55:00,2025-10-04 18:55:00,2025-10-04 18:55:00,Delivered
O1003612,Delhivery,2025-04-29 08:45:00,2025-05-02 14:45:00,2025-05-02 20:45:00,Delayed
O1003613,Delhivery,2025-12-10 00:34:00,2025-12-12 00:34:00,2025-12-12 00:34:00,Delivered
O1003614,EcomExpress,2025-11-10 01:01:00,2025-11-12 05:01:00,2025-11-13 05:01:00,Delayed
O1003615,BlueDart,2025-11-24 03:53:00,2025-11-26 14:53:00,2025-11-26 14:53:00,Delivered
O1003616,DHL,2025-03-22 09:34:00,2025-03-25 18:34:00,2025-03-25 18:34:00,Delivered
O1003617,DHL,2025-09-21 13:17:00,2025-09-23 18:17:00,2025-09-23 18:17:00,Delivered
O1003618,EcomExpress,2025-02-09 03:57:00,2025-02-11 08:57:00,2025-02-12 08:57:00,Delayed
O1003619,EcomExpress,2025-02-09 05:02:00,2025-02-12 06:02:00,2025-02-12 12:02:00,Delayed
O1003620,EcomExpress,2025-12-22 23:15:00,2025-12-24 17:15:00,2025-12-24 17:15:00,Delivered
O1003621,Delhivery,2025-02-26 09:59:00,2025-03-01 06:59:00,2025-03-02 06:59:00,Delayed
O1003622,EcomExpress,2025-11-13 02:22:00,2025-11-15 05:22:00,2025-11-15 11:22:00,Delayed
O1003623,Delhivery,2025-06-07 11:33:00,2025-06-09 21:33:00,2025-06-09 21:33:00,Delivered
O1003624,DHL,2025-04-22 13:35:00,2025-04-25 20:35:00,2025-04-25 20:35:00,Delivered
O1003625,EcomExpress,2025-01-28 07:40:00,2025-01-29 10:40:00,2025-01-29 10:40:00,Delivered
O1003626,DHL,2025-09-05 07:56:00,2025-09-08 05:56:00,2025-09-08 05:56:00,Delivered
O1003627,DHL,2025-09-22 04:31:00,2025-09-23 23:31:00,2025-09-23 23:31:00,Delivered
O1003628,Delhivery,2025-06-20 13:59:00,2025-06-21 13:59:00,2025-06-23 13:59:00,Delayed
O1003629,EcomExpress,2025-10-24 07:39:00,2025-10-26 05:39:00,2025-10-26 05:39:00,Delivered
O1003630,BlueDart,2025-04-29 07:43:00,2025-05-02 15:43:00,2025-05-02 15:43:00,Delivered
O1003631,DHL,2025-07-22 06:42:00,2025-07-25 10:42:00,2025-07-25 10:42:00,Delivered
O1003632,EcomExpress,2025-04-15 19:39:00,2025-04-17 13:39:00,2025-04-17 13:39:00,Delivered
O1003633,BlueDart,2025-08-01 17:13:00,2025-08-03 21:13:00,2025-08-04 09:13:00,Delayed
O1003634,EcomExpress,2025-02-19 21:29:00,2025-02-23 11:29:00,2025-02-23 23:29:00,Delayed
O1003636,BlueDart,2025-07-21 09:58:00,2025-07-23 12:58:00,2025-07-24 12:58:00,Delayed
O1003637,Delhivery,2025-07-23 14:23:00,2025-07-25 08:23:00,2025-07-25 08:23:00,Delivered
O1003638,DHL,2025-06-14 01:44:00,2025-06-16 09:44:00,2025-06-16 09:44:00,Delivered
O1003639,EcomExpress,2025-08-24 09:48:00,2025-08-27 17:48:00,2025-08-27 17:48:00,Delivered
O1003640,DHL,2025-07-07 03:10:00,2025-07-09 10:10:00,2025-07-09 10:10:00,Delivered
O1003641,EcomExpress,2025-04-14 17:42:00,2025-04-17 06:42:00,2025-04-17 06:42:00,Delivered
O1003642,EcomExpress,2025-03-20 17:36:00,2025-03-23 20:36:00,2025-03-23 20:36:00,Delivered
O1003643,Delhivery,2025-08-26 12:20:00,2025-08-30 01:20:00,2025-08-31 01:20:00,Delayed
O1003644,BlueDart,2025-12-10 02:13:00,2025-12-13 02:13:00,2025-12-14 02:13:00,Delayed
O1003645,Delhivery,2025-10-03 03:01:00,2025-10-05 08:01:00,2025-10-05 20:01:00,Delayed
O1003646,DHL,2025-08-23 09:16:00,2025-08-26 15:16:00,2025-08-26 15:16:00,Delivered
O1003647,EcomExpress,2025-12-04 04:21:00,2025-12-07 12:21:00,2025-12-07 12:21:00,Delivered
O1003648,EcomExpress,2025-11-26 13:30:00,2025-11-28 03:30:00,2025-11-28 09:30:00,Delayed
O1003649,EcomExpress,2025-07-05 06:19:00,2025-07-08 08:19:00,2025-07-08 08:19:00,Delivered
O1003650,BlueDart,2025-02-10 06:31:00,2025-02-13 11:31:00,2025-02-13 11:31:00,Delivered
O1003651,EcomExpress,2025-08-21 01:58:00,2025-08-22 22:58:00,2025-08-23 04:58:00,Delayed
O1003652,DHL,2025-08-16 15:48:00,2025-08-18 12:48:00,2025-08-18 12:48:00,Delivered
O1003653,BlueDart,2025-04-12 17:52:00,2025-04-15 17:52:00,2025-04-15 17:52:00,Delivered
O1003654,EcomExpress,2025-11-08 14:01:00,2025-11-09 14:01:00,2025-11-09 14:01:00,Delivered
O1003655,Delhivery,2025-11-14 20:13:00,2025-11-16 16:13:00,2025-11-16 16:13:00,Delivered
O1003656,Delhivery,2025-05-02 10:17:00,2025-05-05 08:17:00,2025-05-05 08:17:00,Delivered
O1003657,EcomExpress,2025-06-24 13:43:00,2025-06-26 21:43:00,2025-06-27 09:43:00,Delayed
O1003658,Delhivery,2025-03-14 04:34:00,2025-03-15 04:34:00,2025-03-15 04:34:00,Delivered
O1003659,DHL,2025-03-07 20:58:00,2025-03-09 05:58:00,2025-03-09 05:58:00,Delivered
O1003660,Delhivery,2025-04-07 12:22:00,2025-04-08 19:22:00,2025-04-08 19:22:00,Delivered
O1003661,EcomExpress,2025-05-14 23:14:00,2025-05-17 13:14:00,2025-05-17 13:14:00,Delivered
O1003662,Delhivery,2025-04-11 04:52:00,2025-04-12 06:52:00,2025-04-12 06:52:00,Delivered
O1003663,DHL,2025-02-26 03:35:00,2025-03-01 09:35:00,2025-03-01 09:35:00,Delivered
O1003664,Delhivery,2025-06-14 04:53:00,2025-06-16 23:53:00,2025-06-17 11:53:00,Delayed
O1003665,Delhivery,2025-08-17 01:56:00,2025-08-19 13:56:00,2025-08-20 13:56:00,Delayed
O1003666,EcomExpress,2025-04-29 21:20:00,2025-05-01 11:20:00,2025-05-01 11:20:00,Delivered
O1003667,BlueDart,2025-07-15 12:19:00,2025-07-17 01:19:00,2025-07-17 01:19:00,Delivered
O1003668,EcomExpress,2025-04-11 03:46:00,2025-04-14 13:46:00,2025-04-15 01:46:00,Delayed
O1003669,DHL,2025-09-15 11:41:00,2025-09-18 07:41:00,2025-09-18 13:41:00,Delayed
O1003670,EcomExpress,2025-08-26 07:35:00,2025-08-28 08:35:00,2025-08-28 08:35:00,Delivered
O1003671,Delhivery,2025-12-17 23:39:00,2025-12-19 14:39:00,2025-12-20 14:39:00,Delayed
O1003672,DHL,2025-01-20 12:06:00,2025-01-22 12:06:00,2025-01-22 12:06:00,Delivered
O1003673,Delhivery,2025-11-08 13:27:00,2025-11-10 10:27:00,2025-11-11 10:27:00,Delayed
O1003674,BlueDart,2025-05-06 03:17:00,2025-05-08 16:17:00,2025-05-09 16:17:00,Delayed
O1003675,DHL,2025-01-25 21:20:00,2025-01-27 16:20:00,2025-01-28 16:20:00,Delayed
O1003676,EcomExpress,2025-09-09 18:14:00,2025-09-13 01:14:00,2025-09-13 01:14:00,Delivered
O1003677,DHL,2025-03-05 04:13:00,2025-03-06 08:13:00,2025-03-06 08:13:00,Delivered
O1003678,EcomExpress,2025-03-07 04:07:00,2025-03-10 06:07:00,2025-03-10 06:07:00,Delivered
O1003679,DHL,2025-12-25 01:39:00,2025-12-26 01:39:00,2025-12-26 07:39:00,Delayed
O1003680,EcomExpress,2025-03-23 05:41:00,2025-03-24 19:41:00,2025-03-24 19:41:00,Delivered
O1003681,EcomExpress,2025-07-20 13:13:00,2025-07-24 08:13:00,2025-07-24 08:13:00,Delivered
O1003682,DHL,2025-03-15 22:24:00,2025-03-19 04:24:00,2025-03-19 04:24:00,Delivered
O1003683,Delhivery,2025-02-15 16:26:00,2025-02-19 14:26:00,2025-02-19 14:26:00,Delivered
O1003684,DHL,2025-01-02 02:25:00,2025-01-04 14:25:00,2025-01-05 02:25:00,Delayed
O1003685,DHL,2025-01-07 10:07:00,2025-01-08 19:07:00,2025-01-10 19:07:00,Delayed
O1003687,Delhivery,2025-06-08 21:41:00,2025-06-12 20:41:00,2025-06-12 20:41:00,Delivered
O1003688,DHL,2025-01-15 22:59:00,2025-01-19 04:59:00,2025-01-19 04:59:00,Delivered
O1003689,EcomExpress,2025-05-09 17:44:00,2025-05-12 06:44:00,2025-05-12 12:44:00,Delayed
O1003691,BlueDart,2025-07-29 03:56:00,2025-08-01 10:56:00,2025-08-01 10:56:00,Delivered
O1003692,Delhivery,2025-12-30 23:19:00,2026-01-01 19:19:00,2026-01-01 19:19:00,Delivered
O1003693,DHL,2025-09-11 06:17:00,2025-09-14 14:17:00,2025-09-14 14:17:00,Delivered
O1003694,EcomExpress,2025-12-03 04:39:00,2025-12-06 10:39:00,2025-12-06 10:39:00,Delivered
O1003695,Delhivery,2025-03-13 11:53:00,2025-03-14 20:53:00,2025-03-14 20:53:00,Delivered
O1003696,BlueDart,2025-03-21 10:08:00,2025-03-22 12:08:00,2025-03-22 12:08:00,Delivered
O1003697,BlueDart,2025-10-02 21:00:00,2025-10-06 09:00:00,2025-10-07 09:00:00,Delayed
O1003698,BlueDart,2025-04-25 08:42:00,2025-04-28 12:42:00,2025-04-29 12:42:00,Delayed
O1003699,EcomExpress,2025-11-06 12:46:00,2025-11-08 09:46:00,2025-11-08 15:46:00,Delayed
O1003700,BlueDart,2025-06-20 01:42:00,2025-06-22 16:42:00,2025-06-22 16:42:00,Delivered
O1003701,DHL,2025-03-16 08:10:00,2025-03-17 10:10:00,2025-03-18 10:10:00,Delayed
O1003702,Delhivery,2025-11-06 09:55:00,2025-11-07 21:55:00,2025-11-08 03:55:00,Delayed
O1003703,DHL,2025-07-21 05:03:00,2025-07-22 11:03:00,2025-07-22 11:03:00,Delivered
O1003704,DHL,2025-10-21 17:06:00,2025-10-22 18:06:00,2025-10-22 18:06:00,Delivered
O1003705,DHL,2025-06-15 20:20:00,2025-06-17 05:20:00,2025-06-17 17:20:00,Delayed
O1003707,EcomExpress,2025-09-06 23:43:00,2025-09-08 02:43:00,2025-09-08 14:43:00,Delayed
O1003708,EcomExpress,2025-02-15 20:33:00,2025-02-19 15:33:00,2025-02-19 15:33:00,Delivered
O1003709,DHL,2025-09-01 10:00:00,2025-09-02 15:00:00,2025-09-02 15:00:00,Delivered
O1003710,BlueDart,2025-06-03 07:57:00,2025-06-04 16:57:00,2025-06-04 16:57:00,Delivered
O1003711,Delhivery,2025-10-16 20:54:00,2025-10-19 07:54:00,2025-10-19 07:54:00,Delivered
O1003712,EcomExpress,2025-11-15 10:56:00,2025-11-18 05:56:00,2025-11-18 05:56:00,Delivered
O1003713,EcomExpress,2025-05-29 22:47:00,2025-06-02 00:47:00,2025-06-02 00:47:00,Delivered
O1003714,Delhivery,2025-11-19 09:18:00,2025-11-20 16:18:00,2025-11-20 16:18:00,Delivered
O1003715,Delhivery,2025-02-11 10:24:00,2025-02-12 19:24:00,2025-02-13 07:24:00,Delayed
O1003716,Delhivery,2025-02-10 02:11:00,2025-02-11 03:11:00,2025-02-11 03:11:00,Delivered
O1003717,Delhivery,2025-12-30 03:45:00,2025-12-31 14:45:00,2025-12-31 14:45:00,Delivered
O1003718,EcomExpress,2025-07-30 09:22:00,2025-07-31 22:22:00,2025-08-01 22:22:00,Delayed
O1003719,DHL,2025-06-15 18:45:00,2025-06-19 04:45:00,2025-06-19 04:45:00,Delivered
O1003720,DHL,2025-02-27 07:43:00,2025-03-02 01:43:00,2025-03-02 01:43:00,Delivered
O1003722,Delhivery,2025-09-08 18:30:00,2025-09-10 10:30:00,2025-09-10 10:30:00,Delivered
O1003723,Delhivery,2025-10-28 05:27:00,2025-10-29 13:27:00,2025-10-30 01:27:00,Delayed
O1003724,Delhivery,2025-12-02 07:44:00,2025-12-05 18:44:00,2025-12-05 18:44:00,Delivered
O1003725,EcomExpress,2025-05-29 21:56:00,2025-06-02 00:56:00,2025-06-02 00:56:00,Delivered
O1003726,BlueDart,2025-06-16 03:44:00,2025-06-17 09:44:00,2025-06-17 09:44:00,Delivered
O1003728,Delhivery,2025-01-31 15:36:00,2025-02-03 07:36:00,2025-02-03 13:36:00,Delayed
O1003729,Delhivery,2025-06-10 00:16:00,2025-06-13 12:16:00,2025-06-13 12:16:00,Delivered
O1003730,DHL,2025-08-01 09:23:00,2025-08-03 04:23:00,2025-08-03 04:23:00,Delivered
O1003731,DHL,2025-02-09 10:19:00,2025-02-12 14:19:00,2025-02-12 20:19:00,Delayed
O1003732,Delhivery,2025-05-31 03:37:00,2025-06-02 06:37:00,2025-06-02 06:37:00,Delivered
O1003733,BlueDart,2025-08-24 10:28:00,2025-08-25 20:28:00,2025-08-26 02:28:00,Delayed
O1003734,EcomExpress,2025-10-24 01:43:00,2025-10-25 21:43:00,2025-10-25 21:43:00,Delivered
O1003735,BlueDart,2025-12-10 11:15:00,2025-12-12 11:15:00,2025-12-14 11:15:00,Delayed
O1003736,EcomExpress,2025-05-05 22:28:00,2025-05-07 00:28:00,2025-05-07 00:28:00,Delivered
O1003737,DHL,2025-05-23 21:31:00,2025-05-25 20:31:00,2025-05-26 08:31:00,Delayed
O1003738,BlueDart,2025-11-17 12:02:00,2025-11-21 09:02:00,2025-11-21 09:02:00,Delivered
O1003739,EcomExpress,2025-09-12 09:17:00,2025-09-13 18:17:00,2025-09-13 18:17:00,Delivered
O1003740,EcomExpress,2025-04-10 19:56:00,2025-04-11 19:56:00,2025-04-11 19:56:00,Delivered
O1003741,Delhivery,2025-09-09 17:51:00,2025-09-11 20:51:00,2025-09-11 20:51:00,Delivered
O1003742,DHL,2025-02-28 16:28:00,2025-03-04 13:28:00,2025-03-04 13:28:00,Delivered
O1003744,EcomExpress,2025-04-23 15:53:00,2025-04-26 15:53:00,2025-04-27 03:53:00,Delayed
O1003745,BlueDart,2025-12-30 08:08:00,2026-01-01 20:08:00,2026-01-01 20:08:00,Delivered
O1003746,EcomExpress,2025-01-14 11:46:00,2025-01-17 15:46:00,2025-01-17 21:46:00,Delayed
O1003747,BlueDart,2025-11-10 09:05:00,2025-11-11 09:05:00,2025-11-11 09:05:00,Delivered
O1003748,DHL,2025-04-13 23:18:00,2025-04-15 13:18:00,2025-04-15 13:18:00,Delivered
O1003749,DHL,2025-01-14 23:40:00,2025-01-18 11:40:00,2025-01-18 11:40:00,Delivered
O1003750,Delhivery,2025-08-30 09:36:00,2025-09-02 12:36:00,2025-09-02 12:36:00,Delivered
O1003751,BlueDart,2025-09-06 01:10:00,2025-09-08 10:10:00,2025-09-08 16:10:00,Delayed
O1003752,EcomExpress,2025-02-21 15:15:00,2025-02-23 10:15:00,2025-02-23 10:15:00,Delivered
O1003753,BlueDart,2025-01-15 14:02:00,2025-01-17 06:02:00,2025-01-17 06:02:00,Delivered
O1003754,BlueDart,2025-02-10 17:56:00,2025-02-11 20:56:00,2025-02-11 20:56:00,Delivered
O1003755,EcomExpress,2025-05-31 03:22:00,2025-06-03 18:22:00,2025-06-03 18:22:00,Delivered
O1003756,BlueDart,2025-02-19 13:06:00,2025-02-21 03:06:00,2025-02-21 03:06:00,Delivered
O1003757,EcomExpress,2025-09-15 01:12:00,2025-09-18 11:12:00,2025-09-18 23:12:00,Delayed
O1003758,Delhivery,2025-01-30 01:16:00,2025-02-01 01:16:00,2025-02-01 01:16:00,Delivered
O1003759,DHL,2025-10-16 10:42:00,2025-10-20 03:42:00,2025-10-20 03:42:00,Delivered
O1003760,BlueDart,2025-11-17 09:08:00,2025-11-18 11:08:00,2025-11-18 11:08:00,Delivered
O1003761,DHL,2025-09-19 14:12:00,2025-09-22 03:12:00,2025-09-22 03:12:00,Delivered
O1003762,EcomExpress,2025-12-11 20:22:00,2025-12-13 02:22:00,2025-12-13 02:22:00,Delivered
O1003763,EcomExpress,2025-12-10 07:06:00,2025-12-11 07:06:00,2025-12-11 07:06:00,Delivered
O1003764,BlueDart,2025-01-18 15:15:00,2025-01-20 16:15:00,2025-01-20 16:15:00,Delivered
O1003765,BlueDart,2025-05-05 20:37:00,2025-05-08 17:37:00,2025-05-08 17:37:00,Delivered
O1003766,BlueDart,2025-10-05 22:05:00,2025-10-09 16:05:00,2025-10-10 04:05:00,Delayed
O1003767,Delhivery,2025-05-05 07:01:00,2025-05-06 17:01:00,2025-05-06 17:01:00,Delivered
O1003768,DHL,2025-09-27 20:17:00,2025-09-30 17:17:00,2025-09-30 17:17:00,Delivered
O1003769,BlueDart,2025-10-10 21:07:00,2025-10-14 06:07:00,2025-10-14 06:07:00,Delivered
O1003770,EcomExpress,2025-12-31 12:12:00,2026-01-04 07:12:00,2026-01-05 07:12:00,Delayed
O1003771,EcomExpress,2025-05-02 10:36:00,2025-05-04 06:36:00,2025-05-04 06:36:00,Delivered
O1003772,Delhivery,2025-05-08 13:32:00,2025-05-09 15:32:00,2025-05-09 15:32:00,Delivered
O1003773,DHL,2025-01-09 20:23:00,2025-01-13 16:23:00,2025-01-13 16:23:00,Delivered
O1003774,EcomExpress,2025-04-16 12:49:00,2025-04-20 02:49:00,2025-04-22 02:49:00,Delayed
O1003775,DHL,2025-04-14 13:44:00,2025-04-16 07:44:00,2025-04-16 07:44:00,Delivered
O1003776,DHL,2025-06-16 00:20:00,2025-06-17 09:20:00,2025-06-17 09:20:00,Delivered
O1003777,BlueDart,2025-06-04 14:25:00,2025-06-07 04:25:00,2025-06-07 04:25:00,Delivered
O1003778,EcomExpress,2025-11-10 02:22:00,2025-11-11 19:22:00,2025-11-12 07:22:00,Delayed
O1003779,DHL,2025-10-11 15:13:00,2025-10-14 07:13:00,2025-10-14 19:13:00,Delayed
O1003780,DHL,2025-09-24 17:01:00,2025-09-26 00:01:00,2025-09-26 00:01:00,Delivered
O1003781,EcomExpress,2025-01-03 00:22:00,2025-01-06 18:22:00,2025-01-06 18:22:00,Delivered
O1003782,DHL,2025-06-22 22:27:00,2025-06-25 03:27:00,2025-06-25 03:27:00,Delivered
O1003783,DHL,2025-09-25 04:39:00,2025-09-26 14:39:00,2025-09-26 14:39:00,Delivered
O1003784,DHL,2025-03-31 19:20:00,2025-04-02 09:20:00,2025-04-02 09:20:00,Delivered
O1003785,BlueDart,2025-06-06 20:12:00,2025-06-09 19:12:00,2025-06-09 19:12:00,Delivered
O1003786,Delhivery,2025-09-23 12:15:00,2025-09-26 17:15:00,2025-09-26 17:15:00,Delivered
O1003787,BlueDart,2025-10-18 17:14:00,2025-10-20 00:14:00,2025-10-20 06:14:00,Delayed
O1003788,DHL,2025-11-09 05:01:00,2025-11-12 11:01:00,2025-11-12 11:01:00,Delivered
O1003789,DHL,2025-06-07 12:15:00,2025-06-11 07:15:00,2025-06-11 07:15:00,Delivered
O1003790,DHL,2025-05-27 00:03:00,2025-05-28 20:03:00,2025-05-30 20:03:00,Delayed
O1003791,DHL,2025-05-21 00:11:00,2025-05-23 20:11:00,2025-05-23 20:11:00,Delivered
O1003792,DHL,2025-09-03 08:06:00,2025-09-06 17:06:00,2025-09-06 17:06:00,Delivered
O1003793,DHL,2025-06-04 15:25:00,2025-06-08 10:25:00,2025-06-08 10:25:00,Delivered
O1003794,EcomExpress,2025-05-28 14:59:00,2025-05-30 01:59:00,2025-05-30 01:59:00,Delivered
O1003795,BlueDart,2025-03-04 03:55:00,2025-03-07 18:55:00,2025-03-07 18:55:00,Delivered
O1003796,EcomExpress,2025-06-25 19:27:00,2025-06-26 21:27:00,2025-06-26 21:27:00,Delivered
O1003797,DHL,2025-03-29 12:41:00,2025-04-01 03:41:00,2025-04-01 03:41:00,Delivered
O1003798,EcomExpress,2025-07-11 12:24:00,2025-07-12 23:24:00,2025-07-12 23:24:00,Delivered
O1003799,EcomExpress,2025-11-22 03:53:00,2025-11-23 11:53:00,2025-11-24 11:53:00,Delayed
O1003800,BlueDart,2025-10-11 21:09:00,2025-10-13 14:09:00,2025-10-13 14:09:00,Delivered
O1003801,EcomExpress,2025-06-24 16:52:00,2025-06-26 03:52:00,2025-06-26 03:52:00,Delivered
O1003802,Delhivery,2025-12-23 23:39:00,2025-12-25 02:39:00,2025-12-25 14:39:00,Delayed
O1003803,DHL,2025-12-24 23:39:00,2025-12-26 20:39:00,2025-12-26 20:39:00,Delivered
O1003804,EcomExpress,2025-06-13 02:46:00,2025-06-14 09:46:00,2025-06-14 09:46:00,Delivered
O1003805,DHL,2025-10-07 06:39:00,2025-10-09 09:39:00,2025-10-09 09:39:00,Delivered
O1003806,Delhivery,2025-05-06 07:21:00,2025-05-08 04:21:00,2025-05-08 04:21:00,Delivered
O1003807,DHL,2025-11-18 08:14:00,2025-11-20 21:14:00,2025-11-21 21:14:00,Delayed
O1003808,Delhivery,2025-05-18 18:37:00,2025-05-22 07:37:00,2025-05-23 07:37:00,Delayed
O1003811,EcomExpress,2025-11-05 09:35:00,2025-11-06 19:35:00,2025-11-07 07:35:00,Delayed
O1003812,BlueDart,2025-04-19 21:33:00,2025-04-23 10:33:00,2025-04-23 10:33:00,Delivered
O1003813,EcomExpress,2025-10-24 21:45:00,2025-10-27 11:45:00,2025-10-27 11:45:00,Delivered
O1003814,EcomExpress,2025-02-02 08:46:00,2025-02-06 07:46:00,2025-02-06 07:46:00,Delivered
O1003816,BlueDart,2025-06-06 21:16:00,2025-06-09 02:16:00,2025-06-09 02:16:00,Delivered
O1003817,EcomExpress,2025-06-11 04:47:00,2025-06-12 11:47:00,2025-06-14 11:47:00,Delayed
O1003818,BlueDart,2025-03-04 11:18:00,2025-03-06 02:18:00,2025-03-06 02:18:00,Delivered
O1003819,BlueDart,2025-01-28 10:07:00,2025-01-29 10:07:00,2025-01-29 10:07:00,Delivered
O1003822,Delhivery,2025-10-18 16:37:00,2025-10-22 06:37:00,2025-10-22 06:37:00,Delivered
O1003823,Delhivery,2025-06-18 19:56:00,2025-06-21 11:56:00,2025-06-21 23:56:00,Delayed
O1003825,EcomExpress,2025-04-07 06:35:00,2025-04-10 21:35:00,2025-04-10 21:35:00,Delivered
O1003826,EcomExpress,2025-08-13 00:38:00,2025-08-15 19:38:00,2025-08-15 19:38:00,Delivered
O1003827,EcomExpress,2025-06-09 21:33:00,2025-06-13 16:33:00,2025-06-13 22:33:00,Delayed
O1003828,BlueDart,2025-11-26 01:00:00,2025-11-27 18:00:00,2025-11-27 18:00:00,Delivered
O1003829,Delhivery,2025-06-11 05:22:00,2025-06-13 04:22:00,2025-06-13 04:22:00,Delivered
O1003830,EcomExpress,2025-07-27 12:28:00,2025-07-30 21:28:00,2025-07-30 21:28:00,Delivered
O1003831,EcomExpress,2025-01-24 20:54:00,2025-01-28 07:54:00,2025-01-28 07:54:00,Delivered
O1003832,Delhivery,2025-03-13 07:17:00,2025-03-17 03:17:00,2025-03-17 03:17:00,Delivered
O1003834,DHL,2025-05-07 13:28:00,2025-05-11 04:28:00,2025-05-11 04:28:00,Delivered
O1003835,BlueDart,2025-06-04 01:19:00,2025-06-06 00:19:00,2025-06-06 00:19:00,Delivered
O1003836,DHL,2025-08-05 10:37:00,2025-08-08 10:37:00,2025-08-09 10:37:00,Delayed
O1003837,EcomExpress,2025-01-23 04:20:00,2025-01-27 00:20:00,2025-01-27 00:20:00,Delivered
O1003838,EcomExpress,2025-07-04 22:40:00,2025-07-06 17:40:00,2025-07-06 17:40:00,Delivered
O1003839,BlueDart,2025-05-08 00:54:00,2025-05-09 07:54:00,2025-05-09 07:54:00,Delivered
O1003840,BlueDart,2025-02-25 00:50:00,2025-02-27 12:50:00,2025-02-27 12:50:00,Delivered
O1003841,DHL,2025-06-03 01:57:00,2025-06-05 11:57:00,2025-06-05 17:57:00,Delayed
O1003842,DHL,2025-06-14 02:58:00,2025-06-17 03:58:00,2025-06-17 09:58:00,Delayed
O1003843,DHL,2025-03-10 23:31:00,2025-03-12 13:31:00,2025-03-12 13:31:00,Delivered
O1003844,DHL,2025-07-18 22:13:00,2025-07-21 06:13:00,2025-07-23 06:13:00,Delayed
O1003845,Delhivery,2025-10-01 03:15:00,2025-10-03 21:15:00,2025-10-03 21:15:00,Delivered
O1003846,Delhivery,2025-04-08 19:24:00,2025-04-11 12:24:00,2025-04-12 00:24:00,Delayed
O1003847,Delhivery,2025-12-20 01:10:00,2025-12-21 06:10:00,2025-12-21 18:10:00,Delayed
O1003848,DHL,2025-08-12 23:43:00,2025-08-14 06:43:00,2025-08-14 06:43:00,Delivered
O1003849,BlueDart,2025-10-10 19:48:00,2025-10-13 07:48:00,2025-10-13 07:48:00,Delivered
O1003850,EcomExpress,2025-01-26 20:23:00,2025-01-28 22:23:00,2025-01-30 22:23:00,Delayed
O1003851,DHL,2025-10-09 17:05:00,2025-10-11 05:05:00,2025-10-11 05:05:00,Delivered
O1003852,BlueDart,2025-05-03 19:21:00,2025-05-07 04:21:00,2025-05-07 10:21:00,Delayed
O1003853,EcomExpress,2025-09-18 11:19:00,2025-09-20 17:19:00,2025-09-20 17:19:00,Delivered
O1003854,Delhivery,2025-10-22 00:41:00,2025-10-24 17:41:00,2025-10-25 05:41:00,Delayed
O1003855,BlueDart,2025-04-03 09:33:00,2025-04-06 10:33:00,2025-04-06 10:33:00,Delivered
O1003856,EcomExpress,2025-04-06 11:03:00,2025-04-09 15:03:00,2025-04-09 15:03:00,Delivered
O1003857,BlueDart,2025-01-23 18:43:00,2025-01-25 18:43:00,2025-01-25 18:43:00,Delivered
O1003858,Delhivery,2025-08-10 14:16:00,2025-08-11 15:16:00,2025-08-11 15:16:00,Delivered
O1003859,Delhivery,2025-10-10 19:54:00,2025-10-13 09:54:00,2025-10-13 21:54:00,Delayed
O1003860,DHL,2025-05-30 23:17:00,2025-06-01 16:17:00,2025-06-01 16:17:00,Delivered
O1003861,EcomExpress,2025-02-28 23:56:00,2025-03-04 20:56:00,2025-03-05 08:56:00,Delayed
O1003862,Delhivery,2025-04-27 11:50:00,2025-05-01 03:50:00,2025-05-01 03:50:00,Delivered
O1003863,EcomExpress,2025-05-29 01:17:00,2025-06-01 16:17:00,2025-06-01 16:17:00,Delivered
O1003864,Delhivery,2025-12-02 18:33:00,2025-12-06 02:33:00,2025-12-07 02:33:00,Delayed
O1003865,BlueDart,2025-02-16 14:19:00,2025-02-20 13:19:00,2025-02-20 13:19:00,Delivered
O1003866,DHL,2025-05-06 21:33:00,2025-05-10 17:33:00,2025-05-10 23:33:00,Delayed
O1003867,DHL,2025-08-22 05:05:00,2025-08-23 17:05:00,2025-08-23 17:05:00,Delivered
O1003868,BlueDart,2025-03-29 10:56:00,2025-04-01 06:56:00,2025-04-01 06:56:00,Delivered
O1003869,BlueDart,2025-11-20 12:24:00,2025-11-22 23:24:00,2025-11-23 05:24:00,Delayed
O1003870,Delhivery,2025-11-29 11:16:00,2025-11-30 13:16:00,2025-11-30 13:16:00,Delivered
O1003871,BlueDart,2025-05-20 02:40:00,2025-05-23 10:40:00,2025-05-23 10:40:00,Delivered
O1003872,Delhivery,2025-10-01 10:34:00,2025-10-02 17:34:00,2025-10-02 17:34:00,Delivered
O1003873,BlueDart,2025-10-04 07:47:00,2025-10-08 01:47:00,2025-10-10 01:47:00,Delayed
O1003874,BlueDart,2025-09-06 21:03:00,2025-09-09 23:03:00,2025-09-10 23:03:00,Delayed
O1003875,EcomExpress,2025-03-10 22:20:00,2025-03-12 15:20:00,2025-03-12 15:20:00,Delivered
O1003876,BlueDart,2025-01-19 14:07:00,2025-01-20 16:07:00,2025-01-21 04:07:00,Delayed
O1003877,EcomExpress,2025-05-07 17:57:00,2025-05-11 16:57:00,2025-05-11 16:57:00,Delivered
O1003878,EcomExpress,2025-02-17 23:11:00,2025-02-21 09:11:00,2025-02-23 09:11:00,Delayed
O1003879,Delhivery,2025-04-17 20:23:00,2025-04-20 03:23:00,2025-04-20 03:23:00,Delivered
O1003880,EcomExpress,2025-08-22 05:05:00,2025-08-25 14:05:00,2025-08-25 14:05:00,Delivered
O1003881,Delhivery,2025-08-04 11:24:00,2025-08-07 18:24:00,2025-08-08 18:24:00,Delayed
O1003882,DHL,2025-03-19 07:28:00,2025-03-22 03:28:00,2025-03-23 03:28:00,Delayed
O1003883,EcomExpress,2025-01-08 10:32:00,2025-01-10 23:32:00,2025-01-10 23:32:00,Delivered
O1003884,DHL,2025-03-24 14:32:00,2025-03-25 17:32:00,2025-03-25 17:32:00,Delivered
O1003885,DHL,2025-06-17 01:47:00,2025-06-18 22:47:00,2025-06-19 10:47:00,Delayed
O1003886,BlueDart,2025-10-13 06:26:00,2025-10-15 04:26:00,2025-10-15 04:26:00,Delivered
O1003887,BlueDart,2025-05-14 17:57:00,2025-05-16 00:57:00,2025-05-16 12:57:00,Delayed
O1003888,Delhivery,2025-04-16 02:36:00,2025-04-19 05:36:00,2025-04-20 05:36:00,Delayed
O1003889,BlueDart,2025-07-21 20:05:00,2025-07-23 07:05:00,2025-07-23 07:05:00,Delivered
O1003890,EcomExpress,2025-01-28 03:57:00,2025-01-29 21:57:00,2025-01-29 21:57:00,Delivered
O1003891,BlueDart,2025-03-24 14:59:00,2025-03-27 12:59:00,2025-03-27 12:59:00,Delivered
O1003892,EcomExpress,2025-01-15 01:46:00,2025-01-17 14:46:00,2025-01-19 14:46:00,Delayed
O1003893,BlueDart,2025-07-12 05:56:00,2025-07-14 20:56:00,2025-07-15 08:56:00,Delayed
O1003894,BlueDart,2025-06-11 15:31:00,2025-06-15 04:31:00,2025-06-15 04:31:00,Delivered
O1003895,BlueDart,2025-08-02 13:49:00,2025-08-04 20:49:00,2025-08-05 20:49:00,Delayed
O1003896,EcomExpress,2025-08-15 07:17:00,2025-08-18 03:17:00,2025-08-19 03:17:00,Delayed
O1003897,Delhivery,2025-05-26 12:49:00,2025-05-29 09:49:00,2025-05-30 09:49:00,Delayed
O1003898,Delhivery,2025-11-14 18:01:00,2025-11-16 03:01:00,2025-11-16 03:01:00,Delivered
O1003899,EcomExpress,2025-12-03 14:52:00,2025-12-06 02:52:00,2025-12-06 14:52:00,Delayed
O1003900,BlueDart,2025-02-11 00:33:00,2025-02-13 15:33:00,2025-02-13 15:33:00,Delivered
O1003901,DHL,2025-12-03 05:05:00,2025-12-04 15:05:00,2025-12-04 15:05:00,Delivered
O1003902,BlueDart,2025-03-13 22:29:00,2025-03-15 07:29:00,2025-03-15 07:29:00,Delivered
O1003904,DHL,2025-07-14 03:04:00,2025-07-15 21:04:00,2025-07-15 21:04:00,Delivered
O1003905,BlueDart,2025-01-11 22:43:00,2025-01-14 04:43:00,2025-01-14 04:43:00,Delivered
O1003906,Delhivery,2025-05-14 13:15:00,2025-05-16 20:15:00,2025-05-16 20:15:00,Delivered
O1003907,DHL,2025-03-14 08:51:00,2025-03-16 00:51:00,2025-03-16 00:51:00,Delivered
O1003908,BlueDart,2025-06-27 13:52:00,2025-06-29 17:52:00,2025-06-29 17:52:00,Delivered
O1003909,DHL,2025-10-25 18:07:00,2025-10-27 14:07:00,2025-10-28 14:07:00,Delayed
O1003910,Delhivery,2025-12-05 02:15:00,2025-12-08 18:15:00,2025-12-08 18:15:00,Delivered
O1003911,DHL,2025-03-19 22:21:00,2025-03-22 21:21:00,2025-03-22 21:21:00,Delivered
O1003912,DHL,2025-07-18 21:31:00,2025-07-22 16:31:00,2025-07-23 04:31:00,Delayed
O1003913,Delhivery,2025-06-24 11:42:00,2025-06-27 09:42:00,2025-06-27 21:42:00,Delayed
O1003914,BlueDart,2025-06-02 00:19:00,2025-06-04 14:19:00,2025-06-04 14:19:00,Delivered
O1003915,BlueDart,2025-08-20 04:33:00,2025-08-22 15:33:00,2025-08-22 21:33:00,Delayed
O1003916,EcomExpress,2025-12-28 18:48:00,2025-12-30 13:48:00,2025-12-31 13:48:00,Delayed
O1003917,Delhivery,2025-05-29 04:16:00,2025-05-30 16:16:00,2025-05-31 04:16:00,Delayed
O1003918,Delhivery,2025-01-24 15:15:00,2025-01-28 00:15:00,2025-01-28 00:15:00,Delivered
O1003919,EcomExpress,2025-12-02 06:12:00,2025-12-04 10:12:00,2025-12-04 16:12:00,Delayed
O1003920,DHL,2025-12-08 13:34:00,2025-12-10 02:34:00,2025-12-10 08:34:00,Delayed
O1003921,BlueDart,2025-04-28 21:47:00,2025-05-01 03:47:00,2025-05-01 03:47:00,Delivered
O1003923,BlueDart,2025-11-12 01:48:00,2025-11-14 12:48:00,2025-11-14 18:48:00,Delayed
O1003924,Delhivery,2025-07-04 12:16:00,2025-07-07 12:16:00,2025-07-07 12:16:00,Delivered
O1003925,EcomExpress,2025-06-26 20:49:00,2025-06-30 19:49:00,2025-06-30 19:49:00,Delivered
O1003926,Delhivery,2025-12-04 03:19:00,2025-12-08 01:19:00,2025-12-08 01:19:00,Delivered
O1003927,DHL,2025-10-31 09:25:00,2025-11-03 23:25:00,2025-11-03 23:25:00,Delivered
O1003928,DHL,2025-07-05 21:53:00,2025-07-09 08:53:00,2025-07-09 08:53:00,Delivered
O1003929,BlueDart,2025-03-01 16:49:00,2025-03-05 10:49:00,2025-03-06 10:49:00,Delayed
O1003930,BlueDart,2025-06-11 04:03:00,2025-06-14 07:03:00,2025-06-14 07:03:00,Delivered
O1003931,BlueDart,2025-09-05 06:51:00,2025-09-06 13:51:00,2025-09-06 13:51:00,Delivered
O1003932,Delhivery,2025-04-10 19:06:00,2025-04-12 12:06:00,2025-04-13 00:06:00,Delayed
O1003933,Delhivery,2025-07-17 06:56:00,2025-07-19 15:56:00,2025-07-19 15:56:00,Delivered
O1003934,EcomExpress,2025-08-30 02:17:00,2025-09-02 10:17:00,2025-09-02 10:17:00,Delivered
O1003935,Delhivery,2025-02-01 18:13:00,2025-02-05 01:13:00,2025-02-06 01:13:00,Delayed
O1003936,BlueDart,2025-07-28 07:37:00,2025-07-31 22:37:00,2025-08-01 04:37:00,Delayed
O1003937,EcomExpress,2025-09-27 15:07:00,2025-09-29 02:07:00,2025-09-29 08:07:00,Delayed
O1003938,DHL,2025-03-21 13:24:00,2025-03-24 08:24:00,2025-03-24 08:24:00,Delivered
O1003939,DHL,2025-07-21 10:47:00,2025-07-24 17:47:00,2025-07-24 17:47:00,Delivered
O1003941,BlueDart,2025-01-18 05:10:00,2025-01-20 09:10:00,2025-01-20 21:10:00,Delayed
O1003942,BlueDart,2025-08-25 15:10:00,2025-08-27 15:10:00,2025-08-27 15:10:00,Delivered
O1003943,EcomExpress,2025-04-06 05:32:00,2025-04-09 04:32:00,2025-04-09 04:32:00,Delivered
O1003944,BlueDart,2025-05-26 19:00:00,2025-05-30 10:00:00,2025-05-30 10:00:00,Delivered
O1003945,EcomExpress,2025-08-25 17:18:00,2025-08-28 01:18:00,2025-08-28 01:18:00,Delivered
O1003946,EcomExpress,2025-01-03 06:45:00,2025-01-05 12:45:00,2025-01-05 12:45:00,Delivered
O1003947,EcomExpress,2025-01-08 06:23:00,2025-01-09 11:23:00,2025-01-09 17:23:00,Delayed
O1003948,BlueDart,2025-06-13 10:38:00,2025-06-15 04:38:00,2025-06-15 16:38:00,Delayed
O1003949,EcomExpress,2025-12-14 06:56:00,2025-12-15 11:56:00,2025-12-15 11:56:00,Delivered
O1003950,EcomExpress,2025-01-04 01:34:00,2025-01-07 19:34:00,2025-01-07 19:34:00,Delivered
O1003951,Delhivery,2025-10-16 04:56:00,2025-10-19 16:56:00,2025-10-19 16:56:00,Delivered
O1003952,BlueDart,2025-01-29 03:08:00,2025-02-01 06:08:00,2025-02-01 06:08:00,Delivered
O1003953,BlueDart,2025-06-29 12:02:00,2025-07-01 03:02:00,2025-07-01 03:02:00,Delivered
O1003954,Delhivery,2025-06-07 13:30:00,2025-06-09 22:30:00,2025-06-10 22:30:00,Delayed
O1003955,BlueDart,2025-06-21 02:41:00,2025-06-22 02:41:00,2025-06-22 02:41:00,Delivered
O1003956,BlueDart,2025-01-31 06:13:00,2025-02-04 03:13:00,2025-02-04 15:13:00,Delayed
O1003957,EcomExpress,2025-10-04 09:43:00,2025-10-05 12:43:00,2025-10-05 12:43:00,Delivered
O1003958,DHL,2025-04-12 13:33:00,2025-04-15 08:33:00,2025-04-15 20:33:00,Delayed
O1003959,EcomExpress,2025-10-09 14:11:00,2025-10-12 01:11:00,2025-10-12 01:11:00,Delivered
O1003960,EcomExpress,2025-08-28 14:59:00,2025-08-31 08:59:00,2025-08-31 20:59:00,Delayed
O1003961,BlueDart,2025-07-22 00:03:00,2025-07-23 05:03:00,2025-07-24 05:03:00,Delayed
O1003962,Delhivery,2025-04-23 19:12:00,2025-04-25 21:12:00,2025-04-26 21:12:00,Delayed
O1003963,Delhivery,2025-08-28 05:36:00,2025-08-31 16:36:00,2025-09-01 16:36:00,Delayed
O1003964,BlueDart,2025-12-31 16:24:00,2026-01-04 04:24:00,2026-01-04 04:24:00,Delivered
O1003965,BlueDart,2025-12-04 16:01:00,2025-12-06 21:01:00,2025-12-06 21:01:00,Delivered
O1003966,BlueDart,2025-12-02 07:55:00,2025-12-05 01:55:00,2025-12-07 01:55:00,Delayed
O1003967,EcomExpress,2025-03-23 00:07:00,2025-03-26 09:07:00,2025-03-27 09:07:00,Delayed
O1003968,BlueDart,2025-08-03 03:41:00,2025-08-05 23:41:00,2025-08-05 23:41:00,Delivered
O1003969,BlueDart,2025-05-27 07:55:00,2025-05-29 13:55:00,2025-05-29 13:55:00,Delivered
O1003970,DHL,2025-12-20 11:43:00,2025-12-24 06:43:00,2025-12-24 06:43:00,Delivered
O1003971,DHL,2025-12-14 05:12:00,2025-12-18 04:12:00,2025-12-18 04:12:00,Delivered
O1003972,BlueDart,2025-11-14 08:37:00,2025-11-16 03:37:00,2025-11-16 03:37:00,Delivered
O1003973,Delhivery,2025-03-02 04:11:00,2025-03-03 07:11:00,2025-03-03 19:11:00,Delayed
O1003974,DHL,2025-04-27 19:52:00,2025-05-01 03:52:00,2025-05-01 03:52:00,Delivered
O1003975,EcomExpress,2025-09-18 09:26:00,2025-09-19 16:26:00,2025-09-19 16:26:00,Delivered
O1003976,BlueDart,2025-10-01 16:00:00,2025-10-05 02:00:00,2025-10-05 02:00:00,Delivered
O1003978,EcomExpress,2025-02-20 07:58:00,2025-02-23 15:58:00,2025-02-23 15:58:00,Delivered
O1003979,Delhivery,2025-02-20 10:02:00,2025-02-21 14:02:00,2025-02-22 02:02:00,Delayed
O1003980,Delhivery,2025-09-08 01:36:00,2025-09-10 16:36:00,2025-09-10 16:36:00,Delivered
O1003981,BlueDart,2025-06-16 07:01:00,2025-06-19 11:01:00,2025-06-21 11:01:00,Delayed
O1003982,EcomExpress,2025-06-30 15:01:00,2025-07-01 20:01:00,2025-07-01 20:01:00,Delivered
O1003983,DHL,2025-10-26 04:23:00,2025-10-29 15:23:00,2025-10-30 03:23:00,Delayed
O1003984,Delhivery,2025-01-08 07:59:00,2025-01-09 14:59:00,2025-01-09 14:59:00,Delivered
O1003985,BlueDart,2025-10-04 08:53:00,2025-10-06 22:53:00,2025-10-06 22:53:00,Delivered
O1003986,Delhivery,2025-04-12 13:38:00,2025-04-13 14:38:00,2025-04-14 02:38:00,Delayed
O1003987,EcomExpress,2025-12-07 08:23:00,2025-12-08 16:23:00,2025-12-08 16:23:00,Delivered
O1003988,Delhivery,2025-12-16 03:32:00,2025-12-19 07:32:00,2025-12-19 07:32:00,Delivered
O1003989,DHL,2025-07-03 23:25:00,2025-07-05 04:25:00,2025-07-05 16:25:00,Delayed
O1003990,BlueDart,2025-04-27 16:33:00,2025-05-01 08:33:00,2025-05-01 08:33:00,Delivered
O1003991,EcomExpress,2025-03-27 18:14:00,2025-03-28 19:14:00,2025-03-28 19:14:00,Delivered
O1003992,EcomExpress,2025-03-09 03:46:00,2025-03-12 00:46:00,2025-03-12 00:46:00,Delivered
O1003993,Delhivery,2026-01-01 01:57:00,2026-01-03 03:57:00,2026-01-03 15:57:00,Delayed
O1003994,EcomExpress,2025-03-11 06:12:00,2025-03-14 01:12:00,2025-03-14 01:12:00,Delivered
O1003995,EcomExpress,2025-06-13 06:36:00,2025-06-16 02:36:00,2025-06-16 02:36:00,Delivered
O1003997,BlueDart,2025-09-05 20:33:00,2025-09-08 18:33:00,2025-09-10 18:33:00,Delayed
O1003998,Delhivery,2025-11-05 08:46:00,2025-11-08 01:46:00,2025-11-08 07:46:00,Delayed
O1003999,BlueDart,2025-07-24 11:52:00,2025-07-28 07:52:00,2025-07-28 07:52:00,Delivered
O1004001,BlueDart,2025-07-27 09:06:00,2025-07-29 21:06:00,2025-07-29 21:06:00,Delivered
O1004002,EcomExpress,2025-06-09 16:13:00,2025-06-13 05:13:00,2025-06-13 05:13:00,Delivered
O1004003,Delhivery,2025-02-27 19:28:00,2025-03-02 01:28:00,2025-03-02 01:28:00,Delivered
O1004004,EcomExpress,2025-03-18 17:04:00,2025-03-21 12:04:00,2025-03-21 12:04:00,Delivered
O1004005,Delhivery,2025-06-07 15:21:00,2025-06-10 16:21:00,2025-06-10 16:21:00,Delivered
O1004006,EcomExpress,2025-01-18 15:55:00,2025-01-20 18:55:00,2025-01-21 18:55:00,Delayed
O1004007,BlueDart,2025-04-27 03:15:00,2025-04-30 18:15:00,2025-05-01 06:15:00,Delayed
O1004008,BlueDart,2025-06-19 06:04:00,2025-06-21 01:04:00,2025-06-21 01:04:00,Delivered
O1004009,BlueDart,2025-06-22 23:24:00,2025-06-26 10:24:00,2025-06-26 10:24:00,Delivered
O1004011,EcomExpress,2025-12-20 23:08:00,2025-12-22 12:08:00,2025-12-22 18:08:00,Delayed
O1004012,DHL,2025-09-25 15:50:00,2025-09-28 18:50:00,2025-09-28 18:50:00,Delivered
O1004013,Delhivery,2025-01-30 23:28:00,2025-02-03 10:28:00,2025-02-03 10:28:00,Delivered
O1004014,EcomExpress,2025-05-31 10:15:00,2025-06-02 07:15:00,2025-06-04 07:15:00,Delayed
O1004015,Delhivery,2025-09-25 06:03:00,2025-09-27 00:03:00,2025-09-27 12:03:00,Delayed
O1004016,DHL,2025-08-07 06:57:00,2025-08-11 01:57:00,2025-08-12 01:57:00,Delayed
O1004017,EcomExpress,2025-06-18 10:35:00,2025-06-21 07:35:00,2025-06-21 19:35:00,Delayed
O1004018,EcomExpress,2025-06-09 16:31:00,2025-06-13 06:31:00,2025-06-13 12:31:00,Delayed
O1004019,BlueDart,2025-05-29 23:15:00,2025-06-02 19:15:00,2025-06-03 07:15:00,Delayed
O1004020,EcomExpress,2025-08-01 03:44:00,2025-08-04 23:44:00,2025-08-04 23:44:00,Delivered
O1004021,BlueDart,2025-03-08 16:39:00,2025-03-12 03:39:00,2025-03-12 03:39:00,Delivered
O1004022,EcomExpress,2025-07-09 09:41:00,2025-07-12 05:41:00,2025-07-12 05:41:00,Delivered
O1004023,DHL,2025-03-17 23:47:00,2025-03-21 19:47:00,2025-03-21 19:47:00,Delivered
O1004024,Delhivery,2025-09-07 10:13:00,2025-09-09 09:13:00,2025-09-09 09:13:00,Delivered
O1004025,BlueDart,2025-11-13 01:37:00,2025-11-15 16:37:00,2025-11-16 04:37:00,Delayed
O1004026,BlueDart,2025-07-06 11:10:00,2025-07-08 19:10:00,2025-07-08 19:10:00,Delivered
O1004027,Delhivery,2025-05-23 04:34:00,2025-05-25 04:34:00,2025-05-27 04:34:00,Delayed
O1004028,DHL,2025-12-10 22:42:00,2025-12-12 21:42:00,2025-12-12 21:42:00,Delivered
O1004030,Delhivery,2025-06-07 11:11:00,2025-06-11 08:11:00,2025-06-11 08:11:00,Delivered
O1004031,EcomExpress,2025-01-12 10:13:00,2025-01-14 11:13:00,2025-01-14 11:13:00,Delivered
O1004032,EcomExpress,2025-01-06 16:08:00,2025-01-07 23:08:00,2025-01-07 23:08:00,Delivered
O1004033,DHL,2025-03-23 00:41:00,2025-03-25 06:41:00,2025-03-25 06:41:00,Delivered
O1004034,EcomExpress,2025-03-28 19:45:00,2025-03-30 21:45:00,2025-03-30 21:45:00,Delivered
O1004035,EcomExpress,2025-09-21 22:29:00,2025-09-25 17:29:00,2025-09-26 05:29:00,Delayed
O1004036,EcomExpress,2025-07-03 12:10:00,2025-07-06 20:10:00,2025-07-06 20:10:00,Delivered
O1004037,Delhivery,2025-12-31 19:35:00,2026-01-03 06:35:00,2026-01-04 06:35:00,Delayed
O1004038,Delhivery,2025-07-18 09:41:00,2025-07-21 20:41:00,2025-07-21 20:41:00,Delivered
O1004039,DHL,2025-11-27 07:53:00,2025-11-29 12:53:00,2025-11-29 12:53:00,Delivered
O1004040,BlueDart,2025-07-22 18:53:00,2025-07-24 10:53:00,2025-07-26 10:53:00,Delayed
O1004041,DHL,2025-05-11 23:33:00,2025-05-14 21:33:00,2025-05-15 03:33:00,Delayed
O1004042,Delhivery,2025-09-19 12:05:00,2025-09-22 08:05:00,2025-09-22 08:05:00,Delivered
O1004043,BlueDart,2025-06-15 02:01:00,2025-06-16 22:01:00,2025-06-16 22:01:00,Delivered
O1004044,Delhivery,2025-04-11 14:34:00,2025-04-13 02:34:00,2025-04-13 02:34:00,Delivered
O1004045,Delhivery,2025-06-22 19:36:00,2025-06-23 19:36:00,2025-06-23 19:36:00,Delivered
O1004046,Delhivery,2025-09-01 09:32:00,2025-09-03 12:32:00,2025-09-03 18:32:00,Delayed
O1004047,DHL,2025-05-18 20:06:00,2025-05-22 00:06:00,2025-05-23 00:06:00,Delayed
O1004048,BlueDart,2025-09-14 19:48:00,2025-09-18 04:48:00,2025-09-18 04:48:00,Delivered
O1004050,DHL,2025-05-31 22:57:00,2025-06-02 21:57:00,2025-06-02 21:57:00,Delivered
O1004051,Delhivery,2025-04-18 22:51:00,2025-04-21 21:51:00,2025-04-21 21:51:00,Delivered
O1004052,DHL,2025-05-27 17:58:00,2025-05-29 10:58:00,2025-05-31 10:58:00,Delayed
O1004053,Delhivery,2025-11-02 20:53:00,2025-11-04 09:53:00,2025-11-06 09:53:00,Delayed
O1004054,Delhivery,2025-03-07 20:40:00,2025-03-10 10:40:00,2025-03-10 10:40:00,Delivered
O1004055,Delhivery,2025-12-22 14:28:00,2025-12-24 12:28:00,2025-12-24 12:28:00,Delivered
O1004056,Delhivery,2025-06-01 14:49:00,2025-06-03 01:49:00,2025-06-03 13:49:00,Delayed
O1004057,DHL,2025-11-04 18:24:00,2025-11-06 11:24:00,2025-11-06 11:24:00,Delivered
O1004058,Delhivery,2025-10-16 02:10:00,2025-10-17 22:10:00,2025-10-19 22:10:00,Delayed
O1004059,EcomExpress,2025-10-14 12:29:00,2025-10-16 10:29:00,2025-10-16 22:29:00,Delayed
O1004060,BlueDart,2025-11-28 23:01:00,2025-12-01 11:01:00,2025-12-01 17:01:00,Delayed
O1004061,DHL,2025-03-10 13:17:00,2025-03-14 03:17:00,2025-03-14 03:17:00,Delivered
O1004062,EcomExpress,2025-08-06 00:16:00,2025-08-09 22:16:00,2025-08-09 22:16:00,Delivered
O1004063,BlueDart,2025-02-07 14:36:00,2025-02-10 07:36:00,2025-02-10 07:36:00,Delivered
O1004064,BlueDart,2025-04-20 19:59:00,2025-04-22 12:59:00,2025-04-23 12:59:00,Delayed
O1004066,DHL,2025-09-08 05:22:00,2025-09-09 19:22:00,2025-09-09 19:22:00,Delivered
O1004067,Delhivery,2025-08-10 13:27:00,2025-08-12 22:27:00,2025-08-12 22:27:00,Delivered
O1004068,Delhivery,2025-09-28 14:59:00,2025-10-01 14:59:00,2025-10-02 02:59:00,Delayed
O1004069,BlueDart,2025-03-07 08:39:00,2025-03-09 22:39:00,2025-03-09 22:39:00,Delivered
O1004070,DHL,2025-05-02 15:19:00,2025-05-04 00:19:00,2025-05-04 06:19:00,Delayed
O1004071,DHL,2025-09-04 15:51:00,2025-09-07 18:51:00,2025-09-07 18:51:00,Delivered
O1004072,EcomExpress,2025-10-30 11:21:00,2025-11-01 09:21:00,2025-11-01 09:21:00,Delivered
O1004073,Delhivery,2025-11-21 17:09:00,2025-11-24 06:09:00,2025-11-24 06:09:00,Delivered
O1004074,EcomExpress,2025-01-27 17:06:00,2025-01-31 06:06:00,2025-01-31 06:06:00,Delivered
O1004075,DHL,2025-05-27 22:55:00,2025-05-31 02:55:00,2025-05-31 02:55:00,Delivered
O1004076,EcomExpress,2025-01-05 11:39:00,2025-01-08 00:39:00,2025-01-08 00:39:00,Delivered
O1004077,Delhivery,2025-10-27 00:11:00,2025-10-30 14:11:00,2025-10-31 14:11:00,Delayed
O1004078,DHL,2025-02-14 21:52:00,2025-02-16 11:52:00,2025-02-17 11:52:00,Delayed
O1004079,BlueDart,2025-10-29 15:17:00,2025-10-31 11:17:00,2025-10-31 11:17:00,Delivered
O1004080,BlueDart,2025-02-27 05:27:00,2025-03-01 00:27:00,2025-03-01 00:27:00,Delivered
O1004081,DHL,2025-01-07 01:09:00,2025-01-10 13:09:00,2025-01-10 13:09:00,Delivered
O1004083,EcomExpress,2025-06-11 09:41:00,2025-06-14 21:41:00,2025-06-14 21:41:00,Delivered
O1004084,EcomExpress,2025-06-06 10:40:00,2025-06-08 04:40:00,2025-06-10 04:40:00,Delayed
O1004085,Delhivery,2025-08-25 16:25:00,2025-08-27 05:25:00,2025-08-27 05:25:00,Delivered
O1004087,EcomExpress,2025-09-10 21:18:00,2025-09-14 07:18:00,2025-09-16 07:18:00,Delayed
O1004088,DHL,2025-06-07 14:00:00,2025-06-09 22:00:00,2025-06-09 22:00:00,Delivered
O1004089,EcomExpress,2025-04-11 18:18:00,2025-04-14 15:18:00,2025-04-14 15:18:00,Delivered
O1004090,Delhivery,2025-05-26 07:48:00,2025-05-27 21:48:00,2025-05-28 21:48:00,Delayed
O1004091,EcomExpress,2025-01-04 00:13:00,2025-01-06 16:13:00,2025-01-06 16:13:00,Delivered
O1004092,EcomExpress,2025-04-21 20:31:00,2025-04-24 21:31:00,2025-04-25 09:31:00,Delayed
O1004093,EcomExpress,2025-08-04 12:11:00,2025-08-06 21:11:00,2025-08-06 21:11:00,Delivered
O1004094,DHL,2025-02-21 09:00:00,2025-02-24 20:00:00,2025-02-24 20:00:00,Delivered
O1004095,Delhivery,2025-02-13 14:53:00,2025-02-16 05:53:00,2025-02-16 05:53:00,Delivered
O1004096,DHL,2025-08-28 19:58:00,2025-08-31 09:58:00,2025-08-31 09:58:00,Delivered
O1004097,DHL,2025-06-07 13:17:00,2025-06-09 05:17:00,2025-06-09 05:17:00,Delivered
O1004098,BlueDart,2025-02-20 18:53:00,2025-02-23 18:53:00,2025-02-23 18:53:00,Delivered
O1004099,BlueDart,2025-10-01 01:16:00,2025-10-03 12:16:00,2025-10-03 12:16:00,Delivered
O1004100,DHL,2025-10-11 18:35:00,2025-10-14 16:35:00,2025-10-14 16:35:00,Delivered
O1004101,DHL,2025-01-14 09:34:00,2025-01-17 04:34:00,2025-01-17 10:34:00,Delayed
O1004102,Delhivery,2025-03-16 16:42:00,2025-03-18 18:42:00,2025-03-18 18:42:00,Delivered
O1004103,BlueDart,2025-05-17 08:14:00,2025-05-19 11:14:00,2025-05-19 11:14:00,Delivered
O1004104,Delhivery,2025-09-25 08:55:00,2025-09-27 06:55:00,2025-09-28 06:55:00,Delayed
O1004105,EcomExpress,2025-01-29 07:59:00,2025-01-31 10:59:00,2025-01-31 10:59:00,Delivered
O1004106,BlueDart,2025-10-23 01:27:00,2025-10-26 13:27:00,2025-10-26 13:27:00,Delivered
O1004107,BlueDart,2025-04-28 06:37:00,2025-04-30 07:37:00,2025-05-01 07:37:00,Delayed
O1004108,DHL,2025-02-15 19:02:00,2025-02-17 03:02:00,2025-02-17 03:02:00,Delivered
O1004109,EcomExpress,2025-11-12 14:16:00,2025-11-16 00:16:00,2025-11-18 00:16:00,Delayed
O1004110,BlueDart,2025-02-01 23:51:00,2025-02-03 14:51:00,2025-02-03 14:51:00,Delivered
O1004111,EcomExpress,2025-02-18 16:23:00,2025-02-20 19:23:00,2025-02-20 19:23:00,Delivered
O1004112,Delhivery,2025-12-14 16:41:00,2025-12-16 06:41:00,2025-12-16 12:41:00,Delayed
O1004113,BlueDart,2025-07-09 23:04:00,2025-07-12 16:04:00,2025-07-12 16:04:00,Delivered
O1004114,BlueDart,2025-06-20 08:06:00,2025-06-22 03:06:00,2025-06-22 03:06:00,Delivered
O1004115,EcomExpress,2025-09-09 11:01:00,2025-09-13 08:01:00,2025-09-13 08:01:00,Delivered
O1004116,BlueDart,2025-08-20 12:19:00,2025-08-22 18:19:00,2025-08-23 00:19:00,Delayed
O1004117,Delhivery,2025-08-13 03:42:00,2025-08-14 05:42:00,2025-08-14 17:42:00,Delayed
O1004118,BlueDart,2025-01-10 05:14:00,2025-01-12 20:14:00,2025-01-12 20:14:00,Delivered
O1004119,DHL,2025-07-22 07:00:00,2025-07-23 22:00:00,2025-07-24 22:00:00,Delayed
O1004120,BlueDart,2025-04-13 02:14:00,2025-04-15 03:14:00,2025-04-15 03:14:00,Delivered
O1004121,Delhivery,2025-10-23 09:31:00,2025-10-27 03:31:00,2025-10-27 15:31:00,Delayed
O1004122,Delhivery,2025-07-05 16:04:00,2025-07-07 04:04:00,2025-07-07 04:04:00,Delivered
O1004123,EcomExpress,2025-02-16 08:49:00,2025-02-19 11:49:00,2025-02-21 11:49:00,Delayed
O1004124,EcomExpress,2025-11-21 04:39:00,2025-11-24 05:39:00,2025-11-25 05:39:00,Delayed
O1004125,DHL,2025-04-14 10:24:00,2025-04-16 13:24:00,2025-04-17 13:24:00,Delayed
O1004126,BlueDart,2025-04-11 04:36:00,2025-04-13 11:36:00,2025-04-14 11:36:00,Delayed
O1004127,DHL,2025-12-09 00:21:00,2025-12-10 06:21:00,2025-12-10 18:21:00,Delayed
O1004128,Delhivery,2025-10-11 13:51:00,2025-10-13 23:51:00,2025-10-13 23:51:00,Delivered
O1004129,EcomExpress,2025-11-10 22:26:00,2025-11-13 11:26:00,2025-11-14 11:26:00,Delayed
O1004130,BlueDart,2025-08-30 21:24:00,2025-09-02 16:24:00,2025-09-02 16:24:00,Delivered
O1004131,DHL,2025-11-30 03:31:00,2025-12-03 11:31:00,2025-12-04 11:31:00,Delayed
O1004132,DHL,2025-02-13 06:13:00,2025-02-17 00:13:00,2025-02-17 00:13:00,Delivered
O1004133,DHL,2025-08-08 05:38:00,2025-08-10 11:38:00,2025-08-10 11:38:00,Delivered
O1004134,EcomExpress,2025-04-18 19:33:00,2025-04-22 10:33:00,2025-04-22 10:33:00,Delivered
O1004135,EcomExpress,2025-05-27 05:20:00,2025-05-30 17:20:00,2025-05-30 17:20:00,Delivered
O1004136,Delhivery,2025-03-29 09:10:00,2025-03-31 07:10:00,2025-03-31 13:10:00,Delayed
O1004137,Delhivery,2025-03-16 19:06:00,2025-03-18 15:06:00,2025-03-18 21:06:00,Delayed
O1004138,BlueDart,2025-06-12 09:17:00,2025-06-14 23:17:00,2025-06-14 23:17:00,Delivered
O1004139,EcomExpress,2025-12-03 15:23:00,2025-12-06 02:23:00,2025-12-06 02:23:00,Delivered
O1004140,EcomExpress,2025-08-21 08:48:00,2025-08-23 10:48:00,2025-08-23 10:48:00,Delivered
O1004141,EcomExpress,2025-05-09 01:54:00,2025-05-10 07:54:00,2025-05-10 07:54:00,Delivered
O1004142,BlueDart,2025-06-08 21:10:00,2025-06-12 06:10:00,2025-06-12 12:10:00,Delayed
O1004143,BlueDart,2025-07-14 05:21:00,2025-07-16 18:21:00,2025-07-16 18:21:00,Delivered
O1004144,DHL,2025-04-01 11:29:00,2025-04-02 23:29:00,2025-04-02 23:29:00,Delivered
O1004145,DHL,2025-07-11 17:08:00,2025-07-15 06:08:00,2025-07-15 12:08:00,Delayed
O1004146,EcomExpress,2025-09-12 01:21:00,2025-09-15 19:21:00,2025-09-17 19:21:00,Delayed
O1004147,DHL,2025-03-31 14:06:00,2025-04-02 00:06:00,2025-04-02 12:06:00,Delayed
O1004148,BlueDart,2025-08-03 00:23:00,2025-08-05 13:23:00,2025-08-05 13:23:00,Delivered
O1004149,Delhivery,2025-09-17 04:33:00,2025-09-19 23:33:00,2025-09-20 11:33:00,Delayed
O1004150,DHL,2025-07-10 16:49:00,2025-07-12 09:49:00,2025-07-12 09:49:00,Delivered
O1004151,EcomExpress,2025-04-18 10:16:00,2025-04-20 08:16:00,2025-04-20 08:16:00,Delivered
O1004152,Delhivery,2025-07-22 23:28:00,2025-07-25 02:28:00,2025-07-25 02:28:00,Delivered
O1004153,DHL,2025-10-18 15:21:00,2025-10-20 16:21:00,2025-10-20 16:21:00,Delivered
O1004154,Delhivery,2025-03-22 12:13:00,2025-03-25 12:13:00,2025-03-26 00:13:00,Delayed
O1004155,Delhivery,2025-07-30 00:42:00,2025-07-31 00:42:00,2025-07-31 12:42:00,Delayed
O1004156,Delhivery,2025-09-07 06:26:00,2025-09-10 04:26:00,2025-09-10 04:26:00,Delivered
O1004157,EcomExpress,2025-04-28 19:24:00,2025-05-01 09:24:00,2025-05-01 09:24:00,Delivered
O1004158,Delhivery,2025-05-23 15:43:00,2025-05-26 21:43:00,2025-05-26 21:43:00,Delivered
O1004159,BlueDart,2025-11-22 05:53:00,2025-11-26 03:53:00,2025-11-28 03:53:00,Delayed
O1004160,EcomExpress,2025-05-13 21:05:00,2025-05-16 04:05:00,2025-05-16 04:05:00,Delivered
O1004161,EcomExpress,2025-08-07 21:22:00,2025-08-09 07:22:00,2025-08-09 07:22:00,Delivered
O1004162,DHL,2025-02-25 05:17:00,2025-02-27 12:17:00,2025-03-01 12:17:00,Delayed
O1004163,BlueDart,2025-12-04 13:47:00,2025-12-06 05:47:00,2025-12-06 05:47:00,Delivered
O1004164,BlueDart,2025-08-07 18:15:00,2025-08-10 06:15:00,2025-08-10 06:15:00,Delivered
O1004165,BlueDart,2025-10-06 01:14:00,2025-10-07 17:14:00,2025-10-09 17:14:00,Delayed
O1004166,BlueDart,2025-08-08 22:51:00,2025-08-09 22:51:00,2025-08-09 22:51:00,Delivered
O1004167,DHL,2025-05-10 18:23:00,2025-05-13 10:23:00,2025-05-13 10:23:00,Delivered
O1004168,EcomExpress,2025-05-06 15:39:00,2025-05-08 14:39:00,2025-05-08 14:39:00,Delivered
O1004169,BlueDart,2025-09-14 08:02:00,2025-09-15 21:02:00,2025-09-15 21:02:00,Delivered
O1004170,Delhivery,2025-11-11 10:18:00,2025-11-12 10:18:00,2025-11-13 10:18:00,Delayed
O1004171,Delhivery,2025-02-17 15:22:00,2025-02-21 11:22:00,2025-02-21 17:22:00,Delayed
O1004172,DHL,2025-11-05 21:23:00,2025-11-09 09:23:00,2025-11-09 09:23:00,Delivered
O1004173,BlueDart,2025-10-31 11:24:00,2025-11-03 13:24:00,2025-11-03 13:24:00,Delivered
O1004174,EcomExpress,2025-02-09 20:47:00,2025-02-11 22:47:00,2025-02-11 22:47:00,Delivered
O1004175,Delhivery,2025-02-10 02:16:00,2025-02-12 23:16:00,2025-02-13 23:16:00,Delayed
O1004176,EcomExpress,2025-09-12 05:14:00,2025-09-14 19:14:00,2025-09-14 19:14:00,Delivered
O1004177,BlueDart,2025-11-05 02:30:00,2025-11-06 02:30:00,2025-11-06 02:30:00,Delivered
O1004178,EcomExpress,2025-05-25 06:10:00,2025-05-28 23:10:00,2025-05-28 23:10:00,Delivered
O1004179,DHL,2025-08-23 12:51:00,2025-08-25 21:51:00,2025-08-26 09:51:00,Delayed
O1004180,Delhivery,2025-12-31 21:36:00,2026-01-03 06:36:00,2026-01-04 06:36:00,Delayed
O1004181,Delhivery,2025-04-29 10:22:00,2025-05-02 20:22:00,2025-05-02 20:22:00,Delivered
O1004182,EcomExpress,2025-03-24 15:29:00,2025-03-27 18:29:00,2025-03-27 18:29:00,Delivered
O1004183,EcomExpress,2025-12-28 11:00:00,2025-12-30 23:00:00,2025-12-31 11:00:00,Delayed
O1004184,BlueDart,2025-04-14 01:22:00,2025-04-17 14:22:00,2025-04-17 14:22:00,Delivered
O1004185,EcomExpress,2025-06-22 14:08:00,2025-06-25 19:08:00,2025-06-25 19:08:00,Delivered
O1004186,DHL,2025-06-12 13:43:00,2025-06-15 06:43:00,2025-06-15 06:43:00,Delivered
O1004187,DHL,2025-07-10 22:03:00,2025-07-13 23:03:00,2025-07-13 23:03:00,Delivered
O1004188,EcomExpress,2025-04-10 07:29:00,2025-04-11 18:29:00,2025-04-11 18:29:00,Delivered
O1004189,EcomExpress,2025-09-06 09:41:00,2025-09-10 03:41:00,2025-09-10 15:41:00,Delayed
O1004190,Delhivery,2025-09-10 16:26:00,2025-09-14 07:26:00,2025-09-14 07:26:00,Delivered
O1004191,Delhivery,2025-03-16 06:48:00,2025-03-18 08:48:00,2025-03-18 08:48:00,Delivered
O1004192,DHL,2025-06-26 15:42:00,2025-06-27 17:42:00,2025-06-27 17:42:00,Delivered
O1004193,DHL,2025-01-21 21:15:00,2025-01-25 08:15:00,2025-01-25 20:15:00,Delayed
O1004194,EcomExpress,2025-03-22 15:22:00,2025-03-25 03:22:00,2025-03-25 03:22:00,Delivered
O1004195,BlueDart,2025-12-28 16:42:00,2025-12-30 10:42:00,2025-12-30 10:42:00,Delivered
O1004196,EcomExpress,2025-07-05 16:05:00,2025-07-09 15:05:00,2025-07-09 15:05:00,Delivered
O1004197,DHL,2025-08-16 22:48:00,2025-08-19 14:48:00,2025-08-19 14:48:00,Delivered
O1004198,EcomExpress,2025-11-21 17:45:00,2025-11-23 07:45:00,2025-11-23 07:45:00,Delivered
O1004199,BlueDart,2025-09-19 03:22:00,2025-09-21 23:22:00,2025-09-21 23:22:00,Delivered
O1004200,DHL,2025-10-18 01:28:00,2025-10-21 07:28:00,2025-10-21 07:28:00,Delivered
O1004201,EcomExpress,2025-09-18 10:12:00,2025-09-20 17:12:00,2025-09-21 05:12:00,Delayed
O1004202,Delhivery,2025-07-02 20:58:00,2025-07-05 21:58:00,2025-07-05 21:58:00,Delivered
O1004203,Delhivery,2025-08-20 11:17:00,2025-08-21 18:17:00,2025-08-22 06:17:00,Delayed
O1004204,EcomExpress,2025-04-17 05:08:00,2025-04-19 00:08:00,2025-04-19 00:08:00,Delivered
O1004205,Delhivery,2025-11-22 22:02:00,2025-11-25 05:02:00,2025-11-25 05:02:00,Delivered
O1004206,EcomExpress,2025-03-08 02:52:00,2025-03-09 10:52:00,2025-03-09 16:52:00,Delayed
O1004207,BlueDart,2025-11-20 08:53:00,2025-11-21 22:53:00,2025-11-22 04:53:00,Delayed
O1004208,EcomExpress,2025-11-18 03:24:00,2025-11-20 17:24:00,2025-11-21 05:24:00,Delayed
O1004209,Delhivery,2025-02-22 06:43:00,2025-02-24 17:43:00,2025-02-24 17:43:00,Delivered
O1004210,BlueDart,2025-09-18 05:07:00,2025-09-20 06:07:00,2025-09-20 06:07:00,Delivered
O1004211,DHL,2025-12-29 01:40:00,2025-12-30 02:40:00,2025-12-30 02:40:00,Delivered
O1004212,Delhivery,2025-07-29 14:32:00,2025-07-31 18:32:00,2025-07-31 18:32:00,Delivered
O1004213,EcomExpress,2025-05-06 02:08:00,2025-05-08 12:08:00,2025-05-08 12:08:00,Delivered
O1004214,Delhivery,2025-11-18 00:42:00,2025-11-21 23:42:00,2025-11-22 23:42:00,Delayed
O1004215,BlueDart,2025-07-08 13:29:00,2025-07-10 16:29:00,2025-07-10 16:29:00,Delivered
O1004216,Delhivery,2025-02-15 04:34:00,2025-02-17 17:34:00,2025-02-17 17:34:00,Delivered
O1004217,DHL,2025-04-01 22:14:00,2025-04-02 22:14:00,2025-04-02 22:14:00,Delivered
O1004218,BlueDart,2025-09-08 00:40:00,2025-09-09 12:40:00,2025-09-10 00:40:00,Delayed
O1004219,DHL,2025-06-17 03:32:00,2025-06-19 23:32:00,2025-06-19 23:32:00,Delivered
O1004220,Delhivery,2025-03-21 13:42:00,2025-03-23 23:42:00,2025-03-23 23:42:00,Delivered
O1004221,EcomExpress,2025-10-20 10:13:00,2025-10-22 08:13:00,2025-10-22 08:13:00,Delivered
O1004222,BlueDart,2025-02-15 10:35:00,2025-02-17 14:35:00,2025-02-17 14:35:00,Delivered
O1004223,DHL,2025-03-22 10:13:00,2025-03-25 03:13:00,2025-03-25 03:13:00,Delivered
O1004224,BlueDart,2025-06-20 06:08:00,2025-06-22 12:08:00,2025-06-22 12:08:00,Delivered
O1004225,Delhivery,2025-01-16 01:10:00,2025-01-19 16:10:00,2025-01-20 04:10:00,Delayed
O1004226,DHL,2025-05-23 10:05:00,2025-05-25 01:05:00,2025-05-25 01:05:00,Delivered
O1004227,BlueDart,2025-11-30 08:41:00,2025-12-03 22:41:00,2025-12-04 10:41:00,Delayed
O1004228,EcomExpress,2025-12-11 11:25:00,2025-12-15 05:25:00,2025-12-15 05:25:00,Delivered
O1004229,DHL,2025-11-16 05:34:00,2025-11-18 17:34:00,2025-11-19 17:34:00,Delayed
O1004231,DHL,2025-01-25 15:11:00,2025-01-27 03:11:00,2025-01-27 03:11:00,Delivered
O1004233,EcomExpress,2025-05-18 08:38:00,2025-05-20 17:38:00,2025-05-21 05:38:00,Delayed
O1004234,DHL,2025-10-02 12:12:00,2025-10-06 05:12:00,2025-10-06 05:12:00,Delivered
O1004235,Delhivery,2025-02-14 04:58:00,2025-02-16 18:58:00,2025-02-17 00:58:00,Delayed
O1004236,DHL,2025-09-02 07:15:00,2025-09-05 04:15:00,2025-09-05 04:15:00,Delivered
O1004237,DHL,2025-08-04 12:03:00,2025-08-06 16:03:00,2025-08-06 16:03:00,Delivered
O1004238,Delhivery,2025-12-03 03:54:00,2025-12-05 20:54:00,2025-12-07 20:54:00,Delayed
O1004239,BlueDart,2025-02-08 01:14:00,2025-02-09 22:14:00,2025-02-09 22:14:00,Delivered
O1004240,EcomExpress,2025-05-30 05:15:00,2025-05-31 23:15:00,2025-05-31 23:15:00,Delivered
O1004241,Delhivery,2025-12-29 00:39:00,2025-12-30 11:39:00,2025-12-30 11:39:00,Delivered
O1004242,EcomExpress,2025-05-24 03:05:00,2025-05-27 05:05:00,2025-05-27 05:05:00,Delivered
O1004243,EcomExpress,2025-08-30 08:07:00,2025-09-03 01:07:00,2025-09-03 01:07:00,Delivered
O1004244,Delhivery,2025-02-28 15:43:00,2025-03-02 16:43:00,2025-03-02 16:43:00,Delivered
O1004245,BlueDart,2025-09-24 00:32:00,2025-09-25 04:32:00,2025-09-25 04:32:00,Delivered
O1004246,Delhivery,2025-04-12 06:17:00,2025-04-14 11:17:00,2025-04-15 11:17:00,Delayed
O1004247,EcomExpress,2025-07-28 23:28:00,2025-07-30 23:28:00,2025-07-30 23:28:00,Delivered
O1004248,DHL,2025-11-19 03:10:00,2025-11-21 23:10:00,2025-11-22 11:10:00,Delayed
O1004249,EcomExpress,2025-08-31 02:07:00,2025-09-01 13:07:00,2025-09-02 13:07:00,Delayed
O1004250,Delhivery,2025-06-24 00:09:00,2025-06-27 08:09:00,2025-06-27 08:09:00,Delivered
O1004251,DHL,2025-03-11 21:29:00,2025-03-13 01:29:00,2025-03-13 07:29:00,Delayed
O1004252,Delhivery,2025-05-06 07:37:00,2025-05-08 10:37:00,2025-05-08 22:37:00,Delayed
O1004253,BlueDart,2025-11-07 03:39:00,2025-11-08 15:39:00,2025-11-08 15:39:00,Delivered
O1004254,DHL,2025-03-20 10:07:00,2025-03-24 00:07:00,2025-03-26 00:07:00,Delayed
O1004255,EcomExpress,2025-08-29 04:58:00,2025-08-31 12:58:00,2025-08-31 12:58:00,Delivered
O1004256,EcomExpress,2025-06-27 23:01:00,2025-07-01 16:01:00,2025-07-01 16:01:00,Delivered
O1004257,BlueDart,2025-04-28 19:33:00,2025-05-01 11:33:00,2025-05-01 17:33:00,Delayed
O1004259,BlueDart,2025-05-13 22:58:00,2025-05-17 04:58:00,2025-05-17 04:58:00,Delivered
O1004260,DHL,2025-04-15 15:31:00,2025-04-19 07:31:00,2025-04-19 07:31:00,Delivered
O1004261,EcomExpress,2025-07-14 05:56:00,2025-07-17 16:56:00,2025-07-17 16:56:00,Delivered
O1004263,Delhivery,2025-11-12 19:13:00,2025-11-15 20:13:00,2025-11-15 20:13:00,Delivered
O1004264,Delhivery,2025-08-19 08:23:00,2025-08-22 17:23:00,2025-08-22 17:23:00,Delivered
O1004265,Delhivery,2025-08-30 21:22:00,2025-09-03 06:22:00,2025-09-03 06:22:00,Delivered
O1004267,Delhivery,2025-04-10 09:19:00,2025-04-13 09:19:00,2025-04-13 09:19:00,Delivered
O1004268,DHL,2025-04-03 04:54:00,2025-04-05 19:54:00,2025-04-05 19:54:00,Delivered
O1004269,BlueDart,2025-06-26 23:33:00,2025-06-29 11:33:00,2025-06-29 11:33:00,Delivered
O1004270,Delhivery,2025-08-20 00:50:00,2025-08-21 14:50:00,2025-08-22 02:50:00,Delayed
O1004271,EcomExpress,2025-08-24 18:55:00,2025-08-27 11:55:00,2025-08-27 23:55:00,Delayed
O1004272,DHL,2025-02-27 00:40:00,2025-03-02 13:40:00,2025-03-02 19:40:00,Delayed
O1004273,DHL,2025-10-13 04:16:00,2025-10-16 17:16:00,2025-10-16 17:16:00,Delivered
O1004274,BlueDart,2025-05-14 11:52:00,2025-05-16 21:52:00,2025-05-16 21:52:00,Delivered
O1004275,DHL,2025-11-18 07:42:00,2025-11-20 17:42:00,2025-11-20 17:42:00,Delivered
O1004277,BlueDart,2025-12-25 11:26:00,2025-12-28 18:26:00,2025-12-29 18:26:00,Delayed
O1004278,BlueDart,2025-08-20 12:17:00,2025-08-24 10:17:00,2025-08-24 10:17:00,Delivered
O1004279,BlueDart,2025-07-13 04:28:00,2025-07-14 04:28:00,2025-07-14 04:28:00,Delivered
O1004280,BlueDart,2025-03-11 05:55:00,2025-03-14 07:55:00,2025-03-14 07:55:00,Delivered
O1004281,EcomExpress,2025-05-26 19:54:00,2025-05-29 03:54:00,2025-05-31 03:54:00,Delayed
O1004282,BlueDart,2025-11-10 22:39:00,2025-11-12 14:39:00,2025-11-12 14:39:00,Delivered
O1004283,EcomExpress,2025-05-20 13:59:00,2025-05-22 13:59:00,2025-05-22 13:59:00,Delivered
O1004284,EcomExpress,2025-01-21 03:22:00,2025-01-25 02:22:00,2025-01-25 02:22:00,Delivered
O1004285,Delhivery,2025-04-01 15:47:00,2025-04-03 12:47:00,2025-04-04 12:47:00,Delayed
O1004286,EcomExpress,2025-08-07 10:37:00,2025-08-09 22:37:00,2025-08-09 22:37:00,Delivered
O1004287,BlueDart,2025-08-19 06:41:00,2025-08-22 06:41:00,2025-08-23 06:41:00,Delayed
O1004288,Delhivery,2025-12-27 05:03:00,2025-12-29 00:03:00,2025-12-31 00:03:00,Delayed
O1004289,EcomExpress,2025-12-08 06:22:00,2025-12-11 17:22:00,2025-12-11 23:22:00,Delayed
O1004290,BlueDart,2025-07-14 07:01:00,2025-07-15 12:01:00,2025-07-15 12:01:00,Delivered
O1004291,BlueDart,2025-07-23 08:20:00,2025-07-26 22:20:00,2025-07-28 22:20:00,Delayed
O1004292,Delhivery,2025-10-20 17:09:00,2025-10-23 19:09:00,2025-10-23 19:09:00,Delivered
O1004293,DHL,2025-01-19 08:02:00,2025-01-22 17:02:00,2025-01-22 17:02:00,Delivered
O1004294,BlueDart,2025-08-06 10:53:00,2025-08-07 16:53:00,2025-08-07 16:53:00,Delivered
O1004295,EcomExpress,2025-06-24 00:11:00,2025-06-27 10:11:00,2025-06-27 16:11:00,Delayed
O1004296,EcomExpress,2025-10-14 02:34:00,2025-10-15 22:34:00,2025-10-17 22:34:00,Delayed
O1004297,DHL,2025-10-21 04:57:00,2025-10-24 16:57:00,2025-10-26 16:57:00,Delayed
O1004298,Delhivery,2025-08-29 07:12:00,2025-08-31 08:12:00,2025-08-31 08:12:00,Delivered
O1004299,BlueDart,2025-08-29 12:29:00,2025-09-01 13:29:00,2025-09-01 13:29:00,Delivered
O1004300,DHL,2025-09-11 01:28:00,2025-09-15 00:28:00,2025-09-16 00:28:00,Delayed
O1004301,EcomExpress,2025-07-31 18:43:00,2025-08-04 00:43:00,2025-08-04 00:43:00,Delivered
O1004302,BlueDart,2025-03-25 14:49:00,2025-03-26 19:49:00,2025-03-26 19:49:00,Delivered
O1004303,EcomExpress,2025-04-15 00:32:00,2025-04-16 15:32:00,2025-04-16 15:32:00,Delivered
O1004304,Delhivery,2025-09-29 17:37:00,2025-10-01 02:37:00,2025-10-01 02:37:00,Delivered
O1004305,BlueDart,2025-08-14 23:55:00,2025-08-18 19:55:00,2025-08-18 19:55:00,Delivered
O1004306,Delhivery,2025-03-29 07:37:00,2025-03-31 06:37:00,2025-03-31 12:37:00,Delayed
O1004307,DHL,2025-11-18 11:27:00,2025-11-20 23:27:00,2025-11-22 23:27:00,Delayed
O1004308,DHL,2025-12-25 17:37:00,2025-12-28 10:37:00,2025-12-29 10:37:00,Delayed
O1004309,DHL,2025-08-18 07:07:00,2025-08-20 01:07:00,2025-08-20 01:07:00,Delivered
O1004310,EcomExpress,2025-03-26 12:35:00,2025-03-28 14:35:00,2025-03-28 14:35:00,Delivered
O1004311,DHL,2025-12-10 01:57:00,2025-12-12 09:57:00,2025-12-12 09:57:00,Delivered
O1004312,EcomExpress,2025-03-29 03:27:00,2025-03-30 04:27:00,2025-03-30 04:27:00,Delivered
O1004313,BlueDart,2025-06-07 23:25:00,2025-06-11 10:25:00,2025-06-11 10:25:00,Delivered
O1004314,BlueDart,2025-11-11 02:15:00,2025-11-14 19:15:00,2025-11-15 19:15:00,Delayed
O1004315,BlueDart,2025-07-10 17:04:00,2025-07-13 18:04:00,2025-07-13 18:04:00,Delivered
O1004316,BlueDart,2025-03-31 08:55:00,2025-04-02 15:55:00,2025-04-02 15:55:00,Delivered
O1004317,EcomExpress,2025-01-31 12:54:00,2025-02-01 22:54:00,2025-02-02 04:54:00,Delayed
O1004318,DHL,2025-05-12 22:42:00,2025-05-14 21:42:00,2025-05-14 21:42:00,Delivered
O1004319,BlueDart,2025-09-03 22:42:00,2025-09-06 05:42:00,2025-09-06 05:42:00,Delivered
O1004320,EcomExpress,2025-09-18 10:22:00,2025-09-20 00:22:00,2025-09-20 12:22:00,Delayed
O1004321,BlueDart,2025-03-24 03:58:00,2025-03-27 09:58:00,2025-03-27 09:58:00,Delivered
O1004322,DHL,2025-02-27 18:38:00,2025-03-02 02:38:00,2025-03-02 02:38:00,Delivered
O1004323,DHL,2025-09-14 20:55:00,2025-09-17 21:55:00,2025-09-18 09:55:00,Delayed
O1004324,BlueDart,2025-03-01 00:24:00,2025-03-03 13:24:00,2025-03-03 13:24:00,Delivered
O1004325,BlueDart,2025-01-24 22:05:00,2025-01-26 11:05:00,2025-01-26 11:05:00,Delivered
O1004326,BlueDart,2025-06-28 08:26:00,2025-07-01 06:26:00,2025-07-01 06:26:00,Delivered
O1004327,DHL,2025-07-29 01:26:00,2025-08-01 06:26:00,2025-08-01 06:26:00,Delivered
O1004328,Delhivery,2025-03-30 22:08:00,2025-04-02 04:08:00,2025-04-04 04:08:00,Delayed
O1004329,Delhivery,2025-03-20 05:53:00,2025-03-23 05:53:00,2025-03-24 05:53:00,Delayed
O1004330,Delhivery,2025-03-29 05:03:00,2025-04-02 03:03:00,2025-04-02 03:03:00,Delivered
O1004331,BlueDart,2025-05-07 12:01:00,2025-05-09 05:01:00,2025-05-09 05:01:00,Delivered
O1004332,BlueDart,2025-01-05 10:10:00,2025-01-09 02:10:00,2025-01-09 02:10:00,Delivered
O1004333,Delhivery,2025-01-06 02:02:00,2025-01-08 00:02:00,2025-01-08 00:02:00,Delivered
O1004334,BlueDart,2025-05-17 04:26:00,2025-05-18 07:26:00,2025-05-18 07:26:00,Delivered
O1004335,BlueDart,2025-01-08 22:08:00,2025-01-11 04:08:00,2025-01-11 04:08:00,Delivered
O1004336,BlueDart,2025-04-28 02:37:00,2025-05-01 13:37:00,2025-05-01 13:37:00,Delivered
O1004337,Delhivery,2025-08-02 05:29:00,2025-08-05 05:29:00,2025-08-05 05:29:00,Delivered
O1004338,DHL,2025-01-13 14:32:00,2025-01-15 13:32:00,2025-01-15 13:32:00,Delivered
O1004339,EcomExpress,2025-08-14 17:41:00,2025-08-18 13:41:00,2025-08-19 13:41:00,Delayed
O1004340,EcomExpress,2025-08-16 09:47:00,2025-08-20 07:47:00,2025-08-20 19:47:00,Delayed
O1004341,Delhivery,2025-07-30 03:54:00,2025-08-03 02:54:00,2025-08-03 08:54:00,Delayed
O1004342,BlueDart,2025-08-18 01:47:00,2025-08-20 16:47:00,2025-08-20 16:47:00,Delivered
O1004343,Delhivery,2025-10-24 03:44:00,2025-10-27 04:44:00,2025-10-27 04:44:00,Delivered
O1004344,EcomExpress,2025-01-27 02:18:00,2025-01-29 16:18:00,2025-01-29 16:18:00,Delivered
O1004345,DHL,2025-03-04 16:32:00,2025-03-06 21:32:00,2025-03-06 21:32:00,Delivered
O1004346,Delhivery,2025-04-26 22:41:00,2025-04-29 11:41:00,2025-05-01 11:41:00,Delayed
O1004348,BlueDart,2025-11-16 02:21:00,2025-11-17 06:21:00,2025-11-17 06:21:00,Delivered
O1004349,BlueDart,2025-12-03 12:07:00,2025-12-04 23:07:00,2025-12-04 23:07:00,Delivered
O1004350,Delhivery,2025-08-01 15:32:00,2025-08-04 09:32:00,2025-08-04 09:32:00,Delivered
O1004351,BlueDart,2025-05-31 16:17:00,2025-06-02 22:17:00,2025-06-02 22:17:00,Delivered
O1004352,Delhivery,2025-06-01 05:46:00,2025-06-03 15:46:00,2025-06-04 15:46:00,Delayed
O1004353,Delhivery,2025-01-22 16:14:00,2025-01-26 09:14:00,2025-01-26 09:14:00,Delivered
O1004354,EcomExpress,2025-06-20 02:24:00,2025-06-23 02:24:00,2025-06-23 14:24:00,Delayed
O1004355,DHL,2025-07-08 16:08:00,2025-07-09 21:08:00,2025-07-09 21:08:00,Delivered
O1004356,BlueDart,2025-03-19 08:55:00,2025-03-23 05:55:00,2025-03-23 05:55:00,Delivered
O1004357,BlueDart,2025-10-08 16:27:00,2025-10-12 06:27:00,2025-10-12 06:27:00,Delivered
O1004358,BlueDart,2025-10-25 02:45:00,2025-10-26 14:45:00,2025-10-26 14:45:00,Delivered
O1004359,EcomExpress,2025-04-22 06:30:00,2025-04-25 19:30:00,2025-04-25 19:30:00,Delivered
O1004360,EcomExpress,2025-11-30 21:07:00,2025-12-02 23:07:00,2025-12-02 23:07:00,Delivered
O1004361,Delhivery,2025-02-10 00:43:00,2025-02-12 02:43:00,2025-02-12 02:43:00,Delivered
O1004362,Delhivery,2025-11-30 01:43:00,2025-12-02 18:43:00,2025-12-03 00:43:00,Delayed
O1004363,EcomExpress,2025-10-09 05:20:00,2025-10-12 22:20:00,2025-10-12 22:20:00,Delivered
O1004364,BlueDart,2025-03-24 00:22:00,2025-03-26 01:22:00,2025-03-26 01:22:00,Delivered
O1004365,EcomExpress,2025-08-27 17:04:00,2025-08-30 10:04:00,2025-08-30 10:04:00,Delivered
O1004366,EcomExpress,2025-04-25 01:46:00,2025-04-26 13:46:00,2025-04-27 13:46:00,Delayed
O1004367,EcomExpress,2025-10-20 06:11:00,2025-10-21 12:11:00,2025-10-22 12:11:00,Delayed
O1004368,EcomExpress,2025-03-01 09:08:00,2025-03-04 04:08:00,2025-03-04 04:08:00,Delivered
O1004369,DHL,2025-03-31 21:14:00,2025-04-02 13:14:00,2025-04-02 13:14:00,Delivered
O1004370,BlueDart,2025-04-24 17:59:00,2025-04-25 19:59:00,2025-04-26 01:59:00,Delayed
O1004371,BlueDart,2025-03-15 02:20:00,2025-03-16 02:20:00,2025-03-16 02:20:00,Delivered
O1004372,BlueDart,2025-05-02 21:05:00,2025-05-05 00:05:00,2025-05-05 12:05:00,Delayed
O1004373,EcomExpress,2025-08-09 00:57:00,2025-08-10 17:57:00,2025-08-10 17:57:00,Delivered
O1004374,Delhivery,2025-08-21 07:00:00,2025-08-25 05:00:00,2025-08-25 05:00:00,Delivered
O1004375,Delhivery,2025-07-23 12:46:00,2025-07-25 22:46:00,2025-07-26 10:46:00,Delayed
O1004376,DHL,2025-03-12 16:06:00,2025-03-15 02:06:00,2025-03-15 02:06:00,Delivered
O1004377,DHL,2025-03-15 19:33:00,2025-03-17 06:33:00,2025-03-17 06:33:00,Delivered
O1004378,DHL,2025-12-03 00:54:00,2025-12-04 07:54:00,2025-12-04 19:54:00,Delayed
O1004379,BlueDart,2025-04-02 23:48:00,2025-04-04 20:48:00,2025-04-04 20:48:00,Delivered
O1004380,Delhivery,2025-02-08 01:36:00,2025-02-11 13:36:00,2025-02-11 13:36:00,Delivered
O1004381,Delhivery,2025-06-16 06:49:00,2025-06-19 02:49:00,2025-06-19 02:49:00,Delivered
O1004382,EcomExpress,2025-01-04 11:37:00,2025-01-05 23:37:00,2025-01-05 23:37:00,Delivered
O1004383,BlueDart,2025-05-07 03:18:00,2025-05-08 05:18:00,2025-05-08 05:18:00,Delivered
O1004384,DHL,2025-11-09 20:15:00,2025-11-11 14:15:00,2025-11-11 14:15:00,Delivered
O1004385,EcomExpress,2025-04-09 10:45:00,2025-04-11 05:45:00,2025-04-11 05:45:00,Delivered
O1004386,BlueDart,2025-09-14 18:30:00,2025-09-18 15:30:00,2025-09-20 15:30:00,Delayed
O1004387,Delhivery,2025-06-29 07:21:00,2025-06-30 19:21:00,2025-07-01 01:21:00,Delayed
O1004388,Delhivery,2025-05-10 21:14:00,2025-05-14 04:14:00,2025-05-14 10:14:00,Delayed
O1004389,EcomExpress,2025-08-31 10:29:00,2025-09-02 13:29:00,2025-09-02 19:29:00,Delayed
O1004390,Delhivery,2025-08-07 06:19:00,2025-08-09 05:19:00,2025-08-09 17:19:00,Delayed
O1004391,BlueDart,2025-04-27 23:56:00,2025-04-29 14:56:00,2025-04-29 14:56:00,Delivered
O1004392,Delhivery,2025-03-23 22:08:00,2025-03-26 20:08:00,2025-03-28 20:08:00,Delayed
O1004393,BlueDart,2025-12-02 14:39:00,2025-12-05 15:39:00,2025-12-05 15:39:00,Delivered
O1004394,EcomExpress,2025-03-03 22:33:00,2025-03-06 09:33:00,2025-03-06 09:33:00,Delivered
O1004395,DHL,2025-12-17 13:19:00,2025-12-21 09:19:00,2025-12-21 09:19:00,Delivered
O1004396,DHL,2025-06-22 13:46:00,2025-06-26 05:46:00,2025-06-26 17:46:00,Delayed
O1004397,BlueDart,2025-12-31 17:51:00,2026-01-04 01:51:00,2026-01-04 01:51:00,Delivered
O1004399,Delhivery,2025-07-27 05:20:00,2025-07-29 21:20:00,2025-07-30 09:20:00,Delayed
O1004400,EcomExpress,2025-08-14 10:57:00,2025-08-16 23:57:00,2025-08-17 11:57:00,Delayed
O1004401,Delhivery,2025-05-04 17:18:00,2025-05-07 16:18:00,2025-05-07 16:18:00,Delivered
O1004402,DHL,2025-03-22 16:21:00,2025-03-25 09:21:00,2025-03-25 09:21:00,Delivered
O1004403,Delhivery,2025-07-10 14:19:00,2025-07-12 00:19:00,2025-07-13 00:19:00,Delayed
O1004404,EcomExpress,2025-08-31 05:51:00,2025-09-03 04:51:00,2025-09-03 04:51:00,Delivered
O1004405,EcomExpress,2025-04-07 01:48:00,2025-04-08 18:48:00,2025-04-09 00:48:00,Delayed
O1004406,Delhivery,2025-10-08 15:39:00,2025-10-11 20:39:00,2025-10-11 20:39:00,Delivered
O1004407,BlueDart,2025-08-22 18:37:00,2025-08-23 19:37:00,2025-08-23 19:37:00,Delivered
O1004408,EcomExpress,2025-03-03 07:12:00,2025-03-04 10:12:00,2025-03-05 10:12:00,Delayed
O1004409,Delhivery,2025-12-09 14:51:00,2025-12-12 08:51:00,2025-12-12 08:51:00,Delivered
O1004410,BlueDart,2025-01-18 14:39:00,2025-01-21 22:39:00,2025-01-21 22:39:00,Delivered
O1004411,EcomExpress,2025-08-27 14:07:00,2025-08-30 06:07:00,2025-08-30 12:07:00,Delayed
O1004412,EcomExpress,2025-06-10 17:02:00,2025-06-12 05:02:00,2025-06-12 05:02:00,Delivered
O1004413,BlueDart,2025-08-28 06:45:00,2025-08-30 04:45:00,2025-08-30 04:45:00,Delivered
O1004414,DHL,2025-10-11 05:10:00,2025-10-13 12:10:00,2025-10-13 12:10:00,Delivered
O1004415,BlueDart,2025-09-09 01:06:00,2025-09-10 17:06:00,2025-09-11 17:06:00,Delayed
O1004416,BlueDart,2025-08-27 10:57:00,2025-08-31 07:57:00,2025-08-31 13:57:00,Delayed
O1004417,Delhivery,2025-11-03 17:29:00,2025-11-06 01:29:00,2025-11-06 01:29:00,Delivered
O1004419,Delhivery,2025-10-26 13:47:00,2025-10-30 05:47:00,2025-10-30 05:47:00,Delivered
O1004420,Delhivery,2025-05-29 04:55:00,2025-05-30 11:55:00,2025-05-30 11:55:00,Delivered
O1004421,Delhivery,2025-03-16 23:07:00,2025-03-19 08:07:00,2025-03-19 08:07:00,Delivered
O1004422,DHL,2025-03-27 13:05:00,2025-03-31 02:05:00,2025-04-02 02:05:00,Delayed
O1004423,DHL,2025-08-12 20:01:00,2025-08-14 16:01:00,2025-08-14 16:01:00,Delivered
O1004424,Delhivery,2025-07-14 12:08:00,2025-07-17 23:08:00,2025-07-18 11:08:00,Delayed
O1004425,BlueDart,2025-01-30 10:40:00,2025-02-02 16:40:00,2025-02-02 16:40:00,Delivered
O1004426,DHL,2025-03-17 08:13:00,2025-03-20 02:13:00,2025-03-20 02:13:00,Delivered
O1004427,BlueDart,2025-12-21 03:54:00,2025-12-22 06:54:00,2025-12-22 06:54:00,Delivered
O1004428,DHL,2025-09-23 17:30:00,2025-09-27 09:30:00,2025-09-29 09:30:00,Delayed
O1004429,DHL,2025-10-04 08:48:00,2025-10-06 18:48:00,2025-10-06 18:48:00,Delivered
O1004430,EcomExpress,2025-03-14 01:01:00,2025-03-16 21:01:00,2025-03-16 21:01:00,Delivered
O1004431,DHL,2025-01-24 17:49:00,2025-01-27 18:49:00,2025-01-27 18:49:00,Delivered
O1004432,DHL,2025-04-18 00:45:00,2025-04-20 11:45:00,2025-04-20 11:45:00,Delivered
O1004433,EcomExpress,2025-11-10 10:14:00,2025-11-11 21:14:00,2025-11-11 21:14:00,Delivered
O1004434,DHL,2025-07-04 20:51:00,2025-07-07 15:51:00,2025-07-09 15:51:00,Delayed
O1004435,DHL,2025-10-14 23:10:00,2025-10-17 18:10:00,2025-10-18 18:10:00,Delayed
O1004436,BlueDart,2025-06-28 08:40:00,2025-06-29 14:40:00,2025-06-29 14:40:00,Delivered
O1004437,Delhivery,2025-06-29 03:00:00,2025-06-30 17:00:00,2025-07-01 05:00:00,Delayed
O1004438,BlueDart,2025-08-08 13:53:00,2025-08-10 04:53:00,2025-08-10 04:53:00,Delivered
O1004439,EcomExpress,2025-12-18 04:48:00,2025-12-20 06:48:00,2025-12-21 06:48:00,Delayed
O1004440,Delhivery,2025-06-10 16:02:00,2025-06-13 08:02:00,2025-06-13 08:02:00,Delivered
O1004441,Delhivery,2025-08-06 20:52:00,2025-08-09 16:52:00,2025-08-09 16:52:00,Delivered
O1004442,Delhivery,2025-12-03 07:00:00,2025-12-04 15:00:00,2025-12-04 15:00:00,Delivered
O1004443,Delhivery,2025-05-16 20:23:00,2025-05-20 09:23:00,2025-05-21 09:23:00,Delayed
O1004444,BlueDart,2025-11-04 11:40:00,2025-11-07 21:40:00,2025-11-07 21:40:00,Delivered
O1004445,DHL,2025-07-16 13:23:00,2025-07-17 19:23:00,2025-07-17 19:23:00,Delivered
O1004446,DHL,2025-11-18 14:05:00,2025-11-20 02:05:00,2025-11-20 02:05:00,Delivered
O1004447,EcomExpress,2025-06-21 01:48:00,2025-06-24 13:48:00,2025-06-24 13:48:00,Delivered
O1004448,Delhivery,2025-08-19 05:28:00,2025-08-21 11:28:00,2025-08-21 11:28:00,Delivered
O1004449,BlueDart,2025-04-29 01:27:00,2025-05-01 08:27:00,2025-05-01 14:27:00,Delayed
O1004450,EcomExpress,2025-08-20 22:50:00,2025-08-23 08:50:00,2025-08-23 20:50:00,Delayed
O1004451,Delhivery,2025-05-01 10:16:00,2025-05-05 09:16:00,2025-05-05 15:16:00,Delayed
O1004452,Delhivery,2025-08-12 14:48:00,2025-08-14 01:48:00,2025-08-14 01:48:00,Delivered
O1004453,BlueDart,2025-10-15 21:17:00,2025-10-19 16:17:00,2025-10-19 16:17:00,Delivered
O1004454,BlueDart,2025-06-09 07:48:00,2025-06-11 00:48:00,2025-06-13 00:48:00,Delayed
O1004455,DHL,2025-06-07 15:33:00,2025-06-11 07:33:00,2025-06-11 07:33:00,Delivered
O1004456,BlueDart,2025-04-29 05:51:00,2025-05-01 15:51:00,2025-05-01 15:51:00,Delivered
O1004457,DHL,2025-09-25 16:27:00,2025-09-28 22:27:00,2025-09-28 22:27:00,Delivered
O1004458,Delhivery,2025-08-06 04:58:00,2025-08-07 11:58:00,2025-08-07 17:58:00,Delayed
O1004459,EcomExpress,2025-07-09 07:42:00,2025-07-11 09:42:00,2025-07-12 09:42:00,Delayed
O1004460,DHL,2025-01-10 19:05:00,2025-01-12 08:05:00,2025-01-12 08:05:00,Delivered
O1004461,EcomExpress,2025-02-11 12:23:00,2025-02-14 05:23:00,2025-02-14 05:23:00,Delivered
O1004462,Delhivery,2025-01-04 15:18:00,2025-01-05 16:18:00,2025-01-05 16:18:00,Delivered
O1004463,EcomExpress,2025-11-08 18:40:00,2025-11-10 21:40:00,2025-11-11 03:40:00,Delayed
O1004464,DHL,2025-11-08 05:27:00,2025-11-10 17:27:00,2025-11-10 17:27:00,Delivered
O1004465,BlueDart,2025-01-25 17:01:00,2025-01-28 03:01:00,2025-01-29 03:01:00,Delayed
O1004466,EcomExpress,2025-01-18 13:30:00,2025-01-22 00:30:00,2025-01-22 00:30:00,Delivered
O1004467,BlueDart,2025-10-14 03:46:00,2025-10-16 22:46:00,2025-10-16 22:46:00,Delivered
O1004468,EcomExpress,2025-07-11 17:39:00,2025-07-15 03:39:00,2025-07-15 09:39:00,Delayed
O1004469,DHL,2025-04-24 06:06:00,2025-04-26 18:06:00,2025-04-26 18:06:00,Delivered
O1004470,EcomExpress,2025-08-14 02:03:00,2025-08-16 03:03:00,2025-08-16 03:03:00,Delivered
O1004471,BlueDart,2025-03-29 08:23:00,2025-03-31 05:23:00,2025-04-01 05:23:00,Delayed
O1004472,DHL,2025-03-14 20:38:00,2025-03-17 21:38:00,2025-03-17 21:38:00,Delivered
O1004473,BlueDart,2025-05-16 19:24:00,2025-05-20 13:24:00,2025-05-21 13:24:00,Delayed
O1004474,Delhivery,2025-11-24 13:45:00,2025-11-28 12:45:00,2025-11-28 12:45:00,Delivered
O1004475,EcomExpress,2025-10-09 14:02:00,2025-10-11 06:02:00,2025-10-11 06:02:00,Delivered
O1004476,BlueDart,2025-03-12 05:02:00,2025-03-14 11:02:00,2025-03-14 11:02:00,Delivered
O1004477,BlueDart,2025-07-25 17:02:00,2025-07-28 13:02:00,2025-07-28 13:02:00,Delivered
O1004478,EcomExpress,2025-11-20 04:55:00,2025-11-23 21:55:00,2025-11-23 21:55:00,Delivered
O1004479,Delhivery,2025-12-15 08:33:00,2025-12-17 06:33:00,2025-12-19 06:33:00,Delayed
O1004480,DHL,2025-10-06 15:01:00,2025-10-09 23:01:00,2025-10-09 23:01:00,Delivered
O1004481,BlueDart,2025-02-17 19:51:00,2025-02-21 07:51:00,2025-02-21 13:51:00,Delayed
O1004483,DHL,2025-03-22 09:00:00,2025-03-23 21:00:00,2025-03-23 21:00:00,Delivered
O1004484,EcomExpress,2025-02-26 08:46:00,2025-02-28 06:46:00,2025-02-28 06:46:00,Delivered
O1004485,EcomExpress,2025-03-06 02:49:00,2025-03-08 09:49:00,2025-03-08 09:49:00,Delivered
O1004486,Delhivery,2025-04-27 15:07:00,2025-05-01 04:07:00,2025-05-01 04:07:00,Delivered
O1004487,EcomExpress,2025-07-23 02:08:00,2025-07-26 21:08:00,2025-07-26 21:08:00,Delivered
O1004488,Delhivery,2025-05-27 03:04:00,2025-05-28 14:04:00,2025-05-28 14:04:00,Delivered
O1004489,EcomExpress,2025-06-03 23:59:00,2025-06-05 11:59:00,2025-06-05 17:59:00,Delayed
O1004490,DHL,2025-03-31 12:39:00,2025-04-02 15:39:00,2025-04-02 15:39:00,Delivered
O1004491,EcomExpress,2025-02-26 04:05:00,2025-02-27 08:05:00,2025-02-27 08:05:00,Delivered
O1004492,BlueDart,2026-01-01 06:44:00,2026-01-03 19:44:00,2026-01-04 01:44:00,Delayed
O1004493,EcomExpress,2025-08-08 08:58:00,2025-08-10 03:58:00,2025-08-10 03:58:00,Delivered
O1004494,BlueDart,2025-03-25 15:30:00,2025-03-27 18:30:00,2025-03-27 18:30:00,Delivered
O1004495,BlueDart,2025-10-24 03:36:00,2025-10-25 03:36:00,2025-10-25 03:36:00,Delivered
O1004496,Delhivery,2025-11-01 01:58:00,2025-11-02 17:58:00,2025-11-03 05:58:00,Delayed
O1004497,BlueDart,2025-12-19 23:19:00,2025-12-21 08:19:00,2025-12-21 08:19:00,Delivered
O1004498,EcomExpress,2025-03-01 19:16:00,2025-03-03 11:16:00,2025-03-05 11:16:00,Delayed
O1004499,BlueDart,2025-08-22 19:48:00,2025-08-25 01:48:00,2025-08-25 13:48:00,Delayed
O1004500,EcomExpress,2025-12-25 02:08:00,2025-12-26 18:08:00,2025-12-26 18:08:00,Delivered
O1004501,DHL,2025-10-23 03:40:00,2025-10-26 10:40:00,2025-10-26 10:40:00,Delivered
O1004502,DHL,2025-03-25 06:28:00,2025-03-27 14:28:00,2025-03-27 14:28:00,Delivered
O1004503,Delhivery,2025-11-23 04:52:00,2025-11-24 19:52:00,2025-11-24 19:52:00,Delivered
O1004504,BlueDart,2025-06-04 17:35:00,2025-06-07 13:35:00,2025-06-07 19:35:00,Delayed
O1004505,BlueDart,2025-06-29 08:32:00,2025-07-02 21:32:00,2025-07-02 21:32:00,Delivered
O1004506,Delhivery,2025-07-24 11:00:00,2025-07-26 22:00:00,2025-07-28 22:00:00,Delayed
O1004507,DHL,2025-10-09 17:28:00,2025-10-13 16:28:00,2025-10-13 16:28:00,Delivered
O1004508,DHL,2025-02-13 13:06:00,2025-02-15 14:06:00,2025-02-15 14:06:00,Delivered
O1004509,EcomExpress,2025-07-17 01:51:00,2025-07-19 10:51:00,2025-07-19 10:51:00,Delivered
O1004510,BlueDart,2025-10-26 15:05:00,2025-10-28 21:05:00,2025-10-28 21:05:00,Delivered
O1004511,DHL,2025-07-21 03:16:00,2025-07-25 02:16:00,2025-07-26 02:16:00,Delayed
O1004512,Delhivery,2025-04-12 03:10:00,2025-04-15 06:10:00,2025-04-15 06:10:00,Delivered
O1004513,Delhivery,2025-01-21 15:16:00,2025-01-24 08:16:00,2025-01-24 20:16:00,Delayed
O1004514,BlueDart,2025-07-20 19:56:00,2025-07-22 21:56:00,2025-07-22 21:56:00,Delivered
O1004515,EcomExpress,2025-09-15 10:55:00,2025-09-16 14:55:00,2025-09-17 14:55:00,Delayed
O1004516,BlueDart,2025-07-20 22:22:00,2025-07-24 14:22:00,2025-07-24 14:22:00,Delivered
O1004517,EcomExpress,2025-12-25 12:42:00,2025-12-26 19:42:00,2025-12-27 19:42:00,Delayed
O1004518,Delhivery,2025-08-08 21:36:00,2025-08-12 01:36:00,2025-08-12 07:36:00,Delayed
O1004519,EcomExpress,2025-07-06 10:12:00,2025-07-08 22:12:00,2025-07-08 22:12:00,Delivered
O1004520,DHL,2025-01-22 04:03:00,2025-01-25 06:03:00,2025-01-25 06:03:00,Delivered
O1004521,Delhivery,2025-07-23 20:01:00,2025-07-27 14:01:00,2025-07-27 14:01:00,Delivered
O1004522,EcomExpress,2025-03-04 02:59:00,2025-03-05 16:59:00,2025-03-05 16:59:00,Delivered
O1004523,DHL,2025-09-23 05:56:00,2025-09-24 12:56:00,2025-09-24 12:56:00,Delivered
O1004524,EcomExpress,2025-03-01 13:55:00,2025-03-03 15:55:00,2025-03-03 15:55:00,Delivered
O1004525,BlueDart,2025-11-28 03:17:00,2025-11-30 20:17:00,2025-11-30 20:17:00,Delivered
O1004526,Delhivery,2025-04-21 22:43:00,2025-04-23 02:43:00,2025-04-23 02:43:00,Delivered
O1004527,DHL,2025-06-08 22:04:00,2025-06-12 08:04:00,2025-06-14 08:04:00,Delayed
O1004528,EcomExpress,2025-02-22 14:20:00,2025-02-25 09:20:00,2025-02-25 09:20:00,Delivered
O1004529,DHL,2025-03-19 18:22:00,2025-03-23 16:22:00,2025-03-24 04:22:00,Delayed
O1004530,EcomExpress,2025-12-04 01:07:00,2025-12-05 21:07:00,2025-12-05 21:07:00,Delivered
O1004531,EcomExpress,2025-04-15 09:13:00,2025-04-19 02:13:00,2025-04-19 02:13:00,Delivered
O1004532,DHL,2025-07-07 22:24:00,2025-07-10 01:24:00,2025-07-10 01:24:00,Delivered
O1004533,BlueDart,2025-12-26 03:52:00,2025-12-27 10:52:00,2025-12-28 10:52:00,Delayed
O1004534,Delhivery,2025-08-17 01:41:00,2025-08-20 13:41:00,2025-08-20 13:41:00,Delivered
O1004535,BlueDart,2025-01-17 13:56:00,2025-01-18 18:56:00,2025-01-18 18:56:00,Delivered
O1004536,DHL,2025-05-12 01:43:00,2025-05-15 04:43:00,2025-05-15 10:43:00,Delayed
O1004537,Delhivery,2025-05-23 09:38:00,2025-05-24 23:38:00,2025-05-24 23:38:00,Delivered
O1004538,Delhivery,2025-04-12 05:14:00,2025-04-15 05:14:00,2025-04-15 05:14:00,Delivered
O1004539,BlueDart,2025-03-31 18:38:00,2025-04-02 14:38:00,2025-04-02 14:38:00,Delivered
O1004540,Delhivery,2025-07-03 14:24:00,2025-07-04 19:24:00,2025-07-04 19:24:00,Delivered
O1004541,Delhivery,2025-05-19 02:45:00,2025-05-22 16:45:00,2025-05-22 16:45:00,Delivered
O1004544,DHL,2025-05-06 19:32:00,2025-05-08 20:32:00,2025-05-08 20:32:00,Delivered
O1004545,Delhivery,2025-03-26 01:31:00,2025-03-28 23:31:00,2025-03-30 23:31:00,Delayed
O1004546,BlueDart,2025-06-15 11:56:00,2025-06-16 13:56:00,2025-06-17 01:56:00,Delayed
O1004547,BlueDart,2025-12-11 08:50:00,2025-12-15 03:50:00,2025-12-15 03:50:00,Delivered
O1004548,DHL,2025-07-05 09:30:00,2025-07-08 05:30:00,2025-07-08 05:30:00,Delivered
O1004549,BlueDart,2025-08-08 08:43:00,2025-08-10 14:43:00,2025-08-12 14:43:00,Delayed
O1004550,Delhivery,2025-12-27 05:46:00,2025-12-30 21:46:00,2025-12-31 03:46:00,Delayed
O1004551,DHL,2025-08-12 20:34:00,2025-08-15 01:34:00,2025-08-15 01:34:00,Delivered
O1004552,EcomExpress,2025-03-24 08:30:00,2025-03-26 07:30:00,2025-03-26 07:30:00,Delivered
O1004553,EcomExpress,2025-05-26 19:28:00,2025-05-28 15:28:00,2025-05-28 15:28:00,Delivered
O1004554,BlueDart,2025-06-29 04:09:00,2025-07-02 02:09:00,2025-07-02 02:09:00,Delivered
O1004555,Delhivery,2025-06-24 09:14:00,2025-06-26 16:14:00,2025-06-26 16:14:00,Delivered
O1004556,EcomExpress,2025-02-24 17:37:00,2025-02-27 09:37:00,2025-02-27 09:37:00,Delivered
O1004557,Delhivery,2025-02-08 16:55:00,2025-02-12 00:55:00,2025-02-14 00:55:00,Delayed
O1004558,DHL,2025-05-09 00:12:00,2025-05-11 23:12:00,2025-05-11 23:12:00,Delivered
O1004559,Delhivery,2025-12-01 01:11:00,2025-12-04 03:11:00,2025-12-04 03:11:00,Delivered
O1004560,BlueDart,2025-09-20 06:08:00,2025-09-23 01:08:00,2025-09-24 01:08:00,Delayed
O1004561,BlueDart,2025-11-04 19:32:00,2025-11-08 03:32:00,2025-11-09 03:32:00,Delayed
O1004562,Delhivery,2025-03-06 06:30:00,2025-03-09 10:30:00,2025-03-09 10:30:00,Delivered
O1004563,BlueDart,2025-06-02 02:34:00,2025-06-05 13:34:00,2025-06-05 13:34:00,Delivered
O1004564,Delhivery,2025-08-02 03:13:00,2025-08-05 00:13:00,2025-08-05 00:13:00,Delivered
O1004565,DHL,2025-06-09 07:37:00,2025-06-10 07:37:00,2025-06-10 07:37:00,Delivered
O1004566,BlueDart,2025-06-03 09:22:00,2025-06-07 02:22:00,2025-06-08 02:22:00,Delayed
O1004567,Delhivery,2025-05-12 17:20:00,2025-05-14 10:20:00,2025-05-14 10:20:00,Delivered
O1004568,Delhivery,2025-01-20 10:57:00,2025-01-23 13:57:00,2025-01-23 13:57:00,Delivered
O1004569,EcomExpress,2025-11-10 01:06:00,2025-11-13 00:06:00,2025-11-13 00:06:00,Delivered
O1004570,BlueDart,2025-12-08 13:06:00,2025-12-11 12:06:00,2025-12-11 18:06:00,Delayed
O1004571,BlueDart,2025-01-31 06:52:00,2025-02-02 14:52:00,2025-02-04 14:52:00,Delayed
O1004572,BlueDart,2025-06-01 13:01:00,2025-06-03 21:01:00,2025-06-03 21:01:00,Delivered
O1004573,DHL,2025-07-09 22:53:00,2025-07-11 06:53:00,2025-07-11 06:53:00,Delivered
O1004574,DHL,2025-10-15 08:10:00,2025-10-17 01:10:00,2025-10-17 07:10:00,Delayed
O1004576,Delhivery,2025-06-02 14:36:00,2025-06-03 18:36:00,2025-06-03 18:36:00,Delivered
O1004577,DHL,2025-10-01 20:59:00,2025-10-05 13:59:00,2025-10-05 13:59:00,Delivered
O1004578,Delhivery,2025-12-10 05:57:00,2025-12-14 00:57:00,2025-12-14 00:57:00,Delivered
O1004579,DHL,2025-10-31 18:42:00,2025-11-02 01:42:00,2025-11-02 01:42:00,Delivered
O1004580,BlueDart,2025-04-17 14:44:00,2025-04-21 03:44:00,2025-04-21 03:44:00,Delivered
O1004581,EcomExpress,2025-10-27 08:55:00,2025-10-30 08:55:00,2025-10-30 20:55:00,Delayed
O1004582,DHL,2025-06-01 03:10:00,2025-06-03 01:10:00,2025-06-03 01:10:00,Delivered
O1004583,EcomExpress,2025-01-08 00:07:00,2025-01-09 11:07:00,2025-01-09 11:07:00,Delivered
O1004584,Delhivery,2025-10-04 19:04:00,2025-10-07 17:04:00,2025-10-07 17:04:00,Delivered
O1004585,DHL,2025-11-02 01:52:00,2025-11-03 02:52:00,2025-11-03 02:52:00,Delivered
O1004586,Delhivery,2025-05-07 12:11:00,2025-05-08 22:11:00,2025-05-08 22:11:00,Delivered
O1004587,Delhivery,2025-06-15 02:33:00,2025-06-16 09:33:00,2025-06-16 09:33:00,Delivered
O1004588,Delhivery,2025-05-14 05:44:00,2025-05-15 14:44:00,2025-05-16 14:44:00,Delayed
O1004589,Delhivery,2025-02-13 07:10:00,2025-02-14 07:10:00,2025-02-14 07:10:00,Delivered
O1004590,EcomExpress,2025-12-31 12:29:00,2026-01-02 12:29:00,2026-01-04 12:29:00,Delayed
O1004591,BlueDart,2025-01-10 03:54:00,2025-01-13 12:54:00,2025-01-15 12:54:00,Delayed
O1004592,DHL,2025-07-23 15:36:00,2025-07-25 11:36:00,2025-07-25 11:36:00,Delivered
O1004593,Delhivery,2025-01-06 21:20:00,2025-01-08 14:20:00,2025-01-09 14:20:00,Delayed
O1004594,Delhivery,2025-09-10 11:37:00,2025-09-14 09:37:00,2025-09-14 15:37:00,Delayed
O1004595,EcomExpress,2025-11-25 22:55:00,2025-11-28 08:55:00,2025-11-28 08:55:00,Delivered
O1004596,EcomExpress,2025-08-23 22:54:00,2025-08-24 23:54:00,2025-08-25 11:54:00,Delayed
O1004597,DHL,2025-08-11 10:25:00,2025-08-14 04:25:00,2025-08-14 04:25:00,Delivered
O1004598,BlueDart,2025-10-31 10:20:00,2025-11-03 01:20:00,2025-11-03 01:20:00,Delivered
O1004599,Delhivery,2025-12-23 01:14:00,2025-12-25 07:14:00,2025-12-25 07:14:00,Delivered
O1004600,DHL,2025-11-12 07:35:00,2025-11-15 20:35:00,2025-11-16 08:35:00,Delayed
O1004601,DHL,2025-03-26 22:27:00,2025-03-29 23:27:00,2025-03-30 23:27:00,Delayed
O1004602,BlueDart,2025-07-26 10:05:00,2025-07-27 11:05:00,2025-07-27 11:05:00,Delivered
O1004603,Delhivery,2025-10-27 00:37:00,2025-10-29 02:37:00,2025-10-29 02:37:00,Delivered
O1004604,DHL,2025-04-18 22:57:00,2025-04-21 13:57:00,2025-04-21 13:57:00,Delivered
O1004605,DHL,2025-09-05 06:35:00,2025-09-08 05:35:00,2025-09-09 05:35:00,Delayed
O1004606,DHL,2025-01-09 15:35:00,2025-01-11 18:35:00,2025-01-11 18:35:00,Delivered
O1004607,DHL,2025-11-17 19:35:00,2025-11-20 03:35:00,2025-11-20 03:35:00,Delivered
O1004608,DHL,2025-08-13 18:03:00,2025-08-15 09:03:00,2025-08-15 15:03:00,Delayed
O1004609,EcomExpress,2025-09-29 20:51:00,2025-10-02 15:51:00,2025-10-02 21:51:00,Delayed
O1004610,Delhivery,2025-10-29 20:02:00,2025-10-31 12:02:00,2025-10-31 12:02:00,Delivered
O1004611,BlueDart,2025-03-21 17:37:00,2025-03-24 04:37:00,2025-03-24 04:37:00,Delivered
O1004612,EcomExpress,2025-06-15 16:47:00,2025-06-19 02:47:00,2025-06-19 14:47:00,Delayed
O1004613,BlueDart,2025-11-10 23:14:00,2025-11-14 16:14:00,2025-11-14 16:14:00,Delivered
O1004614,EcomExpress,2025-03-03 18:50:00,2025-03-06 03:50:00,2025-03-06 03:50:00,Delivered
O1004616,Delhivery,2025-04-17 14:54:00,2025-04-19 04:54:00,2025-04-19 04:54:00,Delivered
O1004617,DHL,2025-07-31 16:59:00,2025-08-01 19:59:00,2025-08-01 19:59:00,Delivered
O1004618,DHL,2025-07-06 22:59:00,2025-07-10 10:59:00,2025-07-10 10:59:00,Delivered
O1004619,EcomExpress,2025-09-09 10:43:00,2025-09-11 15:43:00,2025-09-11 15:43:00,Delivered
O1004620,EcomExpress,2025-11-03 00:20:00,2025-11-04 13:20:00,2025-11-04 19:20:00,Delayed
O1004621,BlueDart,2025-05-09 06:15:00,2025-05-12 16:15:00,2025-05-12 16:15:00,Delivered
O1004622,Delhivery,2025-03-05 16:43:00,2025-03-08 02:43:00,2025-03-08 02:43:00,Delivered
O1004623,DHL,2025-06-05 08:44:00,2025-06-08 09:44:00,2025-06-08 09:44:00,Delivered
O1004625,BlueDart,2025-10-02 05:19:00,2025-10-03 09:19:00,2025-10-03 09:19:00,Delivered
O1004626,Delhivery,2025-10-02 17:34:00,2025-10-06 13:34:00,2025-10-07 13:34:00,Delayed
O1004627,EcomExpress,2025-05-06 06:43:00,2025-05-08 04:43:00,2025-05-10 04:43:00,Delayed
O1004628,BlueDart,2025-12-09 16:28:00,2025-12-12 23:28:00,2025-12-12 23:28:00,Delivered
O1004629,BlueDart,2025-02-01 08:19:00,2025-02-03 05:19:00,2025-02-03 05:19:00,Delivered
O1004630,EcomExpress,2025-02-12 23:18:00,2025-02-14 11:18:00,2025-02-14 11:18:00,Delivered
O1004631,Delhivery,2025-01-11 09:36:00,2025-01-13 14:36:00,2025-01-13 14:36:00,Delivered
O1004632,BlueDart,2025-12-06 07:54:00,2025-12-07 11:54:00,2025-12-09 11:54:00,Delayed
O1004633,Delhivery,2025-03-08 01:09:00,2025-03-10 13:09:00,2025-03-10 13:09:00,Delivered
O1004634,EcomExpress,2025-08-08 20:59:00,2025-08-11 05:59:00,2025-08-11 05:59:00,Delivered
O1004635,DHL,2025-10-25 00:51:00,2025-10-26 05:51:00,2025-10-26 05:51:00,Delivered
O1004636,DHL,2025-10-08 06:05:00,2025-10-10 14:05:00,2025-10-10 14:05:00,Delivered
O1004637,DHL,2025-12-14 06:23:00,2025-12-16 23:23:00,2025-12-17 05:23:00,Delayed
O1004638,EcomExpress,2025-01-20 19:47:00,2025-01-23 10:47:00,2025-01-23 16:47:00,Delayed
O1004639,BlueDart,2025-05-30 18:20:00,2025-05-31 23:20:00,2025-06-01 11:20:00,Delayed
O1004640,Delhivery,2025-07-04 23:54:00,2025-07-07 23:54:00,2025-07-07 23:54:00,Delivered
O1004641,EcomExpress,2025-09-12 18:11:00,2025-09-14 17:11:00,2025-09-14 17:11:00,Delivered
O1004642,BlueDart,2025-08-17 09:05:00,2025-08-19 03:05:00,2025-08-19 09:05:00,Delayed
O1004643,EcomExpress,2025-07-25 07:32:00,2025-07-28 20:32:00,2025-07-28 20:32:00,Delivered
O1004644,BlueDart,2025-04-23 09:19:00,2025-04-27 08:19:00,2025-04-27 08:19:00,Delivered
O1004645,Delhivery,2025-02-09 02:06:00,2025-02-10 10:06:00,2025-02-11 10:06:00,Delayed
O1004646,EcomExpress,2025-06-08 10:24:00,2025-06-10 21:24:00,2025-06-11 03:24:00,Delayed
O1004647,DHL,2025-04-06 03:22:00,2025-04-07 22:22:00,2025-04-07 22:22:00,Delivered
O1004648,DHL,2025-07-23 07:39:00,2025-07-26 10:39:00,2025-07-28 10:39:00,Delayed
O1004650,DHL,2025-07-22 17:30:00,2025-07-25 12:30:00,2025-07-25 18:30:00,Delayed
O1004651,EcomExpress,2025-08-02 15:53:00,2025-08-04 20:53:00,2025-08-05 20:53:00,Delayed
O1004652,EcomExpress,2025-01-16 19:55:00,2025-01-20 00:55:00,2025-01-20 06:55:00,Delayed
O1004653,EcomExpress,2025-08-24 17:20:00,2025-08-27 18:20:00,2025-08-28 00:20:00,Delayed
O1004654,Delhivery,2025-06-10 15:22:00,2025-06-14 09:22:00,2025-06-14 09:22:00,Delivered
O1004655,BlueDart,2025-02-15 18:50:00,2025-02-19 16:50:00,2025-02-19 16:50:00,Delivered
O1004656,BlueDart,2025-03-21 03:59:00,2025-03-23 08:59:00,2025-03-23 08:59:00,Delivered
O1004657,EcomExpress,2025-10-13 15:56:00,2025-10-15 02:56:00,2025-10-15 14:56:00,Delayed
O1004658,EcomExpress,2025-12-02 11:17:00,2025-12-06 05:17:00,2025-12-07 05:17:00,Delayed
O1004659,Delhivery,2025-07-05 21:07:00,2025-07-08 04:07:00,2025-07-08 04:07:00,Delivered
O1004660,EcomExpress,2025-12-24 14:15:00,2025-12-28 05:15:00,2025-12-28 11:15:00,Delayed
O1004661,EcomExpress,2025-03-08 08:03:00,2025-03-11 10:03:00,2025-03-11 10:03:00,Delivered
O1004662,DHL,2025-04-21 03:07:00,2025-04-23 16:07:00,2025-04-23 22:07:00,Delayed
O1004663,BlueDart,2025-12-06 18:39:00,2025-12-10 07:39:00,2025-12-10 07:39:00,Delivered
O1004664,EcomExpress,2025-03-06 16:01:00,2025-03-09 22:01:00,2025-03-09 22:01:00,Delivered
O1004665,Delhivery,2025-08-30 09:35:00,2025-09-02 06:35:00,2025-09-02 06:35:00,Delivered
O1004666,Delhivery,2025-03-23 07:20:00,2025-03-25 20:20:00,2025-03-26 20:20:00,Delayed
O1004667,EcomExpress,2025-05-01 22:07:00,2025-05-03 14:07:00,2025-05-03 20:07:00,Delayed
O1004668,EcomExpress,2025-06-25 15:05:00,2025-06-27 06:05:00,2025-06-27 06:05:00,Delivered
O1004669,EcomExpress,2025-05-13 03:53:00,2025-05-16 01:53:00,2025-05-16 01:53:00,Delivered
O1004670,DHL,2025-11-17 12:05:00,2025-11-19 15:05:00,2025-11-19 15:05:00,Delivered
O1004671,Delhivery,2025-12-22 22:28:00,2025-12-25 18:28:00,2025-12-25 18:28:00,Delivered
O1004672,DHL,2025-07-03 06:19:00,2025-07-06 09:19:00,2025-07-06 09:19:00,Delivered
O1004673,BlueDart,2025-07-11 18:01:00,2025-07-12 21:01:00,2025-07-13 21:01:00,Delayed
O1004674,EcomExpress,2025-01-22 15:32:00,2025-01-23 21:32:00,2025-01-23 21:32:00,Delivered
O1004675,EcomExpress,2025-03-27 22:21:00,2025-03-30 17:21:00,2025-03-30 17:21:00,Delivered
O1004676,Delhivery,2025-01-16 03:29:00,2025-01-20 01:29:00,2025-01-20 01:29:00,Delivered
O1004677,DHL,2025-11-10 07:40:00,2025-11-12 21:40:00,2025-11-12 21:40:00,Delivered
O1004678,EcomExpress,2025-03-25 07:03:00,2025-03-28 07:03:00,2025-03-28 07:03:00,Delivered
O1004679,EcomExpress,2025-05-06 01:57:00,2025-05-07 21:57:00,2025-05-07 21:57:00,Delivered
O1004680,Delhivery,2025-11-05 15:21:00,2025-11-07 06:21:00,2025-11-07 06:21:00,Delivered
O1004681,BlueDart,2025-09-19 07:45:00,2025-09-21 00:45:00,2025-09-21 00:45:00,Delivered
O1004682,Delhivery,2025-08-16 12:29:00,2025-08-20 07:29:00,2025-08-20 07:29:00,Delivered
O1004683,EcomExpress,2025-01-15 21:42:00,2025-01-19 04:42:00,2025-01-19 04:42:00,Delivered
O1004684,BlueDart,2025-07-26 00:05:00,2025-07-28 01:05:00,2025-07-28 01:05:00,Delivered
O1004685,EcomExpress,2025-07-25 06:30:00,2025-07-26 10:30:00,2025-07-26 16:30:00,Delayed
O1004686,EcomExpress,2025-04-28 09:14:00,2025-05-01 22:14:00,2025-05-02 04:14:00,Delayed
O1004687,BlueDart,2025-09-29 18:08:00,2025-10-01 14:08:00,2025-10-01 14:08:00,Delivered
O1004688,DHL,2025-12-07 12:06:00,2025-12-09 05:06:00,2025-12-09 05:06:00,Delivered
O1004689,Delhivery,2025-04-06 12:47:00,2025-04-09 14:47:00,2025-04-09 14:47:00,Delivered
O1004690,BlueDart,2025-05-02 05:30:00,2025-05-03 13:30:00,2025-05-03 13:30:00,Delivered
O1004691,BlueDart,2025-04-29 05:27:00,2025-04-30 20:27:00,2025-04-30 20:27:00,Delivered
O1004692,DHL,2025-11-01 23:46:00,2025-11-04 11:46:00,2025-11-04 17:46:00,Delayed
O1004693,BlueDart,2025-01-29 16:33:00,2025-01-31 00:33:00,2025-02-01 00:33:00,Delayed
O1004694,DHL,2025-11-24 13:49:00,2025-11-28 06:49:00,2025-11-28 06:49:00,Delivered
O1004695,EcomExpress,2025-10-11 00:58:00,2025-10-14 22:58:00,2025-10-14 22:58:00,Delivered
O1004696,DHL,2025-06-26 20:23:00,2025-06-30 07:23:00,2025-07-01 07:23:00,Delayed
O1004697,Delhivery,2025-08-01 18:14:00,2025-08-04 10:14:00,2025-08-04 10:14:00,Delivered
O1004698,DHL,2025-11-24 06:34:00,2025-11-26 21:34:00,2025-11-27 21:34:00,Delayed
O1004699,DHL,2025-10-09 01:02:00,2025-10-10 20:02:00,2025-10-11 02:02:00,Delayed
O1004700,Delhivery,2025-04-12 22:04:00,2025-04-14 08:04:00,2025-04-15 08:04:00,Delayed
O1004701,EcomExpress,2025-01-19 23:13:00,2025-01-21 10:13:00,2025-01-21 22:13:00,Delayed
O1004702,BlueDart,2025-08-30 06:48:00,2025-08-31 16:48:00,2025-08-31 16:48:00,Delivered
O1004703,DHL,2025-02-24 06:51:00,2025-02-25 06:51:00,2025-02-25 18:51:00,Delayed
O1004704,Delhivery,2025-02-02 14:49:00,2025-02-05 19:49:00,2025-02-05 19:49:00,Delivered
O1004705,DHL,2025-12-25 21:34:00,2025-12-29 02:34:00,2025-12-29 08:34:00,Delayed
O1004707,DHL,2025-08-26 14:44:00,2025-08-29 18:44:00,2025-08-29 18:44:00,Delivered
O1004708,BlueDart,2025-03-21 18:02:00,2025-03-23 19:02:00,2025-03-24 01:02:00,Delayed
O1004709,Delhivery,2025-02-08 11:05:00,2025-02-09 18:05:00,2025-02-09 18:05:00,Delivered
O1004710,DHL,2025-01-23 20:37:00,2025-01-25 10:37:00,2025-01-25 10:37:00,Delivered
O1004711,EcomExpress,2025-05-10 12:08:00,2025-05-13 23:08:00,2025-05-13 23:08:00,Delivered
O1004712,EcomExpress,2025-01-02 23:53:00,2025-01-06 16:53:00,2025-01-06 16:53:00,Delivered
O1004714,EcomExpress,2025-04-30 09:27:00,2025-05-01 13:27:00,2025-05-01 13:27:00,Delivered
O1004715,EcomExpress,2025-07-13 06:20:00,2025-07-16 08:20:00,2025-07-16 08:20:00,Delivered
O1004716,BlueDart,2025-08-04 15:51:00,2025-08-08 07:51:00,2025-08-09 07:51:00,Delayed
O1004717,DHL,2025-04-24 07:29:00,2025-04-27 17:29:00,2025-04-28 05:29:00,Delayed
O1004718,BlueDart,2025-06-17 04:34:00,2025-06-18 21:34:00,2025-06-18 21:34:00,Delivered
O1004719,DHL,2025-01-30 13:05:00,2025-02-02 12:05:00,2025-02-02 18:05:00,Delayed
O1004720,Delhivery,2025-04-22 05:23:00,2025-04-25 15:23:00,2025-04-25 15:23:00,Delivered
O1004721,Delhivery,2025-12-24 17:24:00,2025-12-28 11:24:00,2025-12-28 17:24:00,Delayed
O1004722,Delhivery,2025-12-29 19:40:00,2026-01-01 20:40:00,2026-01-01 20:40:00,Delivered
O1004723,EcomExpress,2025-06-28 14:38:00,2025-06-30 14:38:00,2025-06-30 14:38:00,Delivered
O1004724,EcomExpress,2025-12-10 07:41:00,2025-12-13 07:41:00,2025-12-13 13:41:00,Delayed
O1004725,BlueDart,2025-07-03 07:23:00,2025-07-04 18:23:00,2025-07-06 18:23:00,Delayed
O1004726,Delhivery,2025-02-16 19:06:00,2025-02-18 01:06:00,2025-02-18 01:06:00,Delivered
O1004727,DHL,2025-11-13 19:50:00,2025-11-14 19:50:00,2025-11-14 19:50:00,Delivered
O1004728,EcomExpress,2025-06-01 21:12:00,2025-06-04 12:12:00,2025-06-05 00:12:00,Delayed
O1004729,DHL,2025-08-13 05:09:00,2025-08-14 07:09:00,2025-08-14 07:09:00,Delivered
O1004730,BlueDart,2025-08-26 13:34:00,2025-08-27 22:34:00,2025-08-27 22:34:00,Delivered
O1004731,DHL,2025-04-23 15:51:00,2025-04-27 04:51:00,2025-04-27 04:51:00,Delivered
O1004732,Delhivery,2025-09-25 17:31:00,2025-09-27 22:31:00,2025-09-27 22:31:00,Delivered
O1004733,DHL,2025-07-03 03:38:00,2025-07-05 23:38:00,2025-07-06 05:38:00,Delayed
O1004734,EcomExpress,2025-05-15 05:45:00,2025-05-17 12:45:00,2025-05-19 12:45:00,Delayed
O1004735,Delhivery,2025-04-19 12:22:00,2025-04-20 15:22:00,2025-04-20 15:22:00,Delivered
O1004736,EcomExpress,2025-09-30 23:37:00,2025-10-03 17:37:00,2025-10-04 05:37:00,Delayed
O1004737,Delhivery,2025-04-03 09:47:00,2025-04-04 16:47:00,2025-04-04 16:47:00,Delivered
O1004738,Delhivery,2025-02-16 07:53:00,2025-02-19 07:53:00,2025-02-19 07:53:00,Delivered
O1004739,Delhivery,2025-11-19 05:35:00,2025-11-22 07:35:00,2025-11-22 07:35:00,Delivered
O1004740,BlueDart,2025-05-03 00:42:00,2025-05-06 03:42:00,2025-05-06 03:42:00,Delivered
O1004741,EcomExpress,2025-08-23 12:05:00,2025-08-25 15:05:00,2025-08-25 15:05:00,Delivered
O1004742,EcomExpress,2025-09-20 01:39:00,2025-09-22 11:39:00,2025-09-24 11:39:00,Delayed
O1004743,DHL,2025-11-02 21:16:00,2025-11-06 04:16:00,2025-11-06 04:16:00,Delivered
O1004744,BlueDart,2025-08-17 20:46:00,2025-08-20 03:46:00,2025-08-21 03:46:00,Delayed
O1004745,DHL,2025-09-16 20:58:00,2025-09-20 15:58:00,2025-09-20 15:58:00,Delivered
O1004746,EcomExpress,2025-11-02 18:55:00,2025-11-05 16:55:00,2025-11-05 16:55:00,Delivered
O1004747,Delhivery,2025-12-12 17:44:00,2025-12-15 23:44:00,2025-12-15 23:44:00,Delivered
O1004748,DHL,2025-01-19 13:45:00,2025-01-22 12:45:00,2025-01-22 12:45:00,Delivered
O1004749,Delhivery,2025-09-30 03:58:00,2025-10-01 16:58:00,2025-10-01 22:58:00,Delayed
O1004750,EcomExpress,2025-03-05 19:31:00,2025-03-08 04:31:00,2025-03-08 10:31:00,Delayed
O1004751,BlueDart,2025-11-22 17:53:00,2025-11-25 15:53:00,2025-11-25 15:53:00,Delivered
O1004752,BlueDart,2025-01-19 03:15:00,2025-01-21 16:15:00,2025-01-21 22:15:00,Delayed
O1004753,BlueDart,2025-04-01 23:31:00,2025-04-04 17:31:00,2025-04-04 17:31:00,Delivered
O1004755,DHL,2025-08-10 15:12:00,2025-08-14 08:12:00,2025-08-14 08:12:00,Delivered
O1004756,EcomExpress,2025-01-02 18:19:00,2025-01-06 07:19:00,2025-01-07 07:19:00,Delayed
O1004757,DHL,2025-01-07 22:40:00,2025-01-09 13:40:00,2025-01-09 13:40:00,Delivered
O1004758,Delhivery,2025-07-04 20:36:00,2025-07-06 10:36:00,2025-07-06 10:36:00,Delivered
O1004759,BlueDart,2025-12-22 05:22:00,2025-12-23 15:22:00,2025-12-24 03:22:00,Delayed
O1004760,EcomExpress,2025-07-13 00:55:00,2025-07-16 03:55:00,2025-07-16 03:55:00,Delivered
O1004761,DHL,2025-06-12 12:00:00,2025-06-14 23:00:00,2025-06-14 23:00:00,Delivered
O1004762,EcomExpress,2025-08-29 23:55:00,2025-09-01 18:55:00,2025-09-01 18:55:00,Delivered
O1004763,DHL,2025-07-22 06:20:00,2025-07-25 20:20:00,2025-07-25 20:20:00,Delivered
O1004764,BlueDart,2025-05-22 00:16:00,2025-05-24 10:16:00,2025-05-24 10:16:00,Delivered
O1004765,DHL,2025-08-04 01:26:00,2025-08-06 22:26:00,2025-08-07 22:26:00,Delayed
O1004766,EcomExpress,2025-01-03 00:28:00,2025-01-04 20:28:00,2025-01-04 20:28:00,Delivered
O1004767,DHL,2025-04-01 13:25:00,2025-04-05 00:25:00,2025-04-05 12:25:00,Delayed
O1004768,BlueDart,2025-09-03 23:06:00,2025-09-05 00:06:00,2025-09-05 00:06:00,Delivered
O1004769,DHL,2025-05-06 14:14:00,2025-05-09 07:14:00,2025-05-09 19:14:00,Delayed
O1004770,DHL,2025-01-21 16:42:00,2025-01-25 02:42:00,2025-01-25 14:42:00,Delayed
O1004771,BlueDart,2025-02-15 18:24:00,2025-02-18 21:24:00,2025-02-18 21:24:00,Delivered
O1004772,Delhivery,2025-11-14 13:18:00,2025-11-15 20:18:00,2025-11-15 20:18:00,Delivered
O1004773,BlueDart,2025-05-01 18:57:00,2025-05-05 07:57:00,2025-05-05 07:57:00,Delivered
O1004774,Delhivery,2025-01-09 14:31:00,2025-01-11 17:31:00,2025-01-11 23:31:00,Delayed
O1004775,Delhivery,2025-09-25 03:35:00,2025-09-27 16:35:00,2025-09-28 16:35:00,Delayed
O1004777,DHL,2025-06-15 15:38:00,2025-06-18 02:38:00,2025-06-18 02:38:00,Delivered
O1004778,BlueDart,2025-11-24 11:55:00,2025-11-26 11:55:00,2025-11-27 11:55:00,Delayed
O1004779,EcomExpress,2025-04-25 20:11:00,2025-04-27 19:11:00,2025-04-27 19:11:00,Delivered
O1004780,DHL,2025-07-28 17:24:00,2025-08-01 10:24:00,2025-08-01 22:24:00,Delayed
O1004781,Delhivery,2025-09-30 10:27:00,2025-10-03 09:27:00,2025-10-03 09:27:00,Delivered
O1004782,EcomExpress,2025-08-11 22:48:00,2025-08-15 21:48:00,2025-08-15 21:48:00,Delivered
O1004783,EcomExpress,2025-03-18 00:16:00,2025-03-19 23:16:00,2025-03-19 23:16:00,Delivered
O1004784,EcomExpress,2025-09-06 19:18:00,2025-09-08 16:18:00,2025-09-09 04:18:00,Delayed
O1004785,DHL,2025-09-30 05:33:00,2025-10-02 18:33:00,2025-10-03 00:33:00,Delayed
O1004786,EcomExpress,2025-02-15 00:24:00,2025-02-17 19:24:00,2025-02-17 19:24:00,Delivered
O1004787,DHL,2025-03-02 13:34:00,2025-03-03 19:34:00,2025-03-04 07:34:00,Delayed
O1004788,Delhivery,2025-09-05 04:23:00,2025-09-07 06:23:00,2025-09-08 06:23:00,Delayed
O1004789,Delhivery,2025-02-13 14:51:00,2025-02-15 21:51:00,2025-02-15 21:51:00,Delivered
O1004790,EcomExpress,2025-11-19 17:23:00,2025-11-20 23:23:00,2025-11-20 23:23:00,Delivered
O1004791,Delhivery,2025-02-10 05:31:00,2025-02-12 22:31:00,2025-02-14 22:31:00,Delayed
O1004792,BlueDart,2025-12-23 14:33:00,2025-12-24 22:33:00,2025-12-24 22:33:00,Delivered
O1004793,BlueDart,2025-09-03 22:32:00,2025-09-07 12:32:00,2025-09-08 00:32:00,Delayed
O1004794,Delhivery,2025-06-11 21:40:00,2025-06-14 10:40:00,2025-06-14 10:40:00,Delivered
O1004795,DHL,2025-04-09 04:20:00,2025-04-10 17:20:00,2025-04-10 17:20:00,Delivered
O1004796,EcomExpress,2025-05-07 17:17:00,2025-05-10 06:17:00,2025-05-10 12:17:00,Delayed
O1004798,DHL,2025-10-02 13:43:00,2025-10-04 13:43:00,2025-10-05 01:43:00,Delayed
O1004799,DHL,2025-03-19 12:36:00,2025-03-21 19:36:00,2025-03-21 19:36:00,Delivered
O1004800,EcomExpress,2025-07-19 01:57:00,2025-07-20 19:57:00,2025-07-20 19:57:00,Delivered
O1004801,BlueDart,2025-12-29 20:51:00,2026-01-01 02:51:00,2026-01-01 14:51:00,Delayed
O1004802,Delhivery,2025-04-05 05:14:00,2025-04-06 15:14:00,2025-04-06 21:14:00,Delayed
O1004803,DHL,2025-09-12 05:42:00,2025-09-14 01:42:00,2025-09-14 01:42:00,Delivered
O1004804,DHL,2025-03-05 08:55:00,2025-03-07 11:55:00,2025-03-07 11:55:00,Delivered
O1004805,Delhivery,2025-11-02 05:26:00,2025-11-05 13:26:00,2025-11-05 19:26:00,Delayed
O1004806,EcomExpress,2025-03-05 05:00:00,2025-03-08 22:00:00,2025-03-08 22:00:00,Delivered
O1004807,EcomExpress,2025-04-20 11:05:00,2025-04-24 02:05:00,2025-04-24 14:05:00,Delayed
O1004808,BlueDart,2025-06-18 15:44:00,2025-06-20 17:44:00,2025-06-21 17:44:00,Delayed
O1004809,BlueDart,2025-05-17 06:23:00,2025-05-19 08:23:00,2025-05-19 14:23:00,Delayed
O1004810,Delhivery,2025-03-05 03:11:00,2025-03-06 22:11:00,2025-03-06 22:11:00,Delivered
O1004811,BlueDart,2025-08-23 08:32:00,2025-08-25 20:32:00,2025-08-25 20:32:00,Delivered
O1004812,EcomExpress,2025-01-09 09:00:00,2025-01-13 05:00:00,2025-01-13 05:00:00,Delivered
O1004813,Delhivery,2025-12-26 07:51:00,2025-12-28 00:51:00,2025-12-30 00:51:00,Delayed
O1004814,BlueDart,2025-01-20 15:23:00,2025-01-23 18:23:00,2025-01-23 18:23:00,Delivered
O1004815,EcomExpress,2025-05-03 08:07:00,2025-05-05 02:07:00,2025-05-05 02:07:00,Delivered
O1004816,DHL,2025-12-07 09:23:00,2025-12-09 11:23:00,2025-12-09 11:23:00,Delivered
O1004817,Delhivery,2025-02-27 00:30:00,2025-03-01 13:30:00,2025-03-01 19:30:00,Delayed
O1004818,BlueDart,2025-01-27 22:50:00,2025-01-31 03:50:00,2025-01-31 09:50:00,Delayed
O1004819,Delhivery,2025-09-30 01:50:00,2025-10-03 13:50:00,2025-10-03 13:50:00,Delivered
O1004820,DHL,2025-01-28 10:11:00,2025-01-31 07:11:00,2025-01-31 19:11:00,Delayed
O1004821,DHL,2025-11-25 22:24:00,2025-11-28 17:24:00,2025-11-28 17:24:00,Delivered
O1004822,EcomExpress,2025-06-14 16:42:00,2025-06-18 05:42:00,2025-06-19 05:42:00,Delayed
O1004823,Delhivery,2025-11-15 07:56:00,2025-11-18 03:56:00,2025-11-18 15:56:00,Delayed
O1004824,EcomExpress,2025-04-01 08:41:00,2025-04-02 15:41:00,2025-04-03 03:41:00,Delayed
O1004825,EcomExpress,2025-02-22 03:38:00,2025-02-23 06:38:00,2025-02-23 06:38:00,Delivered
O1004826,BlueDart,2025-12-18 15:31:00,2025-12-21 05:31:00,2025-12-23 05:31:00,Delayed
O1004827,Delhivery,2025-10-07 00:57:00,2025-10-08 00:57:00,2025-10-08 12:57:00,Delayed
O1004829,Delhivery,2025-04-28 01:22:00,2025-05-01 03:22:00,2025-05-01 15:22:00,Delayed
O1004830,Delhivery,2025-05-28 14:40:00,2025-05-31 22:40:00,2025-06-01 10:40:00,Delayed
O1004832,Delhivery,2025-06-13 19:10:00,2025-06-17 18:10:00,2025-06-18 18:10:00,Delayed
O1004833,Delhivery,2025-03-30 20:44:00,2025-03-31 21:44:00,2025-03-31 21:44:00,Delivered
O1004834,Delhivery,2025-05-17 19:27:00,2025-05-20 14:27:00,2025-05-20 14:27:00,Delivered
O1004835,Delhivery,2025-08-12 01:16:00,2025-08-15 20:16:00,2025-08-15 20:16:00,Delivered
O1004836,Delhivery,2025-01-15 04:34:00,2025-01-16 14:34:00,2025-01-16 14:34:00,Delivered
O1004837,BlueDart,2025-05-04 02:23:00,2025-05-07 09:23:00,2025-05-07 09:23:00,Delivered
O1004838,BlueDart,2025-04-17 18:16:00,2025-04-21 15:16:00,2025-04-21 15:16:00,Delivered
O1004839,EcomExpress,2025-01-26 18:31:00,2025-01-27 23:31:00,2025-01-27 23:31:00,Delivered
O1004840,DHL,2025-02-14 15:16:00,2025-02-17 00:16:00,2025-02-17 12:16:00,Delayed
O1004841,EcomExpress,2025-07-01 07:00:00,2025-07-02 12:00:00,2025-07-03 12:00:00,Delayed
O1004842,EcomExpress,2025-02-08 04:23:00,2025-02-10 15:23:00,2025-02-11 15:23:00,Delayed
O1004843,EcomExpress,2025-05-07 18:02:00,2025-05-11 07:02:00,2025-05-11 07:02:00,Delivered
O1004844,EcomExpress,2025-07-25 10:05:00,2025-07-27 04:05:00,2025-07-27 16:05:00,Delayed
O1004845,BlueDart,2025-11-16 04:52:00,2025-11-19 13:52:00,2025-11-20 13:52:00,Delayed
O1004846,Delhivery,2025-02-06 22:15:00,2025-02-10 08:15:00,2025-02-10 20:15:00,Delayed
O1004847,EcomExpress,2025-06-09 02:17:00,2025-06-10 02:17:00,2025-06-10 02:17:00,Delivered
O1004848,EcomExpress,2025-02-07 21:03:00,2025-02-10 11:03:00,2025-02-12 11:03:00,Delayed
O1004849,Delhivery,2025-06-07 01:42:00,2025-06-08 19:42:00,2025-06-08 19:42:00,Delivered
O1004850,Delhivery,2025-06-26 07:01:00,2025-06-30 05:01:00,2025-06-30 05:01:00,Delivered
O1004851,DHL,2025-10-20 02:28:00,2025-10-23 04:28:00,2025-10-23 04:28:00,Delivered
O1004852,BlueDart,2025-06-12 00:46:00,2025-06-14 13:46:00,2025-06-15 01:46:00,Delayed
O1004853,EcomExpress,2025-12-09 00:56:00,2025-12-11 22:56:00,2025-12-12 22:56:00,Delayed
O1004854,EcomExpress,2025-02-21 04:58:00,2025-02-22 17:58:00,2025-02-23 05:58:00,Delayed
O1004855,EcomExpress,2025-01-21 04:42:00,2025-01-23 16:42:00,2025-01-23 16:42:00,Delivered
O1004856,EcomExpress,2025-01-03 10:46:00,2025-01-06 17:46:00,2025-01-06 17:46:00,Delivered
O1004857,Delhivery,2025-05-12 09:36:00,2025-05-16 05:36:00,2025-05-18 05:36:00,Delayed
O1004858,EcomExpress,2025-03-13 05:07:00,2025-03-14 15:07:00,2025-03-15 15:07:00,Delayed
O1004859,DHL,2025-02-04 04:16:00,2025-02-07 21:16:00,2025-02-08 21:16:00,Delayed
O1004860,BlueDart,2025-03-28 11:22:00,2025-03-30 07:22:00,2025-03-30 19:22:00,Delayed
O1004861,Delhivery,2025-12-23 07:16:00,2025-12-26 21:16:00,2025-12-26 21:16:00,Delivered
O1004862,Delhivery,2025-10-21 07:42:00,2025-10-25 02:42:00,2025-10-25 02:42:00,Delivered
O1004863,Delhivery,2025-01-07 17:53:00,2025-01-11 02:53:00,2025-01-11 02:53:00,Delivered
O1004864,EcomExpress,2025-12-02 03:59:00,2025-12-06 01:59:00,2025-12-06 01:59:00,Delivered
O1004865,EcomExpress,2025-03-16 17:00:00,2025-03-19 08:00:00,2025-03-19 08:00:00,Delivered
O1004866,BlueDart,2025-05-30 02:47:00,2025-06-02 09:47:00,2025-06-02 09:47:00,Delivered
O1004867,Delhivery,2025-05-01 18:09:00,2025-05-05 11:09:00,2025-05-05 17:09:00,Delayed
O1004868,BlueDart,2025-05-29 01:33:00,2025-05-30 15:33:00,2025-05-31 03:33:00,Delayed
O1004869,Delhivery,2025-10-05 17:00:00,2025-10-08 20:00:00,2025-10-08 20:00:00,Delivered
O1004870,Delhivery,2025-09-18 22:24:00,2025-09-22 03:24:00,2025-09-23 03:24:00,Delayed
O1004871,DHL,2025-08-05 23:50:00,2025-08-08 10:50:00,2025-08-08 10:50:00,Delivered
O1004872,Delhivery,2025-08-18 00:57:00,2025-08-20 18:57:00,2025-08-21 18:57:00,Delayed
O1004873,BlueDart,2025-09-24 05:03:00,2025-09-27 04:03:00,2025-09-27 04:03:00,Delivered
O1004874,BlueDart,2025-03-10 10:15:00,2025-03-12 18:15:00,2025-03-12 18:15:00,Delivered
O1004875,BlueDart,2025-05-25 18:22:00,2025-05-28 12:22:00,2025-05-29 00:22:00,Delayed
O1004876,EcomExpress,2025-02-09 15:20:00,2025-02-11 23:20:00,2025-02-11 23:20:00,Delivered
O1004877,DHL,2025-09-16 15:16:00,2025-09-19 00:16:00,2025-09-19 00:16:00,Delivered
O1004878,EcomExpress,2025-06-10 04:52:00,2025-06-12 12:52:00,2025-06-13 00:52:00,Delayed
O1004879,Delhivery,2025-08-22 02:20:00,2025-08-24 11:20:00,2025-08-24 11:20:00,Delivered
O1004880,Delhivery,2025-07-27 17:23:00,2025-07-29 16:23:00,2025-07-29 22:23:00,Delayed
O1004881,Delhivery,2025-04-11 09:33:00,2025-04-12 16:33:00,2025-04-12 16:33:00,Delivered
O1004882,EcomExpress,2025-02-21 16:11:00,2025-02-24 06:11:00,2025-02-24 06:11:00,Delivered
O1004883,BlueDart,2025-12-22 21:07:00,2025-12-25 03:07:00,2025-12-25 09:07:00,Delayed
O1004884,DHL,2025-04-19 15:45:00,2025-04-20 17:45:00,2025-04-22 17:45:00,Delayed
O1004885,DHL,2025-02-09 22:24:00,2025-02-12 12:24:00,2025-02-12 12:24:00,Delivered
O1004886,BlueDart,2025-04-22 13:46:00,2025-04-26 02:46:00,2025-04-26 02:46:00,Delivered
O1004887,BlueDart,2025-11-27 09:18:00,2025-11-29 03:18:00,2025-11-29 03:18:00,Delivered
O1004888,Delhivery,2025-04-07 11:51:00,2025-04-11 03:51:00,2025-04-11 03:51:00,Delivered
O1004889,Delhivery,2025-12-27 10:20:00,2025-12-30 00:20:00,2026-01-01 00:20:00,Delayed
O1004890,BlueDart,2025-06-18 12:06:00,2025-06-20 16:06:00,2025-06-21 04:06:00,Delayed
O1004891,EcomExpress,2025-11-11 23:27:00,2025-11-15 13:27:00,2025-11-16 01:27:00,Delayed
O1004892,EcomExpress,2025-08-28 15:30:00,2025-09-01 11:30:00,2025-09-01 11:30:00,Delivered
O1004893,EcomExpress,2025-01-18 00:18:00,2025-01-21 18:18:00,2025-01-21 18:18:00,Delivered
O1004894,DHL,2025-07-06 06:54:00,2025-07-09 13:54:00,2025-07-09 13:54:00,Delivered
O1004895,BlueDart,2025-06-02 20:04:00,2025-06-05 17:04:00,2025-06-05 17:04:00,Delivered
O1004896,Delhivery,2025-03-16 18:44:00,2025-03-20 07:44:00,2025-03-20 07:44:00,Delivered
O1004897,Delhivery,2025-07-21 03:23:00,2025-07-24 16:23:00,2025-07-24 16:23:00,Delivered
O1004898,EcomExpress,2025-02-07 22:53:00,2025-02-11 14:53:00,2025-02-12 02:53:00,Delayed
O1004899,Delhivery,2025-09-13 14:43:00,2025-09-17 01:43:00,2025-09-17 13:43:00,Delayed
O1004900,BlueDart,2025-10-28 03:30:00,2025-10-30 03:30:00,2025-10-30 03:30:00,Delivered
O1004901,DHL,2025-02-04 03:08:00,2025-02-08 00:08:00,2025-02-08 00:08:00,Delivered
O1004902,BlueDart,2025-06-25 20:31:00,2025-06-29 06:31:00,2025-06-29 18:31:00,Delayed
O1004903,Delhivery,2025-08-29 02:36:00,2025-09-01 16:36:00,2025-09-01 16:36:00,Delivered
O1004904,DHL,2025-01-24 01:26:00,2025-01-25 11:26:00,2025-01-25 11:26:00,Delivered
O1004906,DHL,2025-04-06 11:20:00,2025-04-07 11:20:00,2025-04-08 11:20:00,Delayed
O1004907,Delhivery,2025-01-16 15:03:00,2025-01-20 13:03:00,2025-01-21 01:03:00,Delayed
O1004908,BlueDart,2025-10-21 18:08:00,2025-10-24 14:08:00,2025-10-25 14:08:00,Delayed
O1004909,EcomExpress,2025-06-13 10:25:00,2025-06-16 04:25:00,2025-06-17 04:25:00,Delayed
O1004910,EcomExpress,2025-10-03 00:23:00,2025-10-06 02:23:00,2025-10-06 14:23:00,Delayed
O1004911,EcomExpress,2025-08-03 12:02:00,2025-08-06 13:02:00,2025-08-06 13:02:00,Delivered
O1004912,DHL,2025-11-17 09:09:00,2025-11-18 11:09:00,2025-11-18 11:09:00,Delivered
O1004913,EcomExpress,2025-12-31 05:07:00,2026-01-02 03:07:00,2026-01-02 03:07:00,Delivered
O1004914,EcomExpress,2025-08-08 14:26:00,2025-08-11 04:26:00,2025-08-11 04:26:00,Delivered
O1004915,BlueDart,2025-05-09 20:35:00,2025-05-10 22:35:00,2025-05-11 10:35:00,Delayed
O1004916,Delhivery,2025-06-04 11:35:00,2025-06-08 02:35:00,2025-06-08 02:35:00,Delivered
O1004917,EcomExpress,2025-10-29 23:16:00,2025-10-31 10:16:00,2025-10-31 10:16:00,Delivered
O1004918,DHL,2025-06-06 01:40:00,2025-06-08 07:40:00,2025-06-08 07:40:00,Delivered
O1004919,DHL,2025-07-09 16:24:00,2025-07-11 02:24:00,2025-07-11 14:24:00,Delayed
O1004920,DHL,2025-03-13 02:42:00,2025-03-14 06:42:00,2025-03-14 06:42:00,Delivered
O1004921,BlueDart,2025-12-29 09:39:00,2025-12-31 16:39:00,2025-12-31 16:39:00,Delivered
O1004922,DHL,2025-08-27 05:45:00,2025-08-30 12:45:00,2025-08-30 12:45:00,Delivered
O1004923,DHL,2025-05-01 14:54:00,2025-05-03 11:54:00,2025-05-03 11:54:00,Delivered
O1004924,BlueDart,2025-08-02 18:34:00,2025-08-05 03:34:00,2025-08-05 03:34:00,Delivered
O1004925,BlueDart,2025-05-27 15:07:00,2025-05-31 10:07:00,2025-05-31 10:07:00,Delivered
O1004926,Delhivery,2025-02-27 02:18:00,2025-03-01 05:18:00,2025-03-01 17:18:00,Delayed
O1004927,EcomExpress,2025-11-17 06:44:00,2025-11-20 18:44:00,2025-11-20 18:44:00,Delivered
O1004928,Delhivery,2025-11-21 06:08:00,2025-11-25 05:08:00,2025-11-25 05:08:00,Delivered
O1004929,BlueDart,2025-11-02 06:48:00,2025-11-04 20:48:00,2025-11-04 20:48:00,Delivered
O1004930,BlueDart,2025-05-16 09:42:00,2025-05-19 05:42:00,2025-05-19 17:42:00,Delayed
O1004931,BlueDart,2025-04-05 04:15:00,2025-04-08 17:15:00,2025-04-08 17:15:00,Delivered
O1004932,Delhivery,2025-01-20 06:53:00,2025-01-23 06:53:00,2025-01-23 06:53:00,Delivered
O1004933,BlueDart,2025-09-26 08:53:00,2025-09-29 02:53:00,2025-09-29 02:53:00,Delivered
O1004934,DHL,2025-05-01 06:37:00,2025-05-04 21:37:00,2025-05-05 09:37:00,Delayed
O1004935,BlueDart,2025-11-23 07:25:00,2025-11-27 01:25:00,2025-11-27 01:25:00,Delivered
O1004936,EcomExpress,2025-11-14 22:54:00,2025-11-16 19:54:00,2025-11-16 19:54:00,Delivered
O1004938,BlueDart,2025-12-02 16:07:00,2025-12-05 21:07:00,2025-12-05 21:07:00,Delivered
O1004939,DHL,2025-02-21 20:16:00,2025-02-23 14:16:00,2025-02-23 20:16:00,Delayed
O1004940,EcomExpress,2025-06-29 09:37:00,2025-07-02 13:37:00,2025-07-02 13:37:00,Delivered
O1004941,BlueDart,2025-06-23 16:09:00,2025-06-24 22:09:00,2025-06-24 22:09:00,Delivered
O1004942,EcomExpress,2025-12-17 02:41:00,2025-12-18 21:41:00,2025-12-18 21:41:00,Delivered
O1004943,BlueDart,2025-08-29 05:48:00,2025-09-01 14:48:00,2025-09-03 14:48:00,Delayed
O1004944,BlueDart,2025-11-17 10:11:00,2025-11-20 19:11:00,2025-11-21 07:11:00,Delayed
O1004945,EcomExpress,2025-08-06 11:18:00,2025-08-08 20:18:00,2025-08-10 20:18:00,Delayed
O1004946,EcomExpress,2025-10-30 02:57:00,2025-11-02 09:57:00,2025-11-02 09:57:00,Delivered
O1004948,Delhivery,2025-11-11 10:48:00,2025-11-13 21:48:00,2025-11-13 21:48:00,Delivered
O1004949,BlueDart,2025-06-01 01:05:00,2025-06-02 06:05:00,2025-06-02 18:05:00,Delayed
O1004950,EcomExpress,2025-05-21 08:10:00,2025-05-24 18:10:00,2025-05-24 18:10:00,Delivered
O1004951,EcomExpress,2025-12-27 02:31:00,2025-12-28 06:31:00,2025-12-28 06:31:00,Delivered
O1004952,DHL,2025-10-05 01:21:00,2025-10-08 10:21:00,2025-10-08 10:21:00,Delivered
O1004953,EcomExpress,2025-12-02 02:56:00,2025-12-05 17:56:00,2025-12-07 17:56:00,Delayed
O1004954,BlueDart,2025-07-31 03:36:00,2025-08-01 03:36:00,2025-08-01 15:36:00,Delayed
O1004955,DHL,2025-12-07 09:11:00,2025-12-11 07:11:00,2025-12-11 07:11:00,Delivered
O1004956,BlueDart,2025-09-21 19:05:00,2025-09-24 15:05:00,2025-09-25 03:05:00,Delayed
O1004957,EcomExpress,2025-09-30 12:35:00,2025-10-03 07:35:00,2025-10-03 13:35:00,Delayed
O1004958,EcomExpress,2025-03-06 22:54:00,2025-03-08 21:54:00,2025-03-08 21:54:00,Delivered
O1004959,DHL,2025-07-27 02:46:00,2025-07-28 14:46:00,2025-07-28 14:46:00,Delivered
O1004960,BlueDart,2025-09-25 03:25:00,2025-09-26 04:25:00,2025-09-26 10:25:00,Delayed
O1004961,DHL,2025-10-05 22:17:00,2025-10-08 04:17:00,2025-10-08 04:17:00,Delivered
O1004962,BlueDart,2025-12-17 02:23:00,2025-12-20 10:23:00,2025-12-20 10:23:00,Delivered
O1004963,Delhivery,2025-05-01 02:04:00,2025-05-02 03:04:00,2025-05-02 03:04:00,Delivered
O1004964,EcomExpress,2025-04-22 15:08:00,2025-04-24 07:08:00,2025-04-24 07:08:00,Delivered
O1004965,DHL,2025-12-20 21:06:00,2025-12-24 08:06:00,2025-12-24 14:06:00,Delayed
O1004966,Delhivery,2025-12-26 20:56:00,2025-12-29 03:56:00,2025-12-29 03:56:00,Delivered
O1004967,EcomExpress,2025-03-07 18:58:00,2025-03-09 01:58:00,2025-03-09 13:58:00,Delayed
O1004968,BlueDart,2025-05-19 18:04:00,2025-05-23 16:04:00,2025-05-23 16:04:00,Delivered
O1004969,Delhivery,2025-12-14 08:46:00,2025-12-16 08:46:00,2025-12-16 08:46:00,Delivered
O1004970,BlueDart,2025-03-15 08:02:00,2025-03-16 20:02:00,2025-03-16 20:02:00,Delivered
O1004972,Delhivery,2025-02-11 08:09:00,2025-02-14 00:09:00,2025-02-14 00:09:00,Delivered
O1004973,Delhivery,2025-03-08 04:46:00,2025-03-09 10:46:00,2025-03-09 10:46:00,Delivered
O1004974,Delhivery,2025-10-15 07:31:00,2025-10-18 09:31:00,2025-10-18 09:31:00,Delivered
O1004976,Delhivery,2025-07-22 23:24:00,2025-07-25 21:24:00,2025-07-25 21:24:00,Delivered
O1004977,DHL,2025-11-10 00:32:00,2025-11-13 17:32:00,2025-11-13 17:32:00,Delivered
O1004978,BlueDart,2025-04-23 13:22:00,2025-04-25 10:22:00,2025-04-25 10:22:00,Delivered
O1004979,Delhivery,2025-07-03 21:14:00,2025-07-06 03:14:00,2025-07-06 15:14:00,Delayed
O1004980,Delhivery,2025-08-12 11:13:00,2025-08-15 11:13:00,2025-08-15 11:13:00,Delivered
O1004981,DHL,2025-09-29 16:42:00,2025-10-01 05:42:00,2025-10-01 05:42:00,Delivered
O1004982,EcomExpress,2025-05-03 00:24:00,2025-05-05 02:24:00,2025-05-06 02:24:00,Delayed
O1004983,DHL,2025-08-20 18:29:00,2025-08-22 01:29:00,2025-08-22 01:29:00,Delivered
O1004984,BlueDart,2025-06-14 13:20:00,2025-06-17 15:20:00,2025-06-17 15:20:00,Delivered
O1004985,EcomExpress,2025-07-17 16:17:00,2025-07-20 15:17:00,2025-07-20 15:17:00,Delivered
O1004986,BlueDart,2025-11-11 17:52:00,2025-11-12 23:52:00,2025-11-12 23:52:00,Delivered
O1004987,EcomExpress,2025-05-25 01:33:00,2025-05-26 10:33:00,2025-05-26 16:33:00,Delayed
O1004988,DHL,2025-09-02 11:38:00,2025-09-04 15:38:00,2025-09-04 15:38:00,Delivered
O1004989,Delhivery,2025-12-11 10:03:00,2025-12-14 09:03:00,2025-12-14 09:03:00,Delivered
O1004990,EcomExpress,2025-10-07 03:43:00,2025-10-10 11:43:00,2025-10-10 11:43:00,Delivered
O1004991,DHL,2025-12-28 20:09:00,2025-12-31 04:09:00,2025-12-31 04:09:00,Delivered
O1004992,EcomExpress,2025-08-02 00:13:00,2025-08-05 09:13:00,2025-08-05 09:13:00,Delivered
O1004993,DHL,2025-04-14 12:29:00,2025-04-16 17:29:00,2025-04-16 17:29:00,Delivered
O1004994,BlueDart,2025-12-28 15:10:00,2025-12-31 09:10:00,2025-12-31 09:10:00,Delivered
O1004995,EcomExpress,2025-08-25 08:26:00,2025-08-27 02:26:00,2025-08-27 14:26:00,Delayed
O1004996,DHL,2025-03-30 14:41:00,2025-04-02 12:41:00,2025-04-02 18:41:00,Delayed
O1004997,EcomExpress,2025-04-26 21:51:00,2025-04-30 13:51:00,2025-05-02 13:51:00,Delayed
O1004998,BlueDart,2025-04-07 00:33:00,2025-04-08 20:33:00,2025-04-08 20:33:00,Delivered
O1004999,BlueDart,2025-11-02 08:32:00,2025-11-05 11:32:00,2025-11-05 17:32:00,Delayed
O1005000,DHL,2025-02-04 04:55:00,2025-02-06 12:55:00,2025-02-06 12:55:00,Delivered
O1005001,DHL,2025-09-29 09:13:00,2025-10-01 22:13:00,2025-10-01 22:13:00,Delivered
O1005002,DHL,2025-07-23 12:57:00,2025-07-26 05:57:00,2025-07-26 11:57:00,Delayed
O1005003,Delhivery,2025-01-27 22:02:00,2025-01-30 04:02:00,2025-01-30 04:02:00,Delivered
O1005004,Delhivery,2025-08-13 06:59:00,2025-08-16 05:59:00,2025-08-16 05:59:00,Delivered
O1005005,BlueDart,2025-10-02 22:02:00,2025-10-04 23:02:00,2025-10-04 23:02:00,Delivered
O1005006,DHL,2025-09-23 04:58:00,2025-09-24 15:58:00,2025-09-24 15:58:00,Delivered
O1005007,Delhivery,2025-07-13 09:12:00,2025-07-15 13:12:00,2025-07-15 19:12:00,Delayed
O1005008,EcomExpress,2025-05-04 03:32:00,2025-05-06 10:32:00,2025-05-06 10:32:00,Delivered
O1005009,EcomExpress,2025-03-02 01:07:00,2025-03-05 14:07:00,2025-03-05 14:07:00,Delivered
O1005010,BlueDart,2025-01-05 11:54:00,2025-01-08 09:54:00,2025-01-08 15:54:00,Delayed
O1005011,BlueDart,2025-05-12 19:30:00,2025-05-15 01:30:00,2025-05-15 01:30:00,Delivered
O1005012,BlueDart,2025-08-20 11:39:00,2025-08-24 00:39:00,2025-08-24 00:39:00,Delivered
O1005013,BlueDart,2025-01-15 08:31:00,2025-01-16 08:31:00,2025-01-16 08:31:00,Delivered
O1005014,EcomExpress,2026-01-01 07:56:00,2026-01-04 08:56:00,2026-01-04 08:56:00,Delivered
O1005016,Delhivery,2025-04-19 13:49:00,2025-04-23 07:49:00,2025-04-25 07:49:00,Delayed
O1005017,Delhivery,2025-12-18 17:55:00,2025-12-21 19:55:00,2025-12-23 19:55:00,Delayed
O1005018,BlueDart,2025-03-10 01:26:00,2025-03-12 19:26:00,2025-03-12 19:26:00,Delivered
O1005019,EcomExpress,2025-12-17 02:33:00,2025-12-19 16:33:00,2025-12-19 16:33:00,Delivered
O1005020,BlueDart,2025-04-14 16:29:00,2025-04-16 03:29:00,2025-04-16 03:29:00,Delivered
O1005021,BlueDart,2025-05-20 07:35:00,2025-05-21 18:35:00,2025-05-22 06:35:00,Delayed
O1005022,EcomExpress,2025-06-06 19:13:00,2025-06-08 04:13:00,2025-06-08 04:13:00,Delivered
O1005023,DHL,2025-12-30 23:26:00,2026-01-03 18:26:00,2026-01-04 00:26:00,Delayed
O1005024,EcomExpress,2025-04-02 22:01:00,2025-04-05 01:01:00,2025-04-05 01:01:00,Delivered
O1005025,BlueDart,2025-12-23 02:14:00,2025-12-26 23:14:00,2025-12-27 23:14:00,Delayed
O1005026,Delhivery,2025-05-07 18:28:00,2025-05-10 14:28:00,2025-05-10 14:28:00,Delivered
O1005027,BlueDart,2025-04-16 07:04:00,2025-04-19 13:04:00,2025-04-19 13:04:00,Delivered
O1005028,BlueDart,2025-08-21 16:11:00,2025-08-25 11:11:00,2025-08-25 11:11:00,Delivered
O1005029,BlueDart,2025-09-11 20:40:00,2025-09-14 08:40:00,2025-09-14 08:40:00,Delivered
O1005030,EcomExpress,2025-05-07 13:50:00,2025-05-08 16:50:00,2025-05-08 16:50:00,Delivered
O1005031,Delhivery,2025-02-19 03:15:00,2025-02-22 14:15:00,2025-02-23 14:15:00,Delayed
O1005032,Delhivery,2025-05-26 10:02:00,2025-05-28 11:02:00,2025-05-28 11:02:00,Delivered
O1005033,BlueDart,2025-07-17 16:13:00,2025-07-19 03:13:00,2025-07-19 03:13:00,Delivered
O1005034,DHL,2025-01-15 18:03:00,2025-01-17 12:03:00,2025-01-17 12:03:00,Delivered
O1005035,DHL,2025-01-30 03:27:00,2025-02-03 02:27:00,2025-02-03 02:27:00,Delivered
O1005036,Delhivery,2025-12-03 05:00:00,2025-12-05 11:00:00,2025-12-05 11:00:00,Delivered
O1005037,EcomExpress,2025-01-15 11:06:00,2025-01-18 04:06:00,2025-01-20 04:06:00,Delayed
O1005038,Delhivery,2025-05-29 23:06:00,2025-06-02 08:06:00,2025-06-02 08:06:00,Delivered
O1005039,BlueDart,2025-10-06 22:15:00,2025-10-09 15:15:00,2025-10-09 15:15:00,Delivered
O1005040,EcomExpress,2025-05-01 06:55:00,2025-05-02 17:55:00,2025-05-02 17:55:00,Delivered
O1005041,BlueDart,2025-07-01 08:22:00,2025-07-02 14:22:00,2025-07-02 14:22:00,Delivered
O1005042,BlueDart,2025-02-02 00:01:00,2025-02-05 19:01:00,2025-02-06 07:01:00,Delayed
O1005043,BlueDart,2025-10-17 23:06:00,2025-10-19 13:06:00,2025-10-19 13:06:00,Delivered
O1005044,BlueDart,2025-08-21 08:37:00,2025-08-23 02:37:00,2025-08-24 02:37:00,Delayed
O1005045,EcomExpress,2025-11-08 00:51:00,2025-11-09 02:51:00,2025-11-09 02:51:00,Delivered
O1005046,Delhivery,2025-11-13 04:38:00,2025-11-16 10:38:00,2025-11-16 10:38:00,Delivered
O1005047,DHL,2025-05-10 02:40:00,2025-05-12 14:40:00,2025-05-12 14:40:00,Delivered
O1005048,EcomExpress,2025-01-16 20:51:00,2025-01-19 18:51:00,2025-01-19 18:51:00,Delivered
O1005049,Delhivery,2025-05-08 08:09:00,2025-05-09 21:09:00,2025-05-10 09:09:00,Delayed
O1005050,EcomExpress,2025-02-23 22:50:00,2025-02-26 13:50:00,2025-02-26 13:50:00,Delivered
O1005051,BlueDart,2025-07-15 06:43:00,2025-07-17 21:43:00,2025-07-18 09:43:00,Delayed
O1005052,BlueDart,2025-02-23 20:08:00,2025-02-27 08:08:00,2025-02-27 08:08:00,Delivered
O1005053,BlueDart,2025-12-04 11:03:00,2025-12-07 14:03:00,2025-12-07 14:03:00,Delivered
O1005054,Delhivery,2025-08-09 00:52:00,2025-08-11 19:52:00,2025-08-11 19:52:00,Delivered
O1005055,BlueDart,2025-04-04 01:38:00,2025-04-07 01:38:00,2025-04-07 01:38:00,Delivered
O1005056,Delhivery,2025-12-04 01:48:00,2025-12-07 09:48:00,2025-12-07 09:48:00,Delivered
O1005057,EcomExpress,2025-10-09 03:12:00,2025-10-10 19:12:00,2025-10-11 19:12:00,Delayed
O1005058,BlueDart,2025-06-10 01:54:00,2025-06-12 19:54:00,2025-06-12 19:54:00,Delivered
O1005059,Delhivery,2025-02-23 11:59:00,2025-02-27 06:59:00,2025-02-27 06:59:00,Delivered
O1005060,Delhivery,2025-05-07 05:54:00,2025-05-10 08:54:00,2025-05-10 14:54:00,Delayed
O1005061,EcomExpress,2025-08-02 20:55:00,2025-08-06 08:55:00,2025-08-06 14:55:00,Delayed
O1005062,Delhivery,2025-10-08 05:38:00,2025-10-09 08:38:00,2025-10-09 08:38:00,Delivered
O1005063,Delhivery,2025-04-07 01:36:00,2025-04-10 13:36:00,2025-04-10 19:36:00,Delayed
O1005064,DHL,2025-09-30 03:18:00,2025-10-03 01:18:00,2025-10-03 01:18:00,Delivered
O1005065,BlueDart,2025-04-14 14:51:00,2025-04-16 03:51:00,2025-04-16 03:51:00,Delivered
O1005066,DHL,2025-04-02 01:19:00,2025-04-05 17:19:00,2025-04-07 17:19:00,Delayed
O1005067,Delhivery,2025-06-14 00:37:00,2025-06-17 15:37:00,2025-06-18 03:37:00,Delayed
O1005068,EcomExpress,2025-02-28 22:07:00,2025-03-03 20:07:00,2025-03-04 08:07:00,Delayed
O1005069,Delhivery,2025-05-28 18:48:00,2025-06-01 15:48:00,2025-06-02 03:48:00,Delayed
O1005070,DHL,2025-05-12 16:00:00,2025-05-16 02:00:00,2025-05-16 02:00:00,Delivered
O1005071,EcomExpress,2025-04-14 07:07:00,2025-04-16 13:07:00,2025-04-16 13:07:00,Delivered
O1005072,DHL,2025-10-11 21:49:00,2025-10-15 20:49:00,2025-10-15 20:49:00,Delivered
O1005073,BlueDart,2025-05-02 18:28:00,2025-05-05 04:28:00,2025-05-05 16:28:00,Delayed
O1005074,DHL,2025-09-11 13:14:00,2025-09-13 00:14:00,2025-09-13 00:14:00,Delivered
O1005076,BlueDart,2025-09-02 19:46:00,2025-09-04 03:46:00,2025-09-06 03:46:00,Delayed
O1005077,EcomExpress,2025-04-10 04:43:00,2025-04-13 05:43:00,2025-04-13 05:43:00,Delivered
O1005078,BlueDart,2025-10-31 17:44:00,2025-11-02 03:44:00,2025-11-02 03:44:00,Delivered
O1005079,DHL,2025-03-28 21:26:00,2025-04-01 13:26:00,2025-04-01 13:26:00,Delivered
O1005080,DHL,2025-04-13 10:55:00,2025-04-17 04:55:00,2025-04-17 16:55:00,Delayed
O1005081,DHL,2025-11-17 08:22:00,2025-11-18 10:22:00,2025-11-18 10:22:00,Delivered
O1005082,Delhivery,2025-05-05 11:06:00,2025-05-06 23:06:00,2025-05-06 23:06:00,Delivered
O1005083,EcomExpress,2025-09-13 04:22:00,2025-09-14 16:22:00,2025-09-14 16:22:00,Delivered
O1005084,DHL,2025-01-17 10:08:00,2025-01-20 12:08:00,2025-01-20 12:08:00,Delivered
O1005085,BlueDart,2025-08-14 11:59:00,2025-08-16 04:59:00,2025-08-16 04:59:00,Delivered
O1005086,BlueDart,2025-11-14 14:25:00,2025-11-17 14:25:00,2025-11-17 14:25:00,Delivered
O1005087,BlueDart,2025-09-16 21:47:00,2025-09-20 12:47:00,2025-09-20 12:47:00,Delivered
O1005088,EcomExpress,2025-08-01 23:54:00,2025-08-04 22:54:00,2025-08-05 10:54:00,Delayed
O1005090,BlueDart,2025-04-19 21:46:00,2025-04-23 19:46:00,2025-04-23 19:46:00,Delivered
O1005091,DHL,2025-05-19 05:16:00,2025-05-21 16:16:00,2025-05-21 16:16:00,Delivered
O1005092,EcomExpress,2025-01-26 22:48:00,2025-01-30 15:48:00,2025-01-30 15:48:00,Delivered
O1005093,Delhivery,2025-09-13 04:41:00,2025-09-16 11:41:00,2025-09-16 17:41:00,Delayed
O1005094,Delhivery,2025-09-22 18:14:00,2025-09-25 04:14:00,2025-09-25 04:14:00,Delivered
O1005095,EcomExpress,2025-10-02 20:17:00,2025-10-04 16:17:00,2025-10-04 16:17:00,Delivered
O1005096,EcomExpress,2025-10-02 03:18:00,2025-10-05 03:18:00,2025-10-05 03:18:00,Delivered
O1005097,DHL,2025-02-17 12:25:00,2025-02-20 19:25:00,2025-02-20 19:25:00,Delivered
O1005098,Delhivery,2025-09-02 09:54:00,2025-09-03 16:54:00,2025-09-03 22:54:00,Delayed
O1005099,Delhivery,2025-10-07 17:14:00,2025-10-09 15:14:00,2025-10-10 15:14:00,Delayed
O1005100,EcomExpress,2025-03-17 11:31:00,2025-03-21 09:31:00,2025-03-21 21:31:00,Delayed
O1005101,DHL,2025-06-24 05:29:00,2025-06-25 14:29:00,2025-06-25 14:29:00,Delivered
O1005102,Delhivery,2025-12-01 03:53:00,2025-12-04 22:53:00,2025-12-04 22:53:00,Delivered
O1005103,Delhivery,2025-06-02 02:21:00,2025-06-03 11:21:00,2025-06-03 11:21:00,Delivered
O1005104,DHL,2025-10-03 06:14:00,2025-10-06 00:14:00,2025-10-06 06:14:00,Delayed
O1005105,BlueDart,2025-07-13 17:18:00,2025-07-15 15:18:00,2025-07-16 03:18:00,Delayed
O1005106,DHL,2025-08-30 15:55:00,2025-09-01 01:55:00,2025-09-02 01:55:00,Delayed
O1005107,Delhivery,2025-08-17 19:59:00,2025-08-19 11:59:00,2025-08-21 11:59:00,Delayed
O1005108,EcomExpress,2025-08-27 10:53:00,2025-08-31 06:53:00,2025-08-31 12:53:00,Delayed
O1005109,EcomExpress,2025-10-13 08:49:00,2025-10-15 03:49:00,2025-10-15 03:49:00,Delivered
O1005110,DHL,2025-11-28 01:26:00,2025-12-01 17:26:00,2025-12-03 17:26:00,Delayed
O1005112,Delhivery,2025-12-06 09:53:00,2025-12-09 06:53:00,2025-12-09 06:53:00,Delivered
O1005113,DHL,2025-08-19 02:54:00,2025-08-23 01:54:00,2025-08-23 01:54:00,Delivered
O1005114,DHL,2025-08-06 18:25:00,2025-08-09 03:25:00,2025-08-09 15:25:00,Delayed
O1005115,DHL,2025-04-30 17:33:00,2025-05-03 05:33:00,2025-05-03 05:33:00,Delivered
O1005116,EcomExpress,2025-06-03 10:37:00,2025-06-04 15:37:00,2025-06-04 15:37:00,Delivered
O1005117,BlueDart,2025-08-27 03:00:00,2025-08-29 04:00:00,2025-08-29 04:00:00,Delivered
O1005118,DHL,2025-05-14 03:53:00,2025-05-16 21:53:00,2025-05-17 09:53:00,Delayed
O1005120,Delhivery,2025-10-27 02:14:00,2025-10-29 05:14:00,2025-10-29 05:14:00,Delivered
O1005121,BlueDart,2025-06-02 06:31:00,2025-06-03 18:31:00,2025-06-03 18:31:00,Delivered
O1005122,Delhivery,2025-08-25 02:01:00,2025-08-27 13:01:00,2025-08-27 13:01:00,Delivered
O1005123,Delhivery,2025-01-13 12:22:00,2025-01-17 10:22:00,2025-01-17 10:22:00,Delivered
O1005124,DHL,2025-01-29 19:19:00,2025-02-02 12:19:00,2025-02-02 12:19:00,Delivered
O1005125,DHL,2025-11-07 05:40:00,2025-11-09 07:40:00,2025-11-09 13:40:00,Delayed
O1005126,DHL,2025-02-21 14:27:00,2025-02-22 23:27:00,2025-02-22 23:27:00,Delivered
O1005127,DHL,2025-10-19 20:36:00,2025-10-20 20:36:00,2025-10-20 20:36:00,Delivered
O1005128,EcomExpress,2025-11-25 18:01:00,2025-11-28 16:01:00,2025-11-29 04:01:00,Delayed
O1005129,EcomExpress,2025-06-26 15:44:00,2025-06-29 16:44:00,2025-06-29 16:44:00,Delivered
O1005131,BlueDart,2025-06-06 09:58:00,2025-06-10 02:58:00,2025-06-10 08:58:00,Delayed
O1005133,DHL,2025-03-28 16:58:00,2025-03-31 09:58:00,2025-03-31 09:58:00,Delivered
O1005134,DHL,2025-06-07 16:07:00,2025-06-09 11:07:00,2025-06-09 11:07:00,Delivered
O1005135,EcomExpress,2025-05-22 23:24:00,2025-05-24 00:24:00,2025-05-24 06:24:00,Delayed
O1005136,Delhivery,2025-10-15 17:42:00,2025-10-18 06:42:00,2025-10-19 06:42:00,Delayed
O1005137,BlueDart,2025-01-17 18:49:00,2025-01-19 14:49:00,2025-01-20 14:49:00,Delayed
O1005138,BlueDart,2025-10-31 11:21:00,2025-11-03 20:21:00,2025-11-04 20:21:00,Delayed
O1005139,BlueDart,2025-01-10 03:16:00,2025-01-13 01:16:00,2025-01-13 01:16:00,Delivered
O1005140,Delhivery,2025-04-27 18:34:00,2025-04-30 07:34:00,2025-04-30 07:34:00,Delivered
O1005141,BlueDart,2025-08-07 06:00:00,2025-08-10 11:00:00,2025-08-10 23:00:00,Delayed
O1005142,EcomExpress,2025-02-23 22:04:00,2025-02-26 11:04:00,2025-02-26 23:04:00,Delayed
O1005143,EcomExpress,2025-06-29 17:14:00,2025-07-02 15:14:00,2025-07-02 15:14:00,Delivered
O1005144,BlueDart,2025-12-30 11:23:00,2026-01-02 18:23:00,2026-01-02 18:23:00,Delivered
O1005146,DHL,2025-01-13 01:37:00,2025-01-14 06:37:00,2025-01-14 06:37:00,Delivered
O1005147,DHL,2025-08-04 23:02:00,2025-08-06 10:02:00,2025-08-06 16:02:00,Delayed
O1005148,Delhivery,2025-08-07 21:03:00,2025-08-10 07:03:00,2025-08-10 13:03:00,Delayed
O1005149,EcomExpress,2025-01-26 03:35:00,2025-01-29 06:35:00,2025-01-29 06:35:00,Delivered
O1005150,EcomExpress,2025-08-26 16:10:00,2025-08-28 22:10:00,2025-08-28 22:10:00,Delivered
O1005151,Delhivery,2025-07-11 07:45:00,2025-07-15 00:45:00,2025-07-16 00:45:00,Delayed
O1005152,DHL,2025-09-07 10:47:00,2025-09-11 08:47:00,2025-09-11 08:47:00,Delivered
O1005153,BlueDart,2025-04-20 11:12:00,2025-04-21 18:12:00,2025-04-22 06:12:00,Delayed
O1005154,BlueDart,2025-04-05 08:46:00,2025-04-08 07:46:00,2025-04-09 07:46:00,Delayed
O1005155,DHL,2025-09-27 06:24:00,2025-09-28 10:24:00,2025-09-29 10:24:00,Delayed
O1005156,EcomExpress,2025-09-22 19:37:00,2025-09-26 03:37:00,2025-09-26 03:37:00,Delivered
O1005157,EcomExpress,2025-03-02 10:39:00,2025-03-03 16:39:00,2025-03-03 22:39:00,Delayed
O1005158,EcomExpress,2025-03-21 09:37:00,2025-03-22 16:37:00,2025-03-22 16:37:00,Delivered
O1005159,BlueDart,2025-08-04 04:59:00,2025-08-07 08:59:00,2025-08-07 08:59:00,Delivered
O1005160,EcomExpress,2025-10-30 16:58:00,2025-11-01 20:58:00,2025-11-01 20:58:00,Delivered
O1005161,DHL,2025-03-15 16:16:00,2025-03-17 20:16:00,2025-03-17 20:16:00,Delivered
O1005162,DHL,2025-03-22 07:35:00,2025-03-24 14:35:00,2025-03-24 14:35:00,Delivered
O1005163,DHL,2025-10-22 20:28:00,2025-10-25 05:28:00,2025-10-25 05:28:00,Delivered
O1005164,BlueDart,2025-09-13 00:11:00,2025-09-16 00:11:00,2025-09-16 00:11:00,Delivered
O1005165,Delhivery,2025-11-26 23:37:00,2025-11-30 03:37:00,2025-11-30 15:37:00,Delayed
O1005166,BlueDart,2025-10-13 16:01:00,2025-10-17 12:01:00,2025-10-18 12:01:00,Delayed
O1005167,DHL,2025-12-15 02:54:00,2025-12-17 15:54:00,2025-12-17 21:54:00,Delayed
O1005168,Delhivery,2025-03-11 04:07:00,2025-03-14 16:07:00,2025-03-15 04:07:00,Delayed
O1005169,Delhivery,2025-04-11 05:26:00,2025-04-14 00:26:00,2025-04-14 00:26:00,Delivered
O1005170,BlueDart,2025-03-28 21:27:00,2025-03-30 01:27:00,2025-03-30 01:27:00,Delivered
O1005172,Delhivery,2025-10-13 03:55:00,2025-10-16 16:55:00,2025-10-16 16:55:00,Delivered
O1005173,EcomExpress,2025-08-30 22:59:00,2025-09-02 05:59:00,2025-09-02 05:59:00,Delivered
O1005174,DHL,2025-02-02 11:44:00,2025-02-04 19:44:00,2025-02-05 01:44:00,Delayed
O1005175,BlueDart,2025-03-15 17:39:00,2025-03-19 05:39:00,2025-03-20 05:39:00,Delayed
O1005177,DHL,2025-05-28 19:25:00,2025-06-01 09:25:00,2025-06-01 09:25:00,Delivered
O1005178,Delhivery,2025-06-17 12:32:00,2025-06-21 11:32:00,2025-06-21 11:32:00,Delivered
O1005179,BlueDart,2025-04-17 02:24:00,2025-04-19 15:24:00,2025-04-19 15:24:00,Delivered
O1005180,EcomExpress,2025-12-07 03:03:00,2025-12-09 10:03:00,2025-12-09 16:03:00,Delayed
O1005181,EcomExpress,2025-03-20 04:37:00,2025-03-22 08:37:00,2025-03-22 08:37:00,Delivered
O1005182,Delhivery,2025-07-25 20:23:00,2025-07-27 20:23:00,2025-07-27 20:23:00,Delivered
O1005183,EcomExpress,2025-06-09 18:33:00,2025-06-11 12:33:00,2025-06-11 12:33:00,Delivered
O1005184,BlueDart,2025-05-23 04:26:00,2025-05-25 02:26:00,2025-05-25 02:26:00,Delivered
O1005185,EcomExpress,2025-10-30 20:05:00,2025-11-03 00:05:00,2025-11-03 06:05:00,Delayed
O1005186,BlueDart,2025-12-25 00:53:00,2025-12-26 21:53:00,2025-12-26 21:53:00,Delivered
O1005187,DHL,2025-01-04 12:39:00,2025-01-07 08:39:00,2025-01-07 20:39:00,Delayed
O1005188,BlueDart,2025-06-20 10:45:00,2025-06-22 03:45:00,2025-06-23 03:45:00,Delayed
O1005189,Delhivery,2025-02-13 20:59:00,2025-02-17 06:59:00,2025-02-17 06:59:00,Delivered
O1005190,Delhivery,2025-06-09 03:03:00,2025-06-11 09:03:00,2025-06-11 21:03:00,Delayed
O1005191,DHL,2025-08-14 16:46:00,2025-08-17 07:46:00,2025-08-17 07:46:00,Delivered
O1005192,Delhivery,2025-05-31 22:34:00,2025-06-04 19:34:00,2025-06-04 19:34:00,Delivered
O1005193,BlueDart,2025-04-24 12:36:00,2025-04-28 02:36:00,2025-04-28 14:36:00,Delayed
O1005194,DHL,2025-04-25 06:28:00,2025-04-27 05:28:00,2025-04-28 05:28:00,Delayed
O1005195,Delhivery,2025-04-20 18:13:00,2025-04-22 14:13:00,2025-04-22 14:13:00,Delivered
O1005196,BlueDart,2025-04-30 02:41:00,2025-05-02 17:41:00,2025-05-03 05:41:00,Delayed
O1005197,Delhivery,2025-05-18 13:34:00,2025-05-21 17:34:00,2025-05-22 05:34:00,Delayed
O1005198,EcomExpress,2025-09-10 09:29:00,2025-09-14 06:29:00,2025-09-14 06:29:00,Delivered
O1005199,EcomExpress,2025-02-06 00:14:00,2025-02-08 04:14:00,2025-02-08 04:14:00,Delivered
O1005201,Delhivery,2025-07-08 23:13:00,2025-07-11 16:13:00,2025-07-11 16:13:00,Delivered
O1005203,EcomExpress,2025-04-05 19:43:00,2025-04-07 03:43:00,2025-04-07 03:43:00,Delivered
O1005204,BlueDart,2025-03-16 07:37:00,2025-03-19 11:37:00,2025-03-19 11:37:00,Delivered
O1005205,Delhivery,2025-08-17 19:52:00,2025-08-20 09:52:00,2025-08-22 09:52:00,Delayed
O1005206,BlueDart,2025-05-22 00:13:00,2025-05-24 22:13:00,2025-05-25 10:13:00,Delayed
O1005207,DHL,2025-09-26 22:08:00,2025-09-28 14:08:00,2025-09-28 14:08:00,Delivered
O1005209,BlueDart,2025-02-15 00:02:00,2025-02-17 06:02:00,2025-02-17 06:02:00,Delivered
O1005210,EcomExpress,2025-07-22 00:35:00,2025-07-23 04:35:00,2025-07-23 04:35:00,Delivered
O1005211,EcomExpress,2025-05-24 21:52:00,2025-05-26 22:52:00,2025-05-26 22:52:00,Delivered
O1005212,DHL,2025-09-25 10:23:00,2025-09-27 12:23:00,2025-09-27 12:23:00,Delivered
O1005213,EcomExpress,2025-07-04 21:01:00,2025-07-07 05:01:00,2025-07-07 11:01:00,Delayed
O1005214,Delhivery,2025-05-11 01:18:00,2025-05-14 23:18:00,2025-05-14 23:18:00,Delivered
O1005215,EcomExpress,2025-03-01 08:20:00,2025-03-04 04:20:00,2025-03-04 10:20:00,Delayed
O1005216,BlueDart,2025-03-02 03:59:00,2025-03-05 19:59:00,2025-03-06 01:59:00,Delayed
O1005217,Delhivery,2025-10-04 00:35:00,2025-10-05 14:35:00,2025-10-05 14:35:00,Delivered
O1005218,Delhivery,2025-03-25 12:38:00,2025-03-29 10:38:00,2025-03-30 10:38:00,Delayed
O1005219,DHL,2025-07-03 21:18:00,2025-07-06 16:18:00,2025-07-08 16:18:00,Delayed
O1005220,BlueDart,2025-10-26 23:16:00,2025-10-28 01:16:00,2025-10-28 01:16:00,Delivered
O1005221,Delhivery,2025-11-24 20:11:00,2025-11-28 10:11:00,2025-11-28 10:11:00,Delivered
O1005222,Delhivery,2025-04-09 08:06:00,2025-04-10 19:06:00,2025-04-11 07:06:00,Delayed
O1005223,BlueDart,2025-02-10 19:51:00,2025-02-14 04:51:00,2025-02-14 04:51:00,Delivered
O1005224,Delhivery,2025-10-11 06:47:00,2025-10-12 22:47:00,2025-10-14 22:47:00,Delayed
O1005225,DHL,2025-09-09 00:33:00,2025-09-12 00:33:00,2025-09-12 00:33:00,Delivered
O1005226,EcomExpress,2025-05-02 04:16:00,2025-05-05 09:16:00,2025-05-05 21:16:00,Delayed
O1005227,EcomExpress,2025-08-05 17:12:00,2025-08-07 01:12:00,2025-08-07 01:12:00,Delivered
O1005228,EcomExpress,2025-03-10 21:40:00,2025-03-14 19:40:00,2025-03-14 19:40:00,Delivered
O1005229,EcomExpress,2025-09-13 14:57:00,2025-09-17 05:57:00,2025-09-17 05:57:00,Delivered
O1005230,DHL,2025-09-24 17:41:00,2025-09-26 22:41:00,2025-09-26 22:41:00,Delivered
O1005232,BlueDart,2025-06-22 17:13:00,2025-06-24 10:13:00,2025-06-24 10:13:00,Delivered
O1005233,DHL,2025-05-03 13:53:00,2025-05-06 07:53:00,2025-05-06 07:53:00,Delivered
O1005234,BlueDart,2025-01-13 03:10:00,2025-01-16 11:10:00,2025-01-16 23:10:00,Delayed
O1005235,EcomExpress,2025-02-17 14:44:00,2025-02-18 20:44:00,2025-02-18 20:44:00,Delivered
O1005236,Delhivery,2025-12-18 11:44:00,2025-12-19 21:44:00,2025-12-19 21:44:00,Delivered
O1005237,BlueDart,2025-06-16 19:32:00,2025-06-19 16:32:00,2025-06-19 16:32:00,Delivered
O1005238,EcomExpress,2025-02-24 07:50:00,2025-02-26 03:50:00,2025-02-26 09:50:00,Delayed
O1005239,BlueDart,2025-01-17 12:27:00,2025-01-21 04:27:00,2025-01-21 04:27:00,Delivered
O1005240,Delhivery,2025-05-09 22:18:00,2025-05-12 13:18:00,2025-05-14 13:18:00,Delayed
O1005241,EcomExpress,2025-12-26 06:08:00,2025-12-29 05:08:00,2025-12-29 11:08:00,Delayed
O1005242,DHL,2025-05-22 01:32:00,2025-05-24 02:32:00,2025-05-25 02:32:00,Delayed
O1005243,Delhivery,2026-01-01 15:11:00,2026-01-04 14:11:00,2026-01-04 14:11:00,Delivered
O1005245,EcomExpress,2025-10-07 02:42:00,2025-10-08 20:42:00,2025-10-08 20:42:00,Delivered
O1005246,BlueDart,2025-10-14 19:04:00,2025-10-17 06:04:00,2025-10-18 06:04:00,Delayed
O1005247,EcomExpress,2025-01-11 21:08:00,2025-01-12 22:08:00,2025-01-14 22:08:00,Delayed
O1005248,Delhivery,2025-01-04 01:56:00,2025-01-06 09:56:00,2025-01-06 15:56:00,Delayed
O1005249,Delhivery,2025-12-03 22:29:00,2025-12-07 05:29:00,2025-12-08 05:29:00,Delayed
O1005250,Delhivery,2025-12-08 06:03:00,2025-12-10 08:03:00,2025-12-10 08:03:00,Delivered
O1005251,BlueDart,2025-02-18 20:58:00,2025-02-20 00:58:00,2025-02-20 00:58:00,Delivered
O1005252,BlueDart,2025-08-25 04:34:00,2025-08-28 15:34:00,2025-08-28 15:34:00,Delivered
O1005253,BlueDart,2025-12-05 00:30:00,2025-12-06 20:30:00,2025-12-06 20:30:00,Delivered
O1005255,DHL,2025-04-20 14:17:00,2025-04-23 12:17:00,2025-04-24 12:17:00,Delayed
O1005256,EcomExpress,2025-10-26 21:10:00,2025-10-30 00:10:00,2025-10-30 00:10:00,Delivered
O1005257,EcomExpress,2025-08-25 00:13:00,2025-08-26 21:13:00,2025-08-26 21:13:00,Delivered
O1005258,BlueDart,2025-12-05 15:27:00,2025-12-07 12:27:00,2025-12-07 12:27:00,Delivered
O1005259,DHL,2025-02-24 17:02:00,2025-02-27 06:02:00,2025-02-27 12:02:00,Delayed
O1005260,Delhivery,2025-08-09 02:36:00,2025-08-11 11:36:00,2025-08-11 11:36:00,Delivered
O1005261,Delhivery,2025-01-10 07:33:00,2025-01-11 15:33:00,2025-01-12 03:33:00,Delayed
O1005262,BlueDart,2025-05-11 21:07:00,2025-05-13 02:07:00,2025-05-14 02:07:00,Delayed
O1005263,Delhivery,2025-01-05 18:38:00,2025-01-06 21:38:00,2025-01-06 21:38:00,Delivered
O1005264,EcomExpress,2025-06-12 05:16:00,2025-06-14 03:16:00,2025-06-14 03:16:00,Delivered
O1005265,BlueDart,2025-10-24 21:56:00,2025-10-26 06:56:00,2025-10-26 06:56:00,Delivered
O1005266,DHL,2025-08-29 15:00:00,2025-09-01 21:00:00,2025-09-01 21:00:00,Delivered
O1005267,Delhivery,2025-04-27 04:08:00,2025-04-30 18:08:00,2025-04-30 18:08:00,Delivered
O1005268,BlueDart,2025-06-06 08:52:00,2025-06-09 17:52:00,2025-06-09 17:52:00,Delivered
O1005269,DHL,2025-05-16 00:15:00,2025-05-17 18:15:00,2025-05-17 18:15:00,Delivered
O1005270,DHL,2025-09-26 12:26:00,2025-09-28 12:26:00,2025-09-28 12:26:00,Delivered
O1005271,BlueDart,2025-04-08 12:26:00,2025-04-12 09:26:00,2025-04-12 21:26:00,Delayed
O1005272,Delhivery,2025-02-04 08:25:00,2025-02-05 17:25:00,2025-02-05 17:25:00,Delivered
O1005273,DHL,2025-07-05 08:18:00,2025-07-07 08:18:00,2025-07-07 08:18:00,Delivered
O1005274,BlueDart,2025-10-30 18:39:00,2025-11-02 01:39:00,2025-11-02 07:39:00,Delayed
O1005275,BlueDart,2025-06-25 04:31:00,2025-06-27 09:31:00,2025-06-28 09:31:00,Delayed
O1005276,BlueDart,2025-03-16 20:21:00,2025-03-20 15:21:00,2025-03-20 21:21:00,Delayed
O1005277,DHL,2025-01-17 20:55:00,2025-01-21 06:55:00,2025-01-21 06:55:00,Delivered
O1005278,EcomExpress,2025-12-11 18:04:00,2025-12-15 16:04:00,2025-12-15 16:04:00,Delivered
O1005279,DHL,2025-10-06 00:42:00,2025-10-07 16:42:00,2025-10-07 16:42:00,Delivered
O1005280,BlueDart,2025-02-26 20:35:00,2025-02-28 00:35:00,2025-02-28 00:35:00,Delivered
O1005281,EcomExpress,2025-01-28 16:52:00,2025-02-01 09:52:00,2025-02-02 09:52:00,Delayed
O1005282,EcomExpress,2025-02-17 22:13:00,2025-02-19 07:13:00,2025-02-19 07:13:00,Delivered
O1005283,EcomExpress,2025-05-19 08:20:00,2025-05-22 07:20:00,2025-05-22 19:20:00,Delayed
O1005284,BlueDart,2025-10-25 01:52:00,2025-10-28 17:52:00,2025-10-30 17:52:00,Delayed
O1005285,Delhivery,2025-03-01 11:08:00,2025-03-02 15:08:00,2025-03-02 15:08:00,Delivered
O1005286,DHL,2025-10-27 02:13:00,2025-10-29 22:13:00,2025-10-29 22:13:00,Delivered
O1005287,EcomExpress,2025-01-01 16:49:00,2025-01-05 12:49:00,2025-01-05 12:49:00,Delivered
O1005288,Delhivery,2025-09-28 12:01:00,2025-10-02 09:01:00,2025-10-02 21:01:00,Delayed
O1005289,BlueDart,2025-04-15 11:11:00,2025-04-17 07:11:00,2025-04-17 19:11:00,Delayed
O1005290,DHL,2025-12-18 13:37:00,2025-12-20 07:37:00,2025-12-21 07:37:00,Delayed
O1005291,Delhivery,2025-06-24 13:22:00,2025-06-26 05:22:00,2025-06-26 05:22:00,Delivered
O1005292,BlueDart,2025-04-10 00:57:00,2025-04-12 18:57:00,2025-04-13 00:57:00,Delayed
O1005293,EcomExpress,2025-03-31 08:34:00,2025-04-04 00:34:00,2025-04-04 00:34:00,Delivered
O1005294,BlueDart,2025-10-30 13:44:00,2025-11-03 06:44:00,2025-11-03 06:44:00,Delivered
O1005296,DHL,2025-05-10 10:30:00,2025-05-12 09:30:00,2025-05-13 09:30:00,Delayed
O1005297,Delhivery,2025-09-26 16:35:00,2025-09-29 05:35:00,2025-09-30 05:35:00,Delayed
O1005298,BlueDart,2025-07-17 09:54:00,2025-07-20 13:54:00,2025-07-20 19:54:00,Delayed
O1005299,Delhivery,2025-09-01 06:54:00,2025-09-04 06:54:00,2025-09-04 06:54:00,Delivered
O1005300,DHL,2025-06-13 03:32:00,2025-06-14 05:32:00,2025-06-14 05:32:00,Delivered
O1005301,BlueDart,2025-01-25 10:27:00,2025-01-29 01:27:00,2025-01-29 01:27:00,Delivered
O1005302,BlueDart,2025-01-03 16:58:00,2025-01-07 10:58:00,2025-01-07 10:58:00,Delivered
O1005303,Delhivery,2025-01-16 06:58:00,2025-01-19 03:58:00,2025-01-19 15:58:00,Delayed
O1005304,EcomExpress,2025-07-29 14:35:00,2025-07-31 19:35:00,2025-07-31 19:35:00,Delivered
O1005305,DHL,2025-07-07 23:36:00,2025-07-11 07:36:00,2025-07-11 07:36:00,Delivered
O1005306,Delhivery,2025-09-30 22:19:00,2025-10-02 10:19:00,2025-10-02 10:19:00,Delivered
O1005307,EcomExpress,2025-11-24 02:50:00,2025-11-25 17:50:00,2025-11-25 17:50:00,Delivered
O1005308,DHL,2025-03-05 22:03:00,2025-03-09 20:03:00,2025-03-09 20:03:00,Delivered
O1005309,EcomExpress,2025-12-16 23:25:00,2025-12-19 00:25:00,2025-12-19 00:25:00,Delivered
O1005310,DHL,2025-12-07 18:06:00,2025-12-10 23:06:00,2025-12-10 23:06:00,Delivered
O1005311,DHL,2025-08-14 08:24:00,2025-08-16 12:24:00,2025-08-16 12:24:00,Delivered
O1005312,DHL,2025-07-14 12:30:00,2025-07-17 21:30:00,2025-07-17 21:30:00,Delivered
O1005313,Delhivery,2025-03-07 15:47:00,2025-03-11 00:47:00,2025-03-11 00:47:00,Delivered
O1005314,DHL,2025-03-08 02:25:00,2025-03-10 14:25:00,2025-03-10 14:25:00,Delivered
O1005315,Delhivery,2025-01-08 07:25:00,2025-01-10 10:25:00,2025-01-10 10:25:00,Delivered
O1005316,DHL,2025-08-25 03:04:00,2025-08-28 04:04:00,2025-08-30 04:04:00,Delayed
O1005317,EcomExpress,2025-06-09 01:41:00,2025-06-10 15:41:00,2025-06-10 15:41:00,Delivered
O1005318,BlueDart,2025-03-13 09:53:00,2025-03-15 05:53:00,2025-03-16 05:53:00,Delayed
O1005319,BlueDart,2025-02-18 23:43:00,2025-02-20 02:43:00,2025-02-21 02:43:00,Delayed
O1005320,DHL,2025-01-25 02:46:00,2025-01-27 15:46:00,2025-01-29 15:46:00,Delayed
O1005321,BlueDart,2025-08-23 11:21:00,2025-08-26 09:21:00,2025-08-27 09:21:00,Delayed
O1005322,EcomExpress,2025-09-08 16:45:00,2025-09-10 19:45:00,2025-09-11 07:45:00,Delayed
O1005323,DHL,2025-08-20 09:28:00,2025-08-23 14:28:00,2025-08-23 14:28:00,Delivered
O1005324,EcomExpress,2025-02-11 02:13:00,2025-02-13 08:13:00,2025-02-13 08:13:00,Delivered
O1005325,DHL,2025-01-16 16:15:00,2025-01-18 07:15:00,2025-01-18 07:15:00,Delivered
O1005326,EcomExpress,2025-02-09 02:16:00,2025-02-10 02:16:00,2025-02-10 02:16:00,Delivered
O1005328,EcomExpress,2025-09-29 13:02:00,2025-10-03 02:02:00,2025-10-03 08:02:00,Delayed
O1005329,Delhivery,2025-04-18 17:41:00,2025-04-22 03:41:00,2025-04-22 03:41:00,Delivered
O1005330,Delhivery,2025-01-21 10:00:00,2025-01-23 18:00:00,2025-01-23 18:00:00,Delivered
O1005331,DHL,2025-04-28 08:12:00,2025-04-29 23:12:00,2025-04-30 05:12:00,Delayed
O1005332,DHL,2025-10-23 23:07:00,2025-10-26 17:07:00,2025-10-26 17:07:00,Delivered
O1005333,Delhivery,2025-02-23 09:18:00,2025-02-25 19:18:00,2025-02-25 19:18:00,Delivered
O1005334,Delhivery,2025-10-19 08:40:00,2025-10-21 09:40:00,2025-10-21 09:40:00,Delivered
O1005335,DHL,2025-06-20 15:29:00,2025-06-23 14:29:00,2025-06-24 14:29:00,Delayed
O1005336,BlueDart,2025-02-22 13:23:00,2025-02-24 05:23:00,2025-02-24 17:23:00,Delayed
O1005337,EcomExpress,2025-12-08 04:02:00,2025-12-09 06:02:00,2025-12-09 06:02:00,Delivered
O1005339,Delhivery,2025-09-04 05:08:00,2025-09-05 16:08:00,2025-09-05 22:08:00,Delayed
O1005340,EcomExpress,2025-02-05 22:04:00,2025-02-07 22:04:00,2025-02-07 22:04:00,Delivered
O1005341,Delhivery,2025-05-17 06:05:00,2025-05-20 17:05:00,2025-05-20 17:05:00,Delivered
O1005342,Delhivery,2025-08-20 13:34:00,2025-08-22 07:34:00,2025-08-22 07:34:00,Delivered
O1005343,Delhivery,2025-08-25 12:24:00,2025-08-29 09:24:00,2025-08-29 09:24:00,Delivered
O1005344,EcomExpress,2025-01-24 05:49:00,2025-01-25 14:49:00,2025-01-25 14:49:00,Delivered
O1005345,Delhivery,2025-08-10 03:00:00,2025-08-14 02:00:00,2025-08-14 02:00:00,Delivered
O1005346,EcomExpress,2025-12-12 01:11:00,2025-12-15 11:11:00,2025-12-15 17:11:00,Delayed
O1005347,EcomExpress,2025-10-16 07:29:00,2025-10-17 11:29:00,2025-10-17 11:29:00,Delivered
O1005348,DHL,2025-03-18 10:37:00,2025-03-21 00:37:00,2025-03-21 00:37:00,Delivered
O1005349,Delhivery,2025-12-01 04:32:00,2025-12-04 05:32:00,2025-12-04 05:32:00,Delivered
O1005350,DHL,2025-09-08 17:12:00,2025-09-11 01:12:00,2025-09-13 01:12:00,Delayed
O1005351,EcomExpress,2025-01-22 11:28:00,2025-01-26 09:28:00,2025-01-26 15:28:00,Delayed
O1005352,Delhivery,2025-02-16 14:15:00,2025-02-17 23:15:00,2025-02-18 23:15:00,Delayed
O1005353,DHL,2025-12-04 04:30:00,2025-12-06 18:30:00,2025-12-06 18:30:00,Delivered
O1005354,DHL,2025-03-19 05:22:00,2025-03-21 18:22:00,2025-03-21 18:22:00,Delivered
O1005355,EcomExpress,2025-02-06 00:40:00,2025-02-08 19:40:00,2025-02-08 19:40:00,Delivered
O1005356,DHL,2025-06-14 16:02:00,2025-06-16 11:02:00,2025-06-16 23:02:00,Delayed
O1005357,BlueDart,2025-07-12 01:23:00,2025-07-14 12:23:00,2025-07-14 18:23:00,Delayed
O1005358,EcomExpress,2025-07-29 23:28:00,2025-07-31 08:28:00,2025-07-31 20:28:00,Delayed
O1005359,Delhivery,2025-08-30 07:42:00,2025-08-31 15:42:00,2025-08-31 21:42:00,Delayed
O1005360,DHL,2026-01-01 12:18:00,2026-01-04 01:18:00,2026-01-04 01:18:00,Delivered
O1005361,BlueDart,2025-10-05 14:48:00,2025-10-08 18:48:00,2025-10-08 18:48:00,Delivered
O1005362,BlueDart,2025-01-11 12:33:00,2025-01-14 13:33:00,2025-01-14 13:33:00,Delivered
O1005363,Delhivery,2025-02-02 15:44:00,2025-02-06 11:44:00,2025-02-06 11:44:00,Delivered
O1005364,BlueDart,2025-01-01 22:38:00,2025-01-03 02:38:00,2025-01-03 08:38:00,Delayed
O1005365,EcomExpress,2025-05-26 07:00:00,2025-05-28 14:00:00,2025-05-28 14:00:00,Delivered
O1005366,BlueDart,2025-05-08 21:01:00,2025-05-10 01:01:00,2025-05-10 01:01:00,Delivered
O1005367,EcomExpress,2025-12-08 17:28:00,2025-12-10 18:28:00,2025-12-10 18:28:00,Delivered
O1005368,Delhivery,2025-05-14 23:31:00,2025-05-18 04:31:00,2025-05-18 04:31:00,Delivered
O1005369,DHL,2025-01-13 00:04:00,2025-01-15 18:04:00,2025-01-15 18:04:00,Delivered
O1005370,EcomExpress,2025-11-20 05:20:00,2025-11-21 19:20:00,2025-11-21 19:20:00,Delivered
O1005371,Delhivery,2025-04-05 13:01:00,2025-04-06 18:01:00,2025-04-06 18:01:00,Delivered
O1005372,DHL,2025-12-01 04:29:00,2025-12-02 15:29:00,2025-12-02 15:29:00,Delivered
O1005373,DHL,2025-10-10 22:45:00,2025-10-13 04:45:00,2025-10-14 04:45:00,Delayed
O1005374,EcomExpress,2025-11-19 11:24:00,2025-11-23 08:24:00,2025-11-23 08:24:00,Delivered
O1005375,DHL,2025-10-27 15:53:00,2025-10-29 19:53:00,2025-10-29 19:53:00,Delivered
O1005376,EcomExpress,2025-02-23 05:12:00,2025-02-24 17:12:00,2025-02-24 17:12:00,Delivered
O1005377,Delhivery,2025-08-17 15:01:00,2025-08-19 10:01:00,2025-08-19 10:01:00,Delivered
O1005378,EcomExpress,2025-06-01 03:15:00,2025-06-04 04:15:00,2025-06-04 10:15:00,Delayed
O1005379,BlueDart,2025-08-18 17:53:00,2025-08-20 13:53:00,2025-08-20 13:53:00,Delivered
O1005380,EcomExpress,2025-10-01 13:54:00,2025-10-04 23:54:00,2025-10-05 11:54:00,Delayed
O1005381,EcomExpress,2025-07-03 08:54:00,2025-07-04 10:54:00,2025-07-04 10:54:00,Delivered
O1005382,Delhivery,2025-04-26 14:24:00,2025-04-28 13:24:00,2025-04-28 13:24:00,Delivered
O1005383,EcomExpress,2025-12-01 21:32:00,2025-12-03 15:32:00,2025-12-03 15:32:00,Delivered
O1005384,BlueDart,2025-08-31 22:29:00,2025-09-03 07:29:00,2025-09-03 07:29:00,Delivered
O1005385,Delhivery,2025-11-20 11:24:00,2025-11-22 15:24:00,2025-11-22 15:24:00,Delivered
O1005386,Delhivery,2025-03-29 03:50:00,2025-03-31 18:50:00,2025-03-31 18:50:00,Delivered
O1005387,DHL,2025-11-03 13:48:00,2025-11-05 12:48:00,2025-11-05 12:48:00,Delivered
O1005388,DHL,2025-04-29 20:51:00,2025-05-01 10:51:00,2025-05-02 10:51:00,Delayed
O1005389,BlueDart,2025-06-18 14:16:00,2025-06-21 12:16:00,2025-06-21 12:16:00,Delivered
O1005390,BlueDart,2025-11-12 07:00:00,2025-11-14 04:00:00,2025-11-14 04:00:00,Delivered
O1005391,DHL,2025-05-11 18:39:00,2025-05-15 09:39:00,2025-05-15 09:39:00,Delivered
O1005392,Delhivery,2025-04-02 19:32:00,2025-04-06 16:32:00,2025-04-08 16:32:00,Delayed
O1005393,BlueDart,2025-12-01 15:01:00,2025-12-03 07:01:00,2025-12-03 07:01:00,Delivered
O1005394,DHL,2025-12-18 20:21:00,2025-12-20 15:21:00,2025-12-20 15:21:00,Delivered
O1005395,Delhivery,2025-04-24 19:07:00,2025-04-28 15:07:00,2025-04-28 15:07:00,Delivered
O1005396,EcomExpress,2025-04-23 00:39:00,2025-04-26 10:39:00,2025-04-26 10:39:00,Delivered
O1005397,Delhivery,2025-03-25 20:19:00,2025-03-28 04:19:00,2025-03-28 10:19:00,Delayed
O1005398,EcomExpress,2025-01-09 20:58:00,2025-01-12 10:58:00,2025-01-12 10:58:00,Delivered
O1005399,Delhivery,2025-07-21 21:06:00,2025-07-23 14:06:00,2025-07-23 14:06:00,Delivered
O1005400,DHL,2025-04-05 18:11:00,2025-04-08 16:11:00,2025-04-08 16:11:00,Delivered
O1005401,Delhivery,2025-11-06 19:47:00,2025-11-10 14:47:00,2025-11-10 14:47:00,Delivered
O1005402,Delhivery,2025-03-05 17:47:00,2025-03-08 01:47:00,2025-03-08 01:47:00,Delivered
O1005403,DHL,2025-08-21 15:15:00,2025-08-23 22:15:00,2025-08-23 22:15:00,Delivered
O1005404,BlueDart,2025-07-05 06:49:00,2025-07-08 00:49:00,2025-07-08 12:49:00,Delayed
O1005405,BlueDart,2025-08-13 08:28:00,2025-08-16 19:28:00,2025-08-17 19:28:00,Delayed
O1005406,BlueDart,2025-02-12 02:42:00,2025-02-14 16:42:00,2025-02-14 16:42:00,Delivered
O1005407,Delhivery,2025-06-21 16:19:00,2025-06-23 23:19:00,2025-06-23 23:19:00,Delivered
O1005408,DHL,2025-08-18 16:15:00,2025-08-21 02:15:00,2025-08-21 08:15:00,Delayed
O1005409,BlueDart,2025-05-06 00:04:00,2025-05-07 00:04:00,2025-05-07 12:04:00,Delayed
O1005410,Delhivery,2025-11-17 04:04:00,2025-11-20 13:04:00,2025-11-20 13:04:00,Delivered
O1005411,BlueDart,2025-07-13 21:13:00,2025-07-15 22:13:00,2025-07-15 22:13:00,Delivered
O1005412,Delhivery,2025-05-13 17:35:00,2025-05-17 08:35:00,2025-05-17 20:35:00,Delayed
O1005413,DHL,2025-01-13 11:56:00,2025-01-15 13:56:00,2025-01-15 13:56:00,Delivered
O1005414,BlueDart,2025-03-04 13:40:00,2025-03-06 07:40:00,2025-03-06 07:40:00,Delivered
O1005415,Delhivery,2025-06-24 02:09:00,2025-06-27 17:09:00,2025-06-27 17:09:00,Delivered
O1005416,Delhivery,2025-05-28 08:49:00,2025-05-29 17:49:00,2025-05-30 05:49:00,Delayed
O1005417,EcomExpress,2025-11-16 00:08:00,2025-11-19 08:08:00,2025-11-19 08:08:00,Delivered
O1005418,Delhivery,2025-10-15 05:59:00,2025-10-18 15:59:00,2025-10-18 15:59:00,Delivered
O1005419,Delhivery,2025-03-01 07:59:00,2025-03-02 22:59:00,2025-03-02 22:59:00,Delivered
O1005420,Delhivery,2025-08-04 20:37:00,2025-08-06 11:37:00,2025-08-06 11:37:00,Delivered
O1005421,DHL,2025-06-16 11:31:00,2025-06-18 10:31:00,2025-06-18 10:31:00,Delivered
O1005422,Delhivery,2025-02-07 10:58:00,2025-02-11 00:58:00,2025-02-11 00:58:00,Delivered
O1005423,BlueDart,2025-09-02 07:13:00,2025-09-04 07:13:00,2025-09-04 07:13:00,Delivered
O1005424,Delhivery,2025-07-16 19:29:00,2025-07-18 02:29:00,2025-07-18 14:29:00,Delayed
O1005425,Delhivery,2025-02-02 14:55:00,2025-02-04 19:55:00,2025-02-04 19:55:00,Delivered
O1005426,BlueDart,2025-06-21 04:35:00,2025-06-22 10:35:00,2025-06-24 10:35:00,Delayed
O1005427,Delhivery,2025-09-26 19:42:00,2025-09-29 09:42:00,2025-10-01 09:42:00,Delayed
O1005428,BlueDart,2025-04-30 23:39:00,2025-05-02 12:39:00,2025-05-03 12:39:00,Delayed
O1005429,DHL,2025-05-12 04:34:00,2025-05-14 00:34:00,2025-05-14 00:34:00,Delivered
O1005430,Delhivery,2025-02-10 14:43:00,2025-02-11 14:43:00,2025-02-11 14:43:00,Delivered
O1005431,DHL,2025-03-17 12:23:00,2025-03-18 13:23:00,2025-03-18 13:23:00,Delivered
O1005432,BlueDart,2025-12-25 14:23:00,2025-12-28 19:23:00,2025-12-28 19:23:00,Delivered
O1005433,BlueDart,2025-08-16 09:19:00,2025-08-20 03:19:00,2025-08-21 03:19:00,Delayed
O1005434,DHL,2025-03-07 14:15:00,2025-03-09 18:15:00,2025-03-10 00:15:00,Delayed
O1005435,Delhivery,2025-06-26 19:36:00,2025-06-27 20:36:00,2025-06-28 20:36:00,Delayed
O1005436,BlueDart,2025-03-13 20:51:00,2025-03-17 16:51:00,2025-03-19 16:51:00,Delayed
O1005438,Delhivery,2025-02-24 03:41:00,2025-02-26 08:41:00,2025-02-27 08:41:00,Delayed
O1005439,EcomExpress,2025-08-15 07:48:00,2025-08-17 09:48:00,2025-08-17 09:48:00,Delivered
O1005440,EcomExpress,2025-07-29 00:18:00,2025-08-01 09:18:00,2025-08-03 09:18:00,Delayed
O1005441,DHL,2025-08-21 07:35:00,2025-08-24 09:35:00,2025-08-24 09:35:00,Delivered
O1005442,Delhivery,2025-06-11 11:59:00,2025-06-14 16:59:00,2025-06-15 04:59:00,Delayed
O1005443,Delhivery,2025-04-15 12:50:00,2025-04-18 13:50:00,2025-04-18 19:50:00,Delayed
O1005444,BlueDart,2025-04-03 08:33:00,2025-04-04 09:33:00,2025-04-04 09:33:00,Delivered
O1005445,BlueDart,2025-03-21 00:50:00,2025-03-22 23:50:00,2025-03-22 23:50:00,Delivered
O1005446,EcomExpress,2025-06-07 02:23:00,2025-06-10 02:23:00,2025-06-10 02:23:00,Delivered
O1005447,Delhivery,2025-06-15 03:32:00,2025-06-18 19:32:00,2025-06-18 19:32:00,Delivered
O1005448,Delhivery,2025-09-04 01:47:00,2025-09-06 22:47:00,2025-09-07 04:47:00,Delayed
O1005449,Delhivery,2025-01-21 11:48:00,2025-01-23 15:48:00,2025-01-23 15:48:00,Delivered
O1005450,EcomExpress,2025-04-14 01:37:00,2025-04-17 17:37:00,2025-04-17 17:37:00,Delivered
O1005451,Delhivery,2025-11-09 06:57:00,2025-11-11 21:57:00,2025-11-12 03:57:00,Delayed
O1005452,BlueDart,2025-12-02 06:08:00,2025-12-03 15:08:00,2025-12-03 15:08:00,Delivered
O1005453,DHL,2025-12-06 19:38:00,2025-12-08 23:38:00,2025-12-09 05:38:00,Delayed
O1005454,Delhivery,2025-04-23 02:48:00,2025-04-26 14:48:00,2025-04-26 14:48:00,Delivered
O1005455,Delhivery,2025-02-21 13:20:00,2025-02-23 20:20:00,2025-02-24 20:20:00,Delayed
O1005456,EcomExpress,2025-03-15 11:04:00,2025-03-18 02:04:00,2025-03-20 02:04:00,Delayed
O1005457,DHL,2025-02-19 11:30:00,2025-02-20 14:30:00,2025-02-20 20:30:00,Delayed
O1005458,Delhivery,2025-12-15 16:04:00,2025-12-18 15:04:00,2025-12-18 15:04:00,Delivered
O1005459,BlueDart,2025-11-20 02:50:00,2025-11-22 00:50:00,2025-11-22 00:50:00,Delivered
O1005460,Delhivery,2025-10-24 00:54:00,2025-10-25 06:54:00,2025-10-25 06:54:00,Delivered
O1005461,Delhivery,2025-09-24 11:00:00,2025-09-28 07:00:00,2025-09-28 19:00:00,Delayed
O1005462,BlueDart,2025-05-07 07:22:00,2025-05-09 12:22:00,2025-05-09 12:22:00,Delivered
O1005463,DHL,2025-06-24 00:02:00,2025-06-27 11:02:00,2025-06-27 11:02:00,Delivered
O1005464,BlueDart,2025-11-05 05:53:00,2025-11-08 07:53:00,2025-11-08 07:53:00,Delivered
O1005465,EcomExpress,2025-10-26 00:54:00,2025-10-29 15:54:00,2025-10-29 15:54:00,Delivered
O1005466,BlueDart,2025-07-09 16:41:00,2025-07-11 23:41:00,2025-07-12 11:41:00,Delayed
O1005467,EcomExpress,2025-11-02 13:24:00,2025-11-05 16:24:00,2025-11-05 16:24:00,Delivered
O1005468,BlueDart,2025-05-08 14:04:00,2025-05-12 09:04:00,2025-05-12 09:04:00,Delivered
O1005469,BlueDart,2025-06-01 02:07:00,2025-06-04 01:07:00,2025-06-04 01:07:00,Delivered
O1005470,BlueDart,2025-11-04 08:41:00,2025-11-07 07:41:00,2025-11-07 07:41:00,Delivered
O1005471,EcomExpress,2025-05-18 15:53:00,2025-05-22 07:53:00,2025-05-22 07:53:00,Delivered
O1005472,BlueDart,2025-10-02 18:22:00,2025-10-04 19:22:00,2025-10-04 19:22:00,Delivered
O1005473,Delhivery,2025-06-16 01:39:00,2025-06-18 15:39:00,2025-06-19 03:39:00,Delayed
O1005474,BlueDart,2025-04-20 01:31:00,2025-04-23 05:31:00,2025-04-23 11:31:00,Delayed
O1005475,Delhivery,2025-03-21 20:48:00,2025-03-25 13:48:00,2025-03-25 13:48:00,Delivered
O1005477,DHL,2025-06-26 12:22:00,2025-06-29 21:22:00,2025-06-29 21:22:00,Delivered
O1005478,EcomExpress,2025-05-16 12:42:00,2025-05-18 17:42:00,2025-05-18 17:42:00,Delivered
O1005479,BlueDart,2025-09-29 16:26:00,2025-10-03 00:26:00,2025-10-03 06:26:00,Delayed
O1005480,Delhivery,2025-01-02 09:06:00,2025-01-05 04:06:00,2025-01-06 04:06:00,Delayed
O1005481,EcomExpress,2025-02-04 10:28:00,2025-02-06 18:28:00,2025-02-07 06:28:00,Delayed
O1005482,Delhivery,2025-12-18 18:25:00,2025-12-21 03:25:00,2025-12-22 03:25:00,Delayed
O1005483,Delhivery,2025-09-01 04:51:00,2025-09-04 10:51:00,2025-09-04 10:51:00,Delivered
O1005484,DHL,2025-07-21 13:04:00,2025-07-22 14:04:00,2025-07-23 02:04:00,Delayed
O1005485,DHL,2025-01-07 09:35:00,2025-01-11 05:35:00,2025-01-11 05:35:00,Delivered
O1005486,BlueDart,2025-08-07 14:41:00,2025-08-09 04:41:00,2025-08-09 04:41:00,Delivered
O1005487,EcomExpress,2025-06-09 05:11:00,2025-06-12 07:11:00,2025-06-12 07:11:00,Delivered
O1005488,BlueDart,2025-08-07 19:37:00,2025-08-11 13:37:00,2025-08-11 13:37:00,Delivered
O1005489,Delhivery,2025-01-15 20:13:00,2025-01-17 11:13:00,2025-01-17 23:13:00,Delayed
O1005490,EcomExpress,2025-07-20 13:01:00,2025-07-23 08:01:00,2025-07-23 20:01:00,Delayed
O1005491,BlueDart,2025-07-31 01:27:00,2025-08-02 15:27:00,2025-08-03 15:27:00,Delayed
O1005492,DHL,2025-04-17 13:34:00,2025-04-18 16:34:00,2025-04-18 22:34:00,Delayed
O1005493,Delhivery,2025-01-21 10:15:00,2025-01-24 08:15:00,2025-01-24 08:15:00,Delivered
O1005494,BlueDart,2025-12-21 18:45:00,2025-12-25 15:45:00,2025-12-25 15:45:00,Delivered
O1005495,BlueDart,2025-09-17 02:23:00,2025-09-20 18:23:00,2025-09-20 18:23:00,Delivered
O1005497,DHL,2025-10-08 14:44:00,2025-10-12 08:44:00,2025-10-12 08:44:00,Delivered
O1005498,Delhivery,2025-09-02 21:51:00,2025-09-05 08:51:00,2025-09-05 08:51:00,Delivered
O1005499,EcomExpress,2025-02-19 13:51:00,2025-02-22 16:51:00,2025-02-23 16:51:00,Delayed
O1005500,EcomExpress,2025-06-16 09:26:00,2025-06-18 02:26:00,2025-06-18 08:26:00,Delayed
O1005501,BlueDart,2025-11-21 18:07:00,2025-11-23 14:07:00,2025-11-23 14:07:00,Delivered
O1005502,BlueDart,2025-04-16 14:10:00,2025-04-20 09:10:00,2025-04-20 09:10:00,Delivered
O1005503,BlueDart,2025-12-21 16:17:00,2025-12-23 13:17:00,2025-12-23 19:17:00,Delayed
O1005504,Delhivery,2025-01-24 14:16:00,2025-01-27 18:16:00,2025-01-28 00:16:00,Delayed
O1005505,DHL,2025-05-02 19:32:00,2025-05-06 09:32:00,2025-05-06 09:32:00,Delivered
O1005506,BlueDart,2025-05-09 06:32:00,2025-05-12 03:32:00,2025-05-12 03:32:00,Delivered
O1005507,EcomExpress,2025-08-15 06:34:00,2025-08-16 10:34:00,2025-08-16 16:34:00,Delayed
O1005508,EcomExpress,2025-03-06 10:47:00,2025-03-10 06:47:00,2025-03-10 06:47:00,Delivered
O1005509,Delhivery,2025-03-26 00:35:00,2025-03-27 17:35:00,2025-03-27 17:35:00,Delivered
O1005510,EcomExpress,2025-08-30 18:16:00,2025-09-03 17:16:00,2025-09-05 17:16:00,Delayed
O1005511,Delhivery,2025-04-14 16:30:00,2025-04-16 03:30:00,2025-04-16 03:30:00,Delivered
O1005512,DHL,2025-11-18 08:51:00,2025-11-20 08:51:00,2025-11-20 08:51:00,Delivered
O1005513,Delhivery,2025-11-14 16:11:00,2025-11-17 19:11:00,2025-11-17 19:11:00,Delivered
O1005514,Delhivery,2025-04-22 15:11:00,2025-04-23 18:11:00,2025-04-23 18:11:00,Delivered
O1005515,EcomExpress,2025-07-25 06:23:00,2025-07-27 09:23:00,2025-07-27 15:23:00,Delayed
O1005516,DHL,2025-05-03 01:52:00,2025-05-06 17:52:00,2025-05-06 17:52:00,Delivered
O1005517,Delhivery,2025-05-06 22:14:00,2025-05-10 15:14:00,2025-05-10 15:14:00,Delivered
O1005518,EcomExpress,2025-09-02 20:04:00,2025-09-05 11:04:00,2025-09-05 11:04:00,Delivered
O1005519,DHL,2025-04-18 05:43:00,2025-04-21 14:43:00,2025-04-22 02:43:00,Delayed
O1005520,DHL,2025-02-25 01:03:00,2025-02-28 10:03:00,2025-02-28 10:03:00,Delivered
O1005521,BlueDart,2025-04-06 05:00:00,2025-04-10 03:00:00,2025-04-10 03:00:00,Delivered
O1005522,EcomExpress,2025-12-07 08:16:00,2025-12-09 15:16:00,2025-12-09 15:16:00,Delivered
O1005523,Delhivery,2025-04-06 11:23:00,2025-04-08 08:23:00,2025-04-08 08:23:00,Delivered
O1005524,BlueDart,2025-05-13 18:22:00,2025-05-17 09:22:00,2025-05-17 09:22:00,Delivered
O1005525,BlueDart,2025-08-18 23:42:00,2025-08-21 09:42:00,2025-08-21 09:42:00,Delivered
O1005526,EcomExpress,2025-02-07 08:16:00,2025-02-10 03:16:00,2025-02-11 03:16:00,Delayed
O1005527,BlueDart,2025-04-09 04:30:00,2025-04-12 03:30:00,2025-04-13 03:30:00,Delayed
O1005528,BlueDart,2025-03-06 11:47:00,2025-03-09 20:47:00,2025-03-10 02:47:00,Delayed
O1005529,Delhivery,2025-12-04 12:45:00,2025-12-08 10:45:00,2025-12-08 22:45:00,Delayed
O1005530,Delhivery,2025-12-07 16:33:00,2025-12-09 18:33:00,2025-12-09 18:33:00,Delivered
O1005531,Delhivery,2025-10-03 22:43:00,2025-10-05 22:43:00,2025-10-07 22:43:00,Delayed
O1005532,Delhivery,2025-04-01 21:15:00,2025-04-05 12:15:00,2025-04-06 00:15:00,Delayed
O1005533,BlueDart,2025-08-14 03:16:00,2025-08-16 02:16:00,2025-08-16 08:16:00,Delayed
O1005534,DHL,2025-08-31 01:07:00,2025-09-02 23:07:00,2025-09-02 23:07:00,Delivered
O1005536,EcomExpress,2025-02-27 23:10:00,2025-03-02 20:10:00,2025-03-03 08:10:00,Delayed
O1005537,DHL,2025-09-26 22:16:00,2025-09-29 05:16:00,2025-09-30 05:16:00,Delayed
O1005538,Delhivery,2025-03-12 20:42:00,2025-03-15 19:42:00,2025-03-15 19:42:00,Delivered
O1005539,DHL,2025-07-27 21:35:00,2025-07-31 00:35:00,2025-07-31 00:35:00,Delivered
O1005540,Delhivery,2025-11-17 21:18:00,2025-11-19 10:18:00,2025-11-19 10:18:00,Delivered
O1005541,EcomExpress,2025-01-24 16:27:00,2025-01-26 05:27:00,2025-01-26 17:27:00,Delayed
O1005542,EcomExpress,2025-02-25 13:02:00,2025-02-27 21:02:00,2025-03-01 21:02:00,Delayed
O1005543,Delhivery,2025-10-25 02:24:00,2025-10-28 15:24:00,2025-10-28 15:24:00,Delivered
O1005544,DHL,2025-01-07 13:31:00,2025-01-09 16:31:00,2025-01-09 16:31:00,Delivered
O1005546,DHL,2025-07-03 02:06:00,2025-07-05 11:06:00,2025-07-05 11:06:00,Delivered
O1005547,Delhivery,2025-05-08 00:22:00,2025-05-10 06:22:00,2025-05-10 18:22:00,Delayed
O1005548,DHL,2025-11-12 10:55:00,2025-11-15 18:55:00,2025-11-15 18:55:00,Delivered
O1005549,DHL,2025-11-07 00:25:00,2025-11-08 10:25:00,2025-11-08 22:25:00,Delayed
O1005550,Delhivery,2025-04-30 02:21:00,2025-05-02 21:21:00,2025-05-02 21:21:00,Delivered
O1005551,DHL,2025-01-02 19:40:00,2025-01-05 17:40:00,2025-01-05 17:40:00,Delivered
O1005552,DHL,2025-02-17 04:34:00,2025-02-18 18:34:00,2025-02-18 18:34:00,Delivered
O1005553,Delhivery,2025-02-10 01:46:00,2025-02-11 14:46:00,2025-02-11 14:46:00,Delivered
O1005554,BlueDart,2025-12-26 15:31:00,2025-12-29 17:31:00,2025-12-31 17:31:00,Delayed
O1005555,EcomExpress,2025-08-07 13:48:00,2025-08-08 14:48:00,2025-08-08 14:48:00,Delivered
O1005556,BlueDart,2025-09-06 12:12:00,2025-09-08 03:12:00,2025-09-08 09:12:00,Delayed
O1005557,BlueDart,2025-03-27 00:39:00,2025-03-29 11:39:00,2025-03-30 11:39:00,Delayed
O1005558,BlueDart,2025-11-08 09:14:00,2025-11-09 09:14:00,2025-11-09 21:14:00,Delayed
O1005559,BlueDart,2025-09-22 08:30:00,2025-09-23 10:30:00,2025-09-25 10:30:00,Delayed
O1005560,EcomExpress,2025-10-03 15:17:00,2025-10-06 12:17:00,2025-10-06 12:17:00,Delivered
O1005561,EcomExpress,2025-06-21 13:20:00,2025-06-24 12:20:00,2025-06-24 18:20:00,Delayed
O1005562,DHL,2025-09-13 11:43:00,2025-09-17 07:43:00,2025-09-17 07:43:00,Delivered
O1005563,BlueDart,2025-07-19 01:59:00,2025-07-21 19:59:00,2025-07-22 19:59:00,Delayed
O1005564,BlueDart,2025-05-21 22:15:00,2025-05-23 06:15:00,2025-05-23 12:15:00,Delayed
O1005565,EcomExpress,2025-08-05 16:51:00,2025-08-08 08:51:00,2025-08-08 20:51:00,Delayed
O1005566,BlueDart,2025-04-29 23:45:00,2025-05-01 00:45:00,2025-05-01 00:45:00,Delivered
O1005567,Delhivery,2025-12-15 15:13:00,2025-12-16 21:13:00,2025-12-17 03:13:00,Delayed
O1005568,BlueDart,2025-09-19 20:39:00,2025-09-21 11:39:00,2025-09-22 11:39:00,Delayed
O1005569,EcomExpress,2025-09-28 06:31:00,2025-09-29 14:31:00,2025-09-29 14:31:00,Delivered
O1005570,Delhivery,2025-09-20 03:41:00,2025-09-24 01:41:00,2025-09-24 01:41:00,Delivered
O1005571,Delhivery,2025-06-14 01:20:00,2025-06-17 00:20:00,2025-06-17 00:20:00,Delivered
O1005572,Delhivery,2025-12-14 01:50:00,2025-12-16 19:50:00,2025-12-17 19:50:00,Delayed
O1005573,BlueDart,2025-03-17 22:11:00,2025-03-19 00:11:00,2025-03-19 00:11:00,Delivered
O1005574,Delhivery,2025-07-27 14:03:00,2025-07-29 00:03:00,2025-07-29 00:03:00,Delivered
O1005575,BlueDart,2025-01-27 00:45:00,2025-01-28 08:45:00,2025-01-29 08:45:00,Delayed
O1005576,Delhivery,2025-04-19 00:15:00,2025-04-21 20:15:00,2025-04-21 20:15:00,Delivered
O1005577,Delhivery,2025-07-30 07:10:00,2025-08-02 13:10:00,2025-08-03 01:10:00,Delayed
O1005578,BlueDart,2025-06-28 18:33:00,2025-07-01 13:33:00,2025-07-02 01:33:00,Delayed
O1005579,DHL,2025-12-10 18:34:00,2025-12-12 06:34:00,2025-12-12 06:34:00,Delivered
O1005580,Delhivery,2025-08-14 00:07:00,2025-08-15 18:07:00,2025-08-15 18:07:00,Delivered
O1005581,Delhivery,2025-06-01 09:51:00,2025-06-03 20:51:00,2025-06-03 20:51:00,Delivered
O1005582,EcomExpress,2025-06-06 12:58:00,2025-06-08 19:58:00,2025-06-08 19:58:00,Delivered
O1005583,BlueDart,2025-08-12 17:29:00,2025-08-14 00:29:00,2025-08-14 00:29:00,Delivered
O1005584,EcomExpress,2025-10-17 06:30:00,2025-10-19 12:30:00,2025-10-19 12:30:00,Delivered
O1005585,Delhivery,2025-04-12 09:52:00,2025-04-14 01:52:00,2025-04-14 01:52:00,Delivered
O1005586,Delhivery,2025-08-03 07:16:00,2025-08-04 21:16:00,2025-08-06 21:16:00,Delayed
O1005587,Delhivery,2025-07-30 04:28:00,2025-08-02 19:28:00,2025-08-02 19:28:00,Delivered
O1005588,EcomExpress,2025-01-05 00:59:00,2025-01-06 08:59:00,2025-01-06 08:59:00,Delivered
O1005589,BlueDart,2025-12-01 20:48:00,2025-12-05 02:48:00,2025-12-05 02:48:00,Delivered
O1005590,Delhivery,2025-07-28 05:03:00,2025-07-29 08:03:00,2025-07-29 08:03:00,Delivered
O1005591,BlueDart,2025-03-31 03:26:00,2025-04-01 16:26:00,2025-04-01 16:26:00,Delivered
O1005592,DHL,2025-08-21 03:34:00,2025-08-24 18:34:00,2025-08-24 18:34:00,Delivered
O1005593,Delhivery,2025-09-06 15:23:00,2025-09-08 06:23:00,2025-09-08 06:23:00,Delivered
O1005594,EcomExpress,2025-12-02 10:15:00,2025-12-03 14:15:00,2025-12-03 14:15:00,Delivered
O1005595,Delhivery,2025-01-14 06:50:00,2025-01-16 16:50:00,2025-01-16 16:50:00,Delivered
O1005596,Delhivery,2025-06-02 14:19:00,2025-06-04 07:19:00,2025-06-04 07:19:00,Delivered
O1005597,Delhivery,2025-03-08 05:58:00,2025-03-11 02:58:00,2025-03-11 14:58:00,Delayed
O1005598,DHL,2025-07-30 00:43:00,2025-08-01 15:43:00,2025-08-01 15:43:00,Delivered
O1005599,Delhivery,2025-07-04 06:33:00,2025-07-06 23:33:00,2025-07-06 23:33:00,Delivered
O1005600,DHL,2025-06-24 09:46:00,2025-06-25 11:46:00,2025-06-25 11:46:00,Delivered
O1005601,BlueDart,2025-12-26 05:14:00,2025-12-28 01:14:00,2025-12-28 13:14:00,Delayed
O1005602,BlueDart,2025-07-15 14:49:00,2025-07-16 16:49:00,2025-07-16 16:49:00,Delivered
O1005603,Delhivery,2025-05-31 20:14:00,2025-06-04 16:14:00,2025-06-04 16:14:00,Delivered
O1005604,DHL,2025-01-25 12:26:00,2025-01-26 18:26:00,2025-01-26 18:26:00,Delivered
O1005605,EcomExpress,2025-04-17 01:51:00,2025-04-20 13:51:00,2025-04-21 01:51:00,Delayed
O1005606,BlueDart,2025-11-25 01:47:00,2025-11-28 15:47:00,2025-11-28 15:47:00,Delivered
O1005607,Delhivery,2025-06-15 04:28:00,2025-06-18 02:28:00,2025-06-18 02:28:00,Delivered
O1005608,EcomExpress,2025-11-30 06:48:00,2025-12-03 16:48:00,2025-12-03 22:48:00,Delayed
O1005609,BlueDart,2025-07-15 05:50:00,2025-07-18 22:50:00,2025-07-18 22:50:00,Delivered
O1005610,EcomExpress,2025-07-20 23:53:00,2025-07-24 15:53:00,2025-07-24 15:53:00,Delivered
O1005611,BlueDart,2025-06-06 22:52:00,2025-06-08 19:52:00,2025-06-09 01:52:00,Delayed
O1005612,EcomExpress,2025-07-24 11:44:00,2025-07-27 18:44:00,2025-07-27 18:44:00,Delivered
O1005613,Delhivery,2025-01-26 02:29:00,2025-01-27 23:29:00,2025-01-27 23:29:00,Delivered
O1005614,DHL,2025-01-23 12:26:00,2025-01-24 21:26:00,2025-01-25 09:26:00,Delayed
O1005615,EcomExpress,2025-06-24 12:31:00,2025-06-26 10:31:00,2025-06-26 10:31:00,Delivered
O1005616,BlueDart,2025-08-07 23:48:00,2025-08-11 18:48:00,2025-08-11 18:48:00,Delivered
O1005617,EcomExpress,2025-07-22 09:42:00,2025-07-23 20:42:00,2025-07-23 20:42:00,Delivered
O1005618,EcomExpress,2025-06-07 09:49:00,2025-06-10 02:49:00,2025-06-11 02:49:00,Delayed
O1005619,Delhivery,2025-04-19 01:56:00,2025-04-20 11:56:00,2025-04-20 11:56:00,Delivered
O1005620,DHL,2025-09-17 08:38:00,2025-09-19 18:38:00,2025-09-19 18:38:00,Delivered
O1005621,DHL,2025-08-09 21:57:00,2025-08-13 14:57:00,2025-08-13 14:57:00,Delivered
O1005622,EcomExpress,2025-01-19 11:03:00,2025-01-23 07:03:00,2025-01-23 07:03:00,Delivered
O1005623,BlueDart,2025-06-16 15:49:00,2025-06-20 04:49:00,2025-06-22 04:49:00,Delayed
O1005624,BlueDart,2025-09-18 03:31:00,2025-09-21 15:31:00,2025-09-21 21:31:00,Delayed
O1005625,EcomExpress,2025-10-15 01:01:00,2025-10-17 16:01:00,2025-10-17 22:01:00,Delayed
O1005626,EcomExpress,2025-04-15 23:07:00,2025-04-17 01:07:00,2025-04-19 01:07:00,Delayed
O1005627,EcomExpress,2025-12-05 07:20:00,2025-12-08 06:20:00,2025-12-08 06:20:00,Delivered
O1005628,Delhivery,2025-08-27 15:05:00,2025-08-29 23:05:00,2025-08-29 23:05:00,Delivered
O1005629,BlueDart,2025-06-09 18:51:00,2025-06-11 11:51:00,2025-06-13 11:51:00,Delayed
O1005630,DHL,2025-08-18 08:06:00,2025-08-21 10:06:00,2025-08-22 10:06:00,Delayed
O1005631,Delhivery,2025-11-16 00:35:00,2025-11-17 01:35:00,2025-11-17 01:35:00,Delivered
O1005633,EcomExpress,2025-02-24 23:00:00,2025-02-26 10:00:00,2025-02-26 10:00:00,Delivered
O1005634,Delhivery,2025-06-10 15:37:00,2025-06-12 22:37:00,2025-06-12 22:37:00,Delivered
O1005635,Delhivery,2025-01-31 16:10:00,2025-02-02 05:10:00,2025-02-02 11:10:00,Delayed
O1005636,BlueDart,2025-11-03 02:42:00,2025-11-06 02:42:00,2025-11-06 02:42:00,Delivered
O1005637,EcomExpress,2025-12-22 11:18:00,2025-12-25 20:18:00,2025-12-25 20:18:00,Delivered
O1005638,BlueDart,2025-08-11 08:41:00,2025-08-14 08:41:00,2025-08-15 08:41:00,Delayed
O1005639,DHL,2025-12-25 07:34:00,2025-12-26 16:34:00,2025-12-26 16:34:00,Delivered
O1005640,EcomExpress,2025-01-26 14:19:00,2025-01-29 09:19:00,2025-01-30 09:19:00,Delayed
O1005641,Delhivery,2025-08-19 16:51:00,2025-08-23 11:51:00,2025-08-23 11:51:00,Delivered
O1005642,Delhivery,2025-06-12 06:02:00,2025-06-16 00:02:00,2025-06-16 00:02:00,Delivered
O1005643,BlueDart,2025-04-13 02:40:00,2025-04-14 13:40:00,2025-04-15 13:40:00,Delayed
O1005644,BlueDart,2025-04-24 20:34:00,2025-04-26 11:34:00,2025-04-27 11:34:00,Delayed
O1005645,EcomExpress,2025-07-19 10:13:00,2025-07-20 22:13:00,2025-07-21 22:13:00,Delayed
O1005646,DHL,2025-08-24 01:06:00,2025-08-25 19:06:00,2025-08-26 07:06:00,Delayed
O1005647,Delhivery,2025-03-02 01:26:00,2025-03-05 18:26:00,2025-03-05 18:26:00,Delivered
O1005649,Delhivery,2025-12-06 05:05:00,2025-12-07 10:05:00,2025-12-07 10:05:00,Delivered
O1005650,BlueDart,2025-01-05 01:43:00,2025-01-07 17:43:00,2025-01-07 17:43:00,Delivered
O1005651,Delhivery,2025-11-18 04:48:00,2025-11-21 23:48:00,2025-11-21 23:48:00,Delivered
O1005652,Delhivery,2025-08-10 16:25:00,2025-08-14 03:25:00,2025-08-15 03:25:00,Delayed
O1005653,BlueDart,2025-05-05 18:25:00,2025-05-08 02:25:00,2025-05-08 02:25:00,Delivered
O1005654,DHL,2025-09-26 19:49:00,2025-09-29 09:49:00,2025-09-29 09:49:00,Delivered
O1005655,Delhivery,2025-08-14 16:28:00,2025-08-16 20:28:00,2025-08-17 08:28:00,Delayed
O1005656,BlueDart,2025-10-09 17:11:00,2025-10-12 17:11:00,2025-10-12 17:11:00,Delivered
O1005657,Delhivery,2025-01-30 16:18:00,2025-02-03 14:18:00,2025-02-03 14:18:00,Delivered
O1005658,BlueDart,2025-01-22 13:22:00,2025-01-25 06:22:00,2025-01-26 06:22:00,Delayed
O1005659,Delhivery,2025-08-24 04:40:00,2025-08-26 10:40:00,2025-08-26 10:40:00,Delivered
O1005660,EcomExpress,2025-04-21 19:44:00,2025-04-25 11:44:00,2025-04-25 11:44:00,Delivered
O1005661,EcomExpress,2025-03-29 04:24:00,2025-03-31 04:24:00,2025-03-31 04:24:00,Delivered
O1005662,DHL,2025-06-03 15:13:00,2025-06-04 19:13:00,2025-06-04 19:13:00,Delivered
O1005663,EcomExpress,2025-09-23 00:31:00,2025-09-24 15:31:00,2025-09-24 15:31:00,Delivered
O1005665,DHL,2025-12-22 22:28:00,2025-12-25 21:28:00,2025-12-26 03:28:00,Delayed
O1005666,EcomExpress,2025-06-04 10:28:00,2025-06-06 17:28:00,2025-06-06 17:28:00,Delivered
O1005667,BlueDart,2025-02-25 01:44:00,2025-02-28 17:44:00,2025-02-28 17:44:00,Delivered
O1005668,DHL,2025-01-26 21:22:00,2025-01-29 22:22:00,2025-01-29 22:22:00,Delivered
O1005669,Delhivery,2025-11-10 08:00:00,2025-11-13 01:00:00,2025-11-14 01:00:00,Delayed
O1005670,EcomExpress,2025-02-12 17:08:00,2025-02-16 10:08:00,2025-02-16 10:08:00,Delivered
O1005671,BlueDart,2025-06-02 15:46:00,2025-06-05 20:46:00,2025-06-05 20:46:00,Delivered
O1005672,BlueDart,2025-09-03 00:17:00,2025-09-04 13:17:00,2025-09-04 19:17:00,Delayed
O1005673,DHL,2025-07-07 14:57:00,2025-07-10 17:57:00,2025-07-11 17:57:00,Delayed
O1005674,Delhivery,2025-04-06 22:14:00,2025-04-09 23:14:00,2025-04-10 11:14:00,Delayed
O1005675,EcomExpress,2025-02-10 00:36:00,2025-02-13 19:36:00,2025-02-14 19:36:00,Delayed
O1005676,EcomExpress,2025-09-18 09:48:00,2025-09-19 09:48:00,2025-09-19 21:48:00,Delayed
O1005677,Delhivery,2025-06-29 10:21:00,2025-06-30 21:21:00,2025-07-02 21:21:00,Delayed
O1005678,BlueDart,2025-01-19 04:31:00,2025-01-22 13:31:00,2025-01-22 13:31:00,Delivered
O1005681,BlueDart,2025-03-04 14:24:00,2025-03-08 11:24:00,2025-03-08 11:24:00,Delivered
O1005682,EcomExpress,2025-05-23 18:18:00,2025-05-25 14:18:00,2025-05-25 14:18:00,Delivered
O1005683,DHL,2025-02-16 13:24:00,2025-02-20 10:24:00,2025-02-21 10:24:00,Delayed
O1005684,DHL,2025-10-19 08:29:00,2025-10-20 10:29:00,2025-10-21 10:29:00,Delayed
O1005685,DHL,2025-08-19 17:52:00,2025-08-22 19:52:00,2025-08-22 19:52:00,Delivered
O1005686,BlueDart,2025-10-15 08:50:00,2025-10-17 12:50:00,2025-10-17 12:50:00,Delivered
O1005687,Delhivery,2025-01-21 01:24:00,2025-01-23 23:24:00,2025-01-23 23:24:00,Delivered
O1005688,DHL,2025-05-19 09:33:00,2025-05-23 01:33:00,2025-05-24 01:33:00,Delayed
O1005689,Delhivery,2025-04-09 02:36:00,2025-04-11 19:36:00,2025-04-11 19:36:00,Delivered
O1005690,BlueDart,2025-08-17 09:21:00,2025-08-19 01:21:00,2025-08-19 07:21:00,Delayed
O1005691,Delhivery,2025-10-27 18:28:00,2025-10-31 14:28:00,2025-10-31 14:28:00,Delivered
O1005692,BlueDart,2025-03-26 06:20:00,2025-03-28 02:20:00,2025-03-28 02:20:00,Delivered
O1005693,DHL,2025-10-09 02:21:00,2025-10-11 14:21:00,2025-10-12 14:21:00,Delayed
O1005694,EcomExpress,2025-08-01 13:14:00,2025-08-03 01:14:00,2025-08-03 01:14:00,Delivered
O1005695,Delhivery,2025-10-29 14:10:00,2025-11-02 05:10:00,2025-11-02 05:10:00,Delivered
O1005696,Delhivery,2025-01-30 20:03:00,2025-02-03 18:03:00,2025-02-03 18:03:00,Delivered
O1005697,BlueDart,2025-12-29 01:39:00,2025-12-31 04:39:00,2025-12-31 04:39:00,Delivered
O1005698,EcomExpress,2025-06-08 22:03:00,2025-06-11 05:03:00,2025-06-11 05:03:00,Delivered
O1005699,Delhivery,2025-04-13 22:38:00,2025-04-16 07:38:00,2025-04-16 07:38:00,Delivered
O1005700,Delhivery,2025-03-09 04:31:00,2025-03-13 00:31:00,2025-03-13 00:31:00,Delivered
O1005701,Delhivery,2025-12-27 01:23:00,2025-12-29 20:23:00,2025-12-29 20:23:00,Delivered
O1005703,BlueDart,2025-02-18 01:05:00,2025-02-19 07:05:00,2025-02-20 07:05:00,Delayed
O1005704,BlueDart,2025-06-13 09:08:00,2025-06-16 15:08:00,2025-06-16 15:08:00,Delivered
O1005705,EcomExpress,2025-09-25 16:02:00,2025-09-28 00:02:00,2025-09-28 06:02:00,Delayed
O1005706,DHL,2025-08-04 17:06:00,2025-08-05 21:06:00,2025-08-07 21:06:00,Delayed
O1005707,BlueDart,2025-03-11 02:46:00,2025-03-13 12:46:00,2025-03-14 00:46:00,Delayed
O1005708,DHL,2025-05-12 16:38:00,2025-05-13 20:38:00,2025-05-14 02:38:00,Delayed
O1005709,BlueDart,2025-05-16 15:55:00,2025-05-18 09:55:00,2025-05-18 09:55:00,Delivered
O1005712,Delhivery,2025-03-17 11:50:00,2025-03-20 16:50:00,2025-03-20 16:50:00,Delivered
O1005713,DHL,2025-09-16 19:45:00,2025-09-19 06:45:00,2025-09-19 18:45:00,Delayed
O1005714,DHL,2025-11-29 13:09:00,2025-12-01 20:09:00,2025-12-02 02:09:00,Delayed
O1005715,EcomExpress,2025-10-19 09:47:00,2025-10-21 10:47:00,2025-10-21 10:47:00,Delivered
O1005716,BlueDart,2025-10-19 15:59:00,2025-10-23 06:59:00,2025-10-24 06:59:00,Delayed
O1005717,BlueDart,2025-02-28 09:34:00,2025-03-02 02:34:00,2025-03-02 02:34:00,Delivered
O1005718,BlueDart,2025-02-18 18:18:00,2025-02-22 13:18:00,2025-02-23 01:18:00,Delayed
O1005719,DHL,2025-10-14 05:33:00,2025-10-16 07:33:00,2025-10-17 07:33:00,Delayed
O1005720,DHL,2025-09-30 21:43:00,2025-10-03 01:43:00,2025-10-03 13:43:00,Delayed
O1005721,EcomExpress,2025-09-28 22:28:00,2025-10-01 19:28:00,2025-10-01 19:28:00,Delivered
O1005722,Delhivery,2025-06-02 18:00:00,2025-06-06 01:00:00,2025-06-06 13:00:00,Delayed
O1005723,EcomExpress,2025-07-12 01:36:00,2025-07-14 10:36:00,2025-07-14 22:36:00,Delayed
O1005724,DHL,2025-01-07 12:53:00,2025-01-10 09:53:00,2025-01-10 15:53:00,Delayed
O1005725,BlueDart,2025-04-17 16:18:00,2025-04-19 21:18:00,2025-04-19 21:18:00,Delivered
O1005727,EcomExpress,2025-02-16 16:42:00,2025-02-19 23:42:00,2025-02-19 23:42:00,Delivered
O1005728,Delhivery,2025-02-18 07:48:00,2025-02-21 20:48:00,2025-02-22 02:48:00,Delayed
O1005729,Delhivery,2025-01-17 13:43:00,2025-01-21 03:43:00,2025-01-21 09:43:00,Delayed
O1005730,BlueDart,2025-03-19 19:51:00,2025-03-22 17:51:00,2025-03-23 17:51:00,Delayed
O1005731,Delhivery,2025-12-30 02:59:00,2025-12-31 22:59:00,2025-12-31 22:59:00,Delivered
O1005732,Delhivery,2025-09-13 10:40:00,2025-09-16 07:40:00,2025-09-16 07:40:00,Delivered
O1005733,EcomExpress,2025-12-13 15:04:00,2025-12-16 11:04:00,2025-12-16 17:04:00,Delayed
O1005734,BlueDart,2025-04-05 04:47:00,2025-04-06 20:47:00,2025-04-08 20:47:00,Delayed
O1005735,DHL,2025-08-07 15:45:00,2025-08-11 04:45:00,2025-08-11 04:45:00,Delivered
O1005736,Delhivery,2025-11-23 06:56:00,2025-11-26 12:56:00,2025-11-26 12:56:00,Delivered
O1005737,DHL,2025-05-10 03:46:00,2025-05-12 10:46:00,2025-05-13 10:46:00,Delayed
O1005738,Delhivery,2025-08-29 15:49:00,2025-08-30 17:49:00,2025-08-30 17:49:00,Delivered
O1005739,EcomExpress,2025-09-11 11:33:00,2025-09-14 14:33:00,2025-09-14 14:33:00,Delivered
O1005740,BlueDart,2025-10-31 22:15:00,2025-11-02 13:15:00,2025-11-04 13:15:00,Delayed
O1005741,BlueDart,2025-12-20 18:11:00,2025-12-23 23:11:00,2025-12-24 11:11:00,Delayed
O1005742,Delhivery,2025-08-14 03:30:00,2025-08-16 08:30:00,2025-08-16 08:30:00,Delivered
O1005743,Delhivery,2025-08-02 03:19:00,2025-08-05 06:19:00,2025-08-07 06:19:00,Delayed
O1005744,BlueDart,2025-11-15 06:42:00,2025-11-18 22:42:00,2025-11-19 10:42:00,Delayed
O1005745,DHL,2025-09-07 18:54:00,2025-09-09 00:54:00,2025-09-11 00:54:00,Delayed
O1005746,EcomExpress,2025-05-13 14:47:00,2025-05-14 16:47:00,2025-05-14 16:47:00,Delivered
O1005747,EcomExpress,2025-08-20 10:11:00,2025-08-23 10:11:00,2025-08-23 16:11:00,Delayed
O1005749,EcomExpress,2025-03-25 13:09:00,2025-03-27 21:09:00,2025-03-27 21:09:00,Delivered
O1005750,DHL,2025-07-09 01:34:00,2025-07-12 03:34:00,2025-07-12 03:34:00,Delivered
O1005751,Delhivery,2025-08-17 01:46:00,2025-08-18 09:46:00,2025-08-18 15:46:00,Delayed
O1005752,Delhivery,2025-11-27 04:53:00,2025-11-30 18:53:00,2025-11-30 18:53:00,Delivered
O1005753,EcomExpress,2025-08-01 08:02:00,2025-08-03 00:02:00,2025-08-03 00:02:00,Delivered
O1005754,DHL,2025-03-03 16:18:00,2025-03-05 01:18:00,2025-03-05 01:18:00,Delivered
O1005755,EcomExpress,2025-12-28 10:00:00,2025-12-30 15:00:00,2025-12-30 15:00:00,Delivered
O1005756,Delhivery,2025-07-31 10:28:00,2025-08-03 20:28:00,2025-08-05 20:28:00,Delayed
O1005758,EcomExpress,2025-10-04 03:11:00,2025-10-05 10:11:00,2025-10-05 22:11:00,Delayed
O1005759,DHL,2025-05-22 19:39:00,2025-05-25 07:39:00,2025-05-25 07:39:00,Delivered
O1005760,BlueDart,2025-05-17 02:33:00,2025-05-20 13:33:00,2025-05-21 01:33:00,Delayed
O1005761,DHL,2025-11-04 04:24:00,2025-11-06 17:24:00,2025-11-08 17:24:00,Delayed
O1005762,Delhivery,2025-11-14 08:05:00,2025-11-15 13:05:00,2025-11-15 13:05:00,Delivered
O1005763,BlueDart,2025-07-12 11:26:00,2025-07-14 01:26:00,2025-07-14 07:26:00,Delayed
O1005764,EcomExpress,2025-05-17 20:27:00,2025-05-20 14:27:00,2025-05-20 14:27:00,Delivered
O1005765,BlueDart,2025-11-13 08:51:00,2025-11-16 06:51:00,2025-11-18 06:51:00,Delayed
O1005766,Delhivery,2025-03-06 04:12:00,2025-03-07 15:12:00,2025-03-07 15:12:00,Delivered
O1005767,DHL,2025-10-01 04:57:00,2025-10-03 08:57:00,2025-10-03 20:57:00,Delayed
O1005768,Delhivery,2025-08-03 03:01:00,2025-08-04 10:01:00,2025-08-04 10:01:00,Delivered
O1005769,DHL,2025-11-09 01:59:00,2025-11-11 18:59:00,2025-11-11 18:59:00,Delivered
O1005770,DHL,2025-06-04 08:08:00,2025-06-06 17:08:00,2025-06-06 17:08:00,Delivered
O1005771,EcomExpress,2025-11-01 17:39:00,2025-11-04 16:39:00,2025-11-04 16:39:00,Delivered
O1005772,EcomExpress,2025-01-07 08:22:00,2025-01-09 08:22:00,2025-01-11 08:22:00,Delayed
O1005773,Delhivery,2025-10-05 02:17:00,2025-10-09 01:17:00,2025-10-09 01:17:00,Delivered
O1005774,Delhivery,2025-01-27 01:10:00,2025-01-28 04:10:00,2025-01-28 04:10:00,Delivered
O1005775,BlueDart,2025-08-24 01:54:00,2025-08-25 18:54:00,2025-08-26 18:54:00,Delayed
O1005776,DHL,2025-03-14 00:52:00,2025-03-15 04:52:00,2025-03-15 04:52:00,Delivered
O1005777,Delhivery,2025-12-18 15:26:00,2025-12-22 04:26:00,2025-12-22 04:26:00,Delivered
O1005778,Delhivery,2025-10-09 05:01:00,2025-10-11 02:01:00,2025-10-11 02:01:00,Delivered
O1005779,BlueDart,2025-02-09 02:12:00,2025-02-10 04:12:00,2025-02-10 04:12:00,Delivered
O1005780,Delhivery,2025-11-23 00:43:00,2025-11-26 08:43:00,2025-11-27 08:43:00,Delayed
O1005782,Delhivery,2025-07-19 20:28:00,2025-07-23 12:28:00,2025-07-23 18:28:00,Delayed
O1005783,DHL,2025-02-01 19:22:00,2025-02-05 08:22:00,2025-02-05 08:22:00,Delivered
O1005784,Delhivery,2025-02-08 16:53:00,2025-02-10 07:53:00,2025-02-10 07:53:00,Delivered
O1005785,Delhivery,2025-03-31 02:23:00,2025-04-01 06:23:00,2025-04-01 06:23:00,Delivered
O1005786,BlueDart,2025-07-16 05:25:00,2025-07-18 02:25:00,2025-07-18 14:25:00,Delayed
O1005787,EcomExpress,2025-07-19 04:23:00,2025-07-20 16:23:00,2025-07-20 16:23:00,Delivered
O1005788,DHL,2025-11-10 06:14:00,2025-11-13 13:14:00,2025-11-13 13:14:00,Delivered
O1005789,DHL,2025-03-03 03:54:00,2025-03-05 03:54:00,2025-03-07 03:54:00,Delayed
O1005790,DHL,2025-10-01 15:44:00,2025-10-03 23:44:00,2025-10-03 23:44:00,Delivered
O1005791,DHL,2025-01-03 15:32:00,2025-01-06 13:32:00,2025-01-08 13:32:00,Delayed
O1005792,Delhivery,2025-04-17 20:06:00,2025-04-20 03:06:00,2025-04-20 03:06:00,Delivered
O1005793,EcomExpress,2025-03-06 06:57:00,2025-03-08 02:57:00,2025-03-08 02:57:00,Delivered
O1005794,Delhivery,2025-02-16 02:26:00,2025-02-17 17:26:00,2025-02-17 17:26:00,Delivered
O1005795,BlueDart,2025-08-02 14:35:00,2025-08-04 05:35:00,2025-08-05 05:35:00,Delayed
O1005796,EcomExpress,2025-11-26 09:16:00,2025-11-27 18:16:00,2025-11-27 18:16:00,Delivered
O1005797,DHL,2025-09-02 04:15:00,2025-09-04 22:15:00,2025-09-05 22:15:00,Delayed
O1005798,DHL,2025-11-09 05:41:00,2025-11-10 21:41:00,2025-11-11 09:41:00,Delayed
O1005799,BlueDart,2025-08-05 03:42:00,2025-08-08 04:42:00,2025-08-08 04:42:00,Delivered
O1005800,DHL,2025-01-21 16:21:00,2025-01-23 17:21:00,2025-01-23 17:21:00,Delivered
O1005801,EcomExpress,2025-05-07 22:39:00,2025-05-10 09:39:00,2025-05-11 09:39:00,Delayed
O1005802,DHL,2025-10-29 08:33:00,2025-11-01 20:33:00,2025-11-01 20:33:00,Delivered
O1005803,BlueDart,2025-01-18 09:49:00,2025-01-21 09:49:00,2025-01-22 09:49:00,Delayed
O1005804,EcomExpress,2025-02-06 03:16:00,2025-02-07 23:16:00,2025-02-08 05:16:00,Delayed
O1005805,EcomExpress,2025-11-01 18:06:00,2025-11-02 18:06:00,2025-11-03 06:06:00,Delayed
O1005806,EcomExpress,2025-01-25 03:33:00,2025-01-28 07:33:00,2025-01-28 07:33:00,Delivered
O1005807,BlueDart,2025-12-18 11:47:00,2025-12-20 10:47:00,2025-12-20 16:47:00,Delayed
O1005808,EcomExpress,2025-10-05 05:29:00,2025-10-06 10:29:00,2025-10-07 10:29:00,Delayed
O1005809,BlueDart,2025-09-01 14:19:00,2025-09-04 09:19:00,2025-09-04 15:19:00,Delayed
O1005810,EcomExpress,2025-07-16 03:51:00,2025-07-19 13:51:00,2025-07-20 13:51:00,Delayed
O1005811,EcomExpress,2025-02-02 21:04:00,2025-02-05 19:04:00,2025-02-05 19:04:00,Delivered
O1005812,EcomExpress,2025-06-02 20:45:00,2025-06-06 07:45:00,2025-06-06 19:45:00,Delayed
O1005813,BlueDart,2025-10-23 10:46:00,2025-10-25 00:46:00,2025-10-25 00:46:00,Delivered
O1005814,EcomExpress,2025-11-27 00:23:00,2025-11-30 13:23:00,2025-11-30 13:23:00,Delivered
O1005815,EcomExpress,2025-06-13 13:48:00,2025-06-15 12:48:00,2025-06-15 12:48:00,Delivered
O1005816,Delhivery,2025-11-04 06:26:00,2025-11-06 19:26:00,2025-11-06 19:26:00,Delivered
O1005817,Delhivery,2025-10-12 11:25:00,2025-10-14 03:25:00,2025-10-16 03:25:00,Delayed
O1005818,BlueDart,2025-01-23 09:20:00,2025-01-26 05:20:00,2025-01-26 05:20:00,Delivered
O1005819,Delhivery,2025-08-16 02:49:00,2025-08-19 18:49:00,2025-08-19 18:49:00,Delivered
O1005820,DHL,2025-08-14 17:49:00,2025-08-18 15:49:00,2025-08-20 15:49:00,Delayed
O1005821,Delhivery,2025-07-18 16:05:00,2025-07-20 13:05:00,2025-07-20 13:05:00,Delivered
O1005822,EcomExpress,2025-10-10 11:41:00,2025-10-12 16:41:00,2025-10-12 22:41:00,Delayed
O1005823,EcomExpress,2025-11-22 08:17:00,2025-11-25 23:17:00,2025-11-25 23:17:00,Delivered
O1005824,DHL,2025-07-20 15:39:00,2025-07-22 13:39:00,2025-07-22 13:39:00,Delivered
O1005825,BlueDart,2025-04-28 19:42:00,2025-05-02 10:42:00,2025-05-02 10:42:00,Delivered
O1005826,BlueDart,2025-12-26 03:32:00,2025-12-28 17:32:00,2025-12-28 23:32:00,Delayed
O1005827,EcomExpress,2025-12-19 01:23:00,2025-12-21 14:23:00,2025-12-22 14:23:00,Delayed
O1005828,Delhivery,2025-09-09 16:16:00,2025-09-13 11:16:00,2025-09-14 11:16:00,Delayed
O1005829,EcomExpress,2025-08-23 01:09:00,2025-08-26 15:09:00,2025-08-28 15:09:00,Delayed
O1005830,BlueDart,2025-02-09 16:02:00,2025-02-13 10:02:00,2025-02-13 10:02:00,Delivered
O1005831,DHL,2025-05-28 15:17:00,2025-05-29 20:17:00,2025-05-29 20:17:00,Delivered
O1005832,EcomExpress,2025-03-15 09:16:00,2025-03-16 17:16:00,2025-03-16 17:16:00,Delivered
O1005833,EcomExpress,2025-07-07 20:54:00,2025-07-09 05:54:00,2025-07-11 05:54:00,Delayed
O1005834,BlueDart,2025-10-29 23:36:00,2025-11-01 13:36:00,2025-11-01 13:36:00,Delivered
O1005835,DHL,2025-03-24 06:20:00,2025-03-26 11:20:00,2025-03-26 17:20:00,Delayed
O1005836,EcomExpress,2025-12-31 11:19:00,2026-01-02 02:19:00,2026-01-04 02:19:00,Delayed
O1005837,DHL,2025-02-18 02:10:00,2025-02-21 03:10:00,2025-02-21 03:10:00,Delivered
O1005838,Delhivery,2025-02-05 20:29:00,2025-02-07 12:29:00,2025-02-07 12:29:00,Delivered
O1005839,Delhivery,2025-12-23 02:39:00,2025-12-26 23:39:00,2025-12-26 23:39:00,Delivered
O1005840,BlueDart,2025-02-07 11:36:00,2025-02-09 12:36:00,2025-02-09 18:36:00,Delayed
O1005841,DHL,2025-09-27 09:12:00,2025-09-29 18:12:00,2025-09-29 18:12:00,Delivered
O1005842,EcomExpress,2025-10-06 22:51:00,2025-10-08 02:51:00,2025-10-08 02:51:00,Delivered
O1005843,Delhivery,2025-05-02 11:03:00,2025-05-03 11:03:00,2025-05-03 11:03:00,Delivered
O1005844,BlueDart,2025-01-25 03:35:00,2025-01-26 14:35:00,2025-01-27 14:35:00,Delayed
O1005845,DHL,2025-04-24 14:48:00,2025-04-26 03:48:00,2025-04-27 03:48:00,Delayed
O1005846,BlueDart,2025-01-27 04:34:00,2025-01-28 10:34:00,2025-01-28 10:34:00,Delivered
O1005847,DHL,2025-09-03 18:47:00,2025-09-06 01:47:00,2025-09-06 01:47:00,Delivered
O1005848,Delhivery,2025-11-22 01:02:00,2025-11-25 03:02:00,2025-11-25 03:02:00,Delivered
O1005849,BlueDart,2025-12-31 13:28:00,2026-01-03 14:28:00,2026-01-03 14:28:00,Delivered
O1005850,EcomExpress,2025-10-21 05:44:00,2025-10-24 14:44:00,2025-10-25 14:44:00,Delayed
O1005851,EcomExpress,2025-10-11 05:01:00,2025-10-13 23:01:00,2025-10-13 23:01:00,Delivered
O1005852,Delhivery,2025-11-19 01:03:00,2025-11-20 11:03:00,2025-11-20 11:03:00,Delivered
O1005853,Delhivery,2025-10-09 23:50:00,2025-10-13 14:50:00,2025-10-14 02:50:00,Delayed
O1005855,DHL,2025-12-30 22:36:00,2026-01-03 10:36:00,2026-01-05 10:36:00,Delayed
O1005856,EcomExpress,2025-04-29 08:18:00,2025-05-01 03:18:00,2025-05-01 03:18:00,Delivered
O1005858,DHL,2025-11-28 10:52:00,2025-12-02 00:52:00,2025-12-02 06:52:00,Delayed
O1005859,DHL,2025-04-24 18:04:00,2025-04-27 08:04:00,2025-04-29 08:04:00,Delayed
O1005860,Delhivery,2025-04-20 22:53:00,2025-04-23 01:53:00,2025-04-23 01:53:00,Delivered
O1005861,Delhivery,2025-02-26 04:47:00,2025-02-27 14:47:00,2025-02-28 02:47:00,Delayed
O1005862,Delhivery,2025-04-11 15:20:00,2025-04-15 10:20:00,2025-04-15 10:20:00,Delivered
O1005863,Delhivery,2025-08-06 03:48:00,2025-08-09 01:48:00,2025-08-09 07:48:00,Delayed
O1005864,EcomExpress,2025-11-21 02:06:00,2025-11-23 09:06:00,2025-11-23 09:06:00,Delivered
O1005865,Delhivery,2025-02-19 20:42:00,2025-02-23 02:42:00,2025-02-23 02:42:00,Delivered
O1005866,BlueDart,2025-09-06 17:05:00,2025-09-10 00:05:00,2025-09-10 00:05:00,Delivered
O1005867,BlueDart,2025-10-08 12:35:00,2025-10-11 00:35:00,2025-10-11 00:35:00,Delivered
O1005868,EcomExpress,2025-11-24 05:09:00,2025-11-25 20:09:00,2025-11-25 20:09:00,Delivered
O1005869,EcomExpress,2025-10-02 11:35:00,2025-10-04 19:35:00,2025-10-04 19:35:00,Delivered
O1005870,BlueDart,2025-02-27 05:27:00,2025-03-02 00:27:00,2025-03-02 12:27:00,Delayed
O1005871,EcomExpress,2025-06-28 12:44:00,2025-06-30 01:44:00,2025-06-30 01:44:00,Delivered
O1005873,EcomExpress,2025-11-29 03:39:00,2025-11-30 11:39:00,2025-11-30 17:39:00,Delayed
O1005874,EcomExpress,2025-08-13 03:36:00,2025-08-16 22:36:00,2025-08-16 22:36:00,Delivered
O1005875,DHL,2025-12-19 12:26:00,2025-12-22 05:26:00,2025-12-22 17:26:00,Delayed
O1005876,Delhivery,2025-09-02 07:44:00,2025-09-05 02:44:00,2025-09-05 02:44:00,Delivered
O1005877,BlueDart,2025-01-25 04:06:00,2025-01-27 11:06:00,2025-01-27 11:06:00,Delivered
O1005878,EcomExpress,2025-12-01 09:24:00,2025-12-04 19:24:00,2025-12-04 19:24:00,Delivered
O1005879,DHL,2025-03-04 13:41:00,2025-03-06 15:41:00,2025-03-07 03:41:00,Delayed
O1005880,EcomExpress,2025-05-20 05:08:00,2025-05-21 06:08:00,2025-05-21 06:08:00,Delivered
O1005881,DHL,2025-03-29 08:28:00,2025-04-01 15:28:00,2025-04-01 21:28:00,Delayed
O1005882,DHL,2025-09-20 11:39:00,2025-09-22 05:39:00,2025-09-22 05:39:00,Delivered
O1005883,DHL,2025-01-11 20:19:00,2025-01-15 02:19:00,2025-01-17 02:19:00,Delayed
O1005884,BlueDart,2025-08-22 11:23:00,2025-08-24 21:23:00,2025-08-24 21:23:00,Delivered
O1005885,BlueDart,2025-11-13 04:55:00,2025-11-15 05:55:00,2025-11-15 05:55:00,Delivered
O1005886,EcomExpress,2025-10-15 21:42:00,2025-10-18 11:42:00,2025-10-18 17:42:00,Delayed
O1005887,BlueDart,2025-04-24 06:22:00,2025-04-26 13:22:00,2025-04-26 13:22:00,Delivered
O1005888,DHL,2025-11-24 22:20:00,2025-11-27 03:20:00,2025-11-27 03:20:00,Delivered
O1005889,Delhivery,2025-05-14 14:25:00,2025-05-16 09:25:00,2025-05-16 21:25:00,Delayed
O1005890,Delhivery,2025-09-06 18:55:00,2025-09-08 18:55:00,2025-09-09 06:55:00,Delayed
O1005891,EcomExpress,2025-07-05 06:40:00,2025-07-07 05:40:00,2025-07-07 05:40:00,Delivered
O1005892,BlueDart,2025-01-26 11:00:00,2025-01-28 19:00:00,2025-01-28 19:00:00,Delivered
O1005893,EcomExpress,2025-01-03 05:39:00,2025-01-07 02:39:00,2025-01-07 02:39:00,Delivered
O1005894,EcomExpress,2025-03-09 11:44:00,2025-03-11 13:44:00,2025-03-11 13:44:00,Delivered
O1005895,EcomExpress,2025-12-09 06:54:00,2025-12-12 02:54:00,2025-12-12 08:54:00,Delayed
O1005896,Delhivery,2025-12-15 23:56:00,2025-12-17 01:56:00,2025-12-17 01:56:00,Delivered
O1005897,BlueDart,2025-05-30 18:35:00,2025-05-31 18:35:00,2025-06-01 18:35:00,Delayed
O1005898,EcomExpress,2025-12-20 15:44:00,2025-12-23 16:44:00,2025-12-23 22:44:00,Delayed
O1005899,BlueDart,2025-01-20 02:46:00,2025-01-23 02:46:00,2025-01-23 02:46:00,Delivered
O1005900,Delhivery,2025-12-21 04:02:00,2025-12-24 11:02:00,2025-12-24 11:02:00,Delivered
O1005901,Delhivery,2025-03-27 08:27:00,2025-03-30 00:27:00,2025-03-30 00:27:00,Delivered
O1005902,EcomExpress,2025-01-14 18:40:00,2025-01-16 16:40:00,2025-01-16 16:40:00,Delivered
O1005903,Delhivery,2025-10-05 10:56:00,2025-10-06 17:56:00,2025-10-06 17:56:00,Delivered
O1005904,Delhivery,2025-05-20 23:21:00,2025-05-24 20:21:00,2025-05-24 20:21:00,Delivered
O1005905,DHL,2025-04-18 08:51:00,2025-04-19 21:51:00,2025-04-20 21:51:00,Delayed
O1005906,BlueDart,2025-10-06 04:36:00,2025-10-10 03:36:00,2025-10-10 15:36:00,Delayed
O1005907,EcomExpress,2025-05-02 20:12:00,2025-05-04 15:12:00,2025-05-04 15:12:00,Delivered
O1005908,EcomExpress,2025-10-03 12:54:00,2025-10-06 04:54:00,2025-10-06 04:54:00,Delivered
O1005909,BlueDart,2025-03-13 21:43:00,2025-03-15 03:43:00,2025-03-15 15:43:00,Delayed
O1005910,Delhivery,2025-02-01 19:40:00,2025-02-05 04:40:00,2025-02-05 04:40:00,Delivered
O1005911,Delhivery,2025-04-30 01:25:00,2025-05-02 05:25:00,2025-05-02 05:25:00,Delivered
O1005913,Delhivery,2025-03-25 09:42:00,2025-03-28 00:42:00,2025-03-28 12:42:00,Delayed
O1005914,DHL,2025-02-22 19:50:00,2025-02-24 04:50:00,2025-02-24 16:50:00,Delayed
O1005916,BlueDart,2025-07-01 16:08:00,2025-07-03 10:08:00,2025-07-03 10:08:00,Delivered
O1005917,Delhivery,2025-06-08 05:05:00,2025-06-10 10:05:00,2025-06-10 16:05:00,Delayed
O1005918,EcomExpress,2025-03-29 15:35:00,2025-03-30 20:35:00,2025-03-31 20:35:00,Delayed
O1005919,DHL,2025-01-08 12:20:00,2025-01-11 17:20:00,2025-01-11 17:20:00,Delivered
O1005920,DHL,2025-01-21 04:44:00,2025-01-23 04:44:00,2025-01-23 10:44:00,Delayed
O1005922,EcomExpress,2025-01-31 05:55:00,2025-02-03 09:55:00,2025-02-03 09:55:00,Delivered
O1005923,DHL,2025-04-02 10:34:00,2025-04-03 23:34:00,2025-04-03 23:34:00,Delivered
O1005924,BlueDart,2025-11-29 12:36:00,2025-11-30 14:36:00,2025-12-01 02:36:00,Delayed
O1005925,Delhivery,2025-05-07 02:35:00,2025-05-10 20:35:00,2025-05-10 20:35:00,Delivered
O1005926,BlueDart,2025-09-29 16:30:00,2025-10-01 07:30:00,2025-10-01 07:30:00,Delivered
O1005927,EcomExpress,2025-05-06 18:11:00,2025-05-10 15:11:00,2025-05-10 15:11:00,Delivered
O1005928,BlueDart,2025-12-08 08:36:00,2025-12-11 10:36:00,2025-12-11 16:36:00,Delayed
O1005929,Delhivery,2025-10-27 17:04:00,2025-10-30 07:04:00,2025-10-30 19:04:00,Delayed
O1005930,EcomExpress,2025-06-22 13:10:00,2025-06-25 10:10:00,2025-06-25 22:10:00,Delayed
O1005931,Delhivery,2025-09-08 00:30:00,2025-09-10 16:30:00,2025-09-10 22:30:00,Delayed
O1005932,DHL,2025-05-31 23:09:00,2025-06-03 02:09:00,2025-06-05 02:09:00,Delayed
O1005933,BlueDart,2025-12-11 21:34:00,2025-12-15 15:34:00,2025-12-15 15:34:00,Delivered
O1005934,BlueDart,2025-05-12 07:34:00,2025-05-13 11:34:00,2025-05-13 11:34:00,Delivered
O1005935,DHL,2025-11-03 06:51:00,2025-11-06 11:51:00,2025-11-06 11:51:00,Delivered
O1005936,BlueDart,2025-08-13 16:22:00,2025-08-16 12:22:00,2025-08-16 12:22:00,Delivered
O1005937,DHL,2025-08-23 16:12:00,2025-08-25 03:12:00,2025-08-25 03:12:00,Delivered
O1005938,EcomExpress,2025-05-10 04:50:00,2025-05-13 03:50:00,2025-05-13 03:50:00,Delivered
O1005939,DHL,2025-11-01 07:36:00,2025-11-05 03:36:00,2025-11-05 03:36:00,Delivered
O1005940,Delhivery,2025-10-01 07:47:00,2025-10-03 04:47:00,2025-10-05 04:47:00,Delayed
O1005941,Delhivery,2025-10-26 03:31:00,2025-10-28 20:31:00,2025-10-29 08:31:00,Delayed
O1005942,Delhivery,2025-10-20 21:35:00,2025-10-23 00:35:00,2025-10-24 00:35:00,Delayed
O1005944,Delhivery,2025-11-17 16:12:00,2025-11-18 17:12:00,2025-11-18 17:12:00,Delivered
O1005945,DHL,2025-11-05 01:22:00,2025-11-06 05:22:00,2025-11-06 05:22:00,Delivered
O1005946,EcomExpress,2025-03-31 07:01:00,2025-04-01 21:01:00,2025-04-01 21:01:00,Delivered
O1005947,EcomExpress,2025-12-26 00:51:00,2025-12-28 21:51:00,2025-12-28 21:51:00,Delivered
O1005948,DHL,2025-07-13 04:03:00,2025-07-16 13:03:00,2025-07-16 13:03:00,Delivered
O1005949,Delhivery,2025-04-29 08:47:00,2025-04-30 13:47:00,2025-04-30 13:47:00,Delivered
O1005950,Delhivery,2025-03-24 08:43:00,2025-03-25 17:43:00,2025-03-25 17:43:00,Delivered
O1005951,DHL,2025-05-15 01:54:00,2025-05-18 14:54:00,2025-05-18 20:54:00,Delayed
O1005952,Delhivery,2025-01-15 02:28:00,2025-01-18 15:28:00,2025-01-20 15:28:00,Delayed
O1005953,EcomExpress,2025-09-11 10:15:00,2025-09-14 00:15:00,2025-09-14 00:15:00,Delivered
O1005954,BlueDart,2025-09-17 08:26:00,2025-09-20 16:26:00,2025-09-20 16:26:00,Delivered
O1005955,EcomExpress,2025-09-02 12:16:00,2025-09-04 03:16:00,2025-09-04 03:16:00,Delivered
O1005956,Delhivery,2025-07-21 05:49:00,2025-07-22 07:49:00,2025-07-22 07:49:00,Delivered
O1005957,BlueDart,2025-05-14 11:09:00,2025-05-18 04:09:00,2025-05-18 04:09:00,Delivered
O1005959,EcomExpress,2025-11-16 05:25:00,2025-11-18 04:25:00,2025-11-18 04:25:00,Delivered
O1005960,Delhivery,2025-02-02 08:49:00,2025-02-04 09:49:00,2025-02-04 09:49:00,Delivered
O1005961,EcomExpress,2025-05-21 12:33:00,2025-05-24 00:33:00,2025-05-24 00:33:00,Delivered
O1005962,Delhivery,2025-12-31 02:54:00,2026-01-02 21:54:00,2026-01-02 21:54:00,Delivered
O1005963,Delhivery,2025-11-12 09:47:00,2025-11-13 14:47:00,2025-11-13 14:47:00,Delivered
O1005964,DHL,2025-12-29 22:06:00,2026-01-01 16:06:00,2026-01-02 04:06:00,Delayed
O1005965,EcomExpress,2025-03-09 05:24:00,2025-03-11 22:24:00,2025-03-13 22:24:00,Delayed
O1005966,DHL,2025-06-20 07:13:00,2025-06-23 12:13:00,2025-06-23 12:13:00,Delivered
O1005967,DHL,2025-02-17 23:53:00,2025-02-21 21:53:00,2025-02-22 09:53:00,Delayed
O1005968,Delhivery,2025-11-14 13:58:00,2025-11-17 16:58:00,2025-11-17 16:58:00,Delivered
O1005969,DHL,2025-07-09 17:21:00,2025-07-12 12:21:00,2025-07-12 12:21:00,Delivered
O1005970,EcomExpress,2025-03-31 17:16:00,2025-04-04 08:16:00,2025-04-04 08:16:00,Delivered
O1005971,BlueDart,2025-02-03 10:09:00,2025-02-05 21:09:00,2025-02-05 21:09:00,Delivered
O1005973,DHL,2025-10-25 07:39:00,2025-10-26 10:39:00,2025-10-27 10:39:00,Delayed
O1005974,EcomExpress,2025-11-18 04:37:00,2025-11-21 18:37:00,2025-11-22 18:37:00,Delayed
O1005975,BlueDart,2025-12-21 20:52:00,2025-12-25 17:52:00,2025-12-25 17:52:00,Delivered
O1005976,BlueDart,2025-10-26 07:33:00,2025-10-30 04:33:00,2025-10-30 16:33:00,Delayed
O1005977,Delhivery,2025-10-16 05:50:00,2025-10-19 22:50:00,2025-10-19 22:50:00,Delivered
O1005978,EcomExpress,2025-10-25 10:36:00,2025-10-29 02:36:00,2025-10-29 08:36:00,Delayed
O1005980,DHL,2025-06-20 14:09:00,2025-06-23 15:09:00,2025-06-23 15:09:00,Delivered
O1005981,EcomExpress,2025-10-05 04:47:00,2025-10-06 06:47:00,2025-10-06 06:47:00,Delivered
O1005982,Delhivery,2025-10-27 21:52:00,2025-10-31 02:52:00,2025-10-31 14:52:00,Delayed
O1005983,DHL,2025-02-13 15:11:00,2025-02-14 22:11:00,2025-02-14 22:11:00,Delivered
O1005984,DHL,2025-09-11 09:53:00,2025-09-12 19:53:00,2025-09-12 19:53:00,Delivered
O1005985,DHL,2025-05-05 01:42:00,2025-05-07 21:42:00,2025-05-09 21:42:00,Delayed
O1005986,DHL,2025-02-19 00:47:00,2025-02-22 18:47:00,2025-02-22 18:47:00,Delivered
O1005987,BlueDart,2025-03-05 08:15:00,2025-03-07 00:15:00,2025-03-07 00:15:00,Delivered
O1005988,Delhivery,2025-02-11 18:59:00,2025-02-13 05:59:00,2025-02-13 05:59:00,Delivered
O1005990,BlueDart,2025-10-09 22:43:00,2025-10-12 11:43:00,2025-10-12 17:43:00,Delayed
O1005991,DHL,2025-02-08 06:22:00,2025-02-10 07:22:00,2025-02-10 07:22:00,Delivered
O1005992,EcomExpress,2025-08-18 13:41:00,2025-08-22 01:41:00,2025-08-23 01:41:00,Delayed
O1005993,Delhivery,2025-08-31 02:02:00,2025-09-01 15:02:00,2025-09-01 15:02:00,Delivered
O1005994,BlueDart,2025-07-10 00:59:00,2025-07-13 19:59:00,2025-07-13 19:59:00,Delivered
O1005995,DHL,2025-08-11 12:45:00,2025-08-13 06:45:00,2025-08-13 06:45:00,Delivered
O1005996,Delhivery,2025-11-29 11:46:00,2025-12-01 11:46:00,2025-12-01 11:46:00,Delivered
O1005997,DHL,2025-07-09 20:01:00,2025-07-12 20:01:00,2025-07-12 20:01:00,Delivered
O1005998,Delhivery,2025-08-29 21:21:00,2025-09-02 10:21:00,2025-09-02 10:21:00,Delivered
O1005999,EcomExpress,2025-07-29 13:51:00,2025-07-31 23:51:00,2025-08-01 05:51:00,Delayed
O1006000,Delhivery,2025-05-26 07:11:00,2025-05-28 19:11:00,2025-05-29 07:11:00,Delayed
O1006001,EcomExpress,2025-11-23 00:39:00,2025-11-25 22:39:00,2025-11-26 22:39:00,Delayed
O1006002,DHL,2025-06-02 16:38:00,2025-06-05 15:38:00,2025-06-05 15:38:00,Delivered
O1006003,Delhivery,2025-10-19 17:55:00,2025-10-23 01:55:00,2025-10-23 01:55:00,Delivered
O1006004,DHL,2025-08-09 21:21:00,2025-08-11 06:21:00,2025-08-11 06:21:00,Delivered
O1006005,EcomExpress,2025-09-08 14:19:00,2025-09-12 10:19:00,2025-09-12 10:19:00,Delivered
O1006006,EcomExpress,2025-10-06 17:18:00,2025-10-07 21:18:00,2025-10-07 21:18:00,Delivered
O1006007,Delhivery,2025-09-26 15:36:00,2025-09-28 08:36:00,2025-09-28 08:36:00,Delivered
O1006009,BlueDart,2025-08-14 07:46:00,2025-08-17 15:46:00,2025-08-17 15:46:00,Delivered
O1006010,BlueDart,2025-07-06 05:30:00,2025-07-08 01:30:00,2025-07-08 13:30:00,Delayed
O1006011,Delhivery,2025-05-04 22:54:00,2025-05-07 17:54:00,2025-05-07 17:54:00,Delivered
O1006012,Delhivery,2025-09-23 20:44:00,2025-09-25 07:44:00,2025-09-25 07:44:00,Delivered
O1006013,EcomExpress,2025-11-17 16:02:00,2025-11-21 03:02:00,2025-11-23 03:02:00,Delayed
O1006014,Delhivery,2025-09-15 22:51:00,2025-09-17 19:51:00,2025-09-17 19:51:00,Delivered
O1006015,Delhivery,2025-10-10 08:34:00,2025-10-11 16:34:00,2025-10-13 16:34:00,Delayed
O1006016,Delhivery,2025-11-01 11:01:00,2025-11-02 18:01:00,2025-11-02 18:01:00,Delivered
O1006017,Delhivery,2025-05-16 07:15:00,2025-05-17 19:15:00,2025-05-17 19:15:00,Delivered
O1006018,DHL,2025-01-24 07:54:00,2025-01-27 11:54:00,2025-01-27 11:54:00,Delivered
O1006020,DHL,2025-10-03 23:34:00,2025-10-05 03:34:00,2025-10-05 03:34:00,Delivered
O1006021,BlueDart,2025-10-26 19:28:00,2025-10-29 14:28:00,2025-10-30 14:28:00,Delayed
O1006022,Delhivery,2025-07-07 18:08:00,2025-07-10 16:08:00,2025-07-10 16:08:00,Delivered
O1006023,DHL,2025-10-13 10:01:00,2025-10-15 09:01:00,2025-10-15 09:01:00,Delivered
O1006024,DHL,2025-01-28 13:38:00,2025-01-31 09:38:00,2025-01-31 09:38:00,Delivered
O1006025,EcomExpress,2025-08-25 06:33:00,2025-08-27 03:33:00,2025-08-27 03:33:00,Delivered
O1006026,Delhivery,2025-09-05 22:37:00,2025-09-08 04:37:00,2025-09-08 04:37:00,Delivered
O1006027,Delhivery,2025-07-06 00:22:00,2025-07-07 02:22:00,2025-07-07 02:22:00,Delivered
O1006028,Delhivery,2025-09-20 14:07:00,2025-09-21 23:07:00,2025-09-21 23:07:00,Delivered
O1006029,Delhivery,2025-06-30 19:19:00,2025-07-02 02:19:00,2025-07-02 02:19:00,Delivered
O1006030,Delhivery,2025-07-11 17:23:00,2025-07-12 18:23:00,2025-07-13 18:23:00,Delayed
O1006031,Delhivery,2025-08-10 01:05:00,2025-08-12 01:05:00,2025-08-12 01:05:00,Delivered
O1006032,Delhivery,2025-10-17 13:39:00,2025-10-19 07:39:00,2025-10-20 07:39:00,Delayed
O1006033,EcomExpress,2025-04-01 21:23:00,2025-04-03 15:23:00,2025-04-03 15:23:00,Delivered
O1006034,Delhivery,2025-04-21 12:41:00,2025-04-22 12:41:00,2025-04-22 18:41:00,Delayed
O1006035,DHL,2025-06-02 23:10:00,2025-06-06 07:10:00,2025-06-06 07:10:00,Delivered
O1006036,Delhivery,2025-03-16 04:45:00,2025-03-20 00:45:00,2025-03-20 00:45:00,Delivered
O1006037,Delhivery,2025-05-03 04:04:00,2025-05-06 09:04:00,2025-05-06 09:04:00,Delivered
O1006038,BlueDart,2025-05-10 05:31:00,2025-05-11 17:31:00,2025-05-11 23:31:00,Delayed
O1006039,BlueDart,2025-04-26 06:08:00,2025-04-29 14:08:00,2025-04-29 14:08:00,Delivered
O1006040,Delhivery,2025-05-31 10:50:00,2025-06-02 05:50:00,2025-06-02 05:50:00,Delivered
O1006041,Delhivery,2025-07-04 20:15:00,2025-07-06 17:15:00,2025-07-06 23:15:00,Delayed
O1006042,BlueDart,2025-09-12 23:49:00,2025-09-16 08:49:00,2025-09-16 08:49:00,Delivered
O1006043,BlueDart,2025-04-21 17:30:00,2025-04-23 08:30:00,2025-04-23 08:30:00,Delivered
O1006044,Delhivery,2025-11-05 19:49:00,2025-11-09 18:49:00,2025-11-09 18:49:00,Delivered
O1006045,DHL,2025-06-25 08:13:00,2025-06-28 21:13:00,2025-06-28 21:13:00,Delivered
O1006046,DHL,2025-09-22 06:25:00,2025-09-25 02:25:00,2025-09-26 02:25:00,Delayed
O1006047,EcomExpress,2025-02-12 04:58:00,2025-02-14 16:58:00,2025-02-15 16:58:00,Delayed
O1006048,BlueDart,2025-03-06 12:22:00,2025-03-08 06:22:00,2025-03-08 06:22:00,Delivered
O1006049,EcomExpress,2025-06-16 10:44:00,2025-06-19 09:44:00,2025-06-19 09:44:00,Delivered
O1006050,Delhivery,2025-05-14 13:58:00,2025-05-16 21:58:00,2025-05-17 21:58:00,Delayed
O1006051,DHL,2025-07-02 08:57:00,2025-07-05 06:57:00,2025-07-05 12:57:00,Delayed
O1006052,EcomExpress,2025-02-27 13:53:00,2025-02-28 17:53:00,2025-02-28 17:53:00,Delivered
O1006053,BlueDart,2025-06-23 01:15:00,2025-06-25 03:15:00,2025-06-26 03:15:00,Delayed
O1006054,BlueDart,2025-09-08 19:51:00,2025-09-10 02:51:00,2025-09-11 02:51:00,Delayed
O1006055,DHL,2025-09-24 00:41:00,2025-09-26 05:41:00,2025-09-26 05:41:00,Delivered
O1006056,DHL,2025-04-02 00:10:00,2025-04-05 03:10:00,2025-04-06 03:10:00,Delayed
O1006057,EcomExpress,2025-05-06 19:12:00,2025-05-08 03:12:00,2025-05-08 09:12:00,Delayed
O1006058,EcomExpress,2025-07-12 01:36:00,2025-07-15 12:36:00,2025-07-16 12:36:00,Delayed
O1006059,DHL,2025-07-09 18:58:00,2025-07-13 05:58:00,2025-07-13 05:58:00,Delivered
O1006060,BlueDart,2025-10-18 10:39:00,2025-10-20 05:39:00,2025-10-20 05:39:00,Delivered
O1006061,Delhivery,2025-05-24 05:25:00,2025-05-25 18:25:00,2025-05-25 18:25:00,Delivered
O1006062,BlueDart,2025-09-03 06:40:00,2025-09-06 11:40:00,2025-09-06 11:40:00,Delivered
O1006063,EcomExpress,2025-11-20 12:37:00,2025-11-23 19:37:00,2025-11-23 19:37:00,Delivered
O1006064,BlueDart,2025-04-20 12:54:00,2025-04-23 10:54:00,2025-04-23 10:54:00,Delivered
O1006065,DHL,2025-10-28 20:33:00,2025-10-30 06:33:00,2025-10-30 06:33:00,Delivered
O1006066,Delhivery,2025-05-02 18:02:00,2025-05-05 06:02:00,2025-05-06 06:02:00,Delayed
O1006067,EcomExpress,2025-05-04 00:06:00,2025-05-05 18:06:00,2025-05-05 18:06:00,Delivered
O1006068,DHL,2025-08-27 15:34:00,2025-08-29 11:34:00,2025-08-30 11:34:00,Delayed
O1006069,BlueDart,2025-08-16 07:17:00,2025-08-19 00:17:00,2025-08-19 00:17:00,Delivered
O1006070,Delhivery,2025-07-21 12:20:00,2025-07-25 10:20:00,2025-07-25 10:20:00,Delivered
O1006071,Delhivery,2025-03-27 04:01:00,2025-03-28 18:01:00,2025-03-29 18:01:00,Delayed
O1006072,DHL,2025-02-06 06:27:00,2025-02-07 23:27:00,2025-02-07 23:27:00,Delivered
O1006073,DHL,2025-11-29 00:45:00,2025-11-30 17:45:00,2025-11-30 17:45:00,Delivered
O1006074,Delhivery,2025-11-16 17:20:00,2025-11-18 08:20:00,2025-11-18 08:20:00,Delivered
O1006075,BlueDart,2025-11-21 03:47:00,2025-11-24 22:47:00,2025-11-25 04:47:00,Delayed
O1006076,DHL,2025-07-07 18:22:00,2025-07-09 01:22:00,2025-07-09 13:22:00,Delayed
O1006077,BlueDart,2025-11-20 03:52:00,2025-11-21 17:52:00,2025-11-21 17:52:00,Delivered
O1006078,EcomExpress,2025-06-23 00:49:00,2025-06-25 23:49:00,2025-06-25 23:49:00,Delivered
O1006079,Delhivery,2025-01-28 17:27:00,2025-01-30 18:27:00,2025-01-31 18:27:00,Delayed
O1006080,BlueDart,2025-03-15 05:53:00,2025-03-18 21:53:00,2025-03-18 21:53:00,Delivered
O1006081,Delhivery,2025-04-11 12:05:00,2025-04-14 06:05:00,2025-04-14 06:05:00,Delivered
O1006082,DHL,2025-05-19 06:52:00,2025-05-20 15:52:00,2025-05-21 03:52:00,Delayed
O1006083,BlueDart,2025-12-10 02:42:00,2025-12-12 12:42:00,2025-12-12 12:42:00,Delivered
O1006084,DHL,2025-05-03 03:27:00,2025-05-04 10:27:00,2025-05-04 16:27:00,Delayed
O1006085,Delhivery,2025-08-12 23:03:00,2025-08-15 05:03:00,2025-08-15 05:03:00,Delivered
O1006086,Delhivery,2025-04-10 13:23:00,2025-04-14 06:23:00,2025-04-14 06:23:00,Delivered
O1006087,BlueDart,2025-08-24 03:00:00,2025-08-26 13:00:00,2025-08-26 13:00:00,Delivered
O1006088,DHL,2025-07-28 05:18:00,2025-07-31 04:18:00,2025-08-01 04:18:00,Delayed
O1006089,Delhivery,2025-02-25 00:03:00,2025-02-27 03:03:00,2025-02-27 15:03:00,Delayed
O1006090,DHL,2025-06-19 09:00:00,2025-06-23 06:00:00,2025-06-23 06:00:00,Delivered
O1006091,EcomExpress,2025-02-08 17:20:00,2025-02-11 11:20:00,2025-02-11 11:20:00,Delivered
O1006092,BlueDart,2025-11-21 15:14:00,2025-11-24 18:14:00,2025-11-24 18:14:00,Delivered
O1006093,BlueDart,2025-09-15 22:41:00,2025-09-19 07:41:00,2025-09-19 07:41:00,Delivered
O1006094,EcomExpress,2025-12-11 05:16:00,2025-12-14 12:16:00,2025-12-14 12:16:00,Delivered
O1006095,DHL,2025-11-16 21:51:00,2025-11-20 16:51:00,2025-11-20 22:51:00,Delayed
O1006096,BlueDart,2025-03-23 14:17:00,2025-03-25 23:17:00,2025-03-25 23:17:00,Delivered
O1006097,EcomExpress,2025-09-17 00:52:00,2025-09-18 11:52:00,2025-09-18 11:52:00,Delivered
O1006098,Delhivery,2025-02-07 00:34:00,2025-02-08 17:34:00,2025-02-08 17:34:00,Delivered
O1006099,EcomExpress,2025-12-18 11:00:00,2025-12-20 04:00:00,2025-12-20 04:00:00,Delivered
O1006100,EcomExpress,2025-10-15 11:03:00,2025-10-18 03:03:00,2025-10-18 09:03:00,Delayed
O1006101,EcomExpress,2025-09-06 18:08:00,2025-09-08 00:08:00,2025-09-08 00:08:00,Delivered
O1006102,DHL,2025-12-31 01:33:00,2026-01-02 02:33:00,2026-01-02 08:33:00,Delayed
O1006103,Delhivery,2025-11-07 06:33:00,2025-11-10 10:33:00,2025-11-10 16:33:00,Delayed
O1006104,EcomExpress,2025-11-13 09:02:00,2025-11-15 18:02:00,2025-11-16 18:02:00,Delayed
O1006105,Delhivery,2025-02-07 17:50:00,2025-02-09 17:50:00,2025-02-09 23:50:00,Delayed
O1006106,BlueDart,2025-01-10 03:38:00,2025-01-12 16:38:00,2025-01-13 04:38:00,Delayed
O1006107,DHL,2025-12-17 20:32:00,2025-12-19 05:32:00,2025-12-19 05:32:00,Delivered
O1006108,BlueDart,2025-04-03 05:17:00,2025-04-04 06:17:00,2025-04-04 06:17:00,Delivered
O1006109,EcomExpress,2025-06-05 22:09:00,2025-06-09 01:09:00,2025-06-09 01:09:00,Delivered
O1006110,Delhivery,2025-01-17 04:03:00,2025-01-19 23:03:00,2025-01-19 23:03:00,Delivered
O1006111,BlueDart,2025-08-16 14:49:00,2025-08-19 15:49:00,2025-08-20 03:49:00,Delayed
O1006112,DHL,2025-10-28 00:13:00,2025-10-30 01:13:00,2025-10-30 01:13:00,Delivered
O1006113,Delhivery,2025-11-05 18:39:00,2025-11-07 09:39:00,2025-11-07 09:39:00,Delivered
O1006114,DHL,2025-08-01 21:01:00,2025-08-05 07:01:00,2025-08-05 07:01:00,Delivered
O1006115,DHL,2025-08-31 11:20:00,2025-09-03 15:20:00,2025-09-03 15:20:00,Delivered
O1006116,Delhivery,2025-07-08 07:26:00,2025-07-09 11:26:00,2025-07-09 11:26:00,Delivered
O1006117,EcomExpress,2025-06-13 00:54:00,2025-06-16 21:54:00,2025-06-17 03:54:00,Delayed
O1006118,DHL,2025-07-23 06:56:00,2025-07-25 22:56:00,2025-07-25 22:56:00,Delivered
O1006119,Delhivery,2025-12-08 15:06:00,2025-12-10 12:06:00,2025-12-10 12:06:00,Delivered
O1006120,DHL,2025-04-04 08:11:00,2025-04-06 09:11:00,2025-04-06 09:11:00,Delivered
O1006121,BlueDart,2025-06-21 16:56:00,2025-06-24 07:56:00,2025-06-26 07:56:00,Delayed
O1006122,BlueDart,2025-08-08 12:53:00,2025-08-09 18:53:00,2025-08-10 18:53:00,Delayed
O1006123,DHL,2025-07-29 11:59:00,2025-07-30 16:59:00,2025-07-30 16:59:00,Delivered
O1006124,DHL,2025-01-13 14:58:00,2025-01-15 19:58:00,2025-01-15 19:58:00,Delivered
O1006125,DHL,2025-04-16 06:02:00,2025-04-20 02:02:00,2025-04-21 02:02:00,Delayed
O1006126,DHL,2025-08-25 03:41:00,2025-08-27 08:41:00,2025-08-28 08:41:00,Delayed
O1006127,Delhivery,2025-09-11 20:07:00,2025-09-15 09:07:00,2025-09-15 15:07:00,Delayed
O1006128,Delhivery,2025-09-27 02:00:00,2025-09-30 08:00:00,2025-09-30 08:00:00,Delivered
O1006129,Delhivery,2025-12-28 21:56:00,2026-01-01 10:56:00,2026-01-01 16:56:00,Delayed
O1006130,EcomExpress,2025-09-03 15:12:00,2025-09-05 01:12:00,2025-09-05 07:12:00,Delayed
O1006131,DHL,2025-08-01 09:46:00,2025-08-05 08:46:00,2025-08-05 20:46:00,Delayed
O1006132,Delhivery,2025-05-03 09:48:00,2025-05-06 20:48:00,2025-05-07 02:48:00,Delayed
O1006133,Delhivery,2025-05-17 05:05:00,2025-05-20 18:05:00,2025-05-21 00:05:00,Delayed
O1006134,EcomExpress,2025-10-30 05:44:00,2025-10-31 08:44:00,2025-11-01 08:44:00,Delayed
O1006135,DHL,2025-06-22 07:10:00,2025-06-24 02:10:00,2025-06-25 02:10:00,Delayed
O1006137,BlueDart,2025-02-15 23:33:00,2025-02-18 12:33:00,2025-02-18 12:33:00,Delivered
O1006138,EcomExpress,2025-02-17 07:46:00,2025-02-20 04:46:00,2025-02-22 04:46:00,Delayed
O1006139,EcomExpress,2025-03-21 06:56:00,2025-03-24 04:56:00,2025-03-24 04:56:00,Delivered
O1006140,BlueDart,2025-03-14 13:19:00,2025-03-18 11:19:00,2025-03-18 11:19:00,Delivered
O1006141,BlueDart,2025-08-11 02:43:00,2025-08-12 03:43:00,2025-08-12 03:43:00,Delivered
O1006142,DHL,2025-08-22 07:21:00,2025-08-24 01:21:00,2025-08-24 01:21:00,Delivered
O1006143,BlueDart,2025-07-23 18:34:00,2025-07-24 22:34:00,2025-07-24 22:34:00,Delivered
O1006144,DHL,2025-04-16 14:44:00,2025-04-19 04:44:00,2025-04-21 04:44:00,Delayed
O1006145,Delhivery,2025-07-31 08:42:00,2025-08-02 03:42:00,2025-08-02 03:42:00,Delivered
O1006146,Delhivery,2025-02-13 21:40:00,2025-02-16 17:40:00,2025-02-17 17:40:00,Delayed
O1006147,EcomExpress,2025-06-22 14:12:00,2025-06-24 17:12:00,2025-06-24 17:12:00,Delivered
O1006148,Delhivery,2025-02-26 23:50:00,2025-02-28 17:50:00,2025-02-28 17:50:00,Delivered
O1006149,DHL,2025-01-29 20:00:00,2025-01-31 20:00:00,2025-01-31 20:00:00,Delivered
O1006150,BlueDart,2025-03-02 15:54:00,2025-03-05 12:54:00,2025-03-05 12:54:00,Delivered
O1006151,BlueDart,2025-02-11 10:00:00,2025-02-15 07:00:00,2025-02-17 07:00:00,Delayed
O1006152,EcomExpress,2025-06-25 07:48:00,2025-06-26 19:48:00,2025-06-26 19:48:00,Delivered
O1006153,BlueDart,2025-07-20 07:44:00,2025-07-21 19:44:00,2025-07-21 19:44:00,Delivered
O1006154,BlueDart,2025-08-11 17:57:00,2025-08-15 14:57:00,2025-08-16 14:57:00,Delayed
O1006155,DHL,2025-06-10 19:46:00,2025-06-14 11:46:00,2025-06-14 11:46:00,Delivered
O1006156,Delhivery,2025-03-07 01:25:00,2025-03-10 17:25:00,2025-03-10 17:25:00,Delivered
O1006157,DHL,2025-01-09 13:10:00,2025-01-13 09:10:00,2025-01-13 09:10:00,Delivered
O1006158,DHL,2025-09-19 12:33:00,2025-09-21 03:33:00,2025-09-21 09:33:00,Delayed
O1006159,EcomExpress,2025-12-26 01:01:00,2025-12-27 13:01:00,2025-12-27 13:01:00,Delivered
O1006160,DHL,2025-04-14 17:01:00,2025-04-17 16:01:00,2025-04-17 22:01:00,Delayed
O1006161,Delhivery,2025-03-17 00:13:00,2025-03-20 06:13:00,2025-03-20 18:13:00,Delayed
O1006162,DHL,2025-04-25 12:00:00,2025-04-28 23:00:00,2025-04-28 23:00:00,Delivered
O1006163,Delhivery,2025-03-20 23:56:00,2025-03-24 22:56:00,2025-03-25 04:56:00,Delayed
O1006164,Delhivery,2025-03-24 12:11:00,2025-03-28 04:11:00,2025-03-29 04:11:00,Delayed
O1006165,BlueDart,2025-07-01 07:53:00,2025-07-03 00:53:00,2025-07-03 00:53:00,Delivered
O1006166,DHL,2025-10-15 06:36:00,2025-10-17 03:36:00,2025-10-17 03:36:00,Delivered
O1006167,DHL,2025-09-17 23:51:00,2025-09-20 11:51:00,2025-09-20 11:51:00,Delivered
O1006168,Delhivery,2025-12-18 03:46:00,2025-12-20 00:46:00,2025-12-20 06:46:00,Delayed
O1006169,DHL,2025-05-11 20:49:00,2025-05-15 02:49:00,2025-05-15 02:49:00,Delivered
O1006170,DHL,2025-06-30 17:14:00,2025-07-04 04:14:00,2025-07-05 04:14:00,Delayed
O1006171,BlueDart,2025-05-20 00:40:00,2025-05-23 04:40:00,2025-05-23 04:40:00,Delivered
O1006172,EcomExpress,2025-01-17 10:19:00,2025-01-18 10:19:00,2025-01-18 10:19:00,Delivered
O1006173,DHL,2025-05-23 07:06:00,2025-05-26 18:06:00,2025-05-26 18:06:00,Delivered
O1006174,DHL,2025-04-06 20:46:00,2025-04-08 16:46:00,2025-04-09 04:46:00,Delayed
O1006175,EcomExpress,2025-06-24 18:28:00,2025-06-26 19:28:00,2025-06-26 19:28:00,Delivered
O1006176,BlueDart,2025-02-28 06:10:00,2025-03-02 22:10:00,2025-03-02 22:10:00,Delivered
O1006177,Delhivery,2025-09-29 09:25:00,2025-09-30 17:25:00,2025-10-01 17:25:00,Delayed
O1006178,EcomExpress,2025-11-04 15:35:00,2025-11-07 19:35:00,2025-11-07 19:35:00,Delivered
O1006179,BlueDart,2025-12-18 02:05:00,2025-12-21 02:05:00,2025-12-21 02:05:00,Delivered
O1006180,EcomExpress,2025-02-01 05:29:00,2025-02-03 13:29:00,2025-02-04 13:29:00,Delayed
O1006181,Delhivery,2025-02-13 10:40:00,2025-02-15 10:40:00,2025-02-15 10:40:00,Delivered
O1006182,EcomExpress,2025-12-20 11:54:00,2025-12-22 07:54:00,2025-12-22 07:54:00,Delivered
O1006183,Delhivery,2025-11-07 02:49:00,2025-11-10 00:49:00,2025-11-10 00:49:00,Delivered
O1006185,BlueDart,2025-04-28 12:12:00,2025-05-02 11:12:00,2025-05-02 17:12:00,Delayed
O1006186,DHL,2025-07-09 16:56:00,2025-07-12 02:56:00,2025-07-12 02:56:00,Delivered
O1006187,DHL,2025-07-16 02:13:00,2025-07-20 00:13:00,2025-07-21 00:13:00,Delayed
O1006188,DHL,2025-11-07 01:12:00,2025-11-09 10:12:00,2025-11-09 22:12:00,Delayed
O1006189,Delhivery,2025-07-13 22:41:00,2025-07-14 22:41:00,2025-07-14 22:41:00,Delivered
O1006190,DHL,2025-01-12 02:11:00,2025-01-15 17:11:00,2025-01-15 17:11:00,Delivered
O1006191,Delhivery,2025-09-13 18:22:00,2025-09-15 19:22:00,2025-09-16 01:22:00,Delayed
O1006192,Delhivery,2025-10-12 09:34:00,2025-10-15 07:34:00,2025-10-15 07:34:00,Delivered
O1006193,BlueDart,2025-04-20 01:58:00,2025-04-22 10:58:00,2025-04-22 10:58:00,Delivered
O1006194,DHL,2025-02-13 07:32:00,2025-02-16 03:32:00,2025-02-16 03:32:00,Delivered
O1006195,Delhivery,2025-02-22 16:07:00,2025-02-25 22:07:00,2025-02-26 04:07:00,Delayed
O1006196,EcomExpress,2025-11-04 11:49:00,2025-11-08 08:49:00,2025-11-08 08:49:00,Delivered
O1006197,DHL,2025-06-13 17:32:00,2025-06-17 14:32:00,2025-06-17 14:32:00,Delivered
O1006198,EcomExpress,2025-07-13 19:22:00,2025-07-15 14:22:00,2025-07-15 20:22:00,Delayed
O1006199,DHL,2025-12-18 03:48:00,2025-12-19 04:48:00,2025-12-21 04:48:00,Delayed
O1006200,EcomExpress,2025-01-24 13:41:00,2025-01-27 14:41:00,2025-01-27 14:41:00,Delivered
O1006201,Delhivery,2025-03-17 22:50:00,2025-03-19 12:50:00,2025-03-19 12:50:00,Delivered
O1006202,BlueDart,2025-11-02 12:43:00,2025-11-04 13:43:00,2025-11-04 13:43:00,Delivered
O1006203,EcomExpress,2025-07-18 02:34:00,2025-07-21 08:34:00,2025-07-21 08:34:00,Delivered
O1006204,EcomExpress,2025-01-11 01:43:00,2025-01-13 20:43:00,2025-01-13 20:43:00,Delivered
O1006205,BlueDart,2025-09-15 04:44:00,2025-09-17 23:44:00,2025-09-18 11:44:00,Delayed
O1006206,DHL,2025-02-21 17:19:00,2025-02-25 03:19:00,2025-02-25 03:19:00,Delivered
O1006207,Delhivery,2025-10-13 21:40:00,2025-10-16 18:40:00,2025-10-17 18:40:00,Delayed
O1006208,EcomExpress,2025-10-20 02:39:00,2025-10-23 20:39:00,2025-10-23 20:39:00,Delivered
O1006209,EcomExpress,2025-10-29 09:44:00,2025-10-30 23:44:00,2025-10-31 05:44:00,Delayed
O1006210,Delhivery,2025-06-19 20:22:00,2025-06-22 02:22:00,2025-06-22 02:22:00,Delivered
O1006211,BlueDart,2025-04-08 20:29:00,2025-04-11 03:29:00,2025-04-11 09:29:00,Delayed
O1006212,Delhivery,2025-11-19 10:08:00,2025-11-22 21:08:00,2025-11-24 21:08:00,Delayed
O1006213,EcomExpress,2025-07-24 14:15:00,2025-07-28 02:15:00,2025-07-30 02:15:00,Delayed
O1006214,EcomExpress,2025-08-21 01:53:00,2025-08-23 01:53:00,2025-08-23 13:53:00,Delayed
O1006215,EcomExpress,2025-02-20 02:14:00,2025-02-23 20:14:00,2025-02-23 20:14:00,Delivered
O1006216,EcomExpress,2025-08-16 16:48:00,2025-08-19 15:48:00,2025-08-20 03:48:00,Delayed
O1006217,BlueDart,2025-08-01 06:22:00,2025-08-02 22:22:00,2025-08-04 22:22:00,Delayed
O1006218,EcomExpress,2025-04-18 07:31:00,2025-04-21 22:31:00,2025-04-21 22:31:00,Delivered
O1006219,EcomExpress,2025-10-07 19:04:00,2025-10-09 07:04:00,2025-10-09 07:04:00,Delivered
O1006220,Delhivery,2025-02-19 11:19:00,2025-02-22 12:19:00,2025-02-22 12:19:00,Delivered
O1006221,Delhivery,2025-09-20 15:05:00,2025-09-24 10:05:00,2025-09-24 16:05:00,Delayed
O1006222,Delhivery,2025-12-18 10:49:00,2025-12-21 12:49:00,2025-12-21 12:49:00,Delivered
O1006223,EcomExpress,2025-07-27 14:33:00,2025-07-30 02:33:00,2025-07-30 02:33:00,Delivered
O1006225,EcomExpress,2025-07-21 16:57:00,2025-07-25 04:57:00,2025-07-25 04:57:00,Delivered
O1006226,DHL,2025-07-14 06:13:00,2025-07-15 19:13:00,2025-07-15 19:13:00,Delivered
O1006227,Delhivery,2025-07-22 17:50:00,2025-07-24 11:50:00,2025-07-24 11:50:00,Delivered
O1006228,EcomExpress,2025-04-11 15:05:00,2025-04-14 13:05:00,2025-04-15 13:05:00,Delayed
O1006229,DHL,2025-08-18 04:49:00,2025-08-21 09:49:00,2025-08-21 09:49:00,Delivered
O1006230,BlueDart,2025-04-08 00:40:00,2025-04-09 19:40:00,2025-04-09 19:40:00,Delivered
O1006231,EcomExpress,2025-07-23 22:42:00,2025-07-26 19:42:00,2025-07-27 01:42:00,Delayed
O1006232,Delhivery,2025-08-06 20:12:00,2025-08-10 04:12:00,2025-08-10 04:12:00,Delivered
O1006233,DHL,2025-08-25 05:12:00,2025-08-27 20:12:00,2025-08-28 08:12:00,Delayed
O1006234,BlueDart,2025-10-20 10:46:00,2025-10-21 21:46:00,2025-10-22 21:46:00,Delayed
O1006235,EcomExpress,2025-11-19 20:50:00,2025-11-23 18:50:00,2025-11-23 18:50:00,Delivered
O1006236,DHL,2025-10-11 17:40:00,2025-10-13 18:40:00,2025-10-13 18:40:00,Delivered
O1006237,EcomExpress,2025-10-19 12:50:00,2025-10-21 17:50:00,2025-10-21 17:50:00,Delivered
O1006238,BlueDart,2025-11-15 12:13:00,2025-11-18 05:13:00,2025-11-18 05:13:00,Delivered
O1006239,DHL,2025-03-31 07:51:00,2025-04-01 23:51:00,2025-04-01 23:51:00,Delivered
O1006240,EcomExpress,2025-04-17 17:18:00,2025-04-18 22:18:00,2025-04-19 10:18:00,Delayed
O1006241,BlueDart,2025-07-14 19:25:00,2025-07-18 07:25:00,2025-07-18 07:25:00,Delivered
O1006242,Delhivery,2025-06-20 12:01:00,2025-06-23 18:01:00,2025-06-24 06:01:00,Delayed
O1006243,Delhivery,2025-09-15 06:08:00,2025-09-16 19:08:00,2025-09-16 19:08:00,Delivered
O1006244,BlueDart,2025-01-05 10:52:00,2025-01-07 23:52:00,2025-01-07 23:52:00,Delivered
O1006245,Delhivery,2025-02-21 03:39:00,2025-02-24 08:39:00,2025-02-24 08:39:00,Delivered
O1006246,BlueDart,2025-10-01 00:24:00,2025-10-04 22:24:00,2025-10-04 22:24:00,Delivered
O1006247,EcomExpress,2025-10-28 23:34:00,2025-11-01 17:34:00,2025-11-01 17:34:00,Delivered
O1006248,EcomExpress,2025-04-22 02:18:00,2025-04-23 06:18:00,2025-04-23 12:18:00,Delayed
O1006249,EcomExpress,2025-04-24 16:30:00,2025-04-28 03:30:00,2025-04-30 03:30:00,Delayed
O1006250,EcomExpress,2025-07-25 06:45:00,2025-07-26 16:45:00,2025-07-26 16:45:00,Delivered
O1006251,BlueDart,2025-06-24 21:41:00,2025-06-27 18:41:00,2025-06-28 18:41:00,Delayed
O1006252,DHL,2025-03-04 00:37:00,2025-03-06 18:37:00,2025-03-06 18:37:00,Delivered
O1006253,DHL,2025-07-02 18:39:00,2025-07-06 12:39:00,2025-07-08 12:39:00,Delayed
O1006254,Delhivery,2025-10-28 08:15:00,2025-10-31 01:15:00,2025-10-31 01:15:00,Delivered
O1006255,Delhivery,2025-09-25 12:24:00,2025-09-27 23:24:00,2025-09-27 23:24:00,Delivered
O1006256,DHL,2025-10-26 22:48:00,2025-10-29 17:48:00,2025-10-30 05:48:00,Delayed
O1006257,EcomExpress,2025-08-24 00:27:00,2025-08-25 05:27:00,2025-08-25 05:27:00,Delivered
O1006258,Delhivery,2025-11-17 13:27:00,2025-11-18 15:27:00,2025-11-20 15:27:00,Delayed
O1006259,EcomExpress,2025-04-03 08:58:00,2025-04-06 12:58:00,2025-04-07 12:58:00,Delayed
O1006260,DHL,2025-01-18 10:15:00,2025-01-20 21:15:00,2025-01-20 21:15:00,Delivered
O1006261,DHL,2025-02-11 19:44:00,2025-02-14 22:44:00,2025-02-14 22:44:00,Delivered
O1006262,Delhivery,2025-12-29 14:26:00,2026-01-01 00:26:00,2026-01-01 00:26:00,Delivered
O1006263,Delhivery,2025-08-23 07:11:00,2025-08-26 21:11:00,2025-08-26 21:11:00,Delivered
O1006264,EcomExpress,2025-04-01 22:48:00,2025-04-03 20:48:00,2025-04-04 02:48:00,Delayed
O1006265,BlueDart,2025-11-08 14:25:00,2025-11-10 19:25:00,2025-11-10 19:25:00,Delivered
O1006266,BlueDart,2025-04-23 23:08:00,2025-04-25 18:08:00,2025-04-25 18:08:00,Delivered
O1006267,BlueDart,2025-08-08 12:02:00,2025-08-09 22:02:00,2025-08-09 22:02:00,Delivered
O1006268,BlueDart,2025-04-02 23:19:00,2025-04-04 07:19:00,2025-04-05 07:19:00,Delayed
O1006269,BlueDart,2025-02-05 05:12:00,2025-02-06 12:12:00,2025-02-06 12:12:00,Delivered
O1006270,DHL,2025-04-09 16:47:00,2025-04-10 23:47:00,2025-04-11 05:47:00,Delayed
O1006271,Delhivery,2025-03-25 15:42:00,2025-03-27 15:42:00,2025-03-27 15:42:00,Delivered
O1006272,DHL,2025-07-21 23:51:00,2025-07-24 07:51:00,2025-07-24 07:51:00,Delivered
O1006273,EcomExpress,2025-01-08 23:00:00,2025-01-12 08:00:00,2025-01-12 20:00:00,Delayed
O1006274,DHL,2025-03-30 01:36:00,2025-04-02 12:36:00,2025-04-02 12:36:00,Delivered
O1006275,EcomExpress,2025-07-27 21:06:00,2025-07-30 10:06:00,2025-07-30 16:06:00,Delayed
O1006276,DHL,2025-05-25 14:54:00,2025-05-28 08:54:00,2025-05-28 08:54:00,Delivered
O1006277,Delhivery,2025-08-21 15:31:00,2025-08-23 03:31:00,2025-08-23 03:31:00,Delivered
O1006278,EcomExpress,2025-08-29 09:34:00,2025-08-31 03:34:00,2025-09-02 03:34:00,Delayed
O1006279,Delhivery,2025-12-20 02:42:00,2025-12-21 19:42:00,2025-12-21 19:42:00,Delivered
O1006280,EcomExpress,2025-11-03 07:53:00,2025-11-05 18:53:00,2025-11-05 18:53:00,Delivered
O1006281,EcomExpress,2025-03-25 15:06:00,2025-03-27 16:06:00,2025-03-27 16:06:00,Delivered
O1006282,EcomExpress,2025-09-11 12:50:00,2025-09-13 03:50:00,2025-09-13 09:50:00,Delayed
O1006283,BlueDart,2025-08-18 00:44:00,2025-08-20 10:44:00,2025-08-20 22:44:00,Delayed
O1006284,EcomExpress,2025-08-06 09:44:00,2025-08-07 17:44:00,2025-08-07 17:44:00,Delivered
O1006285,Delhivery,2025-10-19 17:54:00,2025-10-23 05:54:00,2025-10-23 05:54:00,Delivered
O1006286,DHL,2025-02-23 17:14:00,2025-02-26 23:14:00,2025-02-27 11:14:00,Delayed
O1006287,BlueDart,2025-05-18 06:37:00,2025-05-22 05:37:00,2025-05-22 17:37:00,Delayed
O1006288,Delhivery,2025-10-25 13:39:00,2025-10-27 08:39:00,2025-10-27 20:39:00,Delayed
O1006289,DHL,2025-11-22 23:22:00,2025-11-25 18:22:00,2025-11-25 18:22:00,Delivered
O1006290,DHL,2025-01-15 04:33:00,2025-01-18 14:33:00,2025-01-18 14:33:00,Delivered
O1006291,DHL,2025-06-23 05:41:00,2025-06-25 09:41:00,2025-06-25 09:41:00,Delivered
O1006292,DHL,2025-04-07 14:45:00,2025-04-11 09:45:00,2025-04-11 09:45:00,Delivered
O1006293,EcomExpress,2025-03-04 06:46:00,2025-03-05 19:46:00,2025-03-06 07:46:00,Delayed
O1006294,DHL,2025-01-21 20:27:00,2025-01-23 08:27:00,2025-01-24 08:27:00,Delayed
O1006295,BlueDart,2025-07-17 13:24:00,2025-07-20 01:24:00,2025-07-20 07:24:00,Delayed
O1006296,BlueDart,2025-09-01 22:00:00,2025-09-03 23:00:00,2025-09-03 23:00:00,Delivered
O1006297,Delhivery,2025-07-13 15:39:00,2025-07-16 11:39:00,2025-07-16 11:39:00,Delivered
O1006298,Delhivery,2025-05-15 12:15:00,2025-05-19 01:15:00,2025-05-19 01:15:00,Delivered
O1006300,Delhivery,2025-08-27 07:22:00,2025-08-29 06:22:00,2025-08-29 06:22:00,Delivered
O1006301,EcomExpress,2025-11-28 21:06:00,2025-12-02 02:06:00,2025-12-02 02:06:00,Delivered
O1006302,EcomExpress,2025-05-07 18:14:00,2025-05-09 17:14:00,2025-05-09 23:14:00,Delayed
O1006303,DHL,2025-03-30 01:27:00,2025-03-31 04:27:00,2025-03-31 16:27:00,Delayed
O1006304,BlueDart,2025-06-17 01:17:00,2025-06-20 12:17:00,2025-06-22 12:17:00,Delayed
O1006305,BlueDart,2025-07-05 19:49:00,2025-07-08 08:49:00,2025-07-08 08:49:00,Delivered
O1006306,EcomExpress,2025-06-17 21:48:00,2025-06-20 20:48:00,2025-06-20 20:48:00,Delivered
O1006307,BlueDart,2025-11-01 11:10:00,2025-11-03 13:10:00,2025-11-03 13:10:00,Delivered
O1006308,Delhivery,2025-01-18 02:26:00,2025-01-20 10:26:00,2025-01-21 10:26:00,Delayed
O1006309,BlueDart,2025-07-13 14:34:00,2025-07-17 00:34:00,2025-07-17 00:34:00,Delivered
O1006310,BlueDart,2025-06-08 11:13:00,2025-06-11 03:13:00,2025-06-11 03:13:00,Delivered
O1006311,Delhivery,2025-03-19 03:19:00,2025-03-20 13:19:00,2025-03-20 13:19:00,Delivered
O1006312,BlueDart,2025-08-23 10:49:00,2025-08-25 22:49:00,2025-08-26 10:49:00,Delayed
O1006313,DHL,2025-10-21 18:44:00,2025-10-23 03:44:00,2025-10-23 03:44:00,Delivered
O1006314,EcomExpress,2025-07-20 15:08:00,2025-07-22 03:08:00,2025-07-22 03:08:00,Delivered
O1006315,Delhivery,2025-02-01 21:18:00,2025-02-05 19:18:00,2025-02-06 01:18:00,Delayed
O1006316,Delhivery,2025-01-29 08:35:00,2025-02-01 22:35:00,2025-02-01 22:35:00,Delivered
O1006317,DHL,2025-06-04 12:32:00,2025-06-08 02:32:00,2025-06-08 02:32:00,Delivered
O1006318,DHL,2025-09-02 05:46:00,2025-09-03 11:46:00,2025-09-03 11:46:00,Delivered
O1006319,Delhivery,2025-04-25 23:01:00,2025-04-29 22:01:00,2025-04-29 22:01:00,Delivered
O1006320,DHL,2025-04-24 01:28:00,2025-04-25 16:28:00,2025-04-25 16:28:00,Delivered
O1006321,DHL,2025-11-11 03:24:00,2025-11-12 15:24:00,2025-11-14 15:24:00,Delayed
O1006322,BlueDart,2025-01-07 03:07:00,2025-01-09 19:07:00,2025-01-09 19:07:00,Delivered
O1006323,BlueDart,2025-01-31 04:37:00,2025-02-02 07:37:00,2025-02-02 07:37:00,Delivered
O1006324,Delhivery,2025-02-27 09:47:00,2025-03-01 18:47:00,2025-03-01 18:47:00,Delivered
O1006325,EcomExpress,2025-12-27 05:51:00,2025-12-30 19:51:00,2025-12-30 19:51:00,Delivered
O1006326,EcomExpress,2025-07-01 23:44:00,2025-07-04 17:44:00,2025-07-04 17:44:00,Delivered
O1006327,DHL,2025-02-27 16:53:00,2025-03-01 13:53:00,2025-03-02 01:53:00,Delayed
O1006328,BlueDart,2025-04-25 06:40:00,2025-04-29 00:40:00,2025-04-30 00:40:00,Delayed
O1006329,Delhivery,2025-12-20 20:00:00,2025-12-23 22:00:00,2025-12-23 22:00:00,Delivered
O1006330,Delhivery,2025-09-12 03:59:00,2025-09-13 23:59:00,2025-09-14 11:59:00,Delayed
O1006331,Delhivery,2025-03-24 14:38:00,2025-03-25 17:38:00,2025-03-25 17:38:00,Delivered
O1006332,EcomExpress,2025-03-30 10:14:00,2025-03-31 20:14:00,2025-03-31 20:14:00,Delivered
O1006333,DHL,2025-01-28 23:23:00,2025-01-30 13:23:00,2025-01-30 13:23:00,Delivered
O1006334,DHL,2025-10-11 18:18:00,2025-10-13 02:18:00,2025-10-13 02:18:00,Delivered
O1006335,Delhivery,2025-02-20 20:09:00,2025-02-24 14:09:00,2025-02-24 14:09:00,Delivered
O1006336,EcomExpress,2025-04-15 21:25:00,2025-04-17 01:25:00,2025-04-17 07:25:00,Delayed
O1006337,EcomExpress,2025-05-08 10:04:00,2025-05-12 06:04:00,2025-05-12 18:04:00,Delayed
O1006338,Delhivery,2025-08-16 09:37:00,2025-08-19 17:37:00,2025-08-20 17:37:00,Delayed
O1006340,Delhivery,2025-10-19 23:23:00,2025-10-21 04:23:00,2025-10-21 04:23:00,Delivered
O1006341,Delhivery,2025-04-19 22:53:00,2025-04-22 06:53:00,2025-04-22 12:53:00,Delayed
O1006342,Delhivery,2025-05-21 22:52:00,2025-05-22 22:52:00,2025-05-23 10:52:00,Delayed
O1006343,BlueDart,2025-05-23 09:49:00,2025-05-25 03:49:00,2025-05-25 03:49:00,Delivered
O1006345,EcomExpress,2025-09-28 03:33:00,2025-09-29 22:33:00,2025-09-29 22:33:00,Delivered
O1006346,BlueDart,2025-07-15 12:52:00,2025-07-18 12:52:00,2025-07-18 18:52:00,Delayed
O1006347,BlueDart,2025-06-23 19:04:00,2025-06-25 08:04:00,2025-06-25 08:04:00,Delivered
O1006348,Delhivery,2025-12-31 04:27:00,2026-01-03 11:27:00,2026-01-03 11:27:00,Delivered
O1006349,Delhivery,2025-03-08 13:35:00,2025-03-11 15:35:00,2025-03-11 15:35:00,Delivered
O1006350,DHL,2025-12-20 12:30:00,2025-12-24 07:30:00,2025-12-24 07:30:00,Delivered
O1006351,DHL,2025-09-07 05:52:00,2025-09-09 20:52:00,2025-09-11 20:52:00,Delayed
O1006352,Delhivery,2025-03-22 20:59:00,2025-03-25 00:59:00,2025-03-25 00:59:00,Delivered
O1006353,EcomExpress,2025-09-06 02:50:00,2025-09-09 05:50:00,2025-09-11 05:50:00,Delayed
O1006354,EcomExpress,2025-10-04 02:12:00,2025-10-07 03:12:00,2025-10-07 03:12:00,Delivered
O1006355,EcomExpress,2025-05-14 02:12:00,2025-05-15 17:12:00,2025-05-15 17:12:00,Delivered
O1006356,Delhivery,2025-05-07 06:04:00,2025-05-09 01:04:00,2025-05-09 01:04:00,Delivered
O1006357,BlueDart,2025-11-02 06:22:00,2025-11-05 04:22:00,2025-11-05 16:22:00,Delayed
O1006358,BlueDart,2025-03-01 00:30:00,2025-03-04 14:30:00,2025-03-04 14:30:00,Delivered
O1006359,DHL,2025-01-06 14:42:00,2025-01-09 03:42:00,2025-01-09 03:42:00,Delivered
O1006360,DHL,2025-09-02 02:40:00,2025-09-05 19:40:00,2025-09-05 19:40:00,Delivered
O1006361,BlueDart,2025-11-28 19:53:00,2025-12-01 10:53:00,2025-12-03 10:53:00,Delayed
O1006362,Delhivery,2025-07-03 14:05:00,2025-07-06 11:05:00,2025-07-06 11:05:00,Delivered
O1006364,Delhivery,2025-07-17 09:30:00,2025-07-19 11:30:00,2025-07-19 11:30:00,Delivered
O1006365,EcomExpress,2025-04-03 05:40:00,2025-04-06 04:40:00,2025-04-06 16:40:00,Delayed
O1006366,DHL,2025-10-30 18:19:00,2025-10-31 23:19:00,2025-10-31 23:19:00,Delivered
O1006367,DHL,2025-08-12 23:09:00,2025-08-15 22:09:00,2025-08-15 22:09:00,Delivered
O1006368,DHL,2025-05-03 20:46:00,2025-05-06 00:46:00,2025-05-06 00:46:00,Delivered
O1006369,BlueDart,2025-08-17 01:20:00,2025-08-19 19:20:00,2025-08-19 19:20:00,Delivered
O1006370,DHL,2025-09-01 15:54:00,2025-09-05 14:54:00,2025-09-05 14:54:00,Delivered
O1006371,BlueDart,2025-09-05 20:37:00,2025-09-08 03:37:00,2025-09-08 03:37:00,Delivered
O1006372,DHL,2025-05-14 22:57:00,2025-05-17 22:57:00,2025-05-17 22:57:00,Delivered
O1006373,BlueDart,2025-07-28 20:13:00,2025-08-01 01:13:00,2025-08-01 01:13:00,Delivered
O1006374,BlueDart,2025-01-17 04:01:00,2025-01-18 16:01:00,2025-01-19 04:01:00,Delayed
O1006375,EcomExpress,2025-05-29 05:31:00,2025-06-02 03:31:00,2025-06-02 03:31:00,Delivered
O1006376,BlueDart,2025-05-19 02:42:00,2025-05-21 17:42:00,2025-05-21 17:42:00,Delivered
O1006377,Delhivery,2025-07-15 18:58:00,2025-07-18 23:58:00,2025-07-20 23:58:00,Delayed
O1006378,EcomExpress,2025-12-14 03:30:00,2025-12-15 12:30:00,2025-12-16 00:30:00,Delayed
O1006379,DHL,2025-12-15 18:07:00,2025-12-17 16:07:00,2025-12-17 16:07:00,Delivered
O1006380,EcomExpress,2025-06-26 14:42:00,2025-06-30 09:42:00,2025-06-30 15:42:00,Delayed
O1006381,EcomExpress,2025-08-25 14:57:00,2025-08-28 02:57:00,2025-08-28 08:57:00,Delayed
O1006382,EcomExpress,2025-02-10 07:43:00,2025-02-11 08:43:00,2025-02-11 08:43:00,Delivered
O1006383,BlueDart,2025-06-26 19:59:00,2025-06-29 13:59:00,2025-06-29 13:59:00,Delivered
O1006384,DHL,2025-09-10 13:52:00,2025-09-14 02:52:00,2025-09-14 02:52:00,Delivered
O1006385,Delhivery,2025-09-08 04:30:00,2025-09-09 09:30:00,2025-09-10 09:30:00,Delayed
O1006386,Delhivery,2025-12-19 07:09:00,2025-12-20 20:09:00,2025-12-20 20:09:00,Delivered
O1006387,Delhivery,2025-06-20 15:07:00,2025-06-23 02:07:00,2025-06-23 08:07:00,Delayed
O1006388,DHL,2025-11-29 06:18:00,2025-12-01 10:18:00,2025-12-01 10:18:00,Delivered
O1006389,EcomExpress,2025-12-25 02:54:00,2025-12-26 09:54:00,2025-12-26 09:54:00,Delivered
O1006390,BlueDart,2025-07-28 18:13:00,2025-07-30 07:13:00,2025-07-30 07:13:00,Delivered
O1006391,DHL,2025-02-03 19:09:00,2025-02-06 07:09:00,2025-02-06 07:09:00,Delivered
O1006392,DHL,2025-05-18 15:10:00,2025-05-21 10:10:00,2025-05-21 10:10:00,Delivered
O1006393,EcomExpress,2025-10-07 16:38:00,2025-10-08 22:38:00,2025-10-08 22:38:00,Delivered
O1006394,BlueDart,2025-08-01 06:42:00,2025-08-04 09:42:00,2025-08-04 09:42:00,Delivered
O1006395,DHL,2025-12-09 07:27:00,2025-12-11 09:27:00,2025-12-11 09:27:00,Delivered
O1006396,Delhivery,2025-10-25 15:53:00,2025-10-29 14:53:00,2025-10-29 20:53:00,Delayed
O1006397,DHL,2025-01-24 22:32:00,2025-01-28 18:32:00,2025-01-28 18:32:00,Delivered
O1006398,BlueDart,2025-11-12 09:44:00,2025-11-15 05:44:00,2025-11-15 17:44:00,Delayed
O1006400,DHL,2025-10-26 21:41:00,2025-10-27 21:41:00,2025-10-28 03:41:00,Delayed
O1006401,BlueDart,2025-07-06 09:00:00,2025-07-07 18:00:00,2025-07-08 06:00:00,Delayed
O1006402,Delhivery,2025-06-17 04:23:00,2025-06-18 23:23:00,2025-06-20 23:23:00,Delayed
O1006403,Delhivery,2025-01-27 22:00:00,2025-01-30 05:00:00,2025-01-30 05:00:00,Delivered
O1006404,Delhivery,2025-02-14 15:43:00,2025-02-16 17:43:00,2025-02-16 17:43:00,Delivered
O1006405,EcomExpress,2025-08-06 22:49:00,2025-08-10 05:49:00,2025-08-10 05:49:00,Delivered
O1006406,Delhivery,2025-07-27 21:35:00,2025-07-30 15:35:00,2025-07-30 15:35:00,Delivered
O1006407,DHL,2025-07-22 20:30:00,2025-07-24 17:30:00,2025-07-24 17:30:00,Delivered
O1006408,EcomExpress,2025-02-28 13:36:00,2025-03-04 10:36:00,2025-03-05 10:36:00,Delayed
O1006409,DHL,2025-07-07 03:34:00,2025-07-10 19:34:00,2025-07-10 19:34:00,Delivered
O1006410,Delhivery,2025-01-24 14:55:00,2025-01-27 12:55:00,2025-01-28 12:55:00,Delayed
O1006411,BlueDart,2025-02-22 17:13:00,2025-02-24 08:13:00,2025-02-24 08:13:00,Delivered
O1006412,BlueDart,2025-07-03 06:43:00,2025-07-06 22:43:00,2025-07-07 10:43:00,Delayed
O1006413,Delhivery,2025-08-15 13:03:00,2025-08-18 17:03:00,2025-08-18 17:03:00,Delivered
O1006415,Delhivery,2025-12-26 12:22:00,2025-12-27 23:22:00,2025-12-27 23:22:00,Delivered
O1006416,EcomExpress,2025-11-08 20:49:00,2025-11-10 08:49:00,2025-11-11 08:49:00,Delayed
O1006417,DHL,2025-05-20 06:00:00,2025-05-22 02:00:00,2025-05-22 14:00:00,Delayed
O1006418,BlueDart,2025-10-14 02:13:00,2025-10-16 23:13:00,2025-10-16 23:13:00,Delivered
O1006419,BlueDart,2025-02-05 12:37:00,2025-02-09 03:37:00,2025-02-09 03:37:00,Delivered
O1006420,Delhivery,2025-11-10 13:04:00,2025-11-11 23:04:00,2025-11-11 23:04:00,Delivered
O1006421,EcomExpress,2025-05-23 01:23:00,2025-05-24 01:23:00,2025-05-24 01:23:00,Delivered
O1006422,BlueDart,2025-10-06 03:41:00,2025-10-09 04:41:00,2025-10-09 04:41:00,Delivered
O1006423,Delhivery,2025-12-22 16:43:00,2025-12-25 00:43:00,2025-12-26 00:43:00,Delayed
O1006424,EcomExpress,2025-09-15 07:28:00,2025-09-16 12:28:00,2025-09-16 12:28:00,Delivered
O1006425,DHL,2025-12-02 12:52:00,2025-12-04 20:52:00,2025-12-04 20:52:00,Delivered
O1006426,DHL,2025-01-04 23:44:00,2025-01-06 01:44:00,2025-01-06 07:44:00,Delayed
O1006427,EcomExpress,2025-03-05 10:45:00,2025-03-09 06:45:00,2025-03-09 06:45:00,Delivered
O1006428,DHL,2025-08-18 14:28:00,2025-08-22 04:28:00,2025-08-22 16:28:00,Delayed
O1006429,DHL,2025-07-17 23:32:00,2025-07-20 07:32:00,2025-07-20 07:32:00,Delivered
O1006430,EcomExpress,2025-02-14 11:38:00,2025-02-17 22:38:00,2025-02-17 22:38:00,Delivered
O1006431,DHL,2025-09-20 19:03:00,2025-09-24 12:03:00,2025-09-24 12:03:00,Delivered
O1006432,EcomExpress,2025-01-22 22:07:00,2025-01-24 00:07:00,2025-01-24 00:07:00,Delivered
O1006433,EcomExpress,2025-12-29 11:44:00,2026-01-01 05:44:00,2026-01-03 05:44:00,Delayed
O1006434,EcomExpress,2025-02-28 03:06:00,2025-03-01 18:06:00,2025-03-01 18:06:00,Delivered
O1006435,DHL,2025-06-12 19:19:00,2025-06-14 16:19:00,2025-06-15 04:19:00,Delayed
O1006436,Delhivery,2025-10-29 04:57:00,2025-11-01 01:57:00,2025-11-02 01:57:00,Delayed
O1006437,DHL,2025-07-08 05:30:00,2025-07-09 15:30:00,2025-07-09 15:30:00,Delivered
O1006438,EcomExpress,2025-09-29 18:34:00,2025-10-03 12:34:00,2025-10-03 12:34:00,Delivered
O1006439,Delhivery,2025-09-15 09:14:00,2025-09-17 20:14:00,2025-09-17 20:14:00,Delivered
O1006441,Delhivery,2025-06-20 08:24:00,2025-06-23 22:24:00,2025-06-24 22:24:00,Delayed
O1006442,BlueDart,2025-12-25 14:39:00,2025-12-26 15:39:00,2025-12-26 15:39:00,Delivered
O1006443,BlueDart,2025-07-08 18:22:00,2025-07-12 02:22:00,2025-07-12 02:22:00,Delivered
O1006444,Delhivery,2025-11-24 03:19:00,2025-11-26 03:19:00,2025-11-26 03:19:00,Delivered
O1006445,DHL,2025-09-26 10:39:00,2025-09-29 12:39:00,2025-09-30 00:39:00,Delayed
O1006446,Delhivery,2025-02-18 17:04:00,2025-02-21 06:04:00,2025-02-21 06:04:00,Delivered
O1006447,Delhivery,2025-08-24 00:06:00,2025-08-26 17:06:00,2025-08-26 17:06:00,Delivered
O1006448,BlueDart,2025-11-18 08:09:00,2025-11-21 00:09:00,2025-11-21 00:09:00,Delivered
O1006450,EcomExpress,2025-11-03 20:04:00,2025-11-06 06:04:00,2025-11-06 06:04:00,Delivered
O1006451,Delhivery,2025-02-09 07:24:00,2025-02-11 14:24:00,2025-02-11 14:24:00,Delivered
O1006452,DHL,2025-11-15 09:52:00,2025-11-19 07:52:00,2025-11-19 07:52:00,Delivered
O1006453,DHL,2025-10-15 18:31:00,2025-10-19 15:31:00,2025-10-19 15:31:00,Delivered
O1006454,DHL,2025-02-26 09:17:00,2025-03-01 03:17:00,2025-03-01 03:17:00,Delivered
O1006455,EcomExpress,2025-09-24 07:52:00,2025-09-25 17:52:00,2025-09-26 17:52:00,Delayed
O1006456,BlueDart,2025-02-12 15:55:00,2025-02-13 18:55:00,2025-02-13 18:55:00,Delivered
O1006457,Delhivery,2025-07-28 17:21:00,2025-08-01 16:21:00,2025-08-01 16:21:00,Delivered
O1006459,EcomExpress,2025-03-17 15:09:00,2025-03-19 04:09:00,2025-03-19 04:09:00,Delivered
O1006461,EcomExpress,2025-06-05 07:18:00,2025-06-08 08:18:00,2025-06-08 08:18:00,Delivered
O1006462,Delhivery,2025-05-15 23:18:00,2025-05-19 02:18:00,2025-05-19 02:18:00,Delivered
O1006463,EcomExpress,2025-01-19 02:37:00,2025-01-22 13:37:00,2025-01-23 13:37:00,Delayed
O1006464,EcomExpress,2025-06-17 09:06:00,2025-06-19 07:06:00,2025-06-19 07:06:00,Delivered
O1006465,Delhivery,2025-04-06 10:44:00,2025-04-09 07:44:00,2025-04-09 13:44:00,Delayed
O1006466,EcomExpress,2025-02-16 03:58:00,2025-02-18 11:58:00,2025-02-18 23:58:00,Delayed
O1006467,EcomExpress,2025-04-12 04:18:00,2025-04-13 19:18:00,2025-04-13 19:18:00,Delivered
O1006468,BlueDart,2025-01-08 22:49:00,2025-01-12 02:49:00,2025-01-13 02:49:00,Delayed
O1006469,EcomExpress,2025-11-30 21:27:00,2025-12-04 03:27:00,2025-12-04 03:27:00,Delivered
O1006470,Delhivery,2025-12-29 23:13:00,2026-01-01 12:13:00,2026-01-01 12:13:00,Delivered
O1006471,BlueDart,2025-05-16 01:27:00,2025-05-19 14:27:00,2025-05-19 14:27:00,Delivered
O1006472,BlueDart,2025-11-16 18:18:00,2025-11-19 14:18:00,2025-11-19 14:18:00,Delivered
O1006473,BlueDart,2025-06-19 01:21:00,2025-06-22 07:21:00,2025-06-22 07:21:00,Delivered
O1006474,Delhivery,2025-11-30 23:28:00,2025-12-04 05:28:00,2025-12-05 05:28:00,Delayed
O1006475,Delhivery,2025-03-06 16:17:00,2025-03-10 06:17:00,2025-03-10 06:17:00,Delivered
O1006476,DHL,2025-04-14 23:32:00,2025-04-17 20:32:00,2025-04-18 20:32:00,Delayed
O1006477,Delhivery,2025-09-29 05:58:00,2025-09-30 09:58:00,2025-09-30 09:58:00,Delivered
O1006478,DHL,2025-03-22 20:39:00,2025-03-26 17:39:00,2025-03-27 05:39:00,Delayed
O1006479,BlueDart,2025-10-29 04:30:00,2025-11-02 01:30:00,2025-11-02 01:30:00,Delivered
O1006480,Delhivery,2025-06-06 05:20:00,2025-06-09 09:20:00,2025-06-09 09:20:00,Delivered
O1006481,DHL,2025-05-29 17:33:00,2025-06-02 12:33:00,2025-06-02 18:33:00,Delayed
O1006482,Delhivery,2025-06-16 05:18:00,2025-06-17 19:18:00,2025-06-17 19:18:00,Delivered
O1006483,EcomExpress,2025-10-20 08:19:00,2025-10-24 00:19:00,2025-10-25 00:19:00,Delayed
O1006484,DHL,2025-01-04 03:46:00,2025-01-05 12:46:00,2025-01-05 12:46:00,Delivered
O1006485,DHL,2025-10-02 20:04:00,2025-10-05 17:04:00,2025-10-05 17:04:00,Delivered
O1006486,Delhivery,2025-10-13 11:39:00,2025-10-15 23:39:00,2025-10-16 11:39:00,Delayed
O1006487,BlueDart,2025-10-28 20:45:00,2025-11-01 08:45:00,2025-11-01 08:45:00,Delivered
O1006488,EcomExpress,2025-12-31 02:57:00,2026-01-02 16:57:00,2026-01-02 22:57:00,Delayed
O1006490,EcomExpress,2025-07-13 10:33:00,2025-07-16 05:33:00,2025-07-16 05:33:00,Delivered
O1006491,DHL,2025-06-21 14:21:00,2025-06-23 12:21:00,2025-06-23 18:21:00,Delayed
O1006492,Delhivery,2025-05-22 18:33:00,2025-05-25 05:33:00,2025-05-25 11:33:00,Delayed
O1006493,EcomExpress,2025-10-29 21:18:00,2025-10-31 23:18:00,2025-11-02 23:18:00,Delayed
O1006494,BlueDart,2025-05-24 20:44:00,2025-05-28 15:44:00,2025-05-28 15:44:00,Delivered
O1006495,DHL,2025-07-30 12:34:00,2025-08-02 03:34:00,2025-08-02 03:34:00,Delivered
O1006496,Delhivery,2025-02-06 08:18:00,2025-02-07 22:18:00,2025-02-07 22:18:00,Delivered
O1006497,Delhivery,2025-04-27 15:55:00,2025-04-28 18:55:00,2025-04-29 00:55:00,Delayed
O1006499,DHL,2025-06-09 10:24:00,2025-06-12 23:24:00,2025-06-12 23:24:00,Delivered
O1006500,EcomExpress,2025-07-03 21:42:00,2025-07-06 17:42:00,2025-07-07 17:42:00,Delayed
O1006501,BlueDart,2025-09-20 05:40:00,2025-09-22 12:40:00,2025-09-24 12:40:00,Delayed
O1006502,DHL,2025-06-07 15:14:00,2025-06-09 11:14:00,2025-06-11 11:14:00,Delayed
O1006503,DHL,2025-02-24 22:52:00,2025-02-26 19:52:00,2025-02-26 19:52:00,Delivered
O1006504,BlueDart,2025-07-19 08:12:00,2025-07-22 04:12:00,2025-07-22 04:12:00,Delivered
O1006505,BlueDart,2025-01-21 08:56:00,2025-01-23 20:56:00,2025-01-23 20:56:00,Delivered
O1006506,EcomExpress,2025-11-07 08:17:00,2025-11-09 22:17:00,2025-11-10 22:17:00,Delayed
O1006507,EcomExpress,2025-10-10 06:42:00,2025-10-13 03:42:00,2025-10-13 15:42:00,Delayed
O1006508,BlueDart,2025-03-25 08:07:00,2025-03-29 02:07:00,2025-03-29 02:07:00,Delivered
O1006509,DHL,2025-04-07 18:18:00,2025-04-09 07:18:00,2025-04-09 07:18:00,Delivered
O1006510,DHL,2025-01-12 09:05:00,2025-01-15 06:05:00,2025-01-16 06:05:00,Delayed
O1006511,DHL,2025-05-15 03:04:00,2025-05-18 09:04:00,2025-05-18 09:04:00,Delivered
O1006512,BlueDart,2025-01-15 06:29:00,2025-01-17 17:29:00,2025-01-17 17:29:00,Delivered
O1006513,BlueDart,2025-12-08 22:39:00,2025-12-11 02:39:00,2025-12-11 08:39:00,Delayed
O1006514,DHL,2025-02-19 09:48:00,2025-02-21 22:48:00,2025-02-21 22:48:00,Delivered
O1006515,Delhivery,2025-08-30 15:13:00,2025-09-02 17:13:00,2025-09-02 17:13:00,Delivered
O1006516,Delhivery,2025-07-28 22:57:00,2025-07-30 22:57:00,2025-07-31 22:57:00,Delayed
O1006517,Delhivery,2025-03-28 21:01:00,2025-03-30 08:01:00,2025-03-30 08:01:00,Delivered
O1006518,DHL,2025-10-23 18:38:00,2025-10-25 00:38:00,2025-10-25 00:38:00,Delivered
O1006519,Delhivery,2025-02-09 17:49:00,2025-02-10 21:49:00,2025-02-11 21:49:00,Delayed
O1006520,EcomExpress,2025-11-21 10:39:00,2025-11-25 03:39:00,2025-11-25 03:39:00,Delivered
O1006521,BlueDart,2025-09-29 13:30:00,2025-10-01 00:30:00,2025-10-01 00:30:00,Delivered
O1006522,EcomExpress,2025-08-20 16:24:00,2025-08-23 15:24:00,2025-08-23 21:24:00,Delayed
O1006523,EcomExpress,2025-11-19 04:46:00,2025-11-20 16:46:00,2025-11-20 16:46:00,Delivered
O1006525,DHL,2025-04-14 04:53:00,2025-04-16 17:53:00,2025-04-16 17:53:00,Delivered
O1006526,Delhivery,2025-02-26 19:13:00,2025-03-02 01:13:00,2025-03-02 01:13:00,Delivered
O1006527,BlueDart,2025-12-04 23:25:00,2025-12-06 09:25:00,2025-12-08 09:25:00,Delayed
O1006528,BlueDart,2025-05-27 21:43:00,2025-05-30 08:43:00,2025-05-30 14:43:00,Delayed
O1006529,EcomExpress,2025-10-31 09:51:00,2025-11-02 15:51:00,2025-11-02 15:51:00,Delivered
O1006531,EcomExpress,2025-12-15 22:15:00,2025-12-19 05:15:00,2025-12-19 05:15:00,Delivered
O1006532,Delhivery,2025-11-15 02:44:00,2025-11-17 18:44:00,2025-11-18 18:44:00,Delayed
O1006533,BlueDart,2025-04-24 10:28:00,2025-04-27 15:28:00,2025-04-28 03:28:00,Delayed
O1006534,EcomExpress,2025-06-27 23:49:00,2025-06-30 17:49:00,2025-06-30 17:49:00,Delivered
O1006535,BlueDart,2025-10-17 14:46:00,2025-10-19 07:46:00,2025-10-19 13:46:00,Delayed
O1006536,DHL,2025-03-25 18:21:00,2025-03-28 10:21:00,2025-03-28 10:21:00,Delivered
O1006537,EcomExpress,2025-01-10 08:02:00,2025-01-14 01:02:00,2025-01-14 01:02:00,Delivered
O1006538,DHL,2025-04-16 20:26:00,2025-04-19 01:26:00,2025-04-20 01:26:00,Delayed
O1006539,BlueDart,2025-08-04 23:16:00,2025-08-08 06:16:00,2025-08-08 06:16:00,Delivered
O1006541,DHL,2025-05-02 22:53:00,2025-05-05 21:53:00,2025-05-05 21:53:00,Delivered
O1006542,Delhivery,2025-12-03 19:03:00,2025-12-05 01:03:00,2025-12-05 01:03:00,Delivered
O1006543,EcomExpress,2025-01-29 02:38:00,2025-01-30 08:38:00,2025-01-30 08:38:00,Delivered
O1006544,DHL,2025-01-20 16:19:00,2025-01-23 09:19:00,2025-01-25 09:19:00,Delayed
O1006545,BlueDart,2025-06-04 19:28:00,2025-06-06 08:28:00,2025-06-06 08:28:00,Delivered
O1006546,Delhivery,2025-01-05 14:25:00,2025-01-07 19:25:00,2025-01-08 01:25:00,Delayed
O1006547,DHL,2025-01-12 00:32:00,2025-01-14 08:32:00,2025-01-14 20:32:00,Delayed
O1006548,BlueDart,2025-03-09 13:51:00,2025-03-11 22:51:00,2025-03-12 10:51:00,Delayed
O1006549,Delhivery,2025-02-08 01:25:00,2025-02-11 05:25:00,2025-02-11 17:25:00,Delayed
O1006550,EcomExpress,2025-10-24 07:39:00,2025-10-26 09:39:00,2025-10-26 15:39:00,Delayed
O1006551,Delhivery,2025-02-14 15:06:00,2025-02-15 22:06:00,2025-02-15 22:06:00,Delivered
O1006552,BlueDart,2025-07-11 18:07:00,2025-07-14 05:07:00,2025-07-14 05:07:00,Delivered
O1006553,EcomExpress,2025-09-16 14:56:00,2025-09-20 04:56:00,2025-09-22 04:56:00,Delayed
O1006554,Delhivery,2025-08-18 10:57:00,2025-08-20 11:57:00,2025-08-20 11:57:00,Delivered
O1006555,Delhivery,2025-08-27 17:05:00,2025-08-30 23:05:00,2025-08-30 23:05:00,Delivered
O1006556,Delhivery,2025-05-12 05:29:00,2025-05-14 14:29:00,2025-05-14 14:29:00,Delivered
O1006557,DHL,2025-11-22 02:33:00,2025-11-23 15:33:00,2025-11-23 15:33:00,Delivered
O1006559,EcomExpress,2025-02-10 16:58:00,2025-02-13 07:58:00,2025-02-13 07:58:00,Delivered
O1006561,DHL,2025-01-25 16:36:00,2025-01-28 02:36:00,2025-01-28 02:36:00,Delivered
O1006562,EcomExpress,2025-03-12 14:19:00,2025-03-15 18:19:00,2025-03-15 18:19:00,Delivered
O1006563,BlueDart,2025-03-05 17:53:00,2025-03-08 18:53:00,2025-03-09 00:53:00,Delayed
O1006564,DHL,2025-01-13 22:03:00,2025-01-15 08:03:00,2025-01-17 08:03:00,Delayed
O1006565,DHL,2025-02-13 03:56:00,2025-02-14 07:56:00,2025-02-14 07:56:00,Delivered
O1006566,DHL,2025-07-30 12:36:00,2025-07-31 21:36:00,2025-08-02 21:36:00,Delayed
O1006567,EcomExpress,2025-08-31 20:51:00,2025-09-03 20:51:00,2025-09-03 20:51:00,Delivered
O1006568,DHL,2025-02-01 10:27:00,2025-02-03 21:27:00,2025-02-03 21:27:00,Delivered
O1006569,EcomExpress,2025-12-10 16:43:00,2025-12-12 19:43:00,2025-12-12 19:43:00,Delivered
O1006570,DHL,2025-02-05 00:01:00,2025-02-07 10:01:00,2025-02-07 10:01:00,Delivered
O1006571,BlueDart,2025-09-08 18:00:00,2025-09-09 18:00:00,2025-09-11 18:00:00,Delayed
O1006572,BlueDart,2025-10-21 06:08:00,2025-10-23 22:08:00,2025-10-23 22:08:00,Delivered
O1006573,BlueDart,2025-07-10 23:04:00,2025-07-12 10:04:00,2025-07-12 16:04:00,Delayed
O1006574,Delhivery,2025-06-30 02:48:00,2025-07-02 22:48:00,2025-07-03 10:48:00,Delayed
O1006575,DHL,2025-02-10 03:17:00,2025-02-11 14:17:00,2025-02-11 14:17:00,Delivered
O1006576,Delhivery,2025-03-31 05:47:00,2025-04-02 00:47:00,2025-04-02 00:47:00,Delivered
O1006577,DHL,2025-11-08 00:29:00,2025-11-11 19:29:00,2025-11-11 19:29:00,Delivered
O1006578,EcomExpress,2025-05-08 23:09:00,2025-05-11 21:09:00,2025-05-11 21:09:00,Delivered
O1006579,DHL,2025-01-13 18:56:00,2025-01-17 09:56:00,2025-01-17 21:56:00,Delayed
O1006580,BlueDart,2025-09-24 17:18:00,2025-09-27 04:18:00,2025-09-27 04:18:00,Delivered
O1006581,BlueDart,2025-09-08 08:53:00,2025-09-11 12:53:00,2025-09-12 12:53:00,Delayed
O1006582,Delhivery,2025-01-25 22:55:00,2025-01-28 09:55:00,2025-01-28 21:55:00,Delayed
O1006583,DHL,2025-01-20 06:40:00,2025-01-23 03:40:00,2025-01-23 03:40:00,Delivered
O1006584,BlueDart,2025-02-12 22:58:00,2025-02-15 16:58:00,2025-02-15 16:58:00,Delivered
O1006585,BlueDart,2025-01-19 23:40:00,2025-01-20 23:40:00,2025-01-20 23:40:00,Delivered
O1006586,Delhivery,2025-08-14 01:17:00,2025-08-16 21:17:00,2025-08-16 21:17:00,Delivered
O1006587,BlueDart,2025-02-19 05:49:00,2025-02-20 14:49:00,2025-02-20 14:49:00,Delivered
O1006588,BlueDart,2025-08-11 02:27:00,2025-08-13 22:27:00,2025-08-13 22:27:00,Delivered
O1006589,EcomExpress,2025-03-07 06:50:00,2025-03-08 14:50:00,2025-03-09 14:50:00,Delayed
O1006590,Delhivery,2025-12-21 21:51:00,2025-12-25 08:51:00,2025-12-25 08:51:00,Delivered
O1006591,EcomExpress,2025-09-22 14:19:00,2025-09-25 08:19:00,2025-09-25 08:19:00,Delivered
O1006592,Delhivery,2025-05-18 12:23:00,2025-05-20 23:23:00,2025-05-20 23:23:00,Delivered
O1006593,BlueDart,2025-06-07 12:05:00,2025-06-11 07:05:00,2025-06-11 07:05:00,Delivered
O1006594,Delhivery,2025-01-24 23:50:00,2025-01-28 18:50:00,2025-01-28 18:50:00,Delivered
O1006595,Delhivery,2025-01-21 21:25:00,2025-01-23 17:25:00,2025-01-23 17:25:00,Delivered
O1006596,BlueDart,2025-07-16 21:52:00,2025-07-20 17:52:00,2025-07-20 17:52:00,Delivered
O1006597,EcomExpress,2025-01-10 03:42:00,2025-01-12 09:42:00,2025-01-14 09:42:00,Delayed
O1006598,Delhivery,2025-08-22 10:32:00,2025-08-24 10:32:00,2025-08-24 10:32:00,Delivered
O1006599,DHL,2025-05-21 03:06:00,2025-05-24 22:06:00,2025-05-24 22:06:00,Delivered
O1006600,Delhivery,2025-02-21 00:01:00,2025-02-24 15:01:00,2025-02-24 15:01:00,Delivered
O1006601,DHL,2025-07-16 08:33:00,2025-07-19 21:33:00,2025-07-19 21:33:00,Delivered
O1006602,BlueDart,2025-07-21 12:07:00,2025-07-23 18:07:00,2025-07-24 18:07:00,Delayed
O1006603,BlueDart,2025-10-01 09:52:00,2025-10-04 03:52:00,2025-10-04 03:52:00,Delivered
O1006604,Delhivery,2025-03-15 03:14:00,2025-03-19 01:14:00,2025-03-20 01:14:00,Delayed
O1006605,EcomExpress,2025-07-20 12:21:00,2025-07-21 14:21:00,2025-07-21 14:21:00,Delivered
O1006606,DHL,2025-11-05 16:07:00,2025-11-09 10:07:00,2025-11-09 10:07:00,Delivered
O1006607,DHL,2025-04-10 02:26:00,2025-04-13 21:26:00,2025-04-14 09:26:00,Delayed
O1006608,BlueDart,2025-11-02 05:14:00,2025-11-04 12:14:00,2025-11-04 12:14:00,Delivered
O1006609,EcomExpress,2025-09-23 06:05:00,2025-09-24 08:05:00,2025-09-24 20:05:00,Delayed
O1006610,DHL,2025-06-06 13:14:00,2025-06-08 14:14:00,2025-06-08 14:14:00,Delivered
O1006611,Delhivery,2025-11-20 11:38:00,2025-11-21 18:38:00,2025-11-21 18:38:00,Delivered
O1006612,BlueDart,2025-12-19 23:16:00,2025-12-23 00:16:00,2025-12-23 00:16:00,Delivered
O1006613,BlueDart,2025-03-28 21:39:00,2025-03-30 22:39:00,2025-03-30 22:39:00,Delivered
O1006615,EcomExpress,2025-01-01 15:04:00,2025-01-03 17:04:00,2025-01-04 05:04:00,Delayed
O1006616,BlueDart,2025-02-18 00:30:00,2025-02-20 16:30:00,2025-02-20 16:30:00,Delivered
O1006617,EcomExpress,2025-01-16 22:33:00,2025-01-19 21:33:00,2025-01-19 21:33:00,Delivered
O1006618,BlueDart,2025-05-16 08:30:00,2025-05-17 17:30:00,2025-05-17 17:30:00,Delivered
O1006619,DHL,2025-12-08 23:46:00,2025-12-11 05:46:00,2025-12-11 05:46:00,Delivered
O1006620,EcomExpress,2025-08-09 08:52:00,2025-08-10 14:52:00,2025-08-10 14:52:00,Delivered
O1006621,Delhivery,2025-08-14 21:26:00,2025-08-17 09:26:00,2025-08-17 09:26:00,Delivered
O1006622,Delhivery,2025-02-01 02:38:00,2025-02-03 01:38:00,2025-02-03 01:38:00,Delivered
O1006623,BlueDart,2025-07-08 21:42:00,2025-07-11 00:42:00,2025-07-11 00:42:00,Delivered
O1006624,BlueDart,2025-05-21 08:25:00,2025-05-22 21:25:00,2025-05-22 21:25:00,Delivered
O1006625,BlueDart,2025-06-25 17:26:00,2025-06-29 02:26:00,2025-06-30 02:26:00,Delayed
O1006626,BlueDart,2025-04-07 17:25:00,2025-04-09 13:25:00,2025-04-09 13:25:00,Delivered
O1006627,BlueDart,2025-03-16 09:13:00,2025-03-19 04:13:00,2025-03-19 04:13:00,Delivered
O1006628,EcomExpress,2025-12-15 17:34:00,2025-12-18 15:34:00,2025-12-18 15:34:00,Delivered
O1006629,DHL,2025-07-24 13:07:00,2025-07-27 14:07:00,2025-07-27 20:07:00,Delayed
O1006630,EcomExpress,2025-06-01 06:44:00,2025-06-02 06:44:00,2025-06-02 06:44:00,Delivered
O1006631,BlueDart,2025-01-28 13:16:00,2025-02-01 00:16:00,2025-02-01 12:16:00,Delayed
O1006632,Delhivery,2025-10-06 16:22:00,2025-10-09 14:22:00,2025-10-09 14:22:00,Delivered
O1006633,Delhivery,2025-06-23 10:55:00,2025-06-26 19:55:00,2025-06-26 19:55:00,Delivered
O1006634,DHL,2025-05-23 11:08:00,2025-05-26 16:08:00,2025-05-26 22:08:00,Delayed
O1006635,Delhivery,2025-09-02 12:20:00,2025-09-05 00:20:00,2025-09-05 00:20:00,Delivered
O1006636,EcomExpress,2025-02-18 20:51:00,2025-02-22 01:51:00,2025-02-22 01:51:00,Delivered
O1006637,EcomExpress,2025-07-15 02:30:00,2025-07-16 20:30:00,2025-07-16 20:30:00,Delivered
O1006638,DHL,2025-11-13 05:21:00,2025-11-15 05:21:00,2025-11-15 05:21:00,Delivered
O1006639,BlueDart,2025-06-19 12:33:00,2025-06-21 14:33:00,2025-06-21 14:33:00,Delivered
O1006640,Delhivery,2025-01-02 06:36:00,2025-01-04 10:36:00,2025-01-04 10:36:00,Delivered
O1006641,DHL,2025-03-26 02:27:00,2025-03-28 17:27:00,2025-03-28 17:27:00,Delivered
O1006642,BlueDart,2025-01-22 01:22:00,2025-01-25 05:22:00,2025-01-25 17:22:00,Delayed
O1006643,DHL,2025-07-03 01:33:00,2025-07-04 18:33:00,2025-07-05 00:33:00,Delayed
O1006644,DHL,2025-05-15 06:01:00,2025-05-17 05:01:00,2025-05-18 05:01:00,Delayed
O1006645,Delhivery,2025-02-19 03:46:00,2025-02-22 11:46:00,2025-02-23 11:46:00,Delayed
O1006646,EcomExpress,2025-09-09 05:05:00,2025-09-12 13:05:00,2025-09-12 13:05:00,Delivered
O1006647,DHL,2025-03-07 01:21:00,2025-03-08 17:21:00,2025-03-08 23:21:00,Delayed
O1006648,Delhivery,2025-05-06 09:42:00,2025-05-07 16:42:00,2025-05-07 16:42:00,Delivered
O1006649,EcomExpress,2025-12-28 08:37:00,2025-12-30 08:37:00,2025-12-30 20:37:00,Delayed
O1006650,Delhivery,2025-01-26 04:10:00,2025-01-27 12:10:00,2025-01-27 12:10:00,Delivered
O1006651,Delhivery,2025-04-02 10:40:00,2025-04-05 07:40:00,2025-04-05 13:40:00,Delayed
O1006652,BlueDart,2025-04-27 13:43:00,2025-04-30 16:43:00,2025-04-30 16:43:00,Delivered
O1006653,DHL,2025-07-06 01:08:00,2025-07-09 03:08:00,2025-07-09 09:08:00,Delayed
O1006654,DHL,2025-04-01 06:25:00,2025-04-03 06:25:00,2025-04-03 06:25:00,Delivered
O1006655,Delhivery,2025-12-21 19:36:00,2025-12-23 23:36:00,2025-12-23 23:36:00,Delivered
O1006656,BlueDart,2025-01-03 06:20:00,2025-01-05 16:20:00,2025-01-05 22:20:00,Delayed
O1006657,DHL,2025-12-14 01:32:00,2025-12-17 07:32:00,2025-12-17 07:32:00,Delivered
O1006658,DHL,2025-07-15 23:10:00,2025-07-19 19:10:00,2025-07-19 19:10:00,Delivered
O1006659,DHL,2025-01-15 04:51:00,2025-01-18 20:51:00,2025-01-19 02:51:00,Delayed
O1006660,BlueDart,2025-02-13 09:07:00,2025-02-15 09:07:00,2025-02-15 15:07:00,Delayed
O1006661,BlueDart,2025-02-08 07:10:00,2025-02-09 18:10:00,2025-02-10 00:10:00,Delayed
O1006662,Delhivery,2025-04-16 05:24:00,2025-04-17 08:24:00,2025-04-17 08:24:00,Delivered
O1006663,DHL,2025-05-03 04:27:00,2025-05-06 21:27:00,2025-05-06 21:27:00,Delivered
O1006665,EcomExpress,2025-04-24 18:51:00,2025-04-28 13:51:00,2025-04-29 13:51:00,Delayed
O1006667,BlueDart,2025-04-19 08:35:00,2025-04-21 22:35:00,2025-04-21 22:35:00,Delivered
O1006668,DHL,2025-04-07 20:21:00,2025-04-09 00:21:00,2025-04-09 12:21:00,Delayed
O1006669,BlueDart,2025-04-12 07:06:00,2025-04-14 15:06:00,2025-04-14 15:06:00,Delivered
O1006670,EcomExpress,2025-05-01 20:20:00,2025-05-05 00:20:00,2025-05-05 00:20:00,Delivered
O1006671,BlueDart,2025-11-03 07:41:00,2025-11-06 16:41:00,2025-11-06 16:41:00,Delivered
O1006672,Delhivery,2025-04-01 17:37:00,2025-04-05 01:37:00,2025-04-05 13:37:00,Delayed
O1006673,DHL,2025-04-10 19:54:00,2025-04-14 03:54:00,2025-04-14 03:54:00,Delivered
O1006674,Delhivery,2025-12-17 02:32:00,2025-12-18 08:32:00,2025-12-18 14:32:00,Delayed
O1006675,Delhivery,2025-08-27 23:09:00,2025-08-31 00:09:00,2025-08-31 00:09:00,Delivered
O1006676,DHL,2025-03-11 17:51:00,2025-03-15 16:51:00,2025-03-15 16:51:00,Delivered
O1006677,EcomExpress,2025-11-14 13:41:00,2025-11-16 18:41:00,2025-11-18 18:41:00,Delayed
O1006679,DHL,2025-03-01 20:17:00,2025-03-04 08:17:00,2025-03-04 08:17:00,Delivered
O1006680,Delhivery,2025-06-13 13:21:00,2025-06-15 08:21:00,2025-06-15 08:21:00,Delivered
O1006683,DHL,2025-10-02 19:30:00,2025-10-06 04:30:00,2025-10-06 04:30:00,Delivered
O1006684,BlueDart,2025-02-27 14:03:00,2025-03-01 15:03:00,2025-03-01 15:03:00,Delivered
O1006685,DHL,2025-10-14 03:06:00,2025-10-18 02:06:00,2025-10-18 08:06:00,Delayed
O1006686,EcomExpress,2025-02-04 14:45:00,2025-02-07 07:45:00,2025-02-07 07:45:00,Delivered
O1006687,BlueDart,2025-06-20 07:14:00,2025-06-22 07:14:00,2025-06-22 13:14:00,Delayed
O1006688,BlueDart,2025-08-23 06:27:00,2025-08-25 22:27:00,2025-08-25 22:27:00,Delivered
O1006689,BlueDart,2025-04-08 08:21:00,2025-04-09 10:21:00,2025-04-09 22:21:00,Delayed
O1006690,EcomExpress,2025-08-12 10:15:00,2025-08-16 04:15:00,2025-08-16 04:15:00,Delivered
O1006691,DHL,2025-09-09 23:22:00,2025-09-12 07:22:00,2025-09-12 07:22:00,Delivered
O1006692,BlueDart,2025-08-26 23:38:00,2025-08-29 07:38:00,2025-08-29 19:38:00,Delayed
O1006693,DHL,2025-05-25 19:48:00,2025-05-28 00:48:00,2025-05-28 00:48:00,Delivered
O1006694,DHL,2025-10-10 13:33:00,2025-10-13 12:33:00,2025-10-13 12:33:00,Delivered
O1006695,DHL,2025-09-25 20:37:00,2025-09-29 04:37:00,2025-09-29 16:37:00,Delayed
O1006696,Delhivery,2025-05-01 00:30:00,2025-05-03 23:30:00,2025-05-04 23:30:00,Delayed
O1006697,Delhivery,2025-09-25 21:48:00,2025-09-27 06:48:00,2025-09-27 06:48:00,Delivered
O1006698,DHL,2025-12-03 00:58:00,2025-12-06 04:58:00,2025-12-06 16:58:00,Delayed
O1006699,DHL,2025-10-27 06:48:00,2025-10-30 04:48:00,2025-10-30 16:48:00,Delayed
O1006700,EcomExpress,2025-09-26 20:59:00,2025-09-30 19:59:00,2025-10-01 19:59:00,Delayed
O1006701,DHL,2025-10-08 06:33:00,2025-10-10 01:33:00,2025-10-10 13:33:00,Delayed
O1006702,DHL,2025-10-22 07:43:00,2025-10-25 16:43:00,2025-10-25 16:43:00,Delivered
O1006703,Delhivery,2025-04-17 00:15:00,2025-04-20 15:15:00,2025-04-21 15:15:00,Delayed
O1006704,BlueDart,2025-09-21 16:12:00,2025-09-22 18:12:00,2025-09-22 18:12:00,Delivered
O1006705,BlueDart,2025-03-14 20:20:00,2025-03-18 13:20:00,2025-03-18 13:20:00,Delivered
O1006706,BlueDart,2025-05-11 20:08:00,2025-05-15 06:08:00,2025-05-15 06:08:00,Delivered
O1006707,DHL,2025-12-08 21:19:00,2025-12-12 06:19:00,2025-12-12 06:19:00,Delivered
O1006708,Delhivery,2025-04-15 02:59:00,2025-04-19 01:59:00,2025-04-19 01:59:00,Delivered
O1006709,EcomExpress,2025-11-05 09:16:00,2025-11-06 23:16:00,2025-11-06 23:16:00,Delivered
O1006710,Delhivery,2025-06-04 22:04:00,2025-06-06 00:04:00,2025-06-06 12:04:00,Delayed
O1006712,BlueDart,2025-02-06 14:59:00,2025-02-09 10:59:00,2025-02-09 10:59:00,Delivered
O1006713,DHL,2025-07-21 04:56:00,2025-07-23 22:56:00,2025-07-23 22:56:00,Delivered
O1006714,EcomExpress,2025-06-15 01:39:00,2025-06-18 14:39:00,2025-06-19 02:39:00,Delayed
O1006715,EcomExpress,2025-07-06 22:52:00,2025-07-09 17:52:00,2025-07-10 17:52:00,Delayed
O1006716,Delhivery,2025-01-17 09:07:00,2025-01-18 17:07:00,2025-01-18 17:07:00,Delivered
O1006717,DHL,2025-04-08 19:34:00,2025-04-11 08:34:00,2025-04-11 08:34:00,Delivered
O1006718,Delhivery,2025-01-02 11:29:00,2025-01-04 14:29:00,2025-01-05 14:29:00,Delayed
O1006719,EcomExpress,2025-04-22 07:29:00,2025-04-25 22:29:00,2025-04-25 22:29:00,Delivered
O1006720,EcomExpress,2025-12-07 00:12:00,2025-12-10 02:12:00,2025-12-10 02:12:00,Delivered
O1006721,BlueDart,2025-02-25 22:14:00,2025-03-01 08:14:00,2025-03-01 08:14:00,Delivered
O1006722,BlueDart,2025-09-09 19:20:00,2025-09-12 23:20:00,2025-09-14 23:20:00,Delayed
O1006723,BlueDart,2025-01-04 00:46:00,2025-01-05 12:46:00,2025-01-05 12:46:00,Delivered
O1006724,DHL,2025-07-25 16:49:00,2025-07-29 05:49:00,2025-07-30 05:49:00,Delayed
O1006725,DHL,2025-12-04 12:15:00,2025-12-05 19:15:00,2025-12-05 19:15:00,Delivered
O1006726,BlueDart,2025-05-06 02:35:00,2025-05-07 21:35:00,2025-05-07 21:35:00,Delivered
O1006727,Delhivery,2025-03-14 16:15:00,2025-03-16 03:15:00,2025-03-17 03:15:00,Delayed
O1006728,BlueDart,2025-07-29 01:30:00,2025-07-30 07:30:00,2025-07-30 07:30:00,Delivered
O1006729,Delhivery,2025-04-13 07:03:00,2025-04-16 22:03:00,2025-04-17 10:03:00,Delayed
O1006730,EcomExpress,2025-11-22 21:29:00,2025-11-24 06:29:00,2025-11-24 06:29:00,Delivered
O1006731,EcomExpress,2025-11-07 14:53:00,2025-11-08 21:53:00,2025-11-09 21:53:00,Delayed
O1006732,BlueDart,2025-08-28 04:03:00,2025-08-29 10:03:00,2025-08-29 10:03:00,Delivered
O1006733,EcomExpress,2025-08-23 13:04:00,2025-08-26 11:04:00,2025-08-26 11:04:00,Delivered
O1006735,BlueDart,2025-09-26 23:52:00,2025-09-28 15:52:00,2025-09-28 21:52:00,Delayed
O1006736,DHL,2025-06-18 10:10:00,2025-06-21 11:10:00,2025-06-22 11:10:00,Delayed
O1006737,Delhivery,2025-12-21 00:45:00,2025-12-22 19:45:00,2025-12-23 19:45:00,Delayed
O1006738,DHL,2025-05-07 22:56:00,2025-05-09 13:56:00,2025-05-09 13:56:00,Delivered
O1006739,BlueDart,2025-01-04 19:00:00,2025-01-06 06:00:00,2025-01-06 06:00:00,Delivered
O1006740,BlueDart,2025-09-13 06:18:00,2025-09-14 22:18:00,2025-09-14 22:18:00,Delivered
O1006741,DHL,2025-08-31 09:01:00,2025-09-02 01:01:00,2025-09-02 01:01:00,Delivered
O1006742,Delhivery,2025-12-26 07:02:00,2025-12-29 19:02:00,2025-12-30 19:02:00,Delayed
O1006743,EcomExpress,2025-05-26 08:50:00,2025-05-28 22:50:00,2025-05-29 04:50:00,Delayed
O1006744,EcomExpress,2025-06-06 10:12:00,2025-06-08 16:12:00,2025-06-08 16:12:00,Delivered
O1006745,BlueDart,2025-07-26 03:26:00,2025-07-29 19:26:00,2025-07-29 19:26:00,Delivered
O1006746,Delhivery,2025-05-25 06:20:00,2025-05-27 17:20:00,2025-05-27 17:20:00,Delivered
O1006747,BlueDart,2025-10-14 17:50:00,2025-10-18 08:50:00,2025-10-18 08:50:00,Delivered
O1006748,DHL,2025-06-07 10:41:00,2025-06-09 14:41:00,2025-06-10 14:41:00,Delayed
O1006749,BlueDart,2025-10-15 00:33:00,2025-10-18 22:33:00,2025-10-18 22:33:00,Delivered
O1006750,EcomExpress,2025-06-06 15:55:00,2025-06-08 04:55:00,2025-06-08 04:55:00,Delivered
O1006751,DHL,2025-03-24 23:10:00,2025-03-27 12:10:00,2025-03-27 12:10:00,Delivered
O1006752,BlueDart,2025-12-29 02:06:00,2025-12-31 09:06:00,2025-12-31 09:06:00,Delivered
O1006753,DHL,2025-07-13 03:44:00,2025-07-16 18:44:00,2025-07-16 18:44:00,Delivered
O1006754,BlueDart,2025-09-16 16:38:00,2025-09-18 11:38:00,2025-09-18 11:38:00,Delivered
O1006755,BlueDart,2025-08-05 02:14:00,2025-08-07 02:14:00,2025-08-07 02:14:00,Delivered
O1006756,EcomExpress,2025-05-13 07:27:00,2025-05-15 04:27:00,2025-05-17 04:27:00,Delayed
O1006757,BlueDart,2025-12-22 08:03:00,2025-12-25 04:03:00,2025-12-25 04:03:00,Delivered
O1006758,DHL,2025-05-17 06:44:00,2025-05-18 20:44:00,2025-05-19 20:44:00,Delayed
O1006759,EcomExpress,2025-12-30 10:49:00,2026-01-01 20:49:00,2026-01-01 20:49:00,Delivered
O1006760,Delhivery,2025-06-08 09:29:00,2025-06-11 06:29:00,2025-06-11 06:29:00,Delivered
O1006761,BlueDart,2025-01-10 04:25:00,2025-01-11 19:25:00,2025-01-12 01:25:00,Delayed
O1006762,EcomExpress,2025-01-15 05:12:00,2025-01-17 01:12:00,2025-01-17 01:12:00,Delivered
O1006763,Delhivery,2025-12-22 23:30:00,2025-12-24 09:30:00,2025-12-24 09:30:00,Delivered
O1006764,DHL,2025-07-12 16:19:00,2025-07-14 03:19:00,2025-07-14 03:19:00,Delivered
O1006765,BlueDart,2025-05-23 09:45:00,2025-05-27 03:45:00,2025-05-27 03:45:00,Delivered
O1006766,Delhivery,2025-10-24 20:45:00,2025-10-28 06:45:00,2025-10-29 06:45:00,Delayed
O1006767,BlueDart,2025-08-15 16:15:00,2025-08-17 05:15:00,2025-08-17 05:15:00,Delivered
O1006768,EcomExpress,2025-08-30 21:27:00,2025-09-02 14:27:00,2025-09-02 14:27:00,Delivered
O1006769,BlueDart,2025-09-09 04:11:00,2025-09-10 11:11:00,2025-09-10 23:11:00,Delayed
O1006770,DHL,2025-03-14 17:42:00,2025-03-18 06:42:00,2025-03-18 06:42:00,Delivered
O1006771,EcomExpress,2025-02-03 06:18:00,2025-02-06 12:18:00,2025-02-06 12:18:00,Delivered
O1006772,Delhivery,2025-09-23 17:46:00,2025-09-27 01:46:00,2025-09-27 01:46:00,Delivered
O1006773,BlueDart,2025-01-08 12:39:00,2025-01-10 10:39:00,2025-01-11 10:39:00,Delayed
O1006774,Delhivery,2025-09-21 04:40:00,2025-09-23 06:40:00,2025-09-24 06:40:00,Delayed
O1006775,EcomExpress,2025-02-18 11:42:00,2025-02-22 01:42:00,2025-02-23 01:42:00,Delayed
O1006776,Delhivery,2025-04-07 06:38:00,2025-04-09 22:38:00,2025-04-09 22:38:00,Delivered
O1006777,Delhivery,2025-09-17 00:54:00,2025-09-19 17:54:00,2025-09-19 17:54:00,Delivered
O1006778,EcomExpress,2025-08-17 04:49:00,2025-08-21 03:49:00,2025-08-21 15:49:00,Delayed
O1006779,EcomExpress,2025-10-14 01:29:00,2025-10-17 12:29:00,2025-10-18 00:29:00,Delayed
O1006780,DHL,2025-08-12 06:27:00,2025-08-14 07:27:00,2025-08-14 07:27:00,Delivered
O1006781,DHL,2025-01-18 15:38:00,2025-01-19 18:38:00,2025-01-19 18:38:00,Delivered
O1006783,EcomExpress,2025-03-20 22:37:00,2025-03-22 15:37:00,2025-03-22 15:37:00,Delivered
O1006784,EcomExpress,2025-02-20 17:31:00,2025-02-23 23:31:00,2025-02-23 23:31:00,Delivered
O1006785,Delhivery,2025-11-18 17:20:00,2025-11-20 04:20:00,2025-11-20 04:20:00,Delivered
O1006786,Delhivery,2025-03-14 12:53:00,2025-03-16 09:53:00,2025-03-17 09:53:00,Delayed
O1006787,BlueDart,2025-07-16 11:16:00,2025-07-20 06:16:00,2025-07-21 06:16:00,Delayed
O1006788,BlueDart,2025-06-27 22:30:00,2025-06-30 05:30:00,2025-06-30 05:30:00,Delivered
O1006789,Delhivery,2025-10-08 12:43:00,2025-10-10 05:43:00,2025-10-10 05:43:00,Delivered
O1006790,BlueDart,2025-01-18 00:37:00,2025-01-20 15:37:00,2025-01-20 15:37:00,Delivered
O1006791,Delhivery,2025-02-09 13:19:00,2025-02-13 07:19:00,2025-02-13 07:19:00,Delivered
O1006792,Delhivery,2025-06-02 05:56:00,2025-06-03 20:56:00,2025-06-03 20:56:00,Delivered
O1006793,Delhivery,2025-06-23 20:08:00,2025-06-26 14:08:00,2025-06-26 14:08:00,Delivered
O1006794,DHL,2025-10-16 05:31:00,2025-10-19 14:31:00,2025-10-20 14:31:00,Delayed
O1006795,EcomExpress,2025-08-11 02:41:00,2025-08-13 20:41:00,2025-08-14 08:41:00,Delayed
O1006796,EcomExpress,2025-02-25 10:40:00,2025-03-01 01:40:00,2025-03-02 01:40:00,Delayed
O1006799,BlueDart,2025-12-20 13:05:00,2025-12-22 17:05:00,2025-12-22 23:05:00,Delayed
O1006800,Delhivery,2025-12-28 22:54:00,2026-01-01 07:54:00,2026-01-01 19:54:00,Delayed
O1006801,BlueDart,2025-01-20 14:27:00,2025-01-22 18:27:00,2025-01-23 06:27:00,Delayed
O1006802,Delhivery,2025-07-05 09:47:00,2025-07-06 13:47:00,2025-07-06 19:47:00,Delayed
O1006804,DHL,2025-07-02 09:33:00,2025-07-04 08:33:00,2025-07-04 08:33:00,Delivered
O1006805,BlueDart,2025-04-24 18:11:00,2025-04-26 04:11:00,2025-04-26 04:11:00,Delivered
O1006806,DHL,2025-07-24 06:52:00,2025-07-27 10:52:00,2025-07-27 10:52:00,Delivered
O1006807,BlueDart,2025-06-30 20:05:00,2025-07-03 00:05:00,2025-07-03 06:05:00,Delayed
O1006809,BlueDart,2025-04-17 20:11:00,2025-04-21 01:11:00,2025-04-21 01:11:00,Delivered
O1006810,DHL,2025-02-24 09:16:00,2025-02-27 14:16:00,2025-02-27 14:16:00,Delivered
O1006811,DHL,2025-11-04 19:56:00,2025-11-07 09:56:00,2025-11-08 09:56:00,Delayed
O1006812,BlueDart,2025-09-06 10:17:00,2025-09-10 04:17:00,2025-09-10 04:17:00,Delivered
O1006813,DHL,2025-05-22 15:53:00,2025-05-24 23:53:00,2025-05-24 23:53:00,Delivered
O1006814,EcomExpress,2025-05-25 21:59:00,2025-05-28 22:59:00,2025-05-30 22:59:00,Delayed
O1006815,BlueDart,2025-01-30 07:33:00,2025-02-02 04:33:00,2025-02-02 04:33:00,Delivered
O1006816,Delhivery,2025-04-17 06:11:00,2025-04-20 09:11:00,2025-04-20 09:11:00,Delivered
O1006817,Delhivery,2025-12-05 01:31:00,2025-12-07 12:31:00,2025-12-07 18:31:00,Delayed
O1006819,Delhivery,2025-02-23 19:41:00,2025-02-26 01:41:00,2025-02-28 01:41:00,Delayed
O1006820,BlueDart,2025-11-06 00:54:00,2025-11-09 11:54:00,2025-11-09 11:54:00,Delivered
O1006821,BlueDart,2025-07-10 14:46:00,2025-07-14 06:46:00,2025-07-14 06:46:00,Delivered
O1006823,DHL,2025-06-29 04:16:00,2025-06-30 08:16:00,2025-06-30 08:16:00,Delivered
O1006825,DHL,2025-05-07 02:09:00,2025-05-11 00:09:00,2025-05-11 00:09:00,Delivered
O1006826,EcomExpress,2025-05-21 15:49:00,2025-05-25 07:49:00,2025-05-25 19:49:00,Delayed
O1006827,EcomExpress,2025-08-20 06:53:00,2025-08-23 00:53:00,2025-08-25 00:53:00,Delayed
O1006828,EcomExpress,2025-08-08 06:55:00,2025-08-10 19:55:00,2025-08-11 07:55:00,Delayed
O1006829,DHL,2025-11-27 02:12:00,2025-11-29 10:12:00,2025-11-29 10:12:00,Delivered
O1006830,EcomExpress,2025-04-01 20:22:00,2025-04-04 08:22:00,2025-04-04 20:22:00,Delayed
O1006831,BlueDart,2025-04-11 19:57:00,2025-04-13 07:57:00,2025-04-13 07:57:00,Delivered
O1006832,DHL,2025-02-27 02:01:00,2025-03-01 06:01:00,2025-03-01 06:01:00,Delivered
O1006833,BlueDart,2025-09-01 09:34:00,2025-09-05 05:34:00,2025-09-05 05:34:00,Delivered
O1006834,EcomExpress,2025-07-15 11:55:00,2025-07-18 01:55:00,2025-07-18 01:55:00,Delivered
O1006835,BlueDart,2025-05-08 06:38:00,2025-05-10 08:38:00,2025-05-10 08:38:00,Delivered
O1006836,EcomExpress,2025-09-12 09:26:00,2025-09-14 00:26:00,2025-09-14 06:26:00,Delayed
O1006837,EcomExpress,2025-05-19 03:48:00,2025-05-22 10:48:00,2025-05-22 10:48:00,Delivered
O1006838,BlueDart,2025-03-14 06:58:00,2025-03-16 17:58:00,2025-03-16 17:58:00,Delivered
O1006839,BlueDart,2025-07-17 23:01:00,2025-07-20 16:01:00,2025-07-20 16:01:00,Delivered
O1006840,BlueDart,2025-06-10 20:08:00,2025-06-13 00:08:00,2025-06-13 00:08:00,Delivered
O1006841,EcomExpress,2025-05-28 21:15:00,2025-05-29 23:15:00,2025-05-29 23:15:00,Delivered
O1006842,Delhivery,2025-06-13 05:48:00,2025-06-15 02:48:00,2025-06-17 02:48:00,Delayed
O1006843,BlueDart,2025-11-30 23:01:00,2025-12-03 17:01:00,2025-12-03 17:01:00,Delivered
O1006844,Delhivery,2025-03-20 17:06:00,2025-03-22 08:06:00,2025-03-22 20:06:00,Delayed
O1006845,EcomExpress,2025-04-12 07:14:00,2025-04-14 19:14:00,2025-04-14 19:14:00,Delivered
O1006847,EcomExpress,2025-01-19 02:43:00,2025-01-22 15:43:00,2025-01-22 15:43:00,Delivered
O1006848,DHL,2025-02-23 13:42:00,2025-02-25 02:42:00,2025-02-25 02:42:00,Delivered
O1006849,DHL,2025-07-27 01:10:00,2025-07-30 14:10:00,2025-07-30 14:10:00,Delivered
O1006851,EcomExpress,2025-08-28 16:20:00,2025-08-30 02:20:00,2025-08-30 14:20:00,Delayed
O1006852,BlueDart,2025-02-11 16:15:00,2025-02-14 02:15:00,2025-02-14 02:15:00,Delivered
O1006853,BlueDart,2025-11-09 06:57:00,2025-11-12 04:57:00,2025-11-12 10:57:00,Delayed
O1006854,DHL,2025-06-28 04:41:00,2025-06-29 20:41:00,2025-06-30 08:41:00,Delayed
O1006855,EcomExpress,2025-02-26 23:59:00,2025-02-28 15:59:00,2025-02-28 15:59:00,Delivered
O1006856,EcomExpress,2025-04-24 21:43:00,2025-04-27 05:43:00,2025-04-27 05:43:00,Delivered
O1006857,Delhivery,2025-03-25 22:58:00,2025-03-26 23:58:00,2025-03-26 23:58:00,Delivered
O1006858,EcomExpress,2025-06-16 05:44:00,2025-06-19 23:44:00,2025-06-20 05:44:00,Delayed
O1006859,BlueDart,2025-06-21 21:10:00,2025-06-23 15:10:00,2025-06-24 03:10:00,Delayed
O1006860,EcomExpress,2025-06-09 10:48:00,2025-06-12 18:48:00,2025-06-12 18:48:00,Delivered
O1006862,BlueDart,2025-11-29 09:49:00,2025-12-01 05:49:00,2025-12-01 05:49:00,Delivered
O1006863,Delhivery,2025-12-18 03:29:00,2025-12-21 13:29:00,2025-12-21 19:29:00,Delayed
O1006864,EcomExpress,2025-06-29 01:20:00,2025-06-30 14:20:00,2025-06-30 20:20:00,Delayed
O1006865,DHL,2025-12-19 08:25:00,2025-12-22 10:25:00,2025-12-22 10:25:00,Delivered
O1006866,BlueDart,2025-10-27 05:40:00,2025-10-30 08:40:00,2025-10-30 08:40:00,Delivered
O1006867,EcomExpress,2025-10-27 18:05:00,2025-10-30 22:05:00,2025-10-30 22:05:00,Delivered
O1006868,EcomExpress,2025-03-25 20:34:00,2025-03-26 23:34:00,2025-03-27 11:34:00,Delayed
O1006869,Delhivery,2025-06-10 17:54:00,2025-06-12 03:54:00,2025-06-12 09:54:00,Delayed
O1006870,Delhivery,2025-05-09 19:44:00,2025-05-13 09:44:00,2025-05-13 09:44:00,Delivered
O1006871,DHL,2025-02-06 03:28:00,2025-02-08 03:28:00,2025-02-08 15:28:00,Delayed
O1006872,BlueDart,2025-01-28 23:43:00,2025-02-01 08:43:00,2025-02-02 08:43:00,Delayed
O1006873,BlueDart,2025-08-17 02:48:00,2025-08-20 13:48:00,2025-08-20 13:48:00,Delivered
O1006874,EcomExpress,2025-06-04 05:19:00,2025-06-07 06:19:00,2025-06-07 06:19:00,Delivered
O1006875,EcomExpress,2025-10-30 10:13:00,2025-10-31 22:13:00,2025-10-31 22:13:00,Delivered
O1006876,BlueDart,2025-09-03 06:48:00,2025-09-05 06:48:00,2025-09-05 18:48:00,Delayed
O1006877,Delhivery,2025-02-01 16:39:00,2025-02-02 21:39:00,2025-02-02 21:39:00,Delivered
O1006878,Delhivery,2025-11-02 18:31:00,2025-11-03 18:31:00,2025-11-04 18:31:00,Delayed
O1006879,Delhivery,2025-07-02 05:09:00,2025-07-05 17:09:00,2025-07-05 17:09:00,Delivered
O1006880,Delhivery,2025-07-27 10:16:00,2025-07-29 20:16:00,2025-07-30 02:16:00,Delayed
O1006881,Delhivery,2025-12-20 00:08:00,2025-12-23 08:08:00,2025-12-23 20:08:00,Delayed
O1006882,EcomExpress,2025-08-22 21:41:00,2025-08-24 08:41:00,2025-08-24 08:41:00,Delivered
O1006883,BlueDart,2025-01-09 22:22:00,2025-01-11 09:22:00,2025-01-11 21:22:00,Delayed
O1006884,EcomExpress,2025-03-07 11:00:00,2025-03-10 03:00:00,2025-03-10 15:00:00,Delayed
O1006886,DHL,2025-01-14 20:22:00,2025-01-17 10:22:00,2025-01-17 10:22:00,Delivered
O1006887,DHL,2025-03-04 07:51:00,2025-03-06 12:51:00,2025-03-06 12:51:00,Delivered
O1006888,DHL,2025-10-17 10:33:00,2025-10-18 13:33:00,2025-10-19 13:33:00,Delayed
O1006889,DHL,2025-02-22 19:17:00,2025-02-24 13:17:00,2025-02-26 13:17:00,Delayed
O1006890,DHL,2025-03-03 10:48:00,2025-03-04 20:48:00,2025-03-04 20:48:00,Delivered
O1006892,DHL,2025-02-04 06:14:00,2025-02-05 17:14:00,2025-02-05 17:14:00,Delivered
O1006893,BlueDart,2025-04-05 06:05:00,2025-04-07 00:05:00,2025-04-07 00:05:00,Delivered
O1006895,DHL,2025-08-20 14:13:00,2025-08-23 13:13:00,2025-08-23 13:13:00,Delivered
O1006896,BlueDart,2025-12-18 21:03:00,2025-12-21 23:03:00,2025-12-21 23:03:00,Delivered
O1006897,DHL,2025-05-11 05:44:00,2025-05-14 14:44:00,2025-05-14 20:44:00,Delayed
O1006898,BlueDart,2025-08-14 09:41:00,2025-08-16 06:41:00,2025-08-16 06:41:00,Delivered
O1006900,EcomExpress,2025-05-19 15:51:00,2025-05-22 05:51:00,2025-05-23 05:51:00,Delayed
O1006901,EcomExpress,2025-03-06 11:41:00,2025-03-09 21:41:00,2025-03-09 21:41:00,Delivered
O1006902,Delhivery,2025-11-02 10:12:00,2025-11-04 21:12:00,2025-11-04 21:12:00,Delivered
O1006903,Delhivery,2025-03-10 04:31:00,2025-03-11 05:31:00,2025-03-11 05:31:00,Delivered
O1006904,Delhivery,2025-03-16 21:49:00,2025-03-19 08:49:00,2025-03-19 20:49:00,Delayed
O1006905,EcomExpress,2025-06-20 09:33:00,2025-06-21 09:33:00,2025-06-21 15:33:00,Delayed
O1006906,EcomExpress,2025-06-06 19:13:00,2025-06-08 22:13:00,2025-06-09 22:13:00,Delayed
O1006907,BlueDart,2025-04-26 06:53:00,2025-04-28 03:53:00,2025-04-28 03:53:00,Delivered
O1006908,EcomExpress,2025-05-11 17:29:00,2025-05-15 10:29:00,2025-05-16 10:29:00,Delayed
O1006909,Delhivery,2025-04-18 19:17:00,2025-04-21 23:17:00,2025-04-21 23:17:00,Delivered
O1006910,BlueDart,2025-12-01 01:03:00,2025-12-04 00:03:00,2025-12-04 00:03:00,Delivered
O1006911,DHL,2025-07-31 17:59:00,2025-08-04 13:59:00,2025-08-05 01:59:00,Delayed
O1006912,DHL,2025-12-03 00:08:00,2025-12-06 19:08:00,2025-12-06 19:08:00,Delivered
O1006913,BlueDart,2025-12-28 08:55:00,2025-12-30 06:55:00,2025-12-30 18:55:00,Delayed
O1006914,Delhivery,2025-08-27 15:04:00,2025-08-30 06:04:00,2025-08-30 06:04:00,Delivered
O1006915,BlueDart,2025-10-30 05:45:00,2025-11-01 21:45:00,2025-11-01 21:45:00,Delivered
O1006916,EcomExpress,2025-02-10 21:13:00,2025-02-11 22:13:00,2025-02-11 22:13:00,Delivered
O1006917,Delhivery,2025-12-13 23:34:00,2025-12-15 01:34:00,2025-12-17 01:34:00,Delayed
O1006918,EcomExpress,2025-06-27 05:57:00,2025-06-29 05:57:00,2025-06-29 05:57:00,Delivered
O1006919,BlueDart,2025-09-18 20:29:00,2025-09-19 20:29:00,2025-09-19 20:29:00,Delivered
O1006920,Delhivery,2025-04-01 13:14:00,2025-04-04 14:14:00,2025-04-06 14:14:00,Delayed
O1006921,DHL,2025-02-05 09:16:00,2025-02-06 10:16:00,2025-02-06 10:16:00,Delivered
O1006922,EcomExpress,2025-11-20 00:39:00,2025-11-21 16:39:00,2025-11-21 16:39:00,Delivered
O1006923,EcomExpress,2025-06-14 22:07:00,2025-06-16 05:07:00,2025-06-16 17:07:00,Delayed
O1006924,Delhivery,2025-02-20 22:06:00,2025-02-23 09:06:00,2025-02-23 09:06:00,Delivered
O1006925,BlueDart,2025-08-30 03:38:00,2025-09-02 17:38:00,2025-09-02 17:38:00,Delivered
O1006926,EcomExpress,2025-01-21 12:39:00,2025-01-22 15:39:00,2025-01-23 15:39:00,Delayed
O1006927,DHL,2025-06-15 05:50:00,2025-06-18 03:50:00,2025-06-18 03:50:00,Delivered
O1006928,EcomExpress,2025-09-15 23:42:00,2025-09-18 14:42:00,2025-09-18 14:42:00,Delivered
O1006929,DHL,2025-09-21 05:43:00,2025-09-24 21:43:00,2025-09-24 21:43:00,Delivered
O1006930,DHL,2025-06-16 01:11:00,2025-06-18 19:11:00,2025-06-18 19:11:00,Delivered
O1006931,Delhivery,2025-05-17 00:01:00,2025-05-20 12:01:00,2025-05-21 00:01:00,Delayed
O1006932,Delhivery,2025-11-04 17:41:00,2025-11-07 18:41:00,2025-11-09 18:41:00,Delayed
O1006933,Delhivery,2025-03-10 17:22:00,2025-03-14 00:22:00,2025-03-14 00:22:00,Delivered
O1006935,BlueDart,2025-02-28 02:57:00,2025-03-02 12:57:00,2025-03-02 12:57:00,Delivered
O1006936,Delhivery,2025-10-21 14:02:00,2025-10-23 15:02:00,2025-10-23 15:02:00,Delivered
O1006937,Delhivery,2025-06-22 06:32:00,2025-06-24 18:32:00,2025-06-24 18:32:00,Delivered
O1006938,BlueDart,2025-01-15 02:42:00,2025-01-16 11:42:00,2025-01-16 23:42:00,Delayed
O1006939,EcomExpress,2025-03-04 08:07:00,2025-03-07 11:07:00,2025-03-07 23:07:00,Delayed
O1006940,BlueDart,2025-01-11 15:05:00,2025-01-12 22:05:00,2025-01-12 22:05:00,Delivered
O1006941,Delhivery,2025-10-25 18:43:00,2025-10-29 13:43:00,2025-10-29 13:43:00,Delivered
O1006942,BlueDart,2025-06-19 01:24:00,2025-06-20 02:24:00,2025-06-20 02:24:00,Delivered
O1006943,EcomExpress,2025-01-26 16:00:00,2025-01-28 00:00:00,2025-01-28 12:00:00,Delayed
O1006944,DHL,2025-03-23 12:18:00,2025-03-25 00:18:00,2025-03-25 00:18:00,Delivered
O1006945,DHL,2025-08-15 03:45:00,2025-08-16 16:45:00,2025-08-16 16:45:00,Delivered
O1006946,EcomExpress,2025-08-05 14:32:00,2025-08-06 15:32:00,2025-08-06 21:32:00,Delayed
O1006947,EcomExpress,2025-10-28 10:28:00,2025-11-01 08:28:00,2025-11-01 08:28:00,Delivered
O1006948,BlueDart,2025-01-11 09:51:00,2025-01-14 10:51:00,2025-01-14 10:51:00,Delivered
O1006949,BlueDart,2025-01-26 20:23:00,2025-01-28 17:23:00,2025-01-28 17:23:00,Delivered
O1006950,EcomExpress,2025-01-13 21:39:00,2025-01-16 00:39:00,2025-01-16 00:39:00,Delivered
O1006952,DHL,2025-09-24 10:41:00,2025-09-26 02:41:00,2025-09-26 02:41:00,Delivered
O1006953,BlueDart,2025-08-30 16:31:00,2025-09-02 06:31:00,2025-09-02 06:31:00,Delivered
O1006954,DHL,2025-03-19 06:53:00,2025-03-21 10:53:00,2025-03-23 10:53:00,Delayed
O1006955,EcomExpress,2025-08-28 22:57:00,2025-08-31 08:57:00,2025-08-31 08:57:00,Delivered
O1006957,DHL,2025-03-11 21:42:00,2025-03-14 01:42:00,2025-03-14 01:42:00,Delivered
O1006958,DHL,2025-10-01 22:35:00,2025-10-03 18:35:00,2025-10-04 18:35:00,Delayed
O1006959,BlueDart,2025-06-05 01:15:00,2025-06-07 13:15:00,2025-06-08 13:15:00,Delayed
O1006960,Delhivery,2025-01-23 02:31:00,2025-01-24 10:31:00,2025-01-24 10:31:00,Delivered
O1006961,EcomExpress,2025-05-24 07:56:00,2025-05-26 23:56:00,2025-05-27 05:56:00,Delayed
O1006962,Delhivery,2025-10-09 07:56:00,2025-10-11 22:56:00,2025-10-11 22:56:00,Delivered
O1006963,EcomExpress,2025-09-13 11:46:00,2025-09-14 19:46:00,2025-09-15 07:46:00,Delayed
O1006965,Delhivery,2025-10-05 08:45:00,2025-10-08 22:45:00,2025-10-09 04:45:00,Delayed
O1006966,BlueDart,2025-05-24 00:27:00,2025-05-27 20:27:00,2025-05-27 20:27:00,Delivered
O1006967,EcomExpress,2025-06-17 20:55:00,2025-06-21 01:55:00,2025-06-21 01:55:00,Delivered
O1006968,BlueDart,2025-02-02 11:51:00,2025-02-06 07:51:00,2025-02-06 07:51:00,Delivered
O1006969,DHL,2025-12-31 10:29:00,2026-01-04 05:29:00,2026-01-04 05:29:00,Delivered
O1006970,EcomExpress,2025-11-03 18:14:00,2025-11-06 23:14:00,2025-11-06 23:14:00,Delivered
O1006971,EcomExpress,2025-03-14 04:22:00,2025-03-16 05:22:00,2025-03-17 05:22:00,Delayed
O1006972,Delhivery,2025-07-25 01:03:00,2025-07-26 16:03:00,2025-07-26 16:03:00,Delivered
O1006973,Delhivery,2025-10-13 10:47:00,2025-10-16 22:47:00,2025-10-16 22:47:00,Delivered
O1006974,EcomExpress,2025-07-05 03:20:00,2025-07-07 14:20:00,2025-07-07 20:20:00,Delayed
O1006976,BlueDart,2025-12-20 14:11:00,2025-12-23 18:11:00,2025-12-23 18:11:00,Delivered
O1006977,DHL,2025-04-10 04:02:00,2025-04-13 20:02:00,2025-04-13 20:02:00,Delivered
O1006978,Delhivery,2025-05-04 02:08:00,2025-05-07 21:08:00,2025-05-07 21:08:00,Delivered
O1006979,DHL,2025-05-17 05:35:00,2025-05-20 06:35:00,2025-05-21 06:35:00,Delayed
O1006980,Delhivery,2025-11-22 23:41:00,2025-11-24 19:41:00,2025-11-26 19:41:00,Delayed
O1006981,DHL,2025-07-02 21:43:00,2025-07-04 02:43:00,2025-07-04 02:43:00,Delivered
O1006982,EcomExpress,2025-09-20 21:50:00,2025-09-24 06:50:00,2025-09-24 06:50:00,Delivered
O1006983,EcomExpress,2025-11-25 16:39:00,2025-11-26 17:39:00,2025-11-26 23:39:00,Delayed
O1006984,DHL,2025-12-05 17:38:00,2025-12-08 05:38:00,2025-12-08 17:38:00,Delayed
O1006985,EcomExpress,2025-11-10 04:30:00,2025-11-12 01:30:00,2025-11-12 01:30:00,Delivered
O1006986,EcomExpress,2025-11-28 17:46:00,2025-12-01 00:46:00,2025-12-01 00:46:00,Delivered
O1006987,EcomExpress,2025-12-14 02:43:00,2025-12-17 17:43:00,2025-12-17 17:43:00,Delivered
O1006988,EcomExpress,2025-12-28 14:38:00,2025-12-30 23:38:00,2025-12-30 23:38:00,Delivered
O1006989,Delhivery,2025-08-23 23:15:00,2025-08-25 09:15:00,2025-08-25 09:15:00,Delivered
O1006990,Delhivery,2025-02-19 09:02:00,2025-02-21 16:02:00,2025-02-21 16:02:00,Delivered
O1006991,DHL,2025-02-12 04:01:00,2025-02-13 11:01:00,2025-02-13 11:01:00,Delivered
O1006992,EcomExpress,2025-10-19 05:01:00,2025-10-22 20:01:00,2025-10-22 20:01:00,Delivered
O1006993,DHL,2025-04-26 12:15:00,2025-04-27 14:15:00,2025-04-27 14:15:00,Delivered
O1006994,BlueDart,2025-10-22 03:47:00,2025-10-25 22:47:00,2025-10-25 22:47:00,Delivered
O1006995,Delhivery,2025-12-08 19:15:00,2025-12-10 10:15:00,2025-12-10 10:15:00,Delivered
O1006996,Delhivery,2025-08-24 15:40:00,2025-08-27 14:40:00,2025-08-27 14:40:00,Delivered
O1006997,EcomExpress,2025-10-07 08:35:00,2025-10-10 23:35:00,2025-10-10 23:35:00,Delivered
O1006998,Delhivery,2025-04-12 14:21:00,2025-04-14 03:21:00,2025-04-14 03:21:00,Delivered
O1006999,DHL,2025-06-09 09:02:00,2025-06-13 03:02:00,2025-06-13 15:02:00,Delayed
O1007000,EcomExpress,2025-12-19 10:22:00,2025-12-21 16:22:00,2025-12-22 16:22:00,Delayed
O1007001,EcomExpress,2025-10-26 18:00:00,2025-10-29 06:00:00,2025-10-30 06:00:00,Delayed
O1007002,Delhivery,2025-03-17 03:55:00,2025-03-19 04:55:00,2025-03-19 04:55:00,Delivered
O1007003,Delhivery,2025-12-08 16:32:00,2025-12-12 15:32:00,2025-12-13 15:32:00,Delayed
O1007004,BlueDart,2025-07-02 23:33:00,2025-07-05 23:33:00,2025-07-06 23:33:00,Delayed
O1007005,DHL,2025-11-05 20:52:00,2025-11-07 21:52:00,2025-11-07 21:52:00,Delivered
O1007006,BlueDart,2025-07-10 10:03:00,2025-07-11 15:03:00,2025-07-11 15:03:00,Delivered
O1007007,DHL,2025-08-10 02:08:00,2025-08-13 18:08:00,2025-08-13 18:08:00,Delivered
O1007008,DHL,2025-03-01 19:27:00,2025-03-04 18:27:00,2025-03-05 18:27:00,Delayed
O1007009,DHL,2025-05-04 23:07:00,2025-05-06 08:07:00,2025-05-06 08:07:00,Delivered
O1007011,BlueDart,2025-11-05 07:36:00,2025-11-07 16:36:00,2025-11-07 16:36:00,Delivered
O1007012,BlueDart,2025-02-03 00:50:00,2025-02-04 19:50:00,2025-02-05 07:50:00,Delayed
O1007013,Delhivery,2025-01-30 11:32:00,2025-02-01 05:32:00,2025-02-02 05:32:00,Delayed
O1007014,EcomExpress,2025-09-10 18:01:00,2025-09-13 04:01:00,2025-09-13 04:01:00,Delivered
O1007015,DHL,2025-06-14 17:57:00,2025-06-15 21:57:00,2025-06-15 21:57:00,Delivered
O1007016,EcomExpress,2025-11-07 16:08:00,2025-11-09 09:08:00,2025-11-09 09:08:00,Delivered
O1007017,EcomExpress,2025-01-25 20:42:00,2025-01-26 23:42:00,2025-01-27 11:42:00,Delayed
O1007018,DHL,2025-05-09 02:21:00,2025-05-12 21:21:00,2025-05-13 09:21:00,Delayed
O1007019,Delhivery,2025-01-13 20:33:00,2025-01-17 12:33:00,2025-01-17 12:33:00,Delivered
O1007020,BlueDart,2025-09-17 12:52:00,2025-09-18 23:52:00,2025-09-19 05:52:00,Delayed
O1007021,BlueDart,2025-11-11 03:07:00,2025-11-13 20:07:00,2025-11-13 20:07:00,Delivered
O1007022,Delhivery,2025-02-27 23:07:00,2025-03-01 15:07:00,2025-03-01 15:07:00,Delivered
O1007023,Delhivery,2025-04-29 22:58:00,2025-05-02 13:58:00,2025-05-02 13:58:00,Delivered
O1007024,Delhivery,2025-11-06 05:22:00,2025-11-08 13:22:00,2025-11-10 13:22:00,Delayed
O1007025,BlueDart,2025-01-17 05:22:00,2025-01-18 06:22:00,2025-01-18 06:22:00,Delivered
O1007026,BlueDart,2025-12-15 07:20:00,2025-12-18 16:20:00,2025-12-18 16:20:00,Delivered
O1007027,Delhivery,2025-11-20 11:08:00,2025-11-23 18:08:00,2025-11-23 18:08:00,Delivered
O1007028,DHL,2025-02-25 12:06:00,2025-02-26 16:06:00,2025-02-28 16:06:00,Delayed
O1007029,BlueDart,2025-02-21 10:41:00,2025-02-23 01:41:00,2025-02-25 01:41:00,Delayed
O1007030,DHL,2025-09-10 17:28:00,2025-09-12 01:28:00,2025-09-12 13:28:00,Delayed
O1007031,Delhivery,2025-01-05 06:24:00,2025-01-07 09:24:00,2025-01-07 09:24:00,Delivered
O1007032,EcomExpress,2025-07-04 23:21:00,2025-07-07 07:21:00,2025-07-07 13:21:00,Delayed
O1007033,BlueDart,2025-01-26 04:23:00,2025-01-29 02:23:00,2025-01-29 08:23:00,Delayed
O1007034,BlueDart,2025-07-14 14:59:00,2025-07-17 11:59:00,2025-07-17 11:59:00,Delivered
O1007035,DHL,2025-05-09 00:09:00,2025-05-10 09:09:00,2025-05-10 09:09:00,Delivered
O1007037,EcomExpress,2025-11-18 22:33:00,2025-11-21 08:33:00,2025-11-21 08:33:00,Delivered
O1007038,BlueDart,2025-06-28 14:28:00,2025-07-01 23:28:00,2025-07-01 23:28:00,Delivered
O1007039,BlueDart,2025-08-24 04:42:00,2025-08-27 20:42:00,2025-08-27 20:42:00,Delivered
O1007040,Delhivery,2025-08-09 08:35:00,2025-08-12 20:35:00,2025-08-12 20:35:00,Delivered
O1007041,Delhivery,2025-12-27 10:48:00,2025-12-29 07:48:00,2025-12-29 07:48:00,Delivered
O1007042,Delhivery,2025-03-27 09:46:00,2025-03-29 22:46:00,2025-03-30 10:46:00,Delayed
O1007043,Delhivery,2025-03-30 07:31:00,2025-03-31 17:31:00,2025-04-01 17:31:00,Delayed
O1007044,EcomExpress,2025-05-20 01:22:00,2025-05-22 03:22:00,2025-05-22 03:22:00,Delivered
O1007045,DHL,2025-09-26 23:44:00,2025-09-28 19:44:00,2025-09-28 19:44:00,Delivered
O1007046,BlueDart,2025-11-12 19:00:00,2025-11-14 13:00:00,2025-11-14 13:00:00,Delivered
O1007048,EcomExpress,2025-02-10 20:03:00,2025-02-14 11:03:00,2025-02-14 11:03:00,Delivered
O1007049,DHL,2025-08-11 17:45:00,2025-08-14 21:45:00,2025-08-14 21:45:00,Delivered
O1007050,BlueDart,2025-08-08 04:03:00,2025-08-11 17:03:00,2025-08-12 17:03:00,Delayed
O1007051,DHL,2025-05-17 16:44:00,2025-05-19 16:44:00,2025-05-19 16:44:00,Delivered
O1007052,BlueDart,2025-03-09 18:16:00,2025-03-11 22:16:00,2025-03-11 22:16:00,Delivered
O1007053,Delhivery,2025-11-08 09:15:00,2025-11-11 19:15:00,2025-11-11 19:15:00,Delivered
O1007054,BlueDart,2025-11-05 14:13:00,2025-11-06 17:13:00,2025-11-06 17:13:00,Delivered
O1007055,EcomExpress,2025-10-01 06:57:00,2025-10-04 10:57:00,2025-10-04 22:57:00,Delayed
O1007056,EcomExpress,2025-08-01 11:37:00,2025-08-04 11:37:00,2025-08-04 11:37:00,Delivered
O1007057,DHL,2025-04-07 09:55:00,2025-04-09 10:55:00,2025-04-09 10:55:00,Delivered
O1007058,Delhivery,2025-05-29 16:59:00,2025-06-02 11:59:00,2025-06-02 23:59:00,Delayed
O1007059,BlueDart,2025-01-25 23:52:00,2025-01-27 15:52:00,2025-01-27 15:52:00,Delivered
O1007061,EcomExpress,2025-06-15 05:09:00,2025-06-17 05:09:00,2025-06-17 05:09:00,Delivered
O1007062,Delhivery,2025-06-10 16:33:00,2025-06-12 17:33:00,2025-06-12 23:33:00,Delayed
O1007063,DHL,2025-01-30 16:07:00,2025-02-01 18:07:00,2025-02-03 18:07:00,Delayed
O1007064,DHL,2025-12-17 06:12:00,2025-12-19 06:12:00,2025-12-19 18:12:00,Delayed
O1007065,DHL,2025-04-08 19:04:00,2025-04-11 05:04:00,2025-04-11 05:04:00,Delivered
O1007066,DHL,2025-07-06 14:12:00,2025-07-10 10:12:00,2025-07-10 10:12:00,Delivered
O1007067,EcomExpress,2025-06-20 07:42:00,2025-06-22 17:42:00,2025-06-22 17:42:00,Delivered
O1007068,EcomExpress,2025-06-22 05:10:00,2025-06-25 02:10:00,2025-06-25 02:10:00,Delivered
O1007069,DHL,2025-11-05 14:06:00,2025-11-08 14:06:00,2025-11-09 02:06:00,Delayed
O1007070,EcomExpress,2025-10-01 08:21:00,2025-10-04 07:21:00,2025-10-04 07:21:00,Delivered
O1007071,BlueDart,2025-11-14 15:15:00,2025-11-16 14:15:00,2025-11-16 14:15:00,Delivered
O1007072,BlueDart,2025-05-19 23:09:00,2025-05-21 19:09:00,2025-05-21 19:09:00,Delivered
O1007073,Delhivery,2025-04-08 07:57:00,2025-04-10 09:57:00,2025-04-10 09:57:00,Delivered
O1007074,Delhivery,2025-06-07 03:47:00,2025-06-09 05:47:00,2025-06-09 05:47:00,Delivered
O1007075,Delhivery,2025-07-25 08:57:00,2025-07-28 19:57:00,2025-07-28 19:57:00,Delivered
O1007076,EcomExpress,2025-05-04 06:04:00,2025-05-06 15:04:00,2025-05-08 15:04:00,Delayed
O1007077,EcomExpress,2025-06-18 14:06:00,2025-06-22 09:06:00,2025-06-22 15:06:00,Delayed
O1007078,BlueDart,2025-02-26 06:32:00,2025-03-02 04:32:00,2025-03-02 04:32:00,Delivered
O1007079,Delhivery,2025-08-03 00:16:00,2025-08-06 00:16:00,2025-08-06 00:16:00,Delivered
O1007080,Delhivery,2025-09-18 18:17:00,2025-09-21 18:17:00,2025-09-22 18:17:00,Delayed
O1007081,DHL,2025-07-12 23:09:00,2025-07-14 07:09:00,2025-07-14 07:09:00,Delivered
O1007082,Delhivery,2025-11-16 01:15:00,2025-11-17 12:15:00,2025-11-17 12:15:00,Delivered
O1007083,DHL,2025-12-31 15:29:00,2026-01-03 18:29:00,2026-01-03 18:29:00,Delivered
O1007084,EcomExpress,2025-11-28 10:51:00,2025-12-02 09:51:00,2025-12-02 09:51:00,Delivered
O1007085,EcomExpress,2025-02-03 23:00:00,2025-02-07 08:00:00,2025-02-07 08:00:00,Delivered
O1007086,BlueDart,2025-11-19 11:28:00,2025-11-21 06:28:00,2025-11-21 06:28:00,Delivered
O1007087,EcomExpress,2025-05-03 17:16:00,2025-05-06 17:16:00,2025-05-06 23:16:00,Delayed
O1007088,BlueDart,2025-06-15 08:59:00,2025-06-18 04:59:00,2025-06-18 04:59:00,Delivered
O1007089,Delhivery,2025-05-31 22:16:00,2025-06-02 01:16:00,2025-06-02 01:16:00,Delivered
O1007090,BlueDart,2025-04-14 20:47:00,2025-04-18 11:47:00,2025-04-19 11:47:00,Delayed
O1007091,BlueDart,2025-11-18 04:29:00,2025-11-20 04:29:00,2025-11-20 04:29:00,Delivered
O1007092,Delhivery,2025-08-22 19:25:00,2025-08-25 15:25:00,2025-08-25 15:25:00,Delivered
O1007093,BlueDart,2025-12-20 03:48:00,2025-12-22 03:48:00,2025-12-22 03:48:00,Delivered
O1007095,EcomExpress,2025-06-04 15:43:00,2025-06-08 09:43:00,2025-06-08 09:43:00,Delivered
O1007096,EcomExpress,2025-09-23 16:39:00,2025-09-26 01:39:00,2025-09-26 07:39:00,Delayed
O1007097,EcomExpress,2025-07-03 21:47:00,2025-07-07 10:47:00,2025-07-07 16:47:00,Delayed
O1007098,BlueDart,2025-06-30 23:50:00,2025-07-04 18:50:00,2025-07-04 18:50:00,Delivered
O1007099,BlueDart,2025-09-27 18:19:00,2025-09-28 20:19:00,2025-09-28 20:19:00,Delivered
O1007100,EcomExpress,2025-09-09 11:43:00,2025-09-11 17:43:00,2025-09-11 17:43:00,Delivered
O1007101,Delhivery,2025-11-30 06:55:00,2025-12-03 07:55:00,2025-12-04 07:55:00,Delayed
O1007102,DHL,2025-10-09 19:24:00,2025-10-13 07:24:00,2025-10-13 07:24:00,Delivered
O1007103,DHL,2025-08-16 15:42:00,2025-08-19 18:42:00,2025-08-19 18:42:00,Delivered
O1007104,Delhivery,2025-12-03 01:13:00,2025-12-06 00:13:00,2025-12-07 00:13:00,Delayed
O1007105,DHL,2025-02-08 17:27:00,2025-02-10 19:27:00,2025-02-10 19:27:00,Delivered
O1007106,EcomExpress,2025-10-06 14:26:00,2025-10-08 01:26:00,2025-10-08 07:26:00,Delayed
O1007107,DHL,2025-05-25 03:27:00,2025-05-28 20:27:00,2025-05-29 02:27:00,Delayed
O1007108,DHL,2025-06-09 14:11:00,2025-06-10 17:11:00,2025-06-10 17:11:00,Delivered
O1007109,Delhivery,2025-10-14 11:19:00,2025-10-17 20:19:00,2025-10-19 20:19:00,Delayed
O1007110,Delhivery,2025-04-10 19:04:00,2025-04-11 21:04:00,2025-04-12 09:04:00,Delayed
O1007111,BlueDart,2025-11-19 10:44:00,2025-11-21 12:44:00,2025-11-21 12:44:00,Delivered
O1007112,EcomExpress,2025-07-03 07:09:00,2025-07-06 20:09:00,2025-07-06 20:09:00,Delivered
O1007113,BlueDart,2025-05-08 22:25:00,2025-05-10 14:25:00,2025-05-10 14:25:00,Delivered
O1007114,EcomExpress,2025-04-30 20:36:00,2025-05-02 15:36:00,2025-05-02 15:36:00,Delivered
O1007115,BlueDart,2025-06-04 06:59:00,2025-06-05 21:59:00,2025-06-06 21:59:00,Delayed
O1007116,DHL,2025-12-12 05:13:00,2025-12-15 06:13:00,2025-12-15 06:13:00,Delivered
O1007117,DHL,2025-02-08 03:25:00,2025-02-09 18:25:00,2025-02-09 18:25:00,Delivered
O1007118,Delhivery,2025-07-06 04:00:00,2025-07-09 06:00:00,2025-07-10 06:00:00,Delayed
O1007119,Delhivery,2025-11-02 09:21:00,2025-11-05 03:21:00,2025-11-05 03:21:00,Delivered
O1007120,Delhivery,2025-06-23 14:30:00,2025-06-27 06:30:00,2025-06-27 06:30:00,Delivered
O1007121,DHL,2025-07-27 08:13:00,2025-07-30 06:13:00,2025-07-30 06:13:00,Delivered
O1007122,DHL,2025-05-09 03:02:00,2025-05-11 07:02:00,2025-05-12 07:02:00,Delayed
O1007123,Delhivery,2025-02-20 04:30:00,2025-02-21 14:30:00,2025-02-21 14:30:00,Delivered
O1007124,Delhivery,2025-08-23 00:41:00,2025-08-25 07:41:00,2025-08-25 07:41:00,Delivered
O1007125,BlueDart,2025-12-03 06:21:00,2025-12-05 21:21:00,2025-12-05 21:21:00,Delivered
O1007126,DHL,2025-07-10 04:30:00,2025-07-13 23:30:00,2025-07-13 23:30:00,Delivered
O1007127,BlueDart,2025-06-08 04:36:00,2025-06-09 22:36:00,2025-06-09 22:36:00,Delivered
O1007128,EcomExpress,2025-02-17 23:55:00,2025-02-20 02:55:00,2025-02-21 02:55:00,Delayed
O1007129,Delhivery,2025-12-12 07:01:00,2025-12-16 00:01:00,2025-12-16 00:01:00,Delivered
O1007130,BlueDart,2025-11-15 01:07:00,2025-11-18 19:07:00,2025-11-18 19:07:00,Delivered
O1007131,DHL,2025-11-27 15:24:00,2025-12-01 04:24:00,2025-12-03 04:24:00,Delayed
O1007132,DHL,2025-05-12 23:53:00,2025-05-14 11:53:00,2025-05-14 11:53:00,Delivered
O1007133,DHL,2025-08-18 18:03:00,2025-08-20 02:03:00,2025-08-21 02:03:00,Delayed
O1007134,Delhivery,2025-06-08 07:29:00,2025-06-10 10:29:00,2025-06-10 22:29:00,Delayed
O1007135,Delhivery,2025-03-28 03:19:00,2025-03-29 21:19:00,2025-03-30 09:19:00,Delayed
O1007136,DHL,2025-03-18 05:56:00,2025-03-20 03:56:00,2025-03-20 03:56:00,Delivered
O1007137,Delhivery,2025-05-21 19:59:00,2025-05-25 15:59:00,2025-05-25 15:59:00,Delivered
O1007139,EcomExpress,2025-02-15 12:42:00,2025-02-18 02:42:00,2025-02-18 02:42:00,Delivered
O1007140,EcomExpress,2025-09-15 03:17:00,2025-09-17 00:17:00,2025-09-17 00:17:00,Delivered
O1007141,BlueDart,2025-06-17 21:07:00,2025-06-21 01:07:00,2025-06-21 13:07:00,Delayed
O1007142,EcomExpress,2025-11-18 23:34:00,2025-11-22 09:34:00,2025-11-22 09:34:00,Delivered
O1007143,BlueDart,2025-04-12 17:15:00,2025-04-15 00:15:00,2025-04-15 00:15:00,Delivered
O1007144,Delhivery,2025-01-19 12:02:00,2025-01-20 15:02:00,2025-01-20 15:02:00,Delivered
O1007145,BlueDart,2025-04-25 03:59:00,2025-04-27 12:59:00,2025-04-27 12:59:00,Delivered
O1007146,EcomExpress,2025-12-23 12:51:00,2025-12-25 15:51:00,2025-12-25 15:51:00,Delivered
O1007147,Delhivery,2025-04-29 05:56:00,2025-04-30 18:56:00,2025-05-01 06:56:00,Delayed
O1007148,Delhivery,2025-09-15 18:40:00,2025-09-18 14:40:00,2025-09-18 14:40:00,Delivered
O1007149,Delhivery,2025-11-04 13:44:00,2025-11-07 17:44:00,2025-11-07 17:44:00,Delivered
O1007150,BlueDart,2025-04-15 09:33:00,2025-04-17 13:33:00,2025-04-18 01:33:00,Delayed
O1007151,DHL,2025-08-23 22:56:00,2025-08-26 01:56:00,2025-08-26 01:56:00,Delivered
O1007153,BlueDart,2025-05-13 14:02:00,2025-05-16 22:02:00,2025-05-17 22:02:00,Delayed
O1007154,DHL,2025-04-20 13:17:00,2025-04-22 01:17:00,2025-04-22 13:17:00,Delayed
O1007156,Delhivery,2025-11-16 21:06:00,2025-11-20 19:06:00,2025-11-20 19:06:00,Delivered
O1007157,DHL,2025-04-03 22:43:00,2025-04-06 04:43:00,2025-04-06 04:43:00,Delivered
O1007158,EcomExpress,2025-04-18 06:31:00,2025-04-20 18:31:00,2025-04-21 18:31:00,Delayed
O1007159,DHL,2025-10-28 01:12:00,2025-10-30 19:12:00,2025-10-31 01:12:00,Delayed
O1007160,DHL,2025-06-19 02:41:00,2025-06-21 11:41:00,2025-06-22 11:41:00,Delayed
O1007161,BlueDart,2025-07-07 16:09:00,2025-07-08 19:09:00,2025-07-08 19:09:00,Delivered
O1007162,Delhivery,2025-09-16 07:54:00,2025-09-19 09:54:00,2025-09-21 09:54:00,Delayed
O1007163,DHL,2025-02-20 17:30:00,2025-02-24 09:30:00,2025-02-26 09:30:00,Delayed
O1007164,BlueDart,2025-11-15 14:29:00,2025-11-18 20:29:00,2025-11-18 20:29:00,Delivered
O1007165,DHL,2025-05-15 01:24:00,2025-05-18 02:24:00,2025-05-18 02:24:00,Delivered
O1007166,Delhivery,2025-08-30 12:04:00,2025-08-31 16:04:00,2025-08-31 16:04:00,Delivered
O1007167,DHL,2025-06-07 23:41:00,2025-06-11 07:41:00,2025-06-11 07:41:00,Delivered
O1007168,BlueDart,2025-10-03 12:54:00,2025-10-05 19:54:00,2025-10-05 19:54:00,Delivered
O1007170,Delhivery,2025-03-06 02:51:00,2025-03-07 23:51:00,2025-03-07 23:51:00,Delivered
O1007171,BlueDart,2025-03-11 07:03:00,2025-03-13 18:03:00,2025-03-14 18:03:00,Delayed
O1007172,DHL,2025-11-18 03:05:00,2025-11-19 19:05:00,2025-11-19 19:05:00,Delivered
O1007173,DHL,2025-07-10 19:43:00,2025-07-12 17:43:00,2025-07-13 17:43:00,Delayed
O1007174,DHL,2025-04-12 04:08:00,2025-04-15 14:08:00,2025-04-15 14:08:00,Delivered
O1007175,EcomExpress,2025-02-22 22:46:00,2025-02-26 04:46:00,2025-02-26 16:46:00,Delayed
O1007176,EcomExpress,2025-02-17 04:30:00,2025-02-19 20:30:00,2025-02-19 20:30:00,Delivered
O1007177,DHL,2025-12-02 19:27:00,2025-12-06 10:27:00,2025-12-06 10:27:00,Delivered
O1007178,DHL,2025-12-24 13:01:00,2025-12-26 00:01:00,2025-12-26 12:01:00,Delayed
O1007179,DHL,2025-05-24 15:00:00,2025-05-28 03:00:00,2025-05-28 03:00:00,Delivered
O1007180,BlueDart,2025-03-16 05:17:00,2025-03-18 15:17:00,2025-03-18 15:17:00,Delivered
O1007181,EcomExpress,2025-06-02 23:24:00,2025-06-05 20:24:00,2025-06-05 20:24:00,Delivered
O1007182,EcomExpress,2025-02-20 02:24:00,2025-02-23 14:24:00,2025-02-23 14:24:00,Delivered
O1007183,DHL,2025-07-21 11:53:00,2025-07-24 20:53:00,2025-07-24 20:53:00,Delivered
O1007184,EcomExpress,2025-08-18 13:48:00,2025-08-22 12:48:00,2025-08-22 12:48:00,Delivered
O1007185,Delhivery,2025-12-27 07:08:00,2025-12-28 23:08:00,2025-12-30 23:08:00,Delayed
O1007186,Delhivery,2025-04-28 16:08:00,2025-04-30 04:08:00,2025-04-30 04:08:00,Delivered
O1007187,EcomExpress,2025-03-15 07:13:00,2025-03-16 08:13:00,2025-03-16 20:13:00,Delayed
O1007188,Delhivery,2025-02-19 05:21:00,2025-02-22 05:21:00,2025-02-22 11:21:00,Delayed
O1007189,BlueDart,2025-05-19 07:01:00,2025-05-21 19:01:00,2025-05-21 19:01:00,Delivered
O1007190,Delhivery,2025-08-09 03:23:00,2025-08-12 02:23:00,2025-08-12 02:23:00,Delivered
O1007191,EcomExpress,2025-01-25 13:58:00,2025-01-27 18:58:00,2025-01-27 18:58:00,Delivered
O1007192,BlueDart,2025-10-06 11:46:00,2025-10-08 12:46:00,2025-10-08 18:46:00,Delayed
O1007193,EcomExpress,2025-06-18 01:25:00,2025-06-21 16:25:00,2025-06-21 22:25:00,Delayed
O1007195,Delhivery,2025-06-20 04:29:00,2025-06-21 17:29:00,2025-06-21 17:29:00,Delivered
O1007196,Delhivery,2025-02-27 17:41:00,2025-03-03 01:41:00,2025-03-03 07:41:00,Delayed
O1007197,Delhivery,2025-01-09 02:37:00,2025-01-10 09:37:00,2025-01-10 09:37:00,Delivered
O1007198,BlueDart,2025-07-23 23:37:00,2025-07-26 02:37:00,2025-07-26 08:37:00,Delayed
O1007199,EcomExpress,2025-07-17 06:15:00,2025-07-18 09:15:00,2025-07-18 09:15:00,Delivered
O1007200,DHL,2025-10-25 11:59:00,2025-10-26 12:59:00,2025-10-27 12:59:00,Delayed
O1007201,Delhivery,2025-11-17 16:03:00,2025-11-18 18:03:00,2025-11-19 18:03:00,Delayed
O1007202,DHL,2025-03-01 02:08:00,2025-03-02 21:08:00,2025-03-02 21:08:00,Delivered
O1007203,DHL,2025-04-25 21:56:00,2025-04-29 16:56:00,2025-04-30 04:56:00,Delayed
O1007204,BlueDart,2025-03-18 14:16:00,2025-03-20 15:16:00,2025-03-20 15:16:00,Delivered
O1007206,EcomExpress,2025-01-01 20:54:00,2025-01-04 16:54:00,2025-01-04 22:54:00,Delayed
O1007207,EcomExpress,2025-01-31 15:49:00,2025-02-03 15:49:00,2025-02-03 15:49:00,Delivered
O1007208,BlueDart,2025-07-11 21:21:00,2025-07-15 12:21:00,2025-07-16 00:21:00,Delayed
O1007209,DHL,2025-02-25 13:26:00,2025-03-01 06:26:00,2025-03-01 06:26:00,Delivered
O1007210,EcomExpress,2025-03-14 17:56:00,2025-03-15 19:56:00,2025-03-16 19:56:00,Delayed
O1007211,BlueDart,2025-02-13 19:42:00,2025-02-15 10:42:00,2025-02-15 10:42:00,Delivered
O1007212,Delhivery,2025-09-23 14:53:00,2025-09-26 21:53:00,2025-09-26 21:53:00,Delivered
O1007213,EcomExpress,2025-08-22 08:42:00,2025-08-25 16:42:00,2025-08-25 22:42:00,Delayed
O1007214,DHL,2025-12-18 16:34:00,2025-12-22 14:34:00,2025-12-22 14:34:00,Delivered
O1007215,BlueDart,2025-02-10 23:21:00,2025-02-14 03:21:00,2025-02-14 03:21:00,Delivered
O1007216,DHL,2025-03-18 18:07:00,2025-03-21 08:07:00,2025-03-21 14:07:00,Delayed
O1007217,BlueDart,2025-06-17 00:38:00,2025-06-19 01:38:00,2025-06-19 01:38:00,Delivered
O1007218,EcomExpress,2025-08-26 07:36:00,2025-08-28 16:36:00,2025-08-28 16:36:00,Delivered
O1007219,BlueDart,2025-02-17 15:32:00,2025-02-18 16:32:00,2025-02-18 16:32:00,Delivered
O1007220,EcomExpress,2025-03-20 03:38:00,2025-03-23 04:38:00,2025-03-23 04:38:00,Delivered
O1007221,EcomExpress,2025-06-03 22:37:00,2025-06-05 00:37:00,2025-06-05 00:37:00,Delivered
O1007222,EcomExpress,2025-01-08 07:21:00,2025-01-11 05:21:00,2025-01-11 05:21:00,Delivered
O1007223,EcomExpress,2025-05-25 21:17:00,2025-05-28 17:17:00,2025-05-28 17:17:00,Delivered
O1007224,BlueDart,2025-10-05 11:05:00,2025-10-09 09:05:00,2025-10-09 09:05:00,Delivered
O1007225,Delhivery,2025-07-13 05:45:00,2025-07-16 17:45:00,2025-07-16 17:45:00,Delivered
O1007226,BlueDart,2025-06-09 08:25:00,2025-06-12 12:25:00,2025-06-13 12:25:00,Delayed
O1007227,DHL,2025-06-29 00:52:00,2025-07-01 21:52:00,2025-07-01 21:52:00,Delivered
O1007228,Delhivery,2025-12-13 02:07:00,2025-12-14 23:07:00,2025-12-15 23:07:00,Delayed
O1007229,Delhivery,2025-07-10 12:39:00,2025-07-13 19:39:00,2025-07-13 19:39:00,Delivered
O1007230,Delhivery,2025-07-16 10:37:00,2025-07-19 01:37:00,2025-07-19 07:37:00,Delayed
O1007231,Delhivery,2025-12-07 15:33:00,2025-12-10 03:33:00,2025-12-10 03:33:00,Delivered
O1007232,DHL,2025-02-28 07:47:00,2025-03-03 03:47:00,2025-03-03 03:47:00,Delivered
O1007233,EcomExpress,2025-02-06 14:09:00,2025-02-08 08:09:00,2025-02-08 08:09:00,Delivered
O1007234,BlueDart,2025-06-15 01:35:00,2025-06-16 19:35:00,2025-06-17 01:35:00,Delayed
O1007235,Delhivery,2025-04-27 16:02:00,2025-04-28 18:02:00,2025-04-28 18:02:00,Delivered
O1007236,EcomExpress,2025-03-17 03:20:00,2025-03-19 06:20:00,2025-03-19 06:20:00,Delivered
O1007237,EcomExpress,2025-02-14 05:34:00,2025-02-17 15:34:00,2025-02-17 21:34:00,Delayed
O1007238,BlueDart,2025-11-18 04:15:00,2025-11-19 10:15:00,2025-11-19 16:15:00,Delayed
O1007239,Delhivery,2025-08-13 20:55:00,2025-08-16 06:55:00,2025-08-16 06:55:00,Delivered
O1007240,Delhivery,2025-09-10 15:38:00,2025-09-14 04:38:00,2025-09-14 10:38:00,Delayed
O1007241,Delhivery,2025-02-14 08:30:00,2025-02-17 23:30:00,2025-02-18 11:30:00,Delayed
O1007242,Delhivery,2025-05-06 03:35:00,2025-05-09 22:35:00,2025-05-09 22:35:00,Delivered
O1007243,EcomExpress,2025-08-16 02:07:00,2025-08-18 04:07:00,2025-08-18 10:07:00,Delayed
O1007244,Delhivery,2025-07-13 03:10:00,2025-07-15 03:10:00,2025-07-15 03:10:00,Delivered
O1007245,Delhivery,2025-09-11 21:23:00,2025-09-13 16:23:00,2025-09-13 16:23:00,Delivered
O1007246,Delhivery,2025-09-02 17:14:00,2025-09-04 22:14:00,2025-09-04 22:14:00,Delivered
O1007247,Delhivery,2025-06-01 07:45:00,2025-06-04 07:45:00,2025-06-04 07:45:00,Delivered
O1007248,EcomExpress,2025-10-13 23:43:00,2025-10-16 23:43:00,2025-10-16 23:43:00,Delivered
O1007249,EcomExpress,2025-04-06 02:25:00,2025-04-08 21:25:00,2025-04-08 21:25:00,Delivered
O1007250,BlueDart,2025-01-30 16:43:00,2025-02-02 01:43:00,2025-02-02 01:43:00,Delivered
O1007251,BlueDart,2025-12-01 10:07:00,2025-12-04 12:07:00,2025-12-05 00:07:00,Delayed
O1007252,Delhivery,2025-01-10 11:05:00,2025-01-12 11:05:00,2025-01-12 11:05:00,Delivered
O1007253,DHL,2025-04-15 09:11:00,2025-04-16 15:11:00,2025-04-16 15:11:00,Delivered
O1007254,Delhivery,2025-02-12 15:56:00,2025-02-16 12:56:00,2025-02-18 12:56:00,Delayed
O1007255,BlueDart,2025-03-27 00:43:00,2025-03-28 06:43:00,2025-03-28 06:43:00,Delivered
O1007256,DHL,2025-05-26 10:52:00,2025-05-29 23:52:00,2025-05-29 23:52:00,Delivered
O1007257,DHL,2025-02-18 05:17:00,2025-02-20 22:17:00,2025-02-20 22:17:00,Delivered
O1007258,DHL,2025-06-20 18:25:00,2025-06-24 16:25:00,2025-06-24 16:25:00,Delivered
O1007259,DHL,2025-12-05 23:30:00,2025-12-08 14:30:00,2025-12-09 14:30:00,Delayed
O1007260,Delhivery,2025-02-20 13:41:00,2025-02-21 16:41:00,2025-02-22 16:41:00,Delayed
O1007261,BlueDart,2025-12-06 01:04:00,2025-12-07 07:04:00,2025-12-07 19:04:00,Delayed
O1007262,Delhivery,2025-05-31 20:46:00,2025-06-02 02:46:00,2025-06-04 02:46:00,Delayed
O1007263,DHL,2025-08-06 07:51:00,2025-08-08 13:51:00,2025-08-08 13:51:00,Delivered
O1007264,DHL,2025-06-12 05:53:00,2025-06-15 11:53:00,2025-06-15 23:53:00,Delayed
O1007265,BlueDart,2025-04-27 00:46:00,2025-04-29 21:46:00,2025-04-29 21:46:00,Delivered
O1007266,Delhivery,2025-02-09 16:29:00,2025-02-13 02:29:00,2025-02-13 02:29:00,Delivered
O1007267,DHL,2025-08-06 05:06:00,2025-08-08 20:06:00,2025-08-09 02:06:00,Delayed
O1007268,Delhivery,2025-12-02 16:14:00,2025-12-04 00:14:00,2025-12-04 06:14:00,Delayed
O1007269,Delhivery,2025-07-11 00:42:00,2025-07-12 13:42:00,2025-07-12 13:42:00,Delivered
O1007270,Delhivery,2025-08-08 03:54:00,2025-08-09 14:54:00,2025-08-10 14:54:00,Delayed
O1007271,DHL,2025-08-23 19:01:00,2025-08-27 13:01:00,2025-08-27 13:01:00,Delivered
O1007272,Delhivery,2025-05-23 04:44:00,2025-05-26 13:44:00,2025-05-27 13:44:00,Delayed
O1007273,DHL,2025-02-15 02:47:00,2025-02-16 04:47:00,2025-02-16 04:47:00,Delivered
O1007274,BlueDart,2025-07-06 02:22:00,2025-07-07 17:22:00,2025-07-07 17:22:00,Delivered
O1007275,Delhivery,2025-11-14 19:48:00,2025-11-16 14:48:00,2025-11-17 14:48:00,Delayed
O1007276,BlueDart,2025-04-26 02:27:00,2025-04-29 05:27:00,2025-04-29 17:27:00,Delayed
O1007277,EcomExpress,2025-11-15 12:18:00,2025-11-16 16:18:00,2025-11-16 16:18:00,Delivered
O1007278,Delhivery,2025-11-09 15:39:00,2025-11-13 13:39:00,2025-11-13 13:39:00,Delivered
O1007279,EcomExpress,2025-03-31 22:36:00,2025-04-02 18:36:00,2025-04-02 18:36:00,Delivered
O1007280,EcomExpress,2025-07-29 17:44:00,2025-08-02 06:44:00,2025-08-03 06:44:00,Delayed
O1007281,Delhivery,2025-10-01 09:46:00,2025-10-04 10:46:00,2025-10-04 10:46:00,Delivered
O1007282,BlueDart,2025-06-30 15:45:00,2025-07-02 18:45:00,2025-07-02 18:45:00,Delivered
O1007283,Delhivery,2025-09-14 11:25:00,2025-09-15 12:25:00,2025-09-15 12:25:00,Delivered
O1007284,BlueDart,2025-11-30 05:27:00,2025-12-02 20:27:00,2025-12-02 20:27:00,Delivered
O1007285,DHL,2025-08-18 09:20:00,2025-08-19 11:20:00,2025-08-19 11:20:00,Delivered
O1007286,Delhivery,2025-11-03 12:20:00,2025-11-06 15:20:00,2025-11-08 15:20:00,Delayed
O1007288,Delhivery,2025-10-25 01:12:00,2025-10-26 15:12:00,2025-10-28 15:12:00,Delayed
O1007289,EcomExpress,2025-11-08 15:06:00,2025-11-12 11:06:00,2025-11-12 11:06:00,Delivered
O1007290,EcomExpress,2025-03-24 17:05:00,2025-03-25 18:05:00,2025-03-26 18:05:00,Delayed
O1007291,BlueDart,2025-01-08 08:16:00,2025-01-10 09:16:00,2025-01-10 21:16:00,Delayed
O1007292,BlueDart,2025-02-26 08:20:00,2025-02-28 12:20:00,2025-03-01 00:20:00,Delayed
O1007293,BlueDart,2025-04-02 18:16:00,2025-04-06 01:16:00,2025-04-06 01:16:00,Delivered
O1007294,DHL,2025-09-09 23:30:00,2025-09-11 15:30:00,2025-09-11 21:30:00,Delayed
O1007295,BlueDart,2025-07-07 12:35:00,2025-07-10 20:35:00,2025-07-12 20:35:00,Delayed
O1007296,Delhivery,2025-06-22 16:33:00,2025-06-24 15:33:00,2025-06-25 03:33:00,Delayed
O1007297,EcomExpress,2025-01-04 19:46:00,2025-01-06 00:46:00,2025-01-06 00:46:00,Delivered
O1007298,BlueDart,2025-09-07 17:39:00,2025-09-11 05:39:00,2025-09-11 05:39:00,Delivered
O1007299,EcomExpress,2025-05-14 03:32:00,2025-05-15 16:32:00,2025-05-15 16:32:00,Delivered
O1007300,DHL,2025-10-06 11:04:00,2025-10-08 18:04:00,2025-10-09 00:04:00,Delayed
O1007301,EcomExpress,2025-02-12 01:58:00,2025-02-14 20:58:00,2025-02-14 20:58:00,Delivered
O1007302,BlueDart,2025-04-19 03:31:00,2025-04-20 04:31:00,2025-04-20 04:31:00,Delivered
O1007303,DHL,2025-01-21 08:46:00,2025-01-24 06:46:00,2025-01-24 12:46:00,Delayed
O1007304,BlueDart,2025-04-15 19:45:00,2025-04-18 10:45:00,2025-04-19 10:45:00,Delayed
O1007305,BlueDart,2025-12-04 19:13:00,2025-12-08 02:13:00,2025-12-08 08:13:00,Delayed
O1007306,DHL,2025-06-29 15:20:00,2025-06-30 22:20:00,2025-06-30 22:20:00,Delivered
O1007307,BlueDart,2025-06-10 23:51:00,2025-06-14 14:51:00,2025-06-14 14:51:00,Delivered
O1007308,EcomExpress,2025-04-10 20:22:00,2025-04-12 00:22:00,2025-04-12 06:22:00,Delayed
O1007309,Delhivery,2025-04-08 01:43:00,2025-04-11 20:43:00,2025-04-12 08:43:00,Delayed
O1007310,Delhivery,2025-09-02 13:00:00,2025-09-04 12:00:00,2025-09-04 12:00:00,Delivered
O1007311,Delhivery,2025-12-26 13:26:00,2025-12-27 18:26:00,2025-12-28 18:26:00,Delayed
O1007312,BlueDart,2025-09-30 14:51:00,2025-10-02 09:51:00,2025-10-02 09:51:00,Delivered
O1007313,EcomExpress,2025-09-27 19:27:00,2025-09-30 06:27:00,2025-09-30 06:27:00,Delivered
O1007314,EcomExpress,2025-06-23 17:42:00,2025-06-25 01:42:00,2025-06-25 13:42:00,Delayed
O1007315,Delhivery,2025-02-07 14:16:00,2025-02-09 11:16:00,2025-02-10 11:16:00,Delayed
O1007316,Delhivery,2025-09-23 14:27:00,2025-09-25 11:27:00,2025-09-25 11:27:00,Delivered
O1007317,BlueDart,2025-10-23 14:36:00,2025-10-25 01:36:00,2025-10-25 01:36:00,Delivered
O1007318,BlueDart,2025-07-06 14:02:00,2025-07-09 00:02:00,2025-07-10 00:02:00,Delayed
O1007319,Delhivery,2025-02-04 04:56:00,2025-02-05 05:56:00,2025-02-05 05:56:00,Delivered
O1007320,BlueDart,2025-09-19 06:49:00,2025-09-21 00:49:00,2025-09-21 00:49:00,Delivered
O1007321,BlueDart,2025-12-04 03:09:00,2025-12-05 13:09:00,2025-12-05 13:09:00,Delivered
O1007322,DHL,2025-03-25 06:22:00,2025-03-26 08:22:00,2025-03-26 08:22:00,Delivered
O1007323,EcomExpress,2025-03-01 02:49:00,2025-03-03 12:49:00,2025-03-03 18:49:00,Delayed
O1007324,Delhivery,2025-09-28 07:02:00,2025-10-01 23:02:00,2025-10-01 23:02:00,Delivered
O1007325,EcomExpress,2025-05-03 05:32:00,2025-05-05 06:32:00,2025-05-05 06:32:00,Delivered
O1007326,Delhivery,2025-09-19 12:31:00,2025-09-22 10:31:00,2025-09-22 10:31:00,Delivered
O1007327,BlueDart,2025-09-15 03:51:00,2025-09-16 13:51:00,2025-09-16 19:51:00,Delayed
O1007328,EcomExpress,2025-04-09 02:55:00,2025-04-12 04:55:00,2025-04-12 04:55:00,Delivered
O1007329,DHL,2025-01-17 18:28:00,2025-01-20 19:28:00,2025-01-21 07:28:00,Delayed
O1007330,DHL,2025-07-23 13:13:00,2025-07-25 18:13:00,2025-07-26 06:13:00,Delayed
O1007331,DHL,2025-05-30 12:43:00,2025-06-01 07:43:00,2025-06-01 07:43:00,Delivered
O1007332,EcomExpress,2025-11-10 13:58:00,2025-11-13 06:58:00,2025-11-13 18:58:00,Delayed
O1007333,DHL,2025-05-11 14:15:00,2025-05-14 09:15:00,2025-05-14 09:15:00,Delivered
O1007334,BlueDart,2025-04-03 05:38:00,2025-04-06 07:38:00,2025-04-06 07:38:00,Delivered
O1007335,Delhivery,2025-11-11 06:37:00,2025-11-12 20:37:00,2025-11-13 08:37:00,Delayed
O1007336,DHL,2025-09-26 18:02:00,2025-09-28 19:02:00,2025-09-28 19:02:00,Delivered
O1007337,DHL,2025-08-15 11:29:00,2025-08-18 22:29:00,2025-08-18 22:29:00,Delivered
O1007338,EcomExpress,2025-12-16 04:08:00,2025-12-19 15:08:00,2025-12-20 15:08:00,Delayed
O1007339,Delhivery,2025-10-14 20:48:00,2025-10-18 06:48:00,2025-10-18 06:48:00,Delivered
O1007340,BlueDart,2025-11-14 01:20:00,2025-11-17 08:20:00,2025-11-18 08:20:00,Delayed
O1007341,Delhivery,2025-10-20 00:24:00,2025-10-21 05:24:00,2025-10-21 05:24:00,Delivered
O1007342,BlueDart,2025-05-28 00:24:00,2025-05-29 20:24:00,2025-05-29 20:24:00,Delivered
O1007343,DHL,2025-01-24 13:54:00,2025-01-26 09:54:00,2025-01-26 09:54:00,Delivered
O1007344,EcomExpress,2025-08-11 04:27:00,2025-08-13 03:27:00,2025-08-13 03:27:00,Delivered
O1007345,EcomExpress,2025-10-08 04:24:00,2025-10-10 15:24:00,2025-10-11 03:24:00,Delayed
O1007346,BlueDart,2025-12-28 20:29:00,2025-12-30 09:29:00,2025-12-30 09:29:00,Delivered
O1007347,EcomExpress,2025-09-07 01:32:00,2025-09-10 09:32:00,2025-09-10 09:32:00,Delivered
O1007348,EcomExpress,2025-07-27 17:08:00,2025-07-30 05:08:00,2025-07-31 05:08:00,Delayed
O1007349,Delhivery,2025-07-30 21:18:00,2025-08-01 02:18:00,2025-08-02 02:18:00,Delayed
O1007350,EcomExpress,2025-02-11 22:43:00,2025-02-15 08:43:00,2025-02-15 20:43:00,Delayed
O1007351,Delhivery,2025-01-04 07:24:00,2025-01-06 05:24:00,2025-01-06 05:24:00,Delivered
O1007352,EcomExpress,2025-01-18 09:02:00,2025-01-21 01:02:00,2025-01-21 01:02:00,Delivered
O1007353,DHL,2025-11-28 19:51:00,2025-12-01 01:51:00,2025-12-01 01:51:00,Delivered
O1007354,Delhivery,2025-10-17 02:10:00,2025-10-19 03:10:00,2025-10-19 03:10:00,Delivered
O1007355,DHL,2025-04-05 17:50:00,2025-04-07 16:50:00,2025-04-09 16:50:00,Delayed
O1007356,EcomExpress,2025-06-05 01:58:00,2025-06-07 06:58:00,2025-06-07 18:58:00,Delayed
O1007357,BlueDart,2025-06-26 19:10:00,2025-06-27 23:10:00,2025-06-27 23:10:00,Delivered
O1007358,DHL,2025-04-01 20:36:00,2025-04-04 21:36:00,2025-04-04 21:36:00,Delivered
O1007359,BlueDart,2025-06-05 11:03:00,2025-06-08 09:03:00,2025-06-08 09:03:00,Delivered
O1007360,DHL,2025-05-08 12:42:00,2025-05-11 01:42:00,2025-05-11 01:42:00,Delivered
O1007361,EcomExpress,2025-09-12 00:15:00,2025-09-15 15:15:00,2025-09-15 15:15:00,Delivered
O1007363,DHL,2025-02-05 21:33:00,2025-02-08 12:33:00,2025-02-09 00:33:00,Delayed
O1007364,BlueDart,2025-06-20 05:28:00,2025-06-22 08:28:00,2025-06-22 08:28:00,Delivered
O1007365,BlueDart,2025-12-29 02:06:00,2025-12-31 21:06:00,2025-12-31 21:06:00,Delivered
O1007366,DHL,2025-11-15 15:14:00,2025-11-19 00:14:00,2025-11-19 00:14:00,Delivered
O1007367,DHL,2025-10-17 23:29:00,2025-10-21 04:29:00,2025-10-21 04:29:00,Delivered
O1007368,EcomExpress,2025-09-27 04:57:00,2025-09-29 21:57:00,2025-09-29 21:57:00,Delivered
O1007370,DHL,2025-12-23 03:26:00,2025-12-26 00:26:00,2025-12-26 00:26:00,Delivered
O1007371,EcomExpress,2025-09-27 04:36:00,2025-10-01 02:36:00,2025-10-01 02:36:00,Delivered
O1007372,DHL,2025-11-21 21:07:00,2025-11-24 22:07:00,2025-11-24 22:07:00,Delivered
O1007373,EcomExpress,2025-11-28 23:50:00,2025-12-02 01:50:00,2025-12-02 01:50:00,Delivered
O1007374,BlueDart,2025-04-03 20:20:00,2025-04-06 19:20:00,2025-04-06 19:20:00,Delivered
O1007375,EcomExpress,2025-01-06 12:30:00,2025-01-10 08:30:00,2025-01-11 08:30:00,Delayed
O1007376,Delhivery,2025-08-29 22:37:00,2025-09-02 16:37:00,2025-09-04 16:37:00,Delayed
O1007377,EcomExpress,2025-06-18 07:18:00,2025-06-20 07:18:00,2025-06-20 19:18:00,Delayed
O1007378,Delhivery,2025-01-08 15:52:00,2025-01-11 20:52:00,2025-01-11 20:52:00,Delivered
O1007379,Delhivery,2025-04-09 22:37:00,2025-04-12 20:37:00,2025-04-12 20:37:00,Delivered
O1007380,EcomExpress,2025-12-28 21:49:00,2025-12-31 12:49:00,2026-01-01 00:49:00,Delayed
O1007381,EcomExpress,2025-05-14 09:12:00,2025-05-16 22:12:00,2025-05-17 22:12:00,Delayed
O1007382,DHL,2025-04-06 12:35:00,2025-04-10 04:35:00,2025-04-11 04:35:00,Delayed
O1007383,BlueDart,2025-08-27 16:40:00,2025-08-31 09:40:00,2025-08-31 15:40:00,Delayed
O1007384,EcomExpress,2025-09-01 10:49:00,2025-09-05 02:49:00,2025-09-05 14:49:00,Delayed
O1007385,Delhivery,2025-05-03 09:04:00,2025-05-05 06:04:00,2025-05-05 06:04:00,Delivered
O1007386,BlueDart,2025-11-07 01:42:00,2025-11-09 02:42:00,2025-11-09 02:42:00,Delivered
O1007387,Delhivery,2025-07-31 18:35:00,2025-08-02 00:35:00,2025-08-02 00:35:00,Delivered
O1007388,EcomExpress,2025-03-01 12:06:00,2025-03-04 21:06:00,2025-03-04 21:06:00,Delivered
O1007389,BlueDart,2025-04-30 08:14:00,2025-05-03 09:14:00,2025-05-03 21:14:00,Delayed
O1007390,EcomExpress,2025-11-07 17:18:00,2025-11-11 15:18:00,2025-11-11 15:18:00,Delivered
O1007391,DHL,2025-02-02 17:01:00,2025-02-05 22:01:00,2025-02-06 04:01:00,Delayed
O1007392,DHL,2025-01-06 08:52:00,2025-01-07 22:52:00,2025-01-08 10:52:00,Delayed
O1007393,BlueDart,2025-08-28 12:35:00,2025-08-30 09:35:00,2025-08-31 09:35:00,Delayed
O1007394,DHL,2025-06-12 04:55:00,2025-06-14 08:55:00,2025-06-16 08:55:00,Delayed
O1007395,Delhivery,2025-04-03 23:42:00,2025-04-07 05:42:00,2025-04-07 11:42:00,Delayed
O1007396,EcomExpress,2025-06-23 02:52:00,2025-06-25 07:52:00,2025-06-25 13:52:00,Delayed
O1007397,Delhivery,2025-03-09 23:48:00,2025-03-13 20:48:00,2025-03-14 08:48:00,Delayed
O1007398,DHL,2025-05-18 16:22:00,2025-05-21 11:22:00,2025-05-21 11:22:00,Delivered
O1007399,Delhivery,2025-03-28 09:04:00,2025-03-30 11:04:00,2025-03-30 17:04:00,Delayed
O1007400,DHL,2025-08-04 04:56:00,2025-08-08 01:56:00,2025-08-09 01:56:00,Delayed
O1007401,EcomExpress,2025-09-04 05:19:00,2025-09-06 20:19:00,2025-09-06 20:19:00,Delivered
O1007402,BlueDart,2025-12-01 18:20:00,2025-12-03 16:20:00,2025-12-03 16:20:00,Delivered
O1007403,EcomExpress,2025-01-26 01:16:00,2025-01-28 05:16:00,2025-01-28 05:16:00,Delivered
O1007404,Delhivery,2025-05-01 02:53:00,2025-05-04 08:53:00,2025-05-04 08:53:00,Delivered
O1007405,EcomExpress,2025-04-07 13:25:00,2025-04-08 19:25:00,2025-04-08 19:25:00,Delivered
O1007406,EcomExpress,2025-07-31 19:03:00,2025-08-04 03:03:00,2025-08-04 15:03:00,Delayed
O1007407,BlueDart,2025-07-15 02:39:00,2025-07-16 09:39:00,2025-07-16 09:39:00,Delivered
O1007408,Delhivery,2025-11-17 16:27:00,2025-11-20 18:27:00,2025-11-20 18:27:00,Delivered
O1007409,EcomExpress,2025-12-02 23:49:00,2025-12-06 02:49:00,2025-12-06 08:49:00,Delayed
O1007410,EcomExpress,2025-10-11 11:00:00,2025-10-14 05:00:00,2025-10-15 05:00:00,Delayed
O1007411,DHL,2025-03-15 01:33:00,2025-03-16 14:33:00,2025-03-16 14:33:00,Delivered
O1007412,EcomExpress,2025-01-15 23:33:00,2025-01-18 16:33:00,2025-01-18 16:33:00,Delivered
O1007413,BlueDart,2025-11-26 16:40:00,2025-11-30 03:40:00,2025-11-30 03:40:00,Delivered
O1007415,Delhivery,2025-04-03 04:03:00,2025-04-05 00:03:00,2025-04-05 00:03:00,Delivered
O1007416,Delhivery,2025-01-18 22:39:00,2025-01-22 16:39:00,2025-01-22 16:39:00,Delivered
O1007418,DHL,2025-08-03 21:38:00,2025-08-05 06:38:00,2025-08-05 06:38:00,Delivered
O1007419,DHL,2025-11-22 15:26:00,2025-11-26 07:26:00,2025-11-26 07:26:00,Delivered
O1007420,DHL,2025-07-31 17:22:00,2025-08-02 17:22:00,2025-08-02 17:22:00,Delivered
O1007421,BlueDart,2025-10-06 18:00:00,2025-10-09 20:00:00,2025-10-09 20:00:00,Delivered
O1007422,Delhivery,2025-10-15 22:41:00,2025-10-17 14:41:00,2025-10-18 14:41:00,Delayed
O1007423,DHL,2025-01-05 07:29:00,2025-01-08 03:29:00,2025-01-10 03:29:00,Delayed
O1007424,DHL,2025-02-24 17:52:00,2025-02-27 15:52:00,2025-02-28 15:52:00,Delayed
O1007425,EcomExpress,2025-10-13 06:58:00,2025-10-15 17:58:00,2025-10-15 17:58:00,Delivered
O1007426,Delhivery,2025-03-08 05:03:00,2025-03-11 18:03:00,2025-03-11 18:03:00,Delivered
O1007427,EcomExpress,2025-03-18 16:59:00,2025-03-22 09:59:00,2025-03-22 09:59:00,Delivered
O1007429,Delhivery,2025-03-17 08:42:00,2025-03-18 19:42:00,2025-03-18 19:42:00,Delivered
O1007430,Delhivery,2025-02-25 05:42:00,2025-02-28 15:42:00,2025-03-01 03:42:00,Delayed
O1007431,Delhivery,2025-01-06 06:22:00,2025-01-09 05:22:00,2025-01-09 11:22:00,Delayed
O1007432,DHL,2025-06-22 00:22:00,2025-06-24 13:22:00,2025-06-24 13:22:00,Delivered
O1007433,DHL,2025-08-21 23:46:00,2025-08-23 07:46:00,2025-08-23 07:46:00,Delivered
O1007434,EcomExpress,2025-09-26 12:04:00,2025-09-29 07:04:00,2025-09-29 07:04:00,Delivered
O1007435,Delhivery,2025-11-28 06:41:00,2025-11-30 09:41:00,2025-11-30 21:41:00,Delayed
O1007437,EcomExpress,2025-10-04 21:17:00,2025-10-05 23:17:00,2025-10-05 23:17:00,Delivered
O1007438,Delhivery,2025-03-19 12:43:00,2025-03-21 00:43:00,2025-03-21 00:43:00,Delivered
O1007439,EcomExpress,2025-05-05 23:14:00,2025-05-07 05:14:00,2025-05-07 05:14:00,Delivered
O1007440,DHL,2025-04-22 03:16:00,2025-04-24 00:16:00,2025-04-24 00:16:00,Delivered
O1007441,BlueDart,2025-01-24 23:09:00,2025-01-26 11:09:00,2025-01-26 23:09:00,Delayed
O1007442,DHL,2025-12-21 10:16:00,2025-12-24 23:16:00,2025-12-24 23:16:00,Delivered
O1007443,EcomExpress,2025-03-30 15:46:00,2025-04-01 11:46:00,2025-04-01 17:46:00,Delayed
O1007444,Delhivery,2025-06-14 00:12:00,2025-06-16 06:12:00,2025-06-16 06:12:00,Delivered
O1007445,EcomExpress,2025-05-12 09:48:00,2025-05-15 14:48:00,2025-05-15 14:48:00,Delivered
O1007446,BlueDart,2025-01-18 10:48:00,2025-01-19 17:48:00,2025-01-20 05:48:00,Delayed
O1007447,DHL,2025-11-27 16:00:00,2025-11-29 17:00:00,2025-12-01 17:00:00,Delayed
O1007448,BlueDart,2025-03-23 01:03:00,2025-03-24 15:03:00,2025-03-26 15:03:00,Delayed
O1007449,EcomExpress,2025-02-07 11:48:00,2025-02-10 00:48:00,2025-02-10 12:48:00,Delayed
O1007450,DHL,2025-05-06 07:32:00,2025-05-09 19:32:00,2025-05-10 01:32:00,Delayed
O1007451,EcomExpress,2025-02-23 03:56:00,2025-02-25 18:56:00,2025-02-25 18:56:00,Delivered
O1007452,Delhivery,2025-12-31 14:49:00,2026-01-02 19:49:00,2026-01-03 19:49:00,Delayed
O1007453,BlueDart,2025-03-11 11:05:00,2025-03-12 17:05:00,2025-03-12 17:05:00,Delivered
O1007454,DHL,2025-04-21 21:12:00,2025-04-25 16:12:00,2025-04-25 22:12:00,Delayed
O1007455,Delhivery,2025-04-09 23:32:00,2025-04-12 08:32:00,2025-04-12 08:32:00,Delivered
O1007456,BlueDart,2025-01-11 04:46:00,2025-01-13 20:46:00,2025-01-14 20:46:00,Delayed
O1007457,EcomExpress,2025-01-05 11:44:00,2025-01-07 23:44:00,2025-01-08 05:44:00,Delayed
O1007458,Delhivery,2025-07-07 21:33:00,2025-07-10 09:33:00,2025-07-10 09:33:00,Delivered
O1007459,DHL,2025-03-26 17:47:00,2025-03-28 00:47:00,2025-03-29 00:47:00,Delayed
O1007460,BlueDart,2025-01-31 18:09:00,2025-02-03 02:09:00,2025-02-03 02:09:00,Delivered
O1007461,EcomExpress,2025-04-18 19:55:00,2025-04-21 01:55:00,2025-04-21 01:55:00,Delivered
O1007462,Delhivery,2025-04-12 02:06:00,2025-04-15 09:06:00,2025-04-15 09:06:00,Delivered
O1007463,DHL,2025-06-05 14:41:00,2025-06-07 20:41:00,2025-06-07 20:41:00,Delivered
O1007464,DHL,2025-12-29 17:21:00,2026-01-02 05:21:00,2026-01-02 17:21:00,Delayed
O1007465,BlueDart,2025-04-24 07:16:00,2025-04-27 06:16:00,2025-04-27 06:16:00,Delivered
O1007466,DHL,2025-09-15 21:48:00,2025-09-17 06:48:00,2025-09-18 06:48:00,Delayed
O1007467,Delhivery,2025-10-09 02:26:00,2025-10-12 17:26:00,2025-10-12 17:26:00,Delivered
O1007468,Delhivery,2025-01-20 02:35:00,2025-01-22 07:35:00,2025-01-22 07:35:00,Delivered
O1007469,DHL,2025-07-03 15:32:00,2025-07-06 17:32:00,2025-07-07 05:32:00,Delayed
O1007470,DHL,2025-06-14 11:25:00,2025-06-16 07:25:00,2025-06-16 07:25:00,Delivered
O1007471,DHL,2025-07-05 15:24:00,2025-07-08 21:24:00,2025-07-08 21:24:00,Delivered
O1007472,BlueDart,2025-03-05 06:09:00,2025-03-08 22:09:00,2025-03-08 22:09:00,Delivered
O1007473,Delhivery,2025-06-19 13:21:00,2025-06-20 15:21:00,2025-06-20 15:21:00,Delivered
O1007474,Delhivery,2025-02-15 08:41:00,2025-02-18 12:41:00,2025-02-18 12:41:00,Delivered
O1007475,Delhivery,2025-12-13 12:25:00,2025-12-16 17:25:00,2025-12-16 17:25:00,Delivered
O1007476,DHL,2025-08-04 07:41:00,2025-08-06 04:41:00,2025-08-06 10:41:00,Delayed
O1007478,DHL,2025-07-05 06:12:00,2025-07-07 10:12:00,2025-07-07 22:12:00,Delayed
O1007479,EcomExpress,2025-12-06 07:03:00,2025-12-08 12:03:00,2025-12-08 18:03:00,Delayed
O1007480,Delhivery,2025-09-30 10:19:00,2025-10-02 18:19:00,2025-10-02 18:19:00,Delivered
O1007481,BlueDart,2025-04-10 19:18:00,2025-04-13 01:18:00,2025-04-13 01:18:00,Delivered
O1007482,BlueDart,2025-11-23 13:59:00,2025-11-27 06:59:00,2025-11-29 06:59:00,Delayed
O1007483,DHL,2025-03-09 23:56:00,2025-03-13 18:56:00,2025-03-13 18:56:00,Delivered
O1007484,BlueDart,2025-04-02 18:13:00,2025-04-06 13:13:00,2025-04-07 01:13:00,Delayed
O1007485,Delhivery,2025-02-26 20:51:00,2025-03-01 06:51:00,2025-03-01 06:51:00,Delivered
O1007486,Delhivery,2025-12-04 08:01:00,2025-12-07 10:01:00,2025-12-07 22:01:00,Delayed
O1007487,DHL,2025-09-19 22:23:00,2025-09-20 23:23:00,2025-09-20 23:23:00,Delivered
O1007488,BlueDart,2025-07-10 10:05:00,2025-07-11 11:05:00,2025-07-11 11:05:00,Delivered
O1007489,BlueDart,2025-09-02 03:05:00,2025-09-05 07:05:00,2025-09-05 19:05:00,Delayed
O1007490,BlueDart,2025-04-06 06:19:00,2025-04-09 05:19:00,2025-04-09 05:19:00,Delivered
O1007491,BlueDart,2025-01-26 14:58:00,2025-01-27 20:58:00,2025-01-28 08:58:00,Delayed
O1007492,BlueDart,2025-11-06 02:49:00,2025-11-09 01:49:00,2025-11-09 01:49:00,Delivered
O1007493,EcomExpress,2025-12-19 07:05:00,2025-12-22 04:05:00,2025-12-22 04:05:00,Delivered
O1007494,EcomExpress,2025-01-14 02:16:00,2025-01-17 07:16:00,2025-01-17 07:16:00,Delivered
O1007495,EcomExpress,2025-01-19 21:35:00,2025-01-22 09:35:00,2025-01-22 09:35:00,Delivered
O1007496,EcomExpress,2025-07-25 14:58:00,2025-07-28 20:58:00,2025-07-28 20:58:00,Delivered
O1007497,EcomExpress,2025-01-16 15:39:00,2025-01-19 21:39:00,2025-01-20 09:39:00,Delayed
O1007498,EcomExpress,2025-09-21 16:47:00,2025-09-24 10:47:00,2025-09-24 10:47:00,Delivered
O1007499,Delhivery,2025-12-12 23:25:00,2025-12-15 14:25:00,2025-12-15 14:25:00,Delivered
O1007500,BlueDart,2025-04-14 09:29:00,2025-04-17 18:29:00,2025-04-17 18:29:00,Delivered
O1007501,BlueDart,2025-04-19 08:58:00,2025-04-20 20:58:00,2025-04-21 20:58:00,Delayed
O1007502,Delhivery,2025-11-13 00:29:00,2025-11-16 22:29:00,2025-11-16 22:29:00,Delivered
O1007503,DHL,2025-05-11 23:13:00,2025-05-15 15:13:00,2025-05-16 03:13:00,Delayed
O1007504,DHL,2025-03-30 08:48:00,2025-04-01 22:48:00,2025-04-02 10:48:00,Delayed
O1007505,EcomExpress,2025-02-01 02:09:00,2025-02-04 19:09:00,2025-02-04 19:09:00,Delivered
O1007506,BlueDart,2025-11-04 12:16:00,2025-11-07 15:16:00,2025-11-07 15:16:00,Delivered
O1007507,EcomExpress,2025-12-05 13:13:00,2025-12-07 19:13:00,2025-12-07 19:13:00,Delivered
O1007508,BlueDart,2025-01-30 00:14:00,2025-02-01 07:14:00,2025-02-01 07:14:00,Delivered
O1007509,DHL,2025-10-22 08:23:00,2025-10-25 03:23:00,2025-10-25 09:23:00,Delayed
O1007510,BlueDart,2025-03-01 03:23:00,2025-03-02 21:23:00,2025-03-02 21:23:00,Delivered
O1007511,EcomExpress,2025-02-21 02:09:00,2025-02-23 17:09:00,2025-02-23 17:09:00,Delivered
O1007512,BlueDart,2025-05-21 04:41:00,2025-05-23 09:41:00,2025-05-23 09:41:00,Delivered
O1007513,Delhivery,2025-06-09 21:49:00,2025-06-12 11:49:00,2025-06-12 11:49:00,Delivered
O1007514,BlueDart,2025-11-08 20:57:00,2025-11-11 01:57:00,2025-11-11 01:57:00,Delivered
O1007515,BlueDart,2025-09-14 11:58:00,2025-09-15 17:58:00,2025-09-15 17:58:00,Delivered
O1007516,DHL,2025-02-23 10:57:00,2025-02-26 13:57:00,2025-02-28 13:57:00,Delayed
O1007517,Delhivery,2025-08-03 07:28:00,2025-08-05 18:28:00,2025-08-06 18:28:00,Delayed
O1007518,EcomExpress,2025-11-16 22:02:00,2025-11-18 12:02:00,2025-11-18 12:02:00,Delivered
O1007519,BlueDart,2025-08-30 14:39:00,2025-09-01 06:39:00,2025-09-01 06:39:00,Delivered
O1007520,EcomExpress,2025-03-26 13:58:00,2025-03-29 02:58:00,2025-03-29 02:58:00,Delivered
O1007521,BlueDart,2025-02-17 17:12:00,2025-02-21 02:12:00,2025-02-21 02:12:00,Delivered
O1007522,DHL,2025-06-16 18:36:00,2025-06-18 12:36:00,2025-06-18 12:36:00,Delivered
O1007523,BlueDart,2025-06-22 13:28:00,2025-06-26 02:28:00,2025-06-26 02:28:00,Delivered
O1007524,BlueDart,2025-05-09 14:46:00,2025-05-12 23:46:00,2025-05-12 23:46:00,Delivered
O1007525,BlueDart,2025-02-10 03:10:00,2025-02-11 04:10:00,2025-02-11 04:10:00,Delivered
O1007526,EcomExpress,2025-02-13 18:20:00,2025-02-15 03:20:00,2025-02-15 03:20:00,Delivered
O1007527,Delhivery,2025-07-14 00:40:00,2025-07-17 05:40:00,2025-07-17 05:40:00,Delivered
O1007528,BlueDart,2025-12-11 16:04:00,2025-12-14 07:04:00,2025-12-14 07:04:00,Delivered
O1007529,EcomExpress,2025-08-07 15:58:00,2025-08-08 23:58:00,2025-08-08 23:58:00,Delivered
O1007530,BlueDart,2025-06-10 11:23:00,2025-06-14 10:23:00,2025-06-15 10:23:00,Delayed
O1007531,DHL,2025-12-07 17:07:00,2025-12-08 17:07:00,2025-12-08 17:07:00,Delivered
O1007532,EcomExpress,2025-09-09 14:15:00,2025-09-11 19:15:00,2025-09-11 19:15:00,Delivered
O1007533,DHL,2025-09-21 12:45:00,2025-09-22 12:45:00,2025-09-22 12:45:00,Delivered
O1007534,EcomExpress,2025-07-29 22:14:00,2025-08-02 15:14:00,2025-08-02 15:14:00,Delivered
O1007535,BlueDart,2025-10-07 02:24:00,2025-10-09 11:24:00,2025-10-09 11:24:00,Delivered
O1007536,BlueDart,2025-07-04 07:41:00,2025-07-07 03:41:00,2025-07-07 09:41:00,Delayed
O1007537,EcomExpress,2025-08-16 14:46:00,2025-08-20 00:46:00,2025-08-20 06:46:00,Delayed
O1007538,Delhivery,2025-08-15 06:24:00,2025-08-17 00:24:00,2025-08-17 00:24:00,Delivered
O1007539,DHL,2025-10-03 01:41:00,2025-10-04 23:41:00,2025-10-04 23:41:00,Delivered
O1007540,EcomExpress,2025-11-25 03:06:00,2025-11-28 00:06:00,2025-11-28 00:06:00,Delivered
O1007541,BlueDart,2025-04-18 14:02:00,2025-04-22 08:02:00,2025-04-22 20:02:00,Delayed
O1007542,EcomExpress,2025-09-14 02:01:00,2025-09-15 15:01:00,2025-09-15 15:01:00,Delivered
O1007543,Delhivery,2025-01-13 10:08:00,2025-01-15 16:08:00,2025-01-15 16:08:00,Delivered
O1007544,DHL,2025-07-14 23:13:00,2025-07-16 18:13:00,2025-07-17 00:13:00,Delayed
O1007545,DHL,2025-11-26 15:03:00,2025-11-28 04:03:00,2025-11-28 04:03:00,Delivered
O1007546,BlueDart,2025-08-25 03:30:00,2025-08-26 17:30:00,2025-08-26 17:30:00,Delivered
O1007547,DHL,2025-04-09 00:38:00,2025-04-11 09:38:00,2025-04-11 09:38:00,Delivered
O1007548,BlueDart,2025-08-11 00:16:00,2025-08-12 07:16:00,2025-08-13 07:16:00,Delayed
O1007549,DHL,2025-05-12 01:06:00,2025-05-14 22:06:00,2025-05-15 10:06:00,Delayed
O1007551,DHL,2025-03-26 01:37:00,2025-03-27 14:37:00,2025-03-28 02:37:00,Delayed
O1007552,Delhivery,2025-08-18 01:21:00,2025-08-20 13:21:00,2025-08-20 13:21:00,Delivered
O1007553,EcomExpress,2025-03-14 12:01:00,2025-03-16 04:01:00,2025-03-16 04:01:00,Delivered
O1007554,DHL,2025-06-12 08:05:00,2025-06-14 15:05:00,2025-06-15 15:05:00,Delayed
O1007555,EcomExpress,2025-12-09 22:52:00,2025-12-11 08:52:00,2025-12-12 08:52:00,Delayed
O1007556,EcomExpress,2025-10-05 15:18:00,2025-10-07 04:18:00,2025-10-07 04:18:00,Delivered
O1007557,DHL,2025-06-02 01:30:00,2025-06-04 00:30:00,2025-06-04 00:30:00,Delivered
O1007558,Delhivery,2025-12-21 10:17:00,2025-12-24 12:17:00,2025-12-24 12:17:00,Delivered
O1007560,BlueDart,2025-12-18 09:02:00,2025-12-20 15:02:00,2025-12-20 15:02:00,Delivered
O1007561,Delhivery,2025-05-09 23:36:00,2025-05-12 00:36:00,2025-05-12 00:36:00,Delivered
O1007562,DHL,2025-10-28 12:51:00,2025-10-31 05:51:00,2025-10-31 05:51:00,Delivered
O1007563,BlueDart,2025-12-12 19:19:00,2025-12-16 16:19:00,2025-12-16 16:19:00,Delivered
O1007564,DHL,2025-08-09 13:58:00,2025-08-12 23:58:00,2025-08-13 05:58:00,Delayed
O1007565,DHL,2025-08-12 05:13:00,2025-08-14 09:13:00,2025-08-14 09:13:00,Delivered
O1007566,DHL,2025-10-01 17:27:00,2025-10-04 05:27:00,2025-10-04 05:27:00,Delivered
O1007567,EcomExpress,2025-03-29 21:27:00,2025-03-31 12:27:00,2025-04-01 00:27:00,Delayed
O1007568,BlueDart,2025-03-06 21:32:00,2025-03-10 01:32:00,2025-03-10 01:32:00,Delivered
O1007569,EcomExpress,2025-05-07 08:00:00,2025-05-10 21:00:00,2025-05-11 21:00:00,Delayed
O1007570,EcomExpress,2025-06-25 04:37:00,2025-06-28 17:37:00,2025-06-28 17:37:00,Delivered
O1007571,DHL,2025-09-29 22:20:00,2025-10-01 13:20:00,2025-10-01 13:20:00,Delivered
O1007572,BlueDart,2025-04-05 03:36:00,2025-04-08 08:36:00,2025-04-08 08:36:00,Delivered
O1007573,Delhivery,2025-07-27 02:23:00,2025-07-28 14:23:00,2025-07-29 14:23:00,Delayed
O1007574,Delhivery,2025-01-03 06:02:00,2025-01-04 06:02:00,2025-01-04 06:02:00,Delivered
O1007575,Delhivery,2025-01-13 04:43:00,2025-01-16 07:43:00,2025-01-16 07:43:00,Delivered
O1007576,DHL,2025-12-19 20:57:00,2025-12-22 02:57:00,2025-12-22 02:57:00,Delivered
O1007577,BlueDart,2025-11-08 09:18:00,2025-11-10 06:18:00,2025-11-11 06:18:00,Delayed
O1007578,DHL,2025-11-12 19:51:00,2025-11-15 07:51:00,2025-11-15 07:51:00,Delivered
O1007579,DHL,2025-05-01 17:04:00,2025-05-03 23:04:00,2025-05-03 23:04:00,Delivered
O1007580,DHL,2025-07-07 23:28:00,2025-07-09 16:28:00,2025-07-09 22:28:00,Delayed
O1007581,BlueDart,2025-09-05 08:01:00,2025-09-07 16:01:00,2025-09-07 16:01:00,Delivered
O1007582,BlueDart,2025-04-03 17:16:00,2025-04-04 19:16:00,2025-04-04 19:16:00,Delivered
O1007583,EcomExpress,2025-09-29 23:50:00,2025-10-03 07:50:00,2025-10-03 07:50:00,Delivered
O1007584,EcomExpress,2025-09-10 18:24:00,2025-09-14 13:24:00,2025-09-14 13:24:00,Delivered
O1007585,DHL,2025-05-29 22:46:00,2025-06-01 15:46:00,2025-06-01 15:46:00,Delivered
O1007586,EcomExpress,2025-06-09 18:33:00,2025-06-12 14:33:00,2025-06-12 14:33:00,Delivered
O1007587,Delhivery,2025-04-24 13:49:00,2025-04-27 18:49:00,2025-04-28 06:49:00,Delayed
O1007588,DHL,2025-10-22 00:05:00,2025-10-24 10:05:00,2025-10-24 16:05:00,Delayed
O1007589,EcomExpress,2025-12-28 13:19:00,2026-01-01 12:19:00,2026-01-01 18:19:00,Delayed
O1007590,DHL,2025-12-31 17:41:00,2026-01-02 13:41:00,2026-01-02 13:41:00,Delivered
O1007591,Delhivery,2025-10-09 23:44:00,2025-10-13 02:44:00,2025-10-13 02:44:00,Delivered
O1007592,BlueDart,2025-05-09 05:30:00,2025-05-11 01:30:00,2025-05-11 07:30:00,Delayed
O1007593,EcomExpress,2025-10-13 14:23:00,2025-10-15 10:23:00,2025-10-17 10:23:00,Delayed
O1007594,BlueDart,2025-04-01 16:25:00,2025-04-03 23:25:00,2025-04-03 23:25:00,Delivered
O1007595,DHL,2025-11-24 15:36:00,2025-11-27 22:36:00,2025-11-28 04:36:00,Delayed
O1007596,DHL,2025-04-08 15:44:00,2025-04-10 20:44:00,2025-04-10 20:44:00,Delivered
O1007597,BlueDart,2025-05-28 20:02:00,2025-06-01 09:02:00,2025-06-01 09:02:00,Delivered
O1007598,EcomExpress,2025-02-05 15:59:00,2025-02-07 18:59:00,2025-02-07 18:59:00,Delivered
O1007600,DHL,2025-05-25 08:59:00,2025-05-27 15:59:00,2025-05-28 03:59:00,Delayed
O1007601,BlueDart,2025-07-20 19:16:00,2025-07-23 08:16:00,2025-07-23 08:16:00,Delivered
O1007602,EcomExpress,2025-01-07 19:58:00,2025-01-10 18:58:00,2025-01-10 18:58:00,Delivered
O1007603,BlueDart,2025-11-05 18:33:00,2025-11-08 01:33:00,2025-11-08 01:33:00,Delivered
O1007604,Delhivery,2025-02-12 16:37:00,2025-02-15 03:37:00,2025-02-16 03:37:00,Delayed
O1007605,EcomExpress,2026-01-01 08:47:00,2026-01-02 12:47:00,2026-01-02 18:47:00,Delayed
O1007606,DHL,2025-04-11 00:56:00,2025-04-12 09:56:00,2025-04-12 09:56:00,Delivered
O1007607,Delhivery,2025-05-20 06:59:00,2025-05-21 16:59:00,2025-05-21 16:59:00,Delivered
O1007608,DHL,2025-03-01 03:09:00,2025-03-04 07:09:00,2025-03-04 13:09:00,Delayed
O1007609,BlueDart,2025-10-29 11:20:00,2025-10-31 13:20:00,2025-11-01 13:20:00,Delayed
O1007610,EcomExpress,2025-09-25 13:19:00,2025-09-27 20:19:00,2025-09-27 20:19:00,Delivered
O1007611,EcomExpress,2025-01-29 19:36:00,2025-02-01 09:36:00,2025-02-01 09:36:00,Delivered
O1007612,DHL,2025-02-09 11:59:00,2025-02-11 11:59:00,2025-02-11 11:59:00,Delivered
O1007613,EcomExpress,2025-08-12 03:11:00,2025-08-13 12:11:00,2025-08-13 12:11:00,Delivered
O1007614,BlueDart,2025-11-13 15:55:00,2025-11-16 00:55:00,2025-11-16 00:55:00,Delivered
O1007615,DHL,2025-02-10 14:22:00,2025-02-12 14:22:00,2025-02-12 14:22:00,Delivered
O1007616,DHL,2025-03-23 04:35:00,2025-03-25 21:35:00,2025-03-25 21:35:00,Delivered
O1007617,DHL,2025-07-20 02:01:00,2025-07-22 23:01:00,2025-07-22 23:01:00,Delivered
O1007618,Delhivery,2025-02-10 14:02:00,2025-02-13 20:02:00,2025-02-13 20:02:00,Delivered
O1007619,BlueDart,2025-04-23 08:11:00,2025-04-25 21:11:00,2025-04-25 21:11:00,Delivered
O1007620,Delhivery,2025-01-04 23:27:00,2025-01-08 16:27:00,2025-01-09 04:27:00,Delayed
O1007621,DHL,2025-07-03 11:05:00,2025-07-07 10:05:00,2025-07-07 10:05:00,Delivered
O1007622,Delhivery,2025-09-20 00:14:00,2025-09-23 01:14:00,2025-09-23 07:14:00,Delayed
O1007623,BlueDart,2025-06-01 11:43:00,2025-06-05 06:43:00,2025-06-05 06:43:00,Delivered
O1007624,Delhivery,2025-04-05 08:52:00,2025-04-09 07:52:00,2025-04-09 07:52:00,Delivered
O1007625,EcomExpress,2025-06-04 12:05:00,2025-06-08 00:05:00,2025-06-08 00:05:00,Delivered
O1007626,EcomExpress,2025-07-05 23:23:00,2025-07-07 10:23:00,2025-07-07 10:23:00,Delivered
O1007628,DHL,2025-02-11 04:13:00,2025-02-14 04:13:00,2025-02-14 04:13:00,Delivered
O1007629,BlueDart,2025-03-09 16:56:00,2025-03-11 03:56:00,2025-03-11 03:56:00,Delivered
O1007630,DHL,2025-12-27 13:11:00,2025-12-29 10:11:00,2025-12-29 10:11:00,Delivered
O1007631,DHL,2025-09-22 11:42:00,2025-09-25 19:42:00,2025-09-26 07:42:00,Delayed
O1007632,BlueDart,2025-02-16 06:40:00,2025-02-18 20:40:00,2025-02-19 08:40:00,Delayed
O1007633,EcomExpress,2025-04-20 10:20:00,2025-04-23 07:20:00,2025-04-23 07:20:00,Delivered
O1007634,EcomExpress,2025-05-31 19:58:00,2025-06-02 23:58:00,2025-06-02 23:58:00,Delivered
O1007635,EcomExpress,2025-03-09 01:13:00,2025-03-12 15:13:00,2025-03-12 21:13:00,Delayed
O1007637,BlueDart,2025-12-10 23:01:00,2025-12-13 00:01:00,2025-12-13 00:01:00,Delivered
O1007638,BlueDart,2025-04-01 10:28:00,2025-04-04 10:28:00,2025-04-04 22:28:00,Delayed
O1007639,EcomExpress,2025-01-07 21:48:00,2025-01-11 04:48:00,2025-01-12 04:48:00,Delayed
O1007640,EcomExpress,2025-04-09 05:26:00,2025-04-10 05:26:00,2025-04-10 05:26:00,Delivered
O1007642,BlueDart,2025-10-24 02:31:00,2025-10-27 14:31:00,2025-10-27 14:31:00,Delivered
O1007643,DHL,2025-05-05 09:59:00,2025-05-08 09:59:00,2025-05-08 09:59:00,Delivered
O1007644,Delhivery,2025-04-11 17:49:00,2025-04-13 07:49:00,2025-04-13 07:49:00,Delivered
O1007645,Delhivery,2025-04-02 01:59:00,2025-04-03 16:59:00,2025-04-03 16:59:00,Delivered
O1007646,DHL,2025-01-03 06:19:00,2025-01-04 11:19:00,2025-01-05 11:19:00,Delayed
O1007647,EcomExpress,2025-01-06 19:57:00,2025-01-09 03:57:00,2025-01-09 03:57:00,Delivered
O1007648,BlueDart,2025-06-07 08:29:00,2025-06-08 12:29:00,2025-06-08 12:29:00,Delivered
O1007649,Delhivery,2025-08-14 17:59:00,2025-08-17 18:59:00,2025-08-17 18:59:00,Delivered
O1007650,Delhivery,2025-01-05 17:13:00,2025-01-06 22:13:00,2025-01-06 22:13:00,Delivered
O1007651,EcomExpress,2025-03-16 07:17:00,2025-03-19 06:17:00,2025-03-19 06:17:00,Delivered
O1007652,DHL,2025-11-30 07:43:00,2025-12-03 11:43:00,2025-12-03 11:43:00,Delivered
O1007653,BlueDart,2025-12-29 13:22:00,2025-12-31 16:22:00,2025-12-31 16:22:00,Delivered
O1007654,Delhivery,2025-08-23 14:29:00,2025-08-25 15:29:00,2025-08-26 03:29:00,Delayed
O1007655,DHL,2025-07-10 21:53:00,2025-07-14 00:53:00,2025-07-14 06:53:00,Delayed
O1007656,BlueDart,2025-08-02 08:37:00,2025-08-06 00:37:00,2025-08-06 00:37:00,Delivered
O1007657,DHL,2025-05-16 21:34:00,2025-05-20 16:34:00,2025-05-20 16:34:00,Delivered
O1007658,EcomExpress,2025-03-16 06:08:00,2025-03-19 02:08:00,2025-03-19 14:08:00,Delayed
O1007659,DHL,2025-05-19 16:22:00,2025-05-21 08:22:00,2025-05-21 08:22:00,Delivered
O1007660,EcomExpress,2025-09-13 23:26:00,2025-09-16 00:26:00,2025-09-16 00:26:00,Delivered
O1007661,BlueDart,2025-08-31 17:27:00,2025-09-02 01:27:00,2025-09-02 01:27:00,Delivered
O1007662,BlueDart,2025-09-06 05:35:00,2025-09-07 07:35:00,2025-09-07 07:35:00,Delivered
O1007663,DHL,2025-08-12 00:04:00,2025-08-13 09:04:00,2025-08-13 09:04:00,Delivered
O1007664,DHL,2025-01-23 20:10:00,2025-01-27 03:10:00,2025-01-28 03:10:00,Delayed
O1007665,DHL,2025-08-18 04:25:00,2025-08-20 12:25:00,2025-08-20 18:25:00,Delayed
O1007666,Delhivery,2025-11-19 02:26:00,2025-11-21 18:26:00,2025-11-23 18:26:00,Delayed
O1007667,Delhivery,2025-08-26 15:18:00,2025-08-28 12:18:00,2025-08-30 12:18:00,Delayed
O1007668,DHL,2025-08-01 07:24:00,2025-08-02 11:24:00,2025-08-02 11:24:00,Delivered
O1007669,Delhivery,2025-03-24 04:39:00,2025-03-26 13:39:00,2025-03-26 13:39:00,Delivered
O1007670,BlueDart,2025-10-18 09:06:00,2025-10-20 16:06:00,2025-10-21 04:06:00,Delayed
O1007671,BlueDart,2025-06-14 16:34:00,2025-06-15 22:34:00,2025-06-16 22:34:00,Delayed
O1007672,BlueDart,2025-04-06 22:07:00,2025-04-09 21:07:00,2025-04-10 03:07:00,Delayed
O1007673,EcomExpress,2025-06-28 23:53:00,2025-06-30 16:53:00,2025-06-30 16:53:00,Delivered
O1007674,Delhivery,2025-02-15 02:12:00,2025-02-17 14:12:00,2025-02-17 14:12:00,Delivered
O1007675,EcomExpress,2025-12-05 21:05:00,2025-12-07 21:05:00,2025-12-09 21:05:00,Delayed
O1007676,DHL,2025-09-15 10:35:00,2025-09-16 16:35:00,2025-09-16 16:35:00,Delivered
O1007677,BlueDart,2025-05-01 01:46:00,2025-05-04 20:46:00,2025-05-05 20:46:00,Delayed
O1007678,EcomExpress,2025-10-18 04:05:00,2025-10-21 01:05:00,2025-10-21 01:05:00,Delivered
O1007679,DHL,2025-01-20 11:36:00,2025-01-22 08:36:00,2025-01-23 08:36:00,Delayed
O1007680,DHL,2025-05-21 16:11:00,2025-05-23 08:11:00,2025-05-23 08:11:00,Delivered
O1007681,BlueDart,2025-08-27 08:38:00,2025-08-28 11:38:00,2025-08-30 11:38:00,Delayed
O1007682,BlueDart,2025-01-09 23:26:00,2025-01-13 06:26:00,2025-01-13 06:26:00,Delivered
O1007683,DHL,2025-09-16 17:56:00,2025-09-18 15:56:00,2025-09-19 03:56:00,Delayed
O1007684,BlueDart,2025-10-26 20:55:00,2025-10-28 11:55:00,2025-10-28 11:55:00,Delivered
O1007685,DHL,2025-08-05 22:18:00,2025-08-09 17:18:00,2025-08-09 17:18:00,Delivered
O1007686,BlueDart,2025-03-17 22:34:00,2025-03-21 21:34:00,2025-03-21 21:34:00,Delivered
O1007687,DHL,2025-10-02 11:20:00,2025-10-04 17:20:00,2025-10-04 23:20:00,Delayed
O1007688,DHL,2025-05-05 06:05:00,2025-05-08 01:05:00,2025-05-08 01:05:00,Delivered
O1007689,EcomExpress,2025-09-27 11:31:00,2025-09-30 21:31:00,2025-10-01 03:31:00,Delayed
O1007690,EcomExpress,2025-08-19 13:00:00,2025-08-22 08:00:00,2025-08-22 08:00:00,Delivered
O1007691,Delhivery,2025-02-05 05:41:00,2025-02-07 00:41:00,2025-02-07 06:41:00,Delayed
O1007692,BlueDart,2025-02-06 23:52:00,2025-02-10 05:52:00,2025-02-10 05:52:00,Delivered
O1007693,EcomExpress,2025-01-06 14:26:00,2025-01-07 23:26:00,2025-01-08 23:26:00,Delayed
O1007694,BlueDart,2025-01-28 05:09:00,2025-01-30 20:09:00,2025-01-30 20:09:00,Delivered
O1007695,BlueDart,2025-04-20 14:25:00,2025-04-23 01:25:00,2025-04-24 01:25:00,Delayed
O1007696,BlueDart,2025-01-11 05:34:00,2025-01-13 23:34:00,2025-01-13 23:34:00,Delivered
O1007697,BlueDart,2025-12-10 00:18:00,2025-12-13 02:18:00,2025-12-13 02:18:00,Delivered
O1007698,DHL,2025-12-01 20:20:00,2025-12-03 00:20:00,2025-12-04 00:20:00,Delayed
O1007699,DHL,2025-03-06 12:20:00,2025-03-10 00:20:00,2025-03-10 00:20:00,Delivered
O1007700,Delhivery,2025-04-25 09:42:00,2025-04-27 06:42:00,2025-04-27 06:42:00,Delivered
O1007701,BlueDart,2025-09-29 07:21:00,2025-10-01 00:21:00,2025-10-01 00:21:00,Delivered
O1007702,EcomExpress,2025-08-31 05:48:00,2025-09-02 19:48:00,2025-09-03 07:48:00,Delayed
O1007703,DHL,2025-08-02 07:53:00,2025-08-06 06:53:00,2025-08-06 06:53:00,Delivered
O1007704,Delhivery,2025-12-29 02:24:00,2026-01-01 14:24:00,2026-01-01 14:24:00,Delivered
O1007705,Delhivery,2025-08-19 09:15:00,2025-08-21 20:15:00,2025-08-22 20:15:00,Delayed
O1007706,BlueDart,2025-09-02 23:54:00,2025-09-05 17:54:00,2025-09-05 17:54:00,Delivered
O1007707,BlueDart,2025-07-03 20:19:00,2025-07-06 08:19:00,2025-07-06 08:19:00,Delivered
O1007708,Delhivery,2025-07-11 12:34:00,2025-07-14 13:34:00,2025-07-15 13:34:00,Delayed
O1007709,BlueDart,2025-04-17 20:33:00,2025-04-21 09:33:00,2025-04-21 09:33:00,Delivered
O1007710,EcomExpress,2025-07-11 09:36:00,2025-07-12 19:36:00,2025-07-12 19:36:00,Delivered
O1007711,BlueDart,2025-12-03 10:23:00,2025-12-05 15:23:00,2025-12-05 15:23:00,Delivered
O1007712,EcomExpress,2025-05-19 12:25:00,2025-05-22 04:25:00,2025-05-23 04:25:00,Delayed
O1007713,BlueDart,2025-02-18 22:21:00,2025-02-22 04:21:00,2025-02-23 04:21:00,Delayed
O1007714,EcomExpress,2025-08-08 12:19:00,2025-08-09 18:19:00,2025-08-10 18:19:00,Delayed
O1007715,BlueDart,2025-10-15 03:04:00,2025-10-17 19:04:00,2025-10-17 19:04:00,Delivered
O1007716,BlueDart,2025-12-16 23:44:00,2025-12-20 06:44:00,2025-12-20 06:44:00,Delivered
O1007717,Delhivery,2025-07-18 05:30:00,2025-07-19 14:30:00,2025-07-20 14:30:00,Delayed
O1007718,BlueDart,2025-10-16 13:27:00,2025-10-18 01:27:00,2025-10-19 01:27:00,Delayed
O1007719,BlueDart,2025-04-02 18:58:00,2025-04-03 20:58:00,2025-04-03 20:58:00,Delivered
O1007720,EcomExpress,2025-06-05 04:57:00,2025-06-08 17:57:00,2025-06-08 17:57:00,Delivered
O1007721,BlueDart,2025-06-02 21:08:00,2025-06-06 16:08:00,2025-06-06 16:08:00,Delivered
O1007722,Delhivery,2025-05-02 17:47:00,2025-05-05 02:47:00,2025-05-05 14:47:00,Delayed
O1007723,DHL,2025-09-19 23:18:00,2025-09-23 13:18:00,2025-09-23 13:18:00,Delivered
O1007724,EcomExpress,2025-11-20 06:47:00,2025-11-23 00:47:00,2025-11-23 00:47:00,Delivered
O1007725,Delhivery,2025-04-30 21:41:00,2025-05-04 19:41:00,2025-05-05 07:41:00,Delayed
O1007726,EcomExpress,2025-02-20 02:28:00,2025-02-21 09:28:00,2025-02-21 09:28:00,Delivered
O1007727,DHL,2025-10-30 03:14:00,2025-11-02 03:14:00,2025-11-02 03:14:00,Delivered
O1007728,Delhivery,2025-11-08 10:08:00,2025-11-11 14:08:00,2025-11-11 14:08:00,Delivered
O1007730,DHL,2025-04-05 09:47:00,2025-04-08 07:47:00,2025-04-09 07:47:00,Delayed
O1007731,Delhivery,2025-09-21 00:01:00,2025-09-23 11:01:00,2025-09-23 11:01:00,Delivered
O1007732,DHL,2025-09-20 12:05:00,2025-09-22 03:05:00,2025-09-24 03:05:00,Delayed
O1007733,EcomExpress,2025-10-16 17:30:00,2025-10-18 05:30:00,2025-10-19 05:30:00,Delayed
O1007734,Delhivery,2025-10-23 06:06:00,2025-10-26 04:06:00,2025-10-26 04:06:00,Delivered
O1007735,Delhivery,2025-12-14 22:04:00,2025-12-17 15:04:00,2025-12-17 15:04:00,Delivered
O1007736,Delhivery,2025-06-24 21:47:00,2025-06-27 08:47:00,2025-06-27 08:47:00,Delivered
O1007737,DHL,2025-01-28 22:27:00,2025-01-30 00:27:00,2025-01-30 00:27:00,Delivered
O1007738,DHL,2025-03-13 06:33:00,2025-03-15 09:33:00,2025-03-15 15:33:00,Delayed
O1007739,DHL,2025-11-21 00:35:00,2025-11-24 14:35:00,2025-11-24 20:35:00,Delayed
O1007740,DHL,2025-11-05 16:43:00,2025-11-08 17:43:00,2025-11-08 17:43:00,Delivered
O1007741,EcomExpress,2025-01-06 04:16:00,2025-01-09 10:16:00,2025-01-09 10:16:00,Delivered
O1007742,BlueDart,2025-05-16 12:15:00,2025-05-17 18:15:00,2025-05-17 18:15:00,Delivered
O1007743,Delhivery,2025-04-01 11:30:00,2025-04-03 19:30:00,2025-04-03 19:30:00,Delivered
O1007744,Delhivery,2025-04-29 02:26:00,2025-05-01 14:26:00,2025-05-01 14:26:00,Delivered
O1007745,DHL,2025-08-23 09:18:00,2025-08-26 17:18:00,2025-08-26 17:18:00,Delivered
O1007746,Delhivery,2025-07-07 05:30:00,2025-07-10 11:30:00,2025-07-11 11:30:00,Delayed
O1007747,Delhivery,2025-06-26 01:31:00,2025-06-27 07:31:00,2025-06-27 07:31:00,Delivered
O1007748,EcomExpress,2025-06-09 13:13:00,2025-06-13 00:13:00,2025-06-13 00:13:00,Delivered
O1007749,BlueDart,2025-08-23 19:57:00,2025-08-24 21:57:00,2025-08-24 21:57:00,Delivered
O1007750,DHL,2025-09-08 13:02:00,2025-09-11 00:02:00,2025-09-12 00:02:00,Delayed
O1007751,Delhivery,2025-01-17 09:36:00,2025-01-19 02:36:00,2025-01-20 02:36:00,Delayed
O1007752,DHL,2025-02-21 09:14:00,2025-02-23 10:14:00,2025-02-23 10:14:00,Delivered
O1007753,DHL,2025-05-05 23:16:00,2025-05-08 05:16:00,2025-05-08 05:16:00,Delivered
O1007754,BlueDart,2025-06-09 17:51:00,2025-06-12 10:51:00,2025-06-12 22:51:00,Delayed
O1007755,Delhivery,2025-12-30 19:52:00,2025-12-31 21:52:00,2025-12-31 21:52:00,Delivered
O1007756,DHL,2025-11-23 07:24:00,2025-11-24 16:24:00,2025-11-25 04:24:00,Delayed
O1007757,BlueDart,2025-08-26 19:14:00,2025-08-29 20:14:00,2025-08-29 20:14:00,Delivered
O1007758,Delhivery,2025-01-14 16:09:00,2025-01-15 22:09:00,2025-01-16 22:09:00,Delayed
O1007759,Delhivery,2025-02-06 18:48:00,2025-02-08 11:48:00,2025-02-08 17:48:00,Delayed
O1007760,DHL,2025-06-17 02:40:00,2025-06-20 12:40:00,2025-06-20 12:40:00,Delivered
O1007761,BlueDart,2025-08-04 08:12:00,2025-08-05 23:12:00,2025-08-06 11:12:00,Delayed
O1007762,Delhivery,2025-08-31 12:12:00,2025-09-01 21:12:00,2025-09-01 21:12:00,Delivered
O1007763,BlueDart,2025-02-22 03:15:00,2025-02-24 13:15:00,2025-02-24 13:15:00,Delivered
O1007764,Delhivery,2025-11-22 01:57:00,2025-11-24 07:57:00,2025-11-24 07:57:00,Delivered
O1007765,BlueDart,2025-06-30 23:27:00,2025-07-02 08:27:00,2025-07-02 08:27:00,Delivered
O1007766,BlueDart,2025-08-06 09:39:00,2025-08-08 14:39:00,2025-08-08 20:39:00,Delayed
O1007767,DHL,2025-01-15 17:58:00,2025-01-19 06:58:00,2025-01-19 06:58:00,Delivered
O1007768,DHL,2025-10-29 05:07:00,2025-11-02 03:07:00,2025-11-02 03:07:00,Delivered
O1007769,Delhivery,2025-07-19 05:39:00,2025-07-20 09:39:00,2025-07-20 09:39:00,Delivered
O1007770,Delhivery,2025-03-24 08:11:00,2025-03-27 10:11:00,2025-03-27 10:11:00,Delivered
O1007771,EcomExpress,2025-04-27 21:35:00,2025-04-30 22:35:00,2025-04-30 22:35:00,Delivered
O1007772,DHL,2025-05-10 03:02:00,2025-05-13 10:02:00,2025-05-13 16:02:00,Delayed
O1007773,DHL,2025-01-11 17:08:00,2025-01-15 00:08:00,2025-01-15 00:08:00,Delivered
O1007774,Delhivery,2025-12-11 12:03:00,2025-12-14 12:03:00,2025-12-15 12:03:00,Delayed
O1007775,EcomExpress,2025-10-22 01:26:00,2025-10-25 15:26:00,2025-10-25 21:26:00,Delayed
O1007777,Delhivery,2025-05-11 09:05:00,2025-05-13 04:05:00,2025-05-13 04:05:00,Delivered
O1007778,Delhivery,2025-07-23 22:12:00,2025-07-25 07:12:00,2025-07-25 07:12:00,Delivered
O1007779,EcomExpress,2025-06-18 13:11:00,2025-06-20 15:11:00,2025-06-20 15:11:00,Delivered
O1007780,BlueDart,2025-06-24 09:52:00,2025-06-25 23:52:00,2025-06-25 23:52:00,Delivered
O1007781,EcomExpress,2025-08-04 02:46:00,2025-08-05 15:46:00,2025-08-05 15:46:00,Delivered
O1007782,Delhivery,2025-06-14 14:41:00,2025-06-15 17:41:00,2025-06-15 17:41:00,Delivered
O1007783,DHL,2025-10-11 15:01:00,2025-10-14 06:01:00,2025-10-14 06:01:00,Delivered
O1007784,BlueDart,2025-01-23 00:31:00,2025-01-26 11:31:00,2025-01-26 11:31:00,Delivered
O1007785,Delhivery,2025-03-12 22:06:00,2025-03-14 03:06:00,2025-03-14 03:06:00,Delivered
O1007786,DHL,2025-11-23 09:50:00,2025-11-26 08:50:00,2025-11-26 08:50:00,Delivered
O1007787,BlueDart,2025-11-20 07:08:00,2025-11-24 00:08:00,2025-11-24 00:08:00,Delivered
O1007788,EcomExpress,2025-10-27 00:39:00,2025-10-29 10:39:00,2025-10-29 10:39:00,Delivered
O1007789,EcomExpress,2025-05-16 16:47:00,2025-05-18 06:47:00,2025-05-18 12:47:00,Delayed
O1007790,DHL,2025-06-16 23:02:00,2025-06-19 23:02:00,2025-06-20 05:02:00,Delayed
O1007791,EcomExpress,2025-01-11 03:18:00,2025-01-12 18:18:00,2025-01-13 00:18:00,Delayed
O1007792,DHL,2025-04-13 09:11:00,2025-04-14 18:11:00,2025-04-15 06:11:00,Delayed
O1007793,BlueDart,2025-09-24 03:14:00,2025-09-26 13:14:00,2025-09-26 13:14:00,Delivered
O1007794,DHL,2025-05-06 22:30:00,2025-05-07 23:30:00,2025-05-08 23:30:00,Delayed
O1007795,BlueDart,2025-06-26 02:15:00,2025-06-28 01:15:00,2025-06-28 01:15:00,Delivered
O1007796,EcomExpress,2025-02-15 02:34:00,2025-02-18 10:34:00,2025-02-18 16:34:00,Delayed
O1007797,DHL,2025-07-02 09:56:00,2025-07-03 20:56:00,2025-07-03 20:56:00,Delivered
O1007798,EcomExpress,2025-09-21 20:04:00,2025-09-24 09:04:00,2025-09-24 09:04:00,Delivered
O1007799,DHL,2025-07-29 04:49:00,2025-08-02 02:49:00,2025-08-03 02:49:00,Delayed
O1007801,Delhivery,2025-11-30 22:13:00,2025-12-02 13:13:00,2025-12-02 13:13:00,Delivered
O1007802,DHL,2025-03-27 14:52:00,2025-03-29 10:52:00,2025-03-29 10:52:00,Delivered
O1007803,DHL,2025-04-21 01:49:00,2025-04-24 03:49:00,2025-04-24 03:49:00,Delivered
O1007804,Delhivery,2025-08-16 13:27:00,2025-08-19 18:27:00,2025-08-19 18:27:00,Delivered
O1007805,EcomExpress,2025-06-25 18:56:00,2025-06-28 05:56:00,2025-06-30 05:56:00,Delayed
O1007806,EcomExpress,2025-12-25 05:48:00,2025-12-28 09:48:00,2025-12-28 09:48:00,Delivered
O1007807,DHL,2025-01-22 22:38:00,2025-01-25 19:38:00,2025-01-25 19:38:00,Delivered
O1007808,BlueDart,2025-02-15 03:57:00,2025-02-16 20:57:00,2025-02-16 20:57:00,Delivered
O1007809,DHL,2025-05-06 06:59:00,2025-05-09 17:59:00,2025-05-09 17:59:00,Delivered
O1007810,EcomExpress,2025-06-18 08:32:00,2025-06-20 03:32:00,2025-06-20 03:32:00,Delivered
O1007811,DHL,2025-11-23 03:40:00,2025-11-26 03:40:00,2025-11-26 03:40:00,Delivered
O1007812,EcomExpress,2025-07-01 08:58:00,2025-07-03 22:58:00,2025-07-03 22:58:00,Delivered
O1007813,Delhivery,2025-06-09 20:47:00,2025-06-12 10:47:00,2025-06-12 10:47:00,Delivered
O1007814,DHL,2025-03-03 09:26:00,2025-03-06 22:26:00,2025-03-06 22:26:00,Delivered
O1007816,EcomExpress,2025-07-15 08:27:00,2025-07-19 01:27:00,2025-07-20 01:27:00,Delayed
O1007817,DHL,2025-08-02 16:05:00,2025-08-05 21:05:00,2025-08-05 21:05:00,Delivered
O1007818,BlueDart,2025-08-11 00:39:00,2025-08-13 19:39:00,2025-08-13 19:39:00,Delivered
O1007819,BlueDart,2025-06-07 10:18:00,2025-06-09 07:18:00,2025-06-09 07:18:00,Delivered
O1007820,Delhivery,2025-02-28 00:26:00,2025-03-03 03:26:00,2025-03-03 03:26:00,Delivered
O1007821,BlueDart,2025-02-26 10:44:00,2025-02-27 13:44:00,2025-02-27 13:44:00,Delivered
O1007822,EcomExpress,2025-02-27 05:45:00,2025-02-28 12:45:00,2025-03-01 12:45:00,Delayed
O1007823,BlueDart,2025-08-14 20:42:00,2025-08-17 15:42:00,2025-08-17 15:42:00,Delivered
O1007824,EcomExpress,2025-11-10 18:15:00,2025-11-12 13:15:00,2025-11-12 13:15:00,Delivered
O1007825,Delhivery,2025-11-20 04:17:00,2025-11-22 14:17:00,2025-11-22 14:17:00,Delivered
O1007826,DHL,2025-04-25 14:13:00,2025-04-29 09:13:00,2025-04-29 15:13:00,Delayed
O1007827,Delhivery,2025-01-30 12:41:00,2025-02-01 12:41:00,2025-02-01 12:41:00,Delivered
O1007828,DHL,2025-08-20 10:01:00,2025-08-22 16:01:00,2025-08-23 16:01:00,Delayed
O1007829,DHL,2025-01-16 06:41:00,2025-01-19 04:41:00,2025-01-19 04:41:00,Delivered
O1007830,DHL,2025-08-17 23:22:00,2025-08-21 04:22:00,2025-08-21 04:22:00,Delivered
O1007832,DHL,2025-11-04 07:10:00,2025-11-08 03:10:00,2025-11-09 03:10:00,Delayed
O1007833,Delhivery,2025-08-18 06:17:00,2025-08-20 04:17:00,2025-08-20 04:17:00,Delivered
O1007835,Delhivery,2025-05-30 04:19:00,2025-06-02 21:19:00,2025-06-02 21:19:00,Delivered
O1007836,DHL,2025-11-04 00:01:00,2025-11-05 15:01:00,2025-11-05 15:01:00,Delivered
O1007837,BlueDart,2025-07-11 16:17:00,2025-07-14 15:17:00,2025-07-15 03:17:00,Delayed
O1007838,Delhivery,2025-08-18 19:25:00,2025-08-20 00:25:00,2025-08-20 00:25:00,Delivered
O1007839,Delhivery,2025-05-13 14:49:00,2025-05-17 11:49:00,2025-05-17 23:49:00,Delayed
O1007840,DHL,2025-06-15 09:27:00,2025-06-18 17:27:00,2025-06-18 23:27:00,Delayed
O1007842,Delhivery,2025-05-25 07:34:00,2025-05-27 11:34:00,2025-05-27 23:34:00,Delayed
O1007843,EcomExpress,2025-01-08 22:38:00,2025-01-12 14:38:00,2025-01-13 14:38:00,Delayed
O1007844,DHL,2025-05-20 07:29:00,2025-05-21 14:29:00,2025-05-22 02:29:00,Delayed
O1007845,Delhivery,2025-05-24 16:40:00,2025-05-26 18:40:00,2025-05-26 18:40:00,Delivered
O1007846,Delhivery,2025-06-03 02:07:00,2025-06-05 10:07:00,2025-06-06 10:07:00,Delayed
O1007847,BlueDart,2025-01-26 18:04:00,2025-01-29 17:04:00,2025-01-29 17:04:00,Delivered
O1007848,EcomExpress,2025-02-18 05:22:00,2025-02-21 04:22:00,2025-02-21 16:22:00,Delayed
O1007849,BlueDart,2025-04-30 04:29:00,2025-05-01 07:29:00,2025-05-01 07:29:00,Delivered
O1007850,BlueDart,2025-06-05 11:14:00,2025-06-08 20:14:00,2025-06-08 20:14:00,Delivered
O1007851,EcomExpress,2025-01-12 15:25:00,2025-01-14 01:25:00,2025-01-14 07:25:00,Delayed
O1007852,BlueDart,2025-05-23 17:02:00,2025-05-27 12:02:00,2025-05-27 18:02:00,Delayed
O1007853,Delhivery,2025-04-27 23:25:00,2025-04-30 04:25:00,2025-05-01 04:25:00,Delayed
O1007854,BlueDart,2025-01-14 14:21:00,2025-01-17 03:21:00,2025-01-17 03:21:00,Delivered
O1007855,Delhivery,2025-04-02 18:09:00,2025-04-04 22:09:00,2025-04-05 04:09:00,Delayed
O1007856,EcomExpress,2025-04-12 11:07:00,2025-04-14 13:07:00,2025-04-14 13:07:00,Delivered
O1007857,Delhivery,2025-02-22 19:32:00,2025-02-25 03:32:00,2025-02-25 03:32:00,Delivered
O1007859,BlueDart,2025-01-28 04:16:00,2025-01-30 00:16:00,2025-01-30 00:16:00,Delivered
O1007860,DHL,2025-07-30 15:53:00,2025-08-03 08:53:00,2025-08-03 08:53:00,Delivered
O1007861,BlueDart,2025-09-01 03:09:00,2025-09-03 22:09:00,2025-09-04 10:09:00,Delayed
O1007862,DHL,2025-10-23 12:51:00,2025-10-25 20:51:00,2025-10-25 20:51:00,Delivered
O1007863,BlueDart,2025-07-20 08:17:00,2025-07-23 09:17:00,2025-07-23 15:17:00,Delayed
O1007864,DHL,2025-07-18 22:48:00,2025-07-20 02:48:00,2025-07-21 02:48:00,Delayed
O1007865,DHL,2025-10-05 23:17:00,2025-10-08 20:17:00,2025-10-09 02:17:00,Delayed
O1007866,BlueDart,2025-11-08 15:52:00,2025-11-10 03:52:00,2025-11-10 09:52:00,Delayed
O1007867,BlueDart,2025-03-19 16:16:00,2025-03-21 06:16:00,2025-03-21 18:16:00,Delayed
O1007868,EcomExpress,2025-10-19 06:08:00,2025-10-22 05:08:00,2025-10-22 05:08:00,Delivered
O1007869,EcomExpress,2025-06-19 04:52:00,2025-06-21 12:52:00,2025-06-21 12:52:00,Delivered
O1007870,Delhivery,2025-02-06 06:55:00,2025-02-07 18:55:00,2025-02-09 18:55:00,Delayed
O1007871,EcomExpress,2025-08-12 17:14:00,2025-08-13 22:14:00,2025-08-13 22:14:00,Delivered
O1007872,EcomExpress,2025-12-24 10:58:00,2025-12-27 05:58:00,2025-12-27 05:58:00,Delivered
O1007873,DHL,2025-02-22 03:31:00,2025-02-24 16:31:00,2025-02-24 16:31:00,Delivered
O1007874,Delhivery,2025-01-07 03:27:00,2025-01-08 20:27:00,2025-01-08 20:27:00,Delivered
O1007875,BlueDart,2025-12-02 12:26:00,2025-12-04 03:26:00,2025-12-04 15:26:00,Delayed
O1007876,BlueDart,2025-08-07 16:26:00,2025-08-10 21:26:00,2025-08-11 21:26:00,Delayed
O1007877,EcomExpress,2025-03-21 21:57:00,2025-03-25 13:57:00,2025-03-26 01:57:00,Delayed
O1007878,BlueDart,2025-10-18 12:55:00,2025-10-22 07:55:00,2025-10-22 19:55:00,Delayed
O1007879,Delhivery,2025-05-25 01:01:00,2025-05-28 11:01:00,2025-05-29 11:01:00,Delayed
O1007880,DHL,2025-05-02 11:46:00,2025-05-04 04:46:00,2025-05-04 04:46:00,Delivered
O1007881,EcomExpress,2025-04-16 17:24:00,2025-04-19 21:24:00,2025-04-19 21:24:00,Delivered
O1007882,Delhivery,2025-08-07 16:57:00,2025-08-09 19:57:00,2025-08-09 19:57:00,Delivered
O1007884,EcomExpress,2025-05-14 14:22:00,2025-05-15 22:22:00,2025-05-16 22:22:00,Delayed
O1007885,EcomExpress,2025-04-23 05:24:00,2025-04-24 17:24:00,2025-04-24 17:24:00,Delivered
O1007886,BlueDart,2025-01-23 21:00:00,2025-01-26 05:00:00,2025-01-26 17:00:00,Delayed
O1007887,DHL,2025-10-07 01:22:00,2025-10-08 21:22:00,2025-10-09 21:22:00,Delayed
O1007888,BlueDart,2025-01-04 22:37:00,2025-01-06 10:37:00,2025-01-06 10:37:00,Delivered
O1007889,Delhivery,2025-12-18 08:43:00,2025-12-21 15:43:00,2025-12-21 15:43:00,Delivered
O1007890,BlueDart,2025-02-04 22:14:00,2025-02-06 01:14:00,2025-02-06 01:14:00,Delivered
O1007891,Delhivery,2025-05-11 13:31:00,2025-05-15 09:31:00,2025-05-15 09:31:00,Delivered
O1007893,DHL,2025-05-14 17:25:00,2025-05-16 21:25:00,2025-05-16 21:25:00,Delivered
O1007894,BlueDart,2025-08-11 16:36:00,2025-08-13 15:36:00,2025-08-13 15:36:00,Delivered
O1007895,EcomExpress,2025-02-01 23:31:00,2025-02-03 21:31:00,2025-02-04 03:31:00,Delayed
O1007896,DHL,2025-07-11 22:03:00,2025-07-14 22:03:00,2025-07-15 04:03:00,Delayed
O1007897,DHL,2025-10-09 18:56:00,2025-10-13 12:56:00,2025-10-14 12:56:00,Delayed
O1007898,Delhivery,2025-06-17 02:56:00,2025-06-18 21:56:00,2025-06-19 03:56:00,Delayed
O1007899,BlueDart,2025-02-11 23:46:00,2025-02-15 17:46:00,2025-02-16 05:46:00,Delayed
O1007900,Delhivery,2025-09-11 00:53:00,2025-09-14 17:53:00,2025-09-14 17:53:00,Delivered
O1007901,BlueDart,2025-03-10 23:53:00,2025-03-14 18:53:00,2025-03-14 18:53:00,Delivered
O1007902,Delhivery,2025-01-08 00:27:00,2025-01-10 20:27:00,2025-01-10 20:27:00,Delivered
O1007903,Delhivery,2025-06-10 02:11:00,2025-06-11 03:11:00,2025-06-11 15:11:00,Delayed
O1007904,Delhivery,2025-04-10 06:19:00,2025-04-12 04:19:00,2025-04-12 04:19:00,Delivered
O1007905,Delhivery,2025-01-12 14:36:00,2025-01-15 03:36:00,2025-01-15 15:36:00,Delayed
O1007906,Delhivery,2025-10-12 14:15:00,2025-10-15 23:15:00,2025-10-15 23:15:00,Delivered
O1007907,DHL,2025-08-07 16:19:00,2025-08-08 17:19:00,2025-08-08 17:19:00,Delivered
O1007908,BlueDart,2025-11-29 16:49:00,2025-12-02 09:49:00,2025-12-02 09:49:00,Delivered
O1007909,EcomExpress,2025-06-26 08:12:00,2025-06-29 03:12:00,2025-06-29 09:12:00,Delayed
O1007910,Delhivery,2025-06-09 15:28:00,2025-06-10 17:28:00,2025-06-10 17:28:00,Delivered
O1007911,Delhivery,2025-11-05 00:33:00,2025-11-07 12:33:00,2025-11-07 12:33:00,Delivered
O1007912,EcomExpress,2025-01-31 05:21:00,2025-02-02 11:21:00,2025-02-02 11:21:00,Delivered
O1007913,Delhivery,2025-05-14 07:48:00,2025-05-16 13:48:00,2025-05-16 13:48:00,Delivered
O1007914,Delhivery,2025-10-19 18:23:00,2025-10-22 23:23:00,2025-10-22 23:23:00,Delivered
O1007915,Delhivery,2025-04-17 15:20:00,2025-04-18 18:20:00,2025-04-19 18:20:00,Delayed
O1007916,DHL,2025-11-21 01:47:00,2025-11-24 07:47:00,2025-11-24 07:47:00,Delivered
O1007917,Delhivery,2025-04-15 05:08:00,2025-04-16 12:08:00,2025-04-16 12:08:00,Delivered
O1007918,Delhivery,2025-06-01 17:51:00,2025-06-04 20:51:00,2025-06-05 08:51:00,Delayed
O1007919,Delhivery,2025-11-25 15:24:00,2025-11-27 13:24:00,2025-11-27 13:24:00,Delivered
O1007920,EcomExpress,2025-03-31 03:07:00,2025-04-02 16:07:00,2025-04-02 16:07:00,Delivered
O1007921,EcomExpress,2025-12-21 06:20:00,2025-12-22 23:20:00,2025-12-22 23:20:00,Delivered
O1007922,DHL,2025-01-18 10:53:00,2025-01-22 08:53:00,2025-01-23 08:53:00,Delayed
O1007923,DHL,2025-04-08 23:11:00,2025-04-10 11:11:00,2025-04-11 11:11:00,Delayed
O1007924,Delhivery,2025-08-05 18:53:00,2025-08-07 23:53:00,2025-08-07 23:53:00,Delivered
O1007925,BlueDart,2025-08-06 11:13:00,2025-08-10 00:13:00,2025-08-12 00:13:00,Delayed
O1007926,EcomExpress,2025-11-30 02:18:00,2025-12-02 05:18:00,2025-12-02 05:18:00,Delivered
O1007927,EcomExpress,2025-12-17 17:57:00,2025-12-18 19:57:00,2025-12-18 19:57:00,Delivered
O1007928,DHL,2025-09-06 13:35:00,2025-09-08 03:35:00,2025-09-08 09:35:00,Delayed
O1007929,BlueDart,2025-08-30 05:05:00,2025-08-31 20:05:00,2025-09-01 20:05:00,Delayed
O1007930,EcomExpress,2025-04-27 09:24:00,2025-04-28 14:24:00,2025-04-28 14:24:00,Delivered
O1007931,DHL,2025-10-23 01:32:00,2025-10-26 19:32:00,2025-10-26 19:32:00,Delivered
O1007932,Delhivery,2025-08-24 07:31:00,2025-08-27 18:31:00,2025-08-27 18:31:00,Delivered
O1007933,Delhivery,2025-01-09 15:48:00,2025-01-13 05:48:00,2025-01-13 05:48:00,Delivered
O1007934,DHL,2025-11-01 14:19:00,2025-11-04 05:19:00,2025-11-04 05:19:00,Delivered
O1007935,Delhivery,2025-05-13 14:25:00,2025-05-15 15:25:00,2025-05-15 15:25:00,Delivered
O1007936,EcomExpress,2025-06-24 11:14:00,2025-06-28 00:14:00,2025-06-28 00:14:00,Delivered
O1007937,DHL,2025-06-28 07:34:00,2025-07-01 16:34:00,2025-07-01 16:34:00,Delivered
O1007938,Delhivery,2025-10-27 19:43:00,2025-10-30 23:43:00,2025-10-31 11:43:00,Delayed
O1007939,EcomExpress,2025-04-08 19:15:00,2025-04-10 05:15:00,2025-04-10 05:15:00,Delivered
O1007940,DHL,2025-05-25 05:36:00,2025-05-28 17:36:00,2025-05-28 17:36:00,Delivered
O1007941,EcomExpress,2025-01-16 06:27:00,2025-01-19 04:27:00,2025-01-19 04:27:00,Delivered
O1007942,BlueDart,2025-05-09 07:02:00,2025-05-12 09:02:00,2025-05-12 09:02:00,Delivered
O1007943,DHL,2025-02-03 16:46:00,2025-02-07 07:46:00,2025-02-08 07:46:00,Delayed
O1007944,EcomExpress,2025-08-02 02:09:00,2025-08-03 21:09:00,2025-08-03 21:09:00,Delivered
O1007945,DHL,2025-11-24 04:18:00,2025-11-26 13:18:00,2025-11-26 13:18:00,Delivered
O1007946,Delhivery,2025-06-19 21:34:00,2025-06-21 21:34:00,2025-06-22 21:34:00,Delayed
O1007947,EcomExpress,2025-11-30 10:36:00,2025-12-01 22:36:00,2025-12-02 04:36:00,Delayed
O1007948,BlueDart,2025-12-23 14:56:00,2025-12-26 02:56:00,2025-12-26 02:56:00,Delivered
O1007949,Delhivery,2025-01-21 00:44:00,2025-01-23 17:44:00,2025-01-23 17:44:00,Delivered
O1007950,DHL,2025-07-08 16:27:00,2025-07-10 11:27:00,2025-07-10 11:27:00,Delivered
O1007951,DHL,2025-07-13 00:57:00,2025-07-16 05:57:00,2025-07-18 05:57:00,Delayed
O1007952,DHL,2025-05-21 15:13:00,2025-05-23 12:13:00,2025-05-23 18:13:00,Delayed
O1007953,DHL,2025-11-01 00:35:00,2025-11-04 14:35:00,2025-11-05 02:35:00,Delayed
O1007954,DHL,2025-05-26 01:14:00,2025-05-29 06:14:00,2025-05-29 06:14:00,Delivered
O1007955,BlueDart,2025-01-21 19:44:00,2025-01-23 22:44:00,2025-01-23 22:44:00,Delivered
O1007956,EcomExpress,2025-07-19 12:41:00,2025-07-22 16:41:00,2025-07-22 16:41:00,Delivered
O1007957,EcomExpress,2025-03-16 14:20:00,2025-03-18 10:20:00,2025-03-18 22:20:00,Delayed
O1007958,DHL,2025-05-10 16:47:00,2025-05-13 10:47:00,2025-05-13 10:47:00,Delivered
O1007959,EcomExpress,2025-07-04 06:31:00,2025-07-07 07:31:00,2025-07-07 07:31:00,Delivered
O1007960,EcomExpress,2025-09-22 08:40:00,2025-09-23 22:40:00,2025-09-24 04:40:00,Delayed
O1007961,BlueDart,2025-04-13 02:15:00,2025-04-14 19:15:00,2025-04-16 19:15:00,Delayed
O1007962,Delhivery,2025-05-20 00:00:00,2025-05-21 09:00:00,2025-05-21 09:00:00,Delivered
O1007963,Delhivery,2025-01-26 09:52:00,2025-01-28 02:52:00,2025-01-28 02:52:00,Delivered
O1007964,Delhivery,2025-05-22 11:41:00,2025-05-25 13:41:00,2025-05-25 13:41:00,Delivered
O1007965,DHL,2025-08-01 05:13:00,2025-08-02 18:13:00,2025-08-02 18:13:00,Delivered
O1007966,BlueDart,2025-08-14 19:39:00,2025-08-18 10:39:00,2025-08-18 10:39:00,Delivered
O1007967,BlueDart,2025-04-19 00:32:00,2025-04-21 02:32:00,2025-04-23 02:32:00,Delayed
O1007968,DHL,2025-01-24 03:08:00,2025-01-26 00:08:00,2025-01-26 00:08:00,Delivered
O1007969,DHL,2025-07-31 10:43:00,2025-08-02 17:43:00,2025-08-02 17:43:00,Delivered
O1007970,DHL,2025-08-29 06:46:00,2025-09-01 03:46:00,2025-09-03 03:46:00,Delayed
O1007971,Delhivery,2025-02-01 23:41:00,2025-02-05 03:41:00,2025-02-05 09:41:00,Delayed
O1007972,Delhivery,2025-07-05 16:42:00,2025-07-08 16:42:00,2025-07-08 16:42:00,Delivered
O1007973,BlueDart,2025-02-05 09:53:00,2025-02-06 16:53:00,2025-02-06 16:53:00,Delivered
O1007974,Delhivery,2025-06-16 01:27:00,2025-06-19 15:27:00,2025-06-19 15:27:00,Delivered
O1007975,Delhivery,2025-08-22 13:42:00,2025-08-24 19:42:00,2025-08-24 19:42:00,Delivered
O1007976,Delhivery,2025-09-21 11:06:00,2025-09-25 00:06:00,2025-09-25 12:06:00,Delayed
O1007977,BlueDart,2025-09-18 18:31:00,2025-09-21 17:31:00,2025-09-21 17:31:00,Delivered
O1007978,DHL,2025-10-04 12:15:00,2025-10-05 17:15:00,2025-10-05 17:15:00,Delivered
O1007979,Delhivery,2025-03-31 03:47:00,2025-04-02 18:47:00,2025-04-02 18:47:00,Delivered
O1007980,Delhivery,2025-11-05 22:28:00,2025-11-09 09:28:00,2025-11-10 09:28:00,Delayed
O1007981,EcomExpress,2025-05-09 12:15:00,2025-05-12 20:15:00,2025-05-12 20:15:00,Delivered
O1007982,EcomExpress,2025-05-18 13:36:00,2025-05-21 17:36:00,2025-05-21 17:36:00,Delivered
O1007983,EcomExpress,2025-10-15 22:58:00,2025-10-19 14:58:00,2025-10-20 14:58:00,Delayed
O1007984,BlueDart,2025-05-01 08:09:00,2025-05-04 00:09:00,2025-05-04 00:09:00,Delivered
O1007985,EcomExpress,2025-01-28 17:12:00,2025-01-30 08:12:00,2025-01-31 08:12:00,Delayed
O1007986,EcomExpress,2025-09-18 20:42:00,2025-09-19 20:42:00,2025-09-20 02:42:00,Delayed
O1007987,EcomExpress,2025-08-30 23:15:00,2025-09-03 16:15:00,2025-09-03 16:15:00,Delivered
O1007988,Delhivery,2025-08-01 18:18:00,2025-08-04 16:18:00,2025-08-06 16:18:00,Delayed
O1007989,Delhivery,2025-02-22 23:23:00,2025-02-26 14:23:00,2025-02-27 02:23:00,Delayed
O1007990,Delhivery,2025-08-20 05:42:00,2025-08-23 14:42:00,2025-08-23 14:42:00,Delivered
O1007991,BlueDart,2025-03-14 20:08:00,2025-03-16 22:08:00,2025-03-17 10:08:00,Delayed
O1007992,Delhivery,2025-07-23 02:24:00,2025-07-24 14:24:00,2025-07-24 14:24:00,Delivered
O1007993,BlueDart,2025-07-06 01:50:00,2025-07-09 11:50:00,2025-07-10 11:50:00,Delayed
O1007994,DHL,2025-10-10 22:46:00,2025-10-14 11:46:00,2025-10-14 11:46:00,Delivered
O1007995,DHL,2025-12-24 08:14:00,2025-12-26 21:14:00,2025-12-27 09:14:00,Delayed
O1007996,Delhivery,2025-03-11 13:35:00,2025-03-13 06:35:00,2025-03-13 18:35:00,Delayed
O1007997,EcomExpress,2025-02-12 07:44:00,2025-02-15 17:44:00,2025-02-16 05:44:00,Delayed
O1007998,Delhivery,2025-07-22 15:45:00,2025-07-26 03:45:00,2025-07-26 03:45:00,Delivered
O1007999,Delhivery,2025-12-14 12:27:00,2025-12-17 17:27:00,2025-12-17 23:27:00,Delayed
O1008000,BlueDart,2025-02-28 07:57:00,2025-03-02 20:57:00,2025-03-03 20:57:00,Delayed
O1008001,EcomExpress,2025-06-28 08:11:00,2025-07-02 05:11:00,2025-07-03 05:11:00,Delayed
O1008002,DHL,2025-05-30 00:41:00,2025-06-02 20:41:00,2025-06-03 08:41:00,Delayed
O1008003,Delhivery,2025-04-27 19:37:00,2025-04-29 10:37:00,2025-04-29 10:37:00,Delivered
O1008004,EcomExpress,2025-09-01 04:29:00,2025-09-03 02:29:00,2025-09-04 02:29:00,Delayed
O1008005,EcomExpress,2025-04-19 11:04:00,2025-04-22 15:04:00,2025-04-22 15:04:00,Delivered
O1008006,EcomExpress,2025-06-29 13:03:00,2025-07-01 00:03:00,2025-07-01 12:03:00,Delayed
O1008007,Delhivery,2025-11-06 09:39:00,2025-11-07 10:39:00,2025-11-07 10:39:00,Delivered
O1008008,BlueDart,2025-05-20 12:44:00,2025-05-23 01:44:00,2025-05-24 01:44:00,Delayed
O1008009,EcomExpress,2025-01-09 05:05:00,2025-01-12 23:05:00,2025-01-12 23:05:00,Delivered
O1008010,Delhivery,2025-11-21 01:12:00,2025-11-24 16:12:00,2025-11-24 16:12:00,Delivered
O1008011,EcomExpress,2025-04-11 20:07:00,2025-04-13 10:07:00,2025-04-13 22:07:00,Delayed
O1008012,BlueDart,2025-10-10 17:18:00,2025-10-12 09:18:00,2025-10-12 09:18:00,Delivered
O1008013,DHL,2025-10-06 11:36:00,2025-10-08 13:36:00,2025-10-08 13:36:00,Delivered
O1008014,DHL,2025-07-13 05:23:00,2025-07-16 23:23:00,2025-07-17 11:23:00,Delayed
O1008015,BlueDart,2025-02-03 10:25:00,2025-02-06 22:25:00,2025-02-06 22:25:00,Delivered
O1008016,BlueDart,2025-12-13 23:56:00,2025-12-17 16:56:00,2025-12-17 16:56:00,Delivered
O1008017,EcomExpress,2025-09-07 11:50:00,2025-09-09 21:50:00,2025-09-10 09:50:00,Delayed
O1008018,Delhivery,2025-06-04 16:03:00,2025-06-05 21:03:00,2025-06-06 21:03:00,Delayed
O1008019,BlueDart,2025-11-08 23:03:00,2025-11-11 22:03:00,2025-11-11 22:03:00,Delivered
O1008020,EcomExpress,2025-10-16 01:08:00,2025-10-19 17:08:00,2025-10-19 17:08:00,Delivered
O1008021,BlueDart,2025-10-06 06:07:00,2025-10-08 08:07:00,2025-10-08 08:07:00,Delivered
O1008022,Delhivery,2025-03-04 07:09:00,2025-03-06 00:09:00,2025-03-08 00:09:00,Delayed
O1008023,EcomExpress,2025-08-19 11:47:00,2025-08-22 02:47:00,2025-08-22 02:47:00,Delivered
O1008024,BlueDart,2025-04-15 19:49:00,2025-04-17 12:49:00,2025-04-17 12:49:00,Delivered
O1008025,Delhivery,2025-01-30 10:12:00,2025-02-02 22:12:00,2025-02-03 22:12:00,Delayed
O1008026,EcomExpress,2025-05-05 02:11:00,2025-05-07 06:11:00,2025-05-07 12:11:00,Delayed
O1008027,DHL,2025-02-08 02:36:00,2025-02-11 18:36:00,2025-02-12 00:36:00,Delayed
O1008028,EcomExpress,2025-02-08 17:18:00,2025-02-11 12:18:00,2025-02-11 12:18:00,Delivered
O1008029,DHL,2025-09-24 02:23:00,2025-09-26 10:23:00,2025-09-26 10:23:00,Delivered
O1008030,DHL,2025-07-04 02:20:00,2025-07-06 10:20:00,2025-07-06 10:20:00,Delivered
O1008032,DHL,2025-03-13 07:36:00,2025-03-16 10:36:00,2025-03-16 10:36:00,Delivered
O1008033,BlueDart,2025-10-09 16:14:00,2025-10-11 09:14:00,2025-10-11 09:14:00,Delivered
O1008034,DHL,2025-08-21 04:34:00,2025-08-23 13:34:00,2025-08-23 13:34:00,Delivered
O1008035,EcomExpress,2025-08-03 00:54:00,2025-08-06 14:54:00,2025-08-07 14:54:00,Delayed
O1008036,DHL,2025-03-12 05:26:00,2025-03-16 00:26:00,2025-03-16 06:26:00,Delayed
O1008037,Delhivery,2025-02-16 02:46:00,2025-02-17 05:46:00,2025-02-17 17:46:00,Delayed
O1008038,Delhivery,2025-02-15 13:12:00,2025-02-18 17:12:00,2025-02-19 05:12:00,Delayed
O1008039,DHL,2025-01-10 22:20:00,2025-01-14 10:20:00,2025-01-14 10:20:00,Delivered
O1008040,EcomExpress,2025-12-21 11:47:00,2025-12-23 18:47:00,2025-12-23 18:47:00,Delivered
O1008041,EcomExpress,2025-05-16 02:39:00,2025-05-17 18:39:00,2025-05-17 18:39:00,Delivered
O1008042,EcomExpress,2025-08-29 18:17:00,2025-09-01 05:17:00,2025-09-01 05:17:00,Delivered
O1008043,EcomExpress,2025-12-26 01:48:00,2025-12-29 17:48:00,2025-12-29 17:48:00,Delivered
O1008044,DHL,2025-12-09 14:13:00,2025-12-11 03:13:00,2025-12-11 03:13:00,Delivered
O1008045,DHL,2025-04-28 23:22:00,2025-04-30 21:22:00,2025-04-30 21:22:00,Delivered
O1008046,EcomExpress,2025-06-28 22:08:00,2025-07-02 17:08:00,2025-07-04 17:08:00,Delayed
O1008047,DHL,2025-06-20 08:50:00,2025-06-23 07:50:00,2025-06-23 07:50:00,Delivered
O1008048,BlueDart,2025-01-14 12:02:00,2025-01-16 06:02:00,2025-01-16 06:02:00,Delivered
O1008049,DHL,2025-10-09 10:36:00,2025-10-12 10:36:00,2025-10-12 10:36:00,Delivered
O1008050,BlueDart,2025-07-30 01:25:00,2025-07-31 14:25:00,2025-07-31 14:25:00,Delivered
O1008051,EcomExpress,2025-05-17 15:13:00,2025-05-20 18:13:00,2025-05-22 18:13:00,Delayed
O1008052,DHL,2025-07-24 09:33:00,2025-07-26 17:33:00,2025-07-26 17:33:00,Delivered
O1008053,EcomExpress,2025-09-27 07:05:00,2025-09-30 22:05:00,2025-10-01 10:05:00,Delayed
O1008054,Delhivery,2025-01-07 17:19:00,2025-01-10 21:19:00,2025-01-10 21:19:00,Delivered
O1008055,Delhivery,2025-08-25 02:37:00,2025-08-26 10:37:00,2025-08-26 10:37:00,Delivered
O1008056,EcomExpress,2025-11-12 17:02:00,2025-11-15 18:02:00,2025-11-15 18:02:00,Delivered
O1008057,EcomExpress,2025-09-23 23:50:00,2025-09-26 22:50:00,2025-09-26 22:50:00,Delivered
O1008058,BlueDart,2025-08-15 15:40:00,2025-08-17 09:40:00,2025-08-18 09:40:00,Delayed
O1008059,DHL,2025-02-04 05:29:00,2025-02-06 18:29:00,2025-02-06 18:29:00,Delivered
O1008060,Delhivery,2025-09-30 03:22:00,2025-10-01 22:22:00,2025-10-01 22:22:00,Delivered
O1008061,Delhivery,2025-10-02 08:04:00,2025-10-05 13:04:00,2025-10-05 13:04:00,Delivered
O1008062,EcomExpress,2025-07-01 11:49:00,2025-07-03 03:49:00,2025-07-03 03:49:00,Delivered
O1008063,DHL,2025-08-02 06:34:00,2025-08-04 11:34:00,2025-08-04 11:34:00,Delivered
O1008064,EcomExpress,2025-08-14 22:22:00,2025-08-17 17:22:00,2025-08-18 05:22:00,Delayed
O1008065,EcomExpress,2025-02-14 21:46:00,2025-02-16 00:46:00,2025-02-16 06:46:00,Delayed
O1008066,DHL,2025-04-05 04:26:00,2025-04-09 00:26:00,2025-04-09 00:26:00,Delivered
O1008067,DHL,2025-10-17 23:58:00,2025-10-19 02:58:00,2025-10-19 02:58:00,Delivered
O1008068,EcomExpress,2025-12-22 16:23:00,2025-12-26 08:23:00,2025-12-26 08:23:00,Delivered
O1008069,EcomExpress,2025-04-10 04:16:00,2025-04-13 02:16:00,2025-04-13 02:16:00,Delivered
O1008070,Delhivery,2025-05-28 01:07:00,2025-05-30 13:07:00,2025-05-30 13:07:00,Delivered
O1008071,EcomExpress,2025-12-01 20:57:00,2025-12-04 07:57:00,2025-12-04 07:57:00,Delivered
O1008072,EcomExpress,2025-03-01 14:07:00,2025-03-03 17:07:00,2025-03-03 17:07:00,Delivered
O1008073,EcomExpress,2025-04-07 08:22:00,2025-04-10 11:22:00,2025-04-12 11:22:00,Delayed
O1008074,Delhivery,2025-01-21 22:07:00,2025-01-24 02:07:00,2025-01-24 02:07:00,Delivered
O1008075,BlueDart,2025-03-28 07:48:00,2025-03-30 20:48:00,2025-03-30 20:48:00,Delivered
O1008076,DHL,2025-08-22 12:12:00,2025-08-25 22:12:00,2025-08-25 22:12:00,Delivered
O1008077,BlueDart,2025-05-09 08:33:00,2025-05-12 06:33:00,2025-05-12 06:33:00,Delivered
O1008078,DHL,2025-12-26 02:57:00,2025-12-29 00:57:00,2025-12-29 00:57:00,Delivered
O1008079,DHL,2025-11-22 16:43:00,2025-11-25 08:43:00,2025-11-25 08:43:00,Delivered
O1008080,Delhivery,2025-11-23 17:29:00,2025-11-24 19:29:00,2025-11-24 19:29:00,Delivered
O1008081,DHL,2025-09-24 03:21:00,2025-09-25 07:21:00,2025-09-25 13:21:00,Delayed
O1008082,Delhivery,2025-09-14 16:44:00,2025-09-15 21:44:00,2025-09-15 21:44:00,Delivered
O1008083,BlueDart,2025-07-06 23:35:00,2025-07-08 18:35:00,2025-07-10 18:35:00,Delayed
O1008084,EcomExpress,2025-12-29 01:54:00,2025-12-31 11:54:00,2025-12-31 11:54:00,Delivered
O1008085,Delhivery,2025-02-04 18:10:00,2025-02-06 11:10:00,2025-02-06 11:10:00,Delivered
O1008086,BlueDart,2025-09-22 09:09:00,2025-09-24 23:09:00,2025-09-24 23:09:00,Delivered
O1008088,Delhivery,2025-05-05 15:37:00,2025-05-09 06:37:00,2025-05-09 06:37:00,Delivered
O1008090,BlueDart,2025-08-08 23:53:00,2025-08-12 20:53:00,2025-08-12 20:53:00,Delivered
O1008091,DHL,2025-10-16 05:46:00,2025-10-19 04:46:00,2025-10-19 04:46:00,Delivered
O1008092,BlueDart,2025-01-31 10:33:00,2025-02-01 20:33:00,2025-02-03 20:33:00,Delayed
O1008093,BlueDart,2025-08-09 06:57:00,2025-08-12 11:57:00,2025-08-12 11:57:00,Delivered
O1008095,BlueDart,2025-01-29 12:58:00,2025-02-01 22:58:00,2025-02-01 22:58:00,Delivered
O1008096,DHL,2025-06-03 03:39:00,2025-06-06 11:39:00,2025-06-06 11:39:00,Delivered
O1008097,EcomExpress,2025-08-01 20:02:00,2025-08-05 12:02:00,2025-08-05 12:02:00,Delivered
O1008098,DHL,2025-03-16 02:21:00,2025-03-17 02:21:00,2025-03-17 02:21:00,Delivered
O1008099,DHL,2025-05-24 03:21:00,2025-05-26 06:21:00,2025-05-27 06:21:00,Delayed
O1008100,DHL,2025-12-15 21:47:00,2025-12-18 15:47:00,2025-12-18 15:47:00,Delivered
O1008101,BlueDart,2025-05-08 14:27:00,2025-05-10 01:27:00,2025-05-10 01:27:00,Delivered
O1008102,DHL,2025-12-31 01:01:00,2026-01-02 05:01:00,2026-01-02 05:01:00,Delivered
O1008103,EcomExpress,2025-11-02 06:58:00,2025-11-03 23:58:00,2025-11-03 23:58:00,Delivered
O1008104,BlueDart,2025-05-16 16:07:00,2025-05-18 07:07:00,2025-05-18 19:07:00,Delayed
O1008105,Delhivery,2025-07-31 06:11:00,2025-08-03 05:11:00,2025-08-03 11:11:00,Delayed
O1008106,DHL,2025-09-17 03:35:00,2025-09-20 02:35:00,2025-09-20 02:35:00,Delivered
O1008107,DHL,2025-06-20 11:55:00,2025-06-21 16:55:00,2025-06-22 04:55:00,Delayed
O1008108,BlueDart,2025-05-30 17:01:00,2025-06-02 18:01:00,2025-06-03 18:01:00,Delayed
O1008109,Delhivery,2025-05-01 16:45:00,2025-05-05 07:45:00,2025-05-05 07:45:00,Delivered
O1008110,BlueDart,2025-02-20 11:02:00,2025-02-21 13:02:00,2025-02-21 13:02:00,Delivered
O1008111,Delhivery,2025-01-11 10:25:00,2025-01-14 16:25:00,2025-01-14 22:25:00,Delayed
O1008112,DHL,2025-05-03 18:22:00,2025-05-06 20:22:00,2025-05-06 20:22:00,Delivered
O1008113,EcomExpress,2025-10-18 16:38:00,2025-10-22 01:38:00,2025-10-22 01:38:00,Delivered
O1008114,Delhivery,2025-03-28 03:02:00,2025-04-01 00:02:00,2025-04-01 06:02:00,Delayed
O1008115,EcomExpress,2025-03-08 16:00:00,2025-03-11 21:00:00,2025-03-11 21:00:00,Delivered
O1008116,DHL,2025-05-01 04:17:00,2025-05-03 05:17:00,2025-05-03 05:17:00,Delivered
O1008117,BlueDart,2025-08-07 18:30:00,2025-08-09 03:30:00,2025-08-09 09:30:00,Delayed
O1008119,Delhivery,2025-03-23 00:55:00,2025-03-26 17:55:00,2025-03-26 17:55:00,Delivered
O1008120,Delhivery,2025-02-12 01:55:00,2025-02-15 05:55:00,2025-02-15 05:55:00,Delivered
O1008121,EcomExpress,2025-05-03 02:48:00,2025-05-05 10:48:00,2025-05-05 10:48:00,Delivered
O1008122,DHL,2025-03-22 11:52:00,2025-03-25 06:52:00,2025-03-25 18:52:00,Delayed
O1008123,BlueDart,2025-11-01 14:24:00,2025-11-04 04:24:00,2025-11-04 04:24:00,Delivered
O1008124,Delhivery,2025-11-28 04:00:00,2025-11-29 07:00:00,2025-11-29 07:00:00,Delivered
O1008125,EcomExpress,2025-05-17 02:46:00,2025-05-18 20:46:00,2025-05-19 20:46:00,Delayed
O1008126,DHL,2025-02-02 04:44:00,2025-02-04 00:44:00,2025-02-04 00:44:00,Delivered
O1008127,EcomExpress,2025-02-02 05:27:00,2025-02-05 01:27:00,2025-02-06 01:27:00,Delayed
O1008128,EcomExpress,2025-04-29 21:50:00,2025-05-02 03:50:00,2025-05-04 03:50:00,Delayed
O1008129,DHL,2025-06-19 12:46:00,2025-06-21 18:46:00,2025-06-22 00:46:00,Delayed
O1008130,BlueDart,2025-07-13 13:07:00,2025-07-16 04:07:00,2025-07-16 16:07:00,Delayed
O1008131,EcomExpress,2025-04-23 03:01:00,2025-04-26 19:01:00,2025-04-27 07:01:00,Delayed
O1008132,EcomExpress,2025-05-11 13:39:00,2025-05-13 01:39:00,2025-05-13 01:39:00,Delivered
O1008133,Delhivery,2025-04-15 04:02:00,2025-04-16 12:02:00,2025-04-16 12:02:00,Delivered
O1008134,Delhivery,2025-07-08 23:49:00,2025-07-11 12:49:00,2025-07-11 12:49:00,Delivered
O1008135,Delhivery,2025-09-13 05:42:00,2025-09-16 18:42:00,2025-09-16 18:42:00,Delivered
O1008137,Delhivery,2025-06-25 08:32:00,2025-06-29 04:32:00,2025-06-29 04:32:00,Delivered
O1008138,BlueDart,2025-08-26 07:17:00,2025-08-28 06:17:00,2025-08-28 06:17:00,Delivered
O1008140,EcomExpress,2025-07-26 07:27:00,2025-07-28 08:27:00,2025-07-28 08:27:00,Delivered
O1008141,BlueDart,2025-07-12 00:53:00,2025-07-15 11:53:00,2025-07-15 11:53:00,Delivered
O1008142,EcomExpress,2025-09-07 00:11:00,2025-09-08 10:11:00,2025-09-09 10:11:00,Delayed
O1008143,EcomExpress,2025-05-20 02:12:00,2025-05-22 04:12:00,2025-05-22 04:12:00,Delivered
O1008145,EcomExpress,2025-04-27 20:17:00,2025-04-30 05:17:00,2025-04-30 11:17:00,Delayed
O1008146,EcomExpress,2025-06-09 21:16:00,2025-06-11 18:16:00,2025-06-11 18:16:00,Delivered
O1008147,Delhivery,2025-02-15 18:05:00,2025-02-18 02:05:00,2025-02-18 02:05:00,Delivered
O1008149,Delhivery,2025-02-22 08:36:00,2025-02-26 07:36:00,2025-02-26 07:36:00,Delivered
O1008150,Delhivery,2025-03-25 12:09:00,2025-03-29 06:09:00,2025-03-29 06:09:00,Delivered
O1008151,EcomExpress,2025-06-04 05:05:00,2025-06-06 08:05:00,2025-06-06 08:05:00,Delivered
O1008152,BlueDart,2025-07-03 04:30:00,2025-07-05 13:30:00,2025-07-05 13:30:00,Delivered
O1008153,EcomExpress,2025-12-11 15:35:00,2025-12-15 09:35:00,2025-12-15 09:35:00,Delivered
O1008154,EcomExpress,2025-01-11 17:36:00,2025-01-13 10:36:00,2025-01-13 22:36:00,Delayed
O1008155,BlueDart,2025-11-25 10:03:00,2025-11-28 03:03:00,2025-11-28 03:03:00,Delivered
O1008156,EcomExpress,2025-04-30 15:36:00,2025-05-02 07:36:00,2025-05-02 07:36:00,Delivered
O1008157,BlueDart,2025-09-23 10:39:00,2025-09-26 07:39:00,2025-09-28 07:39:00,Delayed
O1008158,DHL,2025-09-05 20:54:00,2025-09-06 22:54:00,2025-09-06 22:54:00,Delivered
O1008159,BlueDart,2025-12-22 11:20:00,2025-12-24 02:20:00,2025-12-24 08:20:00,Delayed
O1008160,BlueDart,2025-02-09 14:13:00,2025-02-12 19:13:00,2025-02-12 19:13:00,Delivered
O1008161,BlueDart,2025-12-20 20:16:00,2025-12-23 21:16:00,2025-12-23 21:16:00,Delivered
O1008162,Delhivery,2025-01-23 16:35:00,2025-01-25 11:35:00,2025-01-25 11:35:00,Delivered
O1008163,DHL,2025-11-18 10:55:00,2025-11-20 00:55:00,2025-11-20 12:55:00,Delayed
O1008164,Delhivery,2025-08-28 01:40:00,2025-08-31 09:40:00,2025-08-31 09:40:00,Delivered
O1008165,DHL,2025-06-25 23:39:00,2025-06-29 21:39:00,2025-06-30 03:39:00,Delayed
O1008166,EcomExpress,2025-05-27 13:43:00,2025-05-30 04:43:00,2025-05-30 04:43:00,Delivered
O1008167,Delhivery,2025-02-05 08:33:00,2025-02-08 11:33:00,2025-02-08 11:33:00,Delivered
O1008168,EcomExpress,2025-10-21 10:10:00,2025-10-24 13:10:00,2025-10-24 13:10:00,Delivered
O1008169,EcomExpress,2025-09-24 00:25:00,2025-09-27 16:25:00,2025-09-27 16:25:00,Delivered
O1008170,EcomExpress,2025-12-09 21:28:00,2025-12-11 11:28:00,2025-12-11 11:28:00,Delivered
O1008171,Delhivery,2025-09-25 04:37:00,2025-09-27 20:37:00,2025-09-28 02:37:00,Delayed
O1008172,Delhivery,2025-12-17 07:10:00,2025-12-18 18:10:00,2025-12-19 06:10:00,Delayed
O1008173,DHL,2025-11-20 21:16:00,2025-11-22 20:16:00,2025-11-22 20:16:00,Delivered
O1008174,DHL,2025-06-06 12:15:00,2025-06-08 18:15:00,2025-06-09 06:15:00,Delayed
O1008175,Delhivery,2025-09-15 01:26:00,2025-09-18 20:26:00,2025-09-19 20:26:00,Delayed
O1008176,Delhivery,2025-04-08 10:10:00,2025-04-10 11:10:00,2025-04-10 17:10:00,Delayed
O1008177,Delhivery,2025-10-19 01:03:00,2025-10-20 02:03:00,2025-10-20 08:03:00,Delayed
O1008178,BlueDart,2025-08-11 20:32:00,2025-08-14 08:32:00,2025-08-15 08:32:00,Delayed
O1008179,EcomExpress,2025-06-11 08:23:00,2025-06-13 14:23:00,2025-06-14 14:23:00,Delayed
O1008181,DHL,2025-04-12 16:23:00,2025-04-15 21:23:00,2025-04-15 21:23:00,Delivered
O1008182,Delhivery,2025-08-17 08:59:00,2025-08-18 08:59:00,2025-08-18 08:59:00,Delivered
O1008183,DHL,2025-06-24 03:50:00,2025-06-27 20:50:00,2025-06-27 20:50:00,Delivered
O1008184,BlueDart,2025-04-28 17:59:00,2025-05-01 22:59:00,2025-05-01 22:59:00,Delivered
O1008185,DHL,2025-12-24 00:21:00,2025-12-26 18:21:00,2025-12-26 18:21:00,Delivered
O1008186,EcomExpress,2025-01-25 05:33:00,2025-01-28 18:33:00,2025-01-28 18:33:00,Delivered
O1008187,BlueDart,2025-10-05 01:52:00,2025-10-06 17:52:00,2025-10-06 17:52:00,Delivered
O1008188,EcomExpress,2025-03-19 07:45:00,2025-03-21 11:45:00,2025-03-21 11:45:00,Delivered
O1008189,BlueDart,2025-03-24 04:00:00,2025-03-26 01:00:00,2025-03-26 13:00:00,Delayed
O1008190,EcomExpress,2025-02-27 05:51:00,2025-03-01 00:51:00,2025-03-01 12:51:00,Delayed
O1008191,Delhivery,2025-02-07 16:45:00,2025-02-11 09:45:00,2025-02-11 09:45:00,Delivered
O1008192,EcomExpress,2025-02-16 13:47:00,2025-02-20 06:47:00,2025-02-20 06:47:00,Delivered
O1008193,Delhivery,2025-11-01 09:35:00,2025-11-03 00:35:00,2025-11-03 00:35:00,Delivered
O1008194,Delhivery,2025-12-05 23:45:00,2025-12-07 16:45:00,2025-12-07 16:45:00,Delivered
O1008195,Delhivery,2025-08-02 17:26:00,2025-08-03 23:26:00,2025-08-05 23:26:00,Delayed
O1008196,EcomExpress,2025-01-07 03:11:00,2025-01-08 14:11:00,2025-01-08 14:11:00,Delivered
O1008197,EcomExpress,2025-11-13 04:59:00,2025-11-16 22:59:00,2025-11-16 22:59:00,Delivered
O1008198,BlueDart,2025-08-09 00:38:00,2025-08-10 13:38:00,2025-08-10 13:38:00,Delivered
O1008199,Delhivery,2025-07-10 18:37:00,2025-07-11 19:37:00,2025-07-12 01:37:00,Delayed
O1008200,Delhivery,2025-12-13 16:41:00,2025-12-17 06:41:00,2025-12-17 06:41:00,Delivered
O1008201,BlueDart,2025-05-30 20:44:00,2025-06-03 01:44:00,2025-06-03 01:44:00,Delivered
O1008202,BlueDart,2025-05-13 06:46:00,2025-05-16 09:46:00,2025-05-16 09:46:00,Delivered
O1008203,Delhivery,2025-10-13 00:11:00,2025-10-14 10:11:00,2025-10-14 16:11:00,Delayed
O1008204,EcomExpress,2025-07-13 02:54:00,2025-07-14 03:54:00,2025-07-14 09:54:00,Delayed
O1008205,DHL,2025-09-20 06:55:00,2025-09-23 05:55:00,2025-09-23 05:55:00,Delivered
O1008206,DHL,2025-09-11 11:43:00,2025-09-14 03:43:00,2025-09-14 09:43:00,Delayed
O1008207,DHL,2025-11-03 19:18:00,2025-11-05 08:18:00,2025-11-05 08:18:00,Delivered
O1008208,EcomExpress,2025-04-26 15:26:00,2025-04-28 23:26:00,2025-04-29 11:26:00,Delayed
O1008209,DHL,2025-01-27 17:44:00,2025-01-31 09:44:00,2025-01-31 09:44:00,Delivered
O1008210,BlueDart,2025-06-24 13:47:00,2025-06-28 06:47:00,2025-06-28 06:47:00,Delivered
O1008211,EcomExpress,2025-08-25 19:49:00,2025-08-26 22:49:00,2025-08-27 10:49:00,Delayed
O1008212,Delhivery,2025-10-27 12:14:00,2025-10-28 14:14:00,2025-10-28 14:14:00,Delivered
O1008213,EcomExpress,2025-04-08 20:18:00,2025-04-10 17:18:00,2025-04-11 17:18:00,Delayed
O1008214,Delhivery,2025-10-01 10:11:00,2025-10-04 15:11:00,2025-10-04 21:11:00,Delayed
O1008215,Delhivery,2025-10-31 23:02:00,2025-11-04 07:02:00,2025-11-04 07:02:00,Delivered
O1008216,Delhivery,2025-10-23 15:31:00,2025-10-26 04:31:00,2025-10-26 04:31:00,Delivered
O1008217,Delhivery,2025-10-23 05:44:00,2025-10-25 21:44:00,2025-10-25 21:44:00,Delivered
O1008218,Delhivery,2025-12-28 06:54:00,2025-12-30 15:54:00,2025-12-31 03:54:00,Delayed
O1008219,DHL,2025-08-31 00:48:00,2025-09-02 06:48:00,2025-09-02 06:48:00,Delivered
O1008220,DHL,2025-05-17 03:45:00,2025-05-18 12:45:00,2025-05-19 12:45:00,Delayed
O1008221,Delhivery,2025-06-10 06:15:00,2025-06-12 13:15:00,2025-06-12 19:15:00,Delayed
O1008222,DHL,2025-10-01 08:04:00,2025-10-05 06:04:00,2025-10-05 06:04:00,Delivered
O1008223,Delhivery,2025-03-29 06:39:00,2025-03-31 18:39:00,2025-03-31 18:39:00,Delivered
O1008224,Delhivery,2025-08-10 06:41:00,2025-08-13 00:41:00,2025-08-15 00:41:00,Delayed
O1008225,BlueDart,2025-07-30 01:28:00,2025-08-03 00:28:00,2025-08-04 00:28:00,Delayed
O1008226,DHL,2025-09-02 14:21:00,2025-09-03 16:21:00,2025-09-04 16:21:00,Delayed
O1008227,BlueDart,2025-06-04 04:54:00,2025-06-07 04:54:00,2025-06-07 16:54:00,Delayed
O1008228,DHL,2025-09-29 04:07:00,2025-09-30 22:07:00,2025-09-30 22:07:00,Delivered
O1008229,DHL,2025-01-28 09:48:00,2025-01-30 20:48:00,2025-01-30 20:48:00,Delivered
O1008230,EcomExpress,2025-10-02 04:21:00,2025-10-03 04:21:00,2025-10-03 04:21:00,Delivered
O1008231,EcomExpress,2025-10-25 08:41:00,2025-10-27 07:41:00,2025-10-29 07:41:00,Delayed
O1008232,BlueDart,2025-11-20 23:12:00,2025-11-23 14:12:00,2025-11-25 14:12:00,Delayed
O1008233,DHL,2025-12-03 21:20:00,2025-12-06 09:20:00,2025-12-06 09:20:00,Delivered
O1008234,EcomExpress,2025-05-09 00:10:00,2025-05-11 04:10:00,2025-05-11 04:10:00,Delivered
O1008235,EcomExpress,2025-01-18 06:13:00,2025-01-22 00:13:00,2025-01-22 06:13:00,Delayed
O1008236,BlueDart,2025-08-28 07:48:00,2025-08-29 22:48:00,2025-08-29 22:48:00,Delivered
O1008237,Delhivery,2025-02-03 04:49:00,2025-02-04 19:49:00,2025-02-04 19:49:00,Delivered
O1008238,Delhivery,2025-04-13 21:34:00,2025-04-16 14:34:00,2025-04-17 14:34:00,Delayed
O1008239,DHL,2025-09-14 15:18:00,2025-09-16 15:18:00,2025-09-16 15:18:00,Delivered
O1008240,EcomExpress,2025-08-07 06:49:00,2025-08-09 02:49:00,2025-08-09 02:49:00,Delivered
O1008241,EcomExpress,2025-08-11 00:30:00,2025-08-12 04:30:00,2025-08-12 10:30:00,Delayed
O1008242,BlueDart,2025-10-03 05:14:00,2025-10-05 18:14:00,2025-10-05 18:14:00,Delivered
O1008243,BlueDart,2025-03-03 00:22:00,2025-03-05 21:22:00,2025-03-05 21:22:00,Delivered
O1008244,BlueDart,2025-10-17 01:01:00,2025-10-19 17:01:00,2025-10-19 23:01:00,Delayed
O1008245,Delhivery,2025-08-04 04:40:00,2025-08-07 11:40:00,2025-08-08 11:40:00,Delayed
O1008246,DHL,2025-06-03 20:12:00,2025-06-06 19:12:00,2025-06-07 19:12:00,Delayed
O1008247,Delhivery,2025-06-19 20:37:00,2025-06-22 17:37:00,2025-06-22 23:37:00,Delayed
O1008248,DHL,2025-07-06 06:50:00,2025-07-08 04:50:00,2025-07-08 04:50:00,Delivered
O1008249,EcomExpress,2025-07-21 04:55:00,2025-07-24 14:55:00,2025-07-25 14:55:00,Delayed
O1008250,DHL,2025-05-02 15:36:00,2025-05-06 07:36:00,2025-05-06 13:36:00,Delayed
O1008251,EcomExpress,2025-03-23 21:55:00,2025-03-27 04:55:00,2025-03-27 04:55:00,Delivered
O1008252,DHL,2025-03-04 07:09:00,2025-03-05 14:09:00,2025-03-05 14:09:00,Delivered
O1008254,BlueDart,2025-04-06 22:12:00,2025-04-10 20:12:00,2025-04-10 20:12:00,Delivered
O1008255,EcomExpress,2025-07-09 16:31:00,2025-07-12 07:31:00,2025-07-12 19:31:00,Delayed
O1008256,Delhivery,2025-11-29 17:00:00,2025-12-02 01:00:00,2025-12-02 01:00:00,Delivered
O1008257,EcomExpress,2025-02-10 11:02:00,2025-02-12 03:02:00,2025-02-12 03:02:00,Delivered
O1008258,DHL,2025-04-24 00:10:00,2025-04-25 06:10:00,2025-04-25 18:10:00,Delayed
O1008259,DHL,2025-01-19 00:12:00,2025-01-22 12:12:00,2025-01-22 12:12:00,Delivered
O1008260,EcomExpress,2025-12-23 08:38:00,2025-12-25 22:38:00,2025-12-25 22:38:00,Delivered
O1008261,DHL,2025-09-13 19:56:00,2025-09-17 12:56:00,2025-09-17 12:56:00,Delivered
O1008262,BlueDart,2025-03-30 23:32:00,2025-04-03 06:32:00,2025-04-03 06:32:00,Delivered
O1008263,Delhivery,2025-06-01 18:58:00,2025-06-05 04:58:00,2025-06-05 04:58:00,Delivered
O1008264,DHL,2025-09-21 21:09:00,2025-09-24 02:09:00,2025-09-24 02:09:00,Delivered
O1008265,Delhivery,2025-12-16 18:21:00,2025-12-18 20:21:00,2025-12-18 20:21:00,Delivered
O1008266,BlueDart,2025-07-30 03:52:00,2025-08-01 11:52:00,2025-08-01 11:52:00,Delivered
O1008267,BlueDart,2025-04-10 00:49:00,2025-04-11 00:49:00,2025-04-12 00:49:00,Delayed
O1008268,EcomExpress,2025-09-12 17:38:00,2025-09-15 22:38:00,2025-09-15 22:38:00,Delivered
O1008270,DHL,2025-08-24 13:11:00,2025-08-28 05:11:00,2025-08-28 05:11:00,Delivered
O1008271,Delhivery,2025-01-18 05:36:00,2025-01-19 06:36:00,2025-01-19 06:36:00,Delivered
O1008272,Delhivery,2025-09-16 01:39:00,2025-09-19 17:39:00,2025-09-19 17:39:00,Delivered
O1008273,DHL,2025-01-08 17:04:00,2025-01-11 16:04:00,2025-01-11 16:04:00,Delivered
O1008274,EcomExpress,2025-11-27 20:49:00,2025-11-30 11:49:00,2025-11-30 17:49:00,Delayed
O1008275,Delhivery,2025-11-18 23:16:00,2025-11-22 01:16:00,2025-11-22 01:16:00,Delivered
O1008276,Delhivery,2025-07-25 23:30:00,2025-07-27 00:30:00,2025-07-27 00:30:00,Delivered
O1008277,BlueDart,2025-08-25 07:16:00,2025-08-29 04:16:00,2025-08-29 16:16:00,Delayed
O1008278,EcomExpress,2025-01-26 08:00:00,2025-01-29 22:00:00,2025-01-29 22:00:00,Delivered
O1008279,DHL,2025-11-17 03:04:00,2025-11-20 07:04:00,2025-11-20 07:04:00,Delivered
O1008280,BlueDart,2025-04-10 17:10:00,2025-04-12 16:10:00,2025-04-12 16:10:00,Delivered
O1008281,DHL,2025-04-07 05:56:00,2025-04-08 14:56:00,2025-04-10 14:56:00,Delayed
O1008282,Delhivery,2025-09-17 02:10:00,2025-09-18 23:10:00,2025-09-18 23:10:00,Delivered
O1008283,EcomExpress,2025-12-09 22:37:00,2025-12-12 09:37:00,2025-12-12 09:37:00,Delivered
O1008284,BlueDart,2025-06-30 18:01:00,2025-07-04 17:01:00,2025-07-04 17:01:00,Delivered
O1008285,EcomExpress,2025-07-06 05:56:00,2025-07-08 10:56:00,2025-07-08 10:56:00,Delivered
O1008286,BlueDart,2025-07-20 21:19:00,2025-07-24 01:19:00,2025-07-24 01:19:00,Delivered
O1008287,Delhivery,2025-04-18 04:25:00,2025-04-20 08:25:00,2025-04-20 08:25:00,Delivered
O1008288,EcomExpress,2025-08-07 04:49:00,2025-08-08 08:49:00,2025-08-08 08:49:00,Delivered
O1008289,BlueDart,2025-12-17 18:42:00,2025-12-21 02:42:00,2025-12-21 14:42:00,Delayed
O1008290,DHL,2025-05-21 15:38:00,2025-05-23 15:38:00,2025-05-23 15:38:00,Delivered
O1008291,EcomExpress,2025-10-11 16:09:00,2025-10-14 09:09:00,2025-10-14 09:09:00,Delivered
O1008292,BlueDart,2025-10-11 12:38:00,2025-10-13 12:38:00,2025-10-15 12:38:00,Delayed
O1008293,EcomExpress,2025-11-08 13:23:00,2025-11-11 17:23:00,2025-11-11 17:23:00,Delivered
O1008294,BlueDart,2025-09-22 18:37:00,2025-09-26 04:37:00,2025-09-26 04:37:00,Delivered
O1008295,DHL,2025-12-04 06:46:00,2025-12-07 11:46:00,2025-12-07 11:46:00,Delivered
O1008296,Delhivery,2025-09-19 07:25:00,2025-09-22 23:25:00,2025-09-22 23:25:00,Delivered
O1008297,EcomExpress,2025-12-23 18:42:00,2025-12-26 19:42:00,2025-12-26 19:42:00,Delivered
O1008298,BlueDart,2025-09-19 18:07:00,2025-09-22 08:07:00,2025-09-22 20:07:00,Delayed
O1008299,DHL,2025-11-02 22:26:00,2025-11-06 04:26:00,2025-11-06 04:26:00,Delivered
O1008300,DHL,2025-11-22 00:39:00,2025-11-25 01:39:00,2025-11-25 01:39:00,Delivered
O1008301,Delhivery,2025-12-26 04:34:00,2025-12-27 19:34:00,2025-12-28 19:34:00,Delayed
O1008302,Delhivery,2025-08-07 20:10:00,2025-08-09 17:10:00,2025-08-09 17:10:00,Delivered
O1008303,BlueDart,2025-09-18 10:22:00,2025-09-19 17:22:00,2025-09-19 17:22:00,Delivered
O1008304,Delhivery,2025-12-20 08:46:00,2025-12-23 15:46:00,2025-12-24 15:46:00,Delayed
O1008305,Delhivery,2025-05-19 11:32:00,2025-05-20 22:32:00,2025-05-21 04:32:00,Delayed
O1008306,Delhivery,2025-02-14 02:01:00,2025-02-15 08:01:00,2025-02-16 08:01:00,Delayed
O1008307,DHL,2025-11-20 11:49:00,2025-11-23 21:49:00,2025-11-23 21:49:00,Delivered
O1008308,BlueDart,2025-08-20 02:35:00,2025-08-21 05:35:00,2025-08-21 05:35:00,Delivered
O1008309,DHL,2025-06-07 03:33:00,2025-06-10 23:33:00,2025-06-10 23:33:00,Delivered
O1008310,EcomExpress,2025-09-19 21:50:00,2025-09-21 12:50:00,2025-09-21 12:50:00,Delivered
O1008311,EcomExpress,2025-01-13 04:23:00,2025-01-16 23:23:00,2025-01-17 05:23:00,Delayed
O1008312,DHL,2025-06-24 19:13:00,2025-06-27 18:13:00,2025-06-27 18:13:00,Delivered
O1008313,BlueDart,2025-04-07 21:59:00,2025-04-08 21:59:00,2025-04-08 21:59:00,Delivered
O1008314,Delhivery,2025-04-17 14:51:00,2025-04-20 22:51:00,2025-04-20 22:51:00,Delivered
O1008315,BlueDart,2025-12-21 05:50:00,2025-12-25 04:50:00,2025-12-25 04:50:00,Delivered
O1008316,Delhivery,2025-07-21 12:17:00,2025-07-25 06:17:00,2025-07-25 06:17:00,Delivered
O1008317,Delhivery,2025-02-22 02:31:00,2025-02-25 17:31:00,2025-02-25 17:31:00,Delivered
O1008318,EcomExpress,2025-05-15 04:10:00,2025-05-16 21:10:00,2025-05-16 21:10:00,Delivered
O1008319,DHL,2025-03-30 20:39:00,2025-04-01 10:39:00,2025-04-01 10:39:00,Delivered
O1008320,BlueDart,2025-11-29 13:29:00,2025-12-01 11:29:00,2025-12-01 11:29:00,Delivered
O1008321,BlueDart,2025-04-17 19:50:00,2025-04-20 11:50:00,2025-04-20 11:50:00,Delivered
O1008322,EcomExpress,2025-05-11 18:38:00,2025-05-15 01:38:00,2025-05-15 01:38:00,Delivered
O1008323,Delhivery,2025-05-03 03:01:00,2025-05-07 01:01:00,2025-05-07 01:01:00,Delivered
O1008325,BlueDart,2025-10-13 00:14:00,2025-10-15 10:14:00,2025-10-15 10:14:00,Delivered
O1008326,EcomExpress,2025-07-31 00:05:00,2025-08-02 09:05:00,2025-08-03 09:05:00,Delayed
O1008327,BlueDart,2025-06-10 15:30:00,2025-06-14 04:30:00,2025-06-14 04:30:00,Delivered
O1008328,Delhivery,2025-05-26 07:36:00,2025-05-30 03:36:00,2025-05-30 15:36:00,Delayed
O1008329,EcomExpress,2025-09-02 11:43:00,2025-09-04 17:43:00,2025-09-04 17:43:00,Delivered
O1008330,EcomExpress,2025-02-06 00:11:00,2025-02-08 15:11:00,2025-02-08 21:11:00,Delayed
O1008331,DHL,2025-12-07 22:42:00,2025-12-09 16:42:00,2025-12-09 16:42:00,Delivered
O1008332,DHL,2025-07-26 22:31:00,2025-07-28 22:31:00,2025-07-28 22:31:00,Delivered
O1008333,EcomExpress,2025-03-25 22:24:00,2025-03-29 04:24:00,2025-03-29 04:24:00,Delivered
O1008334,EcomExpress,2025-07-16 17:33:00,2025-07-18 04:33:00,2025-07-19 04:33:00,Delayed
O1008336,Delhivery,2025-03-06 04:28:00,2025-03-08 00:28:00,2025-03-08 06:28:00,Delayed
O1008337,Delhivery,2025-07-12 09:30:00,2025-07-13 16:30:00,2025-07-13 16:30:00,Delivered
O1008338,EcomExpress,2025-08-08 07:00:00,2025-08-10 01:00:00,2025-08-11 01:00:00,Delayed
O1008339,DHL,2025-10-24 06:20:00,2025-10-27 08:20:00,2025-10-27 08:20:00,Delivered
O1008340,DHL,2025-07-27 20:27:00,2025-07-31 09:27:00,2025-07-31 15:27:00,Delayed
O1008341,BlueDart,2025-09-27 10:50:00,2025-09-29 09:50:00,2025-10-01 09:50:00,Delayed
O1008342,DHL,2025-10-10 22:37:00,2025-10-14 14:37:00,2025-10-16 14:37:00,Delayed
O1008343,DHL,2025-11-23 11:05:00,2025-11-25 16:05:00,2025-11-25 16:05:00,Delivered
O1008344,DHL,2025-05-13 04:43:00,2025-05-14 23:43:00,2025-05-15 11:43:00,Delayed
O1008345,EcomExpress,2025-09-14 13:50:00,2025-09-18 08:50:00,2025-09-18 08:50:00,Delivered
O1008346,DHL,2025-04-02 10:54:00,2025-04-04 23:54:00,2025-04-05 05:54:00,Delayed
O1008347,EcomExpress,2025-11-05 21:13:00,2025-11-07 11:13:00,2025-11-07 11:13:00,Delivered
O1008348,DHL,2025-12-15 00:22:00,2025-12-16 15:22:00,2025-12-16 15:22:00,Delivered
O1008349,EcomExpress,2025-04-18 14:03:00,2025-04-20 16:03:00,2025-04-20 16:03:00,Delivered
O1008350,Delhivery,2025-07-25 02:16:00,2025-07-26 09:16:00,2025-07-26 09:16:00,Delivered
O1008351,Delhivery,2025-10-29 06:33:00,2025-11-01 23:33:00,2025-11-01 23:33:00,Delivered
O1008352,DHL,2025-01-11 01:28:00,2025-01-13 21:28:00,2025-01-13 21:28:00,Delivered
O1008353,Delhivery,2025-09-16 06:52:00,2025-09-20 01:52:00,2025-09-20 01:52:00,Delivered
O1008354,DHL,2025-10-28 18:35:00,2025-10-30 11:35:00,2025-10-30 11:35:00,Delivered
O1008355,DHL,2025-11-15 08:53:00,2025-11-18 17:53:00,2025-11-18 17:53:00,Delivered
O1008356,Delhivery,2025-03-13 23:58:00,2025-03-16 23:58:00,2025-03-16 23:58:00,Delivered
O1008357,Delhivery,2025-10-04 20:49:00,2025-10-06 23:49:00,2025-10-07 05:49:00,Delayed
O1008358,BlueDart,2025-10-15 09:44:00,2025-10-17 10:44:00,2025-10-17 10:44:00,Delivered
O1008359,EcomExpress,2025-01-02 17:40:00,2025-01-04 02:40:00,2025-01-05 02:40:00,Delayed
O1008360,DHL,2025-09-16 15:39:00,2025-09-20 00:39:00,2025-09-20 00:39:00,Delivered
O1008361,Delhivery,2025-08-17 19:54:00,2025-08-21 03:54:00,2025-08-21 03:54:00,Delivered
O1008362,BlueDart,2025-12-20 20:21:00,2025-12-23 12:21:00,2025-12-23 12:21:00,Delivered
O1008363,Delhivery,2025-01-17 07:26:00,2025-01-20 19:26:00,2025-01-21 07:26:00,Delayed
O1008364,BlueDart,2025-12-19 17:42:00,2025-12-22 13:42:00,2025-12-22 13:42:00,Delivered
O1008365,Delhivery,2025-07-28 21:03:00,2025-08-01 00:03:00,2025-08-01 00:03:00,Delivered
O1008366,Delhivery,2025-04-12 07:12:00,2025-04-16 06:12:00,2025-04-17 06:12:00,Delayed
O1008367,BlueDart,2025-05-23 14:52:00,2025-05-25 14:52:00,2025-05-25 14:52:00,Delivered
O1008368,DHL,2025-10-07 23:47:00,2025-10-10 22:47:00,2025-10-10 22:47:00,Delivered
O1008369,DHL,2025-12-30 16:14:00,2026-01-02 14:14:00,2026-01-02 14:14:00,Delivered
O1008370,BlueDart,2025-04-27 09:30:00,2025-05-01 02:30:00,2025-05-01 02:30:00,Delivered
O1008371,BlueDart,2025-12-27 04:27:00,2025-12-30 06:27:00,2025-12-30 06:27:00,Delivered
O1008372,EcomExpress,2025-08-18 13:37:00,2025-08-20 08:37:00,2025-08-20 08:37:00,Delivered
O1008373,BlueDart,2025-03-12 19:19:00,2025-03-16 10:19:00,2025-03-17 10:19:00,Delayed
O1008374,Delhivery,2025-08-07 17:59:00,2025-08-11 03:59:00,2025-08-11 03:59:00,Delivered
O1008375,Delhivery,2025-10-21 01:32:00,2025-10-22 11:32:00,2025-10-22 11:32:00,Delivered
O1008376,BlueDart,2025-01-21 08:52:00,2025-01-24 13:52:00,2025-01-24 13:52:00,Delivered
O1008377,DHL,2025-01-30 11:57:00,2025-02-01 05:57:00,2025-02-01 11:57:00,Delayed
O1008378,DHL,2025-01-03 13:09:00,2025-01-05 08:09:00,2025-01-05 08:09:00,Delivered
O1008379,EcomExpress,2025-07-28 21:06:00,2025-07-31 02:06:00,2025-07-31 02:06:00,Delivered
O1008380,EcomExpress,2025-01-23 13:26:00,2025-01-25 11:26:00,2025-01-25 11:26:00,Delivered
O1008381,EcomExpress,2025-12-08 13:13:00,2025-12-11 23:13:00,2025-12-12 11:13:00,Delayed
O1008382,BlueDart,2025-02-17 03:16:00,2025-02-18 17:16:00,2025-02-18 23:16:00,Delayed
O1008383,EcomExpress,2025-01-28 00:15:00,2025-01-31 16:15:00,2025-01-31 16:15:00,Delivered
O1008384,Delhivery,2025-04-05 21:01:00,2025-04-07 00:01:00,2025-04-07 06:01:00,Delayed
O1008385,DHL,2025-10-07 18:51:00,2025-10-09 14:51:00,2025-10-10 02:51:00,Delayed
O1008386,BlueDart,2025-11-29 07:13:00,2025-12-01 15:13:00,2025-12-01 15:13:00,Delivered
O1008387,DHL,2025-04-03 09:13:00,2025-04-05 21:13:00,2025-04-06 09:13:00,Delayed
O1008388,EcomExpress,2025-07-09 22:38:00,2025-07-13 13:38:00,2025-07-13 13:38:00,Delivered
O1008389,BlueDart,2025-10-10 13:25:00,2025-10-13 08:25:00,2025-10-14 08:25:00,Delayed
O1008390,BlueDart,2025-10-18 15:39:00,2025-10-21 05:39:00,2025-10-21 05:39:00,Delivered
O1008391,BlueDart,2025-02-25 22:55:00,2025-02-27 09:55:00,2025-02-27 21:55:00,Delayed
O1008392,Delhivery,2025-11-03 05:37:00,2025-11-04 08:37:00,2025-11-04 08:37:00,Delivered
O1008393,BlueDart,2025-11-14 12:25:00,2025-11-17 21:25:00,2025-11-17 21:25:00,Delivered
O1008394,Delhivery,2025-09-26 19:12:00,2025-09-29 12:12:00,2025-09-29 18:12:00,Delayed
O1008395,DHL,2025-07-13 15:45:00,2025-07-16 00:45:00,2025-07-16 00:45:00,Delivered
O1008396,DHL,2025-05-23 21:20:00,2025-05-26 09:20:00,2025-05-26 09:20:00,Delivered
O1008397,DHL,2025-11-21 22:40:00,2025-11-25 14:40:00,2025-11-25 14:40:00,Delivered
O1008398,EcomExpress,2025-11-12 11:13:00,2025-11-14 19:13:00,2025-11-15 07:13:00,Delayed
O1008399,Delhivery,2025-07-10 04:41:00,2025-07-12 19:41:00,2025-07-12 19:41:00,Delivered
O1008400,BlueDart,2025-09-29 01:51:00,2025-10-01 14:51:00,2025-10-01 14:51:00,Delivered
O1008401,DHL,2025-05-26 19:37:00,2025-05-30 06:37:00,2025-05-31 06:37:00,Delayed
O1008402,Delhivery,2025-09-30 11:23:00,2025-10-02 03:23:00,2025-10-02 09:23:00,Delayed
O1008403,Delhivery,2025-02-03 05:38:00,2025-02-04 08:38:00,2025-02-04 08:38:00,Delivered
O1008404,EcomExpress,2025-11-26 22:04:00,2025-11-30 18:04:00,2025-11-30 18:04:00,Delivered
O1008405,EcomExpress,2025-07-09 05:25:00,2025-07-11 12:25:00,2025-07-11 12:25:00,Delivered
O1008406,BlueDart,2025-08-08 10:35:00,2025-08-11 03:35:00,2025-08-11 03:35:00,Delivered
O1008407,Delhivery,2025-03-11 22:01:00,2025-03-14 04:01:00,2025-03-14 16:01:00,Delayed
O1008408,DHL,2025-07-13 09:06:00,2025-07-15 06:06:00,2025-07-17 06:06:00,Delayed
O1008409,EcomExpress,2025-01-03 06:54:00,2025-01-04 19:54:00,2025-01-05 01:54:00,Delayed
O1008410,BlueDart,2025-11-22 06:16:00,2025-11-25 06:16:00,2025-11-26 06:16:00,Delayed
O1008411,Delhivery,2025-10-02 10:15:00,2025-10-05 02:15:00,2025-10-06 02:15:00,Delayed
O1008412,EcomExpress,2025-06-15 14:29:00,2025-06-18 11:29:00,2025-06-18 11:29:00,Delivered
O1008413,BlueDart,2025-11-03 09:16:00,2025-11-06 15:16:00,2025-11-06 15:16:00,Delivered
O1008414,EcomExpress,2025-10-24 20:42:00,2025-10-26 17:42:00,2025-10-26 17:42:00,Delivered
O1008415,Delhivery,2025-02-13 20:49:00,2025-02-16 07:49:00,2025-02-16 07:49:00,Delivered
O1008416,Delhivery,2025-01-21 02:57:00,2025-01-23 21:57:00,2025-01-23 21:57:00,Delivered
O1008417,Delhivery,2025-04-03 21:51:00,2025-04-07 08:51:00,2025-04-07 08:51:00,Delivered
O1008418,EcomExpress,2025-01-02 04:20:00,2025-01-03 11:20:00,2025-01-03 11:20:00,Delivered
O1008419,EcomExpress,2025-07-30 12:48:00,2025-08-01 09:48:00,2025-08-01 09:48:00,Delivered
O1008420,Delhivery,2025-07-12 21:16:00,2025-07-14 11:16:00,2025-07-14 11:16:00,Delivered
O1008421,BlueDart,2025-07-17 13:31:00,2025-07-19 10:31:00,2025-07-19 10:31:00,Delivered
O1008422,Delhivery,2025-01-27 23:20:00,2025-01-31 18:20:00,2025-02-01 00:20:00,Delayed
O1008423,Delhivery,2025-12-03 01:26:00,2025-12-04 13:26:00,2025-12-04 13:26:00,Delivered
O1008424,BlueDart,2025-12-24 00:37:00,2025-12-27 06:37:00,2025-12-27 18:37:00,Delayed
O1008425,EcomExpress,2025-08-05 09:39:00,2025-08-08 17:39:00,2025-08-08 17:39:00,Delivered
O1008426,DHL,2025-01-04 06:02:00,2025-01-07 11:02:00,2025-01-07 11:02:00,Delivered
O1008427,Delhivery,2025-05-25 23:31:00,2025-05-27 09:31:00,2025-05-27 09:31:00,Delivered
O1008428,Delhivery,2025-09-21 03:20:00,2025-09-22 08:20:00,2025-09-24 08:20:00,Delayed
O1008429,BlueDart,2025-10-02 00:37:00,2025-10-03 10:37:00,2025-10-04 10:37:00,Delayed
O1008430,BlueDart,2025-03-31 02:24:00,2025-04-03 14:24:00,2025-04-03 14:24:00,Delivered
O1008431,EcomExpress,2025-10-29 17:52:00,2025-10-30 17:52:00,2025-10-30 17:52:00,Delivered
O1008432,DHL,2025-12-21 02:32:00,2025-12-24 05:32:00,2025-12-24 05:32:00,Delivered
O1008433,BlueDart,2025-07-06 14:00:00,2025-07-08 17:00:00,2025-07-08 17:00:00,Delivered
O1008434,Delhivery,2025-05-21 12:59:00,2025-05-25 08:59:00,2025-05-25 08:59:00,Delivered
O1008435,DHL,2025-07-12 22:51:00,2025-07-15 05:51:00,2025-07-15 05:51:00,Delivered
O1008436,EcomExpress,2025-01-11 12:08:00,2025-01-13 21:08:00,2025-01-13 21:08:00,Delivered
O1008437,DHL,2025-07-12 13:03:00,2025-07-14 21:03:00,2025-07-14 21:03:00,Delivered
O1008438,EcomExpress,2025-01-11 14:55:00,2025-01-15 00:55:00,2025-01-15 12:55:00,Delayed
O1008439,Delhivery,2025-01-13 22:26:00,2025-01-17 05:26:00,2025-01-17 05:26:00,Delivered
O1008440,DHL,2025-07-22 07:19:00,2025-07-26 04:19:00,2025-07-26 04:19:00,Delivered
O1008441,Delhivery,2025-07-07 13:17:00,2025-07-09 18:17:00,2025-07-09 18:17:00,Delivered
O1008443,EcomExpress,2025-07-06 02:57:00,2025-07-09 14:57:00,2025-07-09 14:57:00,Delivered
O1008444,EcomExpress,2025-12-25 17:04:00,2025-12-26 17:04:00,2025-12-26 17:04:00,Delivered
O1008445,Delhivery,2025-10-22 17:21:00,2025-10-25 13:21:00,2025-10-26 01:21:00,Delayed
O1008446,Delhivery,2025-05-05 00:37:00,2025-05-07 19:37:00,2025-05-09 19:37:00,Delayed
O1008447,DHL,2025-12-05 15:09:00,2025-12-06 18:09:00,2025-12-06 18:09:00,Delivered
O1008448,BlueDart,2025-06-27 07:35:00,2025-06-28 19:35:00,2025-06-28 19:35:00,Delivered
O1008449,EcomExpress,2025-08-06 20:30:00,2025-08-10 18:30:00,2025-08-10 18:30:00,Delivered
O1008450,DHL,2025-02-07 03:28:00,2025-02-08 04:28:00,2025-02-08 04:28:00,Delivered
O1008451,DHL,2025-03-20 11:16:00,2025-03-22 23:16:00,2025-03-23 11:16:00,Delayed
O1008452,EcomExpress,2025-07-11 16:49:00,2025-07-14 23:49:00,2025-07-14 23:49:00,Delivered
O1008453,BlueDart,2025-04-11 04:59:00,2025-04-15 02:59:00,2025-04-15 02:59:00,Delivered
O1008454,Delhivery,2025-08-08 12:26:00,2025-08-10 05:26:00,2025-08-10 05:26:00,Delivered
O1008456,BlueDart,2025-04-03 01:48:00,2025-04-05 21:48:00,2025-04-05 21:48:00,Delivered
O1008457,BlueDart,2025-09-01 03:29:00,2025-09-04 09:29:00,2025-09-04 09:29:00,Delivered
O1008458,BlueDart,2025-08-12 21:32:00,2025-08-16 14:32:00,2025-08-16 20:32:00,Delayed
O1008459,DHL,2025-12-26 16:48:00,2025-12-29 14:48:00,2025-12-29 20:48:00,Delayed
O1008460,EcomExpress,2025-11-26 07:37:00,2025-11-27 23:37:00,2025-11-27 23:37:00,Delivered
O1008461,EcomExpress,2025-10-23 23:17:00,2025-10-27 14:17:00,2025-10-27 14:17:00,Delivered
O1008462,EcomExpress,2025-01-01 23:49:00,2025-01-05 18:49:00,2025-01-06 06:49:00,Delayed
O1008463,DHL,2025-08-08 21:49:00,2025-08-10 22:49:00,2025-08-10 22:49:00,Delivered
O1008464,Delhivery,2025-03-25 23:55:00,2025-03-28 10:55:00,2025-03-28 10:55:00,Delivered
O1008465,Delhivery,2025-04-08 20:04:00,2025-04-11 18:04:00,2025-04-12 00:04:00,Delayed
O1008466,BlueDart,2025-03-19 05:10:00,2025-03-22 16:10:00,2025-03-23 04:10:00,Delayed
O1008467,Delhivery,2025-06-17 11:30:00,2025-06-20 03:30:00,2025-06-20 03:30:00,Delivered
O1008468,Delhivery,2025-02-15 23:56:00,2025-02-19 04:56:00,2025-02-19 16:56:00,Delayed
O1008469,EcomExpress,2025-07-14 21:26:00,2025-07-18 05:26:00,2025-07-18 17:26:00,Delayed
O1008470,BlueDart,2025-03-02 22:19:00,2025-03-04 12:19:00,2025-03-04 12:19:00,Delivered
O1008471,EcomExpress,2025-07-02 22:09:00,2025-07-04 21:09:00,2025-07-05 21:09:00,Delayed
O1008472,BlueDart,2025-08-17 12:49:00,2025-08-21 00:49:00,2025-08-21 00:49:00,Delivered
O1008473,BlueDart,2025-03-07 15:50:00,2025-03-10 10:50:00,2025-03-10 10:50:00,Delivered
O1008474,Delhivery,2025-02-07 22:56:00,2025-02-09 12:56:00,2025-02-10 00:56:00,Delayed
O1008475,Delhivery,2025-10-23 09:12:00,2025-10-25 23:12:00,2025-10-25 23:12:00,Delivered
O1008476,Delhivery,2025-09-27 22:04:00,2025-09-29 13:04:00,2025-09-29 13:04:00,Delivered
O1008477,EcomExpress,2025-04-07 06:53:00,2025-04-08 09:53:00,2025-04-08 15:53:00,Delayed
O1008479,BlueDart,2025-03-23 13:39:00,2025-03-25 22:39:00,2025-03-25 22:39:00,Delivered
O1008480,Delhivery,2025-12-06 07:47:00,2025-12-07 09:47:00,2025-12-07 09:47:00,Delivered
O1008482,EcomExpress,2025-08-30 04:21:00,2025-09-03 00:21:00,2025-09-03 12:21:00,Delayed
O1008483,EcomExpress,2025-01-08 00:42:00,2025-01-11 17:42:00,2025-01-11 17:42:00,Delivered
O1008484,DHL,2025-03-14 14:22:00,2025-03-16 05:22:00,2025-03-16 05:22:00,Delivered
O1008485,Delhivery,2025-05-28 20:19:00,2025-05-31 18:19:00,2025-05-31 18:19:00,Delivered
O1008486,BlueDart,2025-02-01 23:12:00,2025-02-04 02:12:00,2025-02-04 14:12:00,Delayed
O1008487,EcomExpress,2025-06-17 06:50:00,2025-06-20 02:50:00,2025-06-20 02:50:00,Delivered
O1008488,EcomExpress,2025-03-26 20:31:00,2025-03-29 09:31:00,2025-03-29 09:31:00,Delivered
O1008489,DHL,2025-02-07 05:30:00,2025-02-10 10:30:00,2025-02-11 10:30:00,Delayed
O1008490,Delhivery,2025-12-19 12:37:00,2025-12-22 18:37:00,2025-12-22 18:37:00,Delivered
O1008491,DHL,2025-12-26 05:35:00,2025-12-27 06:35:00,2025-12-27 06:35:00,Delivered
O1008492,DHL,2025-12-19 09:32:00,2025-12-22 21:32:00,2025-12-22 21:32:00,Delivered
O1008493,Delhivery,2025-02-27 04:54:00,2025-02-28 20:54:00,2025-03-01 20:54:00,Delayed
O1008494,EcomExpress,2025-05-21 05:57:00,2025-05-24 02:57:00,2025-05-24 14:57:00,Delayed
O1008495,Delhivery,2025-05-01 06:41:00,2025-05-04 04:41:00,2025-05-04 04:41:00,Delivered
O1008496,DHL,2025-04-30 08:48:00,2025-05-03 05:48:00,2025-05-03 17:48:00,Delayed
O1008497,DHL,2025-06-02 17:47:00,2025-06-05 20:47:00,2025-06-05 20:47:00,Delivered
O1008498,BlueDart,2025-07-07 15:47:00,2025-07-09 00:47:00,2025-07-09 12:47:00,Delayed
O1008499,BlueDart,2025-06-27 21:34:00,2025-06-30 18:34:00,2025-06-30 18:34:00,Delivered
O1008500,Delhivery,2025-04-17 22:25:00,2025-04-20 01:25:00,2025-04-21 01:25:00,Delayed
O1008501,Delhivery,2025-12-25 05:08:00,2025-12-27 10:08:00,2025-12-27 22:08:00,Delayed
O1008502,EcomExpress,2025-12-25 08:11:00,2025-12-26 18:11:00,2025-12-27 06:11:00,Delayed
O1008503,DHL,2025-05-02 01:12:00,2025-05-04 19:12:00,2025-05-05 19:12:00,Delayed
O1008504,EcomExpress,2025-03-23 06:07:00,2025-03-25 05:07:00,2025-03-25 05:07:00,Delivered
O1008505,EcomExpress,2025-07-14 21:58:00,2025-07-17 23:58:00,2025-07-18 11:58:00,Delayed
O1008506,EcomExpress,2025-05-15 21:58:00,2025-05-18 07:58:00,2025-05-18 13:58:00,Delayed
O1008507,BlueDart,2025-12-27 20:46:00,2025-12-30 01:46:00,2025-12-30 07:46:00,Delayed
O1008508,BlueDart,2025-06-07 14:27:00,2025-06-10 02:27:00,2025-06-10 02:27:00,Delivered
O1008509,EcomExpress,2025-01-15 23:42:00,2025-01-18 15:42:00,2025-01-18 15:42:00,Delivered
O1008510,DHL,2025-02-16 07:58:00,2025-02-19 07:58:00,2025-02-19 07:58:00,Delivered
O1008511,EcomExpress,2025-01-28 22:40:00,2025-01-30 03:40:00,2025-01-30 03:40:00,Delivered
O1008512,DHL,2025-05-20 19:33:00,2025-05-24 04:33:00,2025-05-25 04:33:00,Delayed
O1008513,DHL,2025-04-27 10:37:00,2025-04-28 22:37:00,2025-04-28 22:37:00,Delivered
O1008514,DHL,2025-11-10 06:20:00,2025-11-11 22:20:00,2025-11-11 22:20:00,Delivered
O1008515,DHL,2025-11-23 05:08:00,2025-11-26 12:08:00,2025-11-26 12:08:00,Delivered
O1008516,BlueDart,2025-02-21 21:27:00,2025-02-22 21:27:00,2025-02-22 21:27:00,Delivered
O1008517,DHL,2025-12-12 00:55:00,2025-12-14 03:55:00,2025-12-14 03:55:00,Delivered
O1008518,BlueDart,2025-08-03 07:10:00,2025-08-06 06:10:00,2025-08-06 06:10:00,Delivered
O1008519,DHL,2025-04-22 23:33:00,2025-04-26 07:33:00,2025-04-26 07:33:00,Delivered
O1008520,DHL,2025-05-30 06:26:00,2025-06-02 22:26:00,2025-06-03 04:26:00,Delayed
O1008521,Delhivery,2025-06-11 14:40:00,2025-06-14 14:40:00,2025-06-15 14:40:00,Delayed
O1008522,EcomExpress,2025-03-05 14:06:00,2025-03-07 06:06:00,2025-03-07 06:06:00,Delivered
O1008523,DHL,2025-11-13 17:58:00,2025-11-15 19:58:00,2025-11-15 19:58:00,Delivered
O1008524,Delhivery,2025-01-06 17:32:00,2025-01-07 18:32:00,2025-01-07 18:32:00,Delivered
O1008525,DHL,2025-01-27 07:19:00,2025-01-30 14:19:00,2025-01-31 14:19:00,Delayed
O1008526,DHL,2025-04-11 06:20:00,2025-04-12 06:20:00,2025-04-12 06:20:00,Delivered
O1008527,BlueDart,2025-02-22 13:14:00,2025-02-23 22:14:00,2025-02-24 04:14:00,Delayed
O1008528,EcomExpress,2025-01-24 06:03:00,2025-01-28 04:03:00,2025-01-28 10:03:00,Delayed
O1008529,BlueDart,2025-05-21 15:31:00,2025-05-23 02:31:00,2025-05-23 02:31:00,Delivered
O1008530,BlueDart,2025-05-19 09:17:00,2025-05-21 05:17:00,2025-05-21 11:17:00,Delayed
O1008531,Delhivery,2025-02-16 00:17:00,2025-02-18 05:17:00,2025-02-19 05:17:00,Delayed
O1008532,DHL,2025-10-23 20:52:00,2025-10-25 05:52:00,2025-10-25 11:52:00,Delayed
O1008533,BlueDart,2025-11-20 02:44:00,2025-11-23 01:44:00,2025-11-23 01:44:00,Delivered
O1008534,EcomExpress,2025-09-21 10:49:00,2025-09-23 08:49:00,2025-09-23 08:49:00,Delivered
O1008535,BlueDart,2025-07-11 08:49:00,2025-07-13 05:49:00,2025-07-13 05:49:00,Delivered
O1008536,DHL,2025-12-13 18:28:00,2025-12-16 11:28:00,2025-12-16 11:28:00,Delivered
O1008537,EcomExpress,2025-05-09 02:04:00,2025-05-11 01:04:00,2025-05-12 01:04:00,Delayed
O1008538,DHL,2025-06-06 11:50:00,2025-06-08 02:50:00,2025-06-08 02:50:00,Delivered
O1008539,BlueDart,2025-01-07 02:54:00,2025-01-10 16:54:00,2025-01-10 16:54:00,Delivered
O1008540,EcomExpress,2025-09-16 21:41:00,2025-09-19 14:41:00,2025-09-19 14:41:00,Delivered
O1008541,EcomExpress,2025-02-03 22:00:00,2025-02-07 14:00:00,2025-02-07 14:00:00,Delivered
O1008542,BlueDart,2025-08-31 21:40:00,2025-09-02 22:40:00,2025-09-02 22:40:00,Delivered
O1008543,EcomExpress,2025-10-14 10:08:00,2025-10-18 03:08:00,2025-10-18 03:08:00,Delivered
O1008544,Delhivery,2025-03-22 08:50:00,2025-03-25 23:50:00,2025-03-25 23:50:00,Delivered
O1008545,DHL,2025-08-13 03:13:00,2025-08-14 04:13:00,2025-08-15 04:13:00,Delayed
O1008546,DHL,2025-04-22 02:01:00,2025-04-23 11:01:00,2025-04-23 11:01:00,Delivered
O1008547,EcomExpress,2025-05-27 06:28:00,2025-05-30 15:28:00,2025-05-30 15:28:00,Delivered
O1008548,DHL,2025-07-14 17:50:00,2025-07-16 14:50:00,2025-07-16 20:50:00,Delayed
O1008549,EcomExpress,2025-04-03 00:22:00,2025-04-06 06:22:00,2025-04-06 06:22:00,Delivered
O1008550,Delhivery,2025-10-19 02:46:00,2025-10-21 09:46:00,2025-10-21 21:46:00,Delayed
O1008551,EcomExpress,2025-05-26 13:52:00,2025-05-28 07:52:00,2025-05-28 07:52:00,Delivered
O1008552,EcomExpress,2025-06-19 05:50:00,2025-06-20 20:50:00,2025-06-20 20:50:00,Delivered
O1008553,DHL,2025-10-25 22:57:00,2025-10-27 14:57:00,2025-10-27 14:57:00,Delivered
O1008554,BlueDart,2025-03-26 08:33:00,2025-03-29 07:33:00,2025-03-29 07:33:00,Delivered
O1008555,DHL,2025-06-15 23:04:00,2025-06-17 01:04:00,2025-06-17 13:04:00,Delayed
O1008556,Delhivery,2025-12-30 07:15:00,2025-12-31 20:15:00,2025-12-31 20:15:00,Delivered
O1008557,EcomExpress,2025-05-26 17:21:00,2025-05-30 04:21:00,2025-05-30 04:21:00,Delivered
O1008558,EcomExpress,2025-02-13 16:25:00,2025-02-15 14:25:00,2025-02-15 14:25:00,Delivered
O1008559,DHL,2025-04-15 07:24:00,2025-04-18 02:24:00,2025-04-18 02:24:00,Delivered
O1008560,EcomExpress,2025-12-16 03:27:00,2025-12-18 00:27:00,2025-12-18 06:27:00,Delayed
O1008561,DHL,2025-10-05 14:05:00,2025-10-06 15:05:00,2025-10-06 15:05:00,Delivered
O1008562,Delhivery,2025-10-24 03:36:00,2025-10-26 11:36:00,2025-10-27 11:36:00,Delayed
O1008563,BlueDart,2025-04-03 22:01:00,2025-04-05 14:01:00,2025-04-05 14:01:00,Delivered
O1008564,DHL,2025-11-03 15:02:00,2025-11-06 20:02:00,2025-11-06 20:02:00,Delivered
O1008565,DHL,2025-05-25 15:59:00,2025-05-29 02:59:00,2025-05-29 02:59:00,Delivered
O1008566,DHL,2025-10-18 16:52:00,2025-10-22 07:52:00,2025-10-22 07:52:00,Delivered
O1008567,DHL,2025-11-19 12:21:00,2025-11-22 07:21:00,2025-11-23 07:21:00,Delayed
O1008568,BlueDart,2025-03-17 21:52:00,2025-03-19 02:52:00,2025-03-19 02:52:00,Delivered
O1008569,BlueDart,2025-12-09 19:47:00,2025-12-13 08:47:00,2025-12-13 08:47:00,Delivered
O1008570,Delhivery,2025-08-19 22:20:00,2025-08-23 10:20:00,2025-08-23 10:20:00,Delivered
O1008571,EcomExpress,2025-09-24 21:22:00,2025-09-26 07:22:00,2025-09-26 07:22:00,Delivered
O1008572,EcomExpress,2025-10-05 08:03:00,2025-10-07 13:03:00,2025-10-07 13:03:00,Delivered
O1008573,Delhivery,2025-03-04 14:10:00,2025-03-08 10:10:00,2025-03-08 10:10:00,Delivered
O1008574,Delhivery,2025-10-01 06:37:00,2025-10-04 16:37:00,2025-10-04 16:37:00,Delivered
O1008575,Delhivery,2025-03-20 17:08:00,2025-03-22 07:08:00,2025-03-22 13:08:00,Delayed
O1008576,BlueDart,2025-04-10 13:34:00,2025-04-13 10:34:00,2025-04-13 10:34:00,Delivered
O1008577,EcomExpress,2025-02-13 15:29:00,2025-02-15 12:29:00,2025-02-15 12:29:00,Delivered
O1008578,DHL,2025-03-09 03:13:00,2025-03-12 17:13:00,2025-03-12 17:13:00,Delivered
O1008579,Delhivery,2025-12-24 16:47:00,2025-12-28 10:47:00,2025-12-28 10:47:00,Delivered
O1008580,Delhivery,2025-05-01 12:17:00,2025-05-04 20:17:00,2025-05-04 20:17:00,Delivered
O1008582,Delhivery,2025-06-25 20:47:00,2025-06-27 18:47:00,2025-06-28 06:47:00,Delayed
O1008583,BlueDart,2025-09-19 18:08:00,2025-09-21 22:08:00,2025-09-21 22:08:00,Delivered
O1008584,DHL,2025-07-30 08:30:00,2025-08-02 02:30:00,2025-08-02 02:30:00,Delivered
O1008585,EcomExpress,2025-07-15 21:20:00,2025-07-19 17:20:00,2025-07-19 17:20:00,Delivered
O1008586,Delhivery,2025-11-03 19:37:00,2025-11-05 19:37:00,2025-11-05 19:37:00,Delivered
O1008588,Delhivery,2025-10-08 19:12:00,2025-10-11 10:12:00,2025-10-12 10:12:00,Delayed
O1008589,Delhivery,2025-11-29 21:11:00,2025-12-03 02:11:00,2025-12-03 08:11:00,Delayed
O1008590,EcomExpress,2025-09-04 22:44:00,2025-09-07 00:44:00,2025-09-07 00:44:00,Delivered
O1008591,DHL,2025-01-14 04:19:00,2025-01-16 02:19:00,2025-01-16 02:19:00,Delivered
O1008592,BlueDart,2025-04-08 18:49:00,2025-04-10 22:49:00,2025-04-10 22:49:00,Delivered
O1008593,BlueDart,2025-08-15 17:08:00,2025-08-18 00:08:00,2025-08-18 00:08:00,Delivered
O1008595,EcomExpress,2025-04-15 08:25:00,2025-04-16 14:25:00,2025-04-16 14:25:00,Delivered
O1008596,BlueDart,2025-05-03 22:04:00,2025-05-05 04:04:00,2025-05-05 04:04:00,Delivered
O1008597,BlueDart,2025-01-30 10:48:00,2025-02-02 12:48:00,2025-02-02 12:48:00,Delivered
O1008598,Delhivery,2025-03-28 10:03:00,2025-04-01 04:03:00,2025-04-02 04:03:00,Delayed
O1008599,DHL,2025-10-14 12:44:00,2025-10-17 22:44:00,2025-10-19 22:44:00,Delayed
O1008601,DHL,2025-11-02 21:35:00,2025-11-06 14:35:00,2025-11-06 14:35:00,Delivered
O1008602,DHL,2025-05-04 17:12:00,2025-05-08 05:12:00,2025-05-08 05:12:00,Delivered
O1008603,BlueDart,2025-10-22 19:28:00,2025-10-26 04:28:00,2025-10-26 04:28:00,Delivered
O1008604,BlueDart,2025-04-04 20:48:00,2025-04-06 00:48:00,2025-04-07 00:48:00,Delayed
O1008605,BlueDart,2025-10-31 05:11:00,2025-11-03 19:11:00,2025-11-03 19:11:00,Delivered
O1008606,BlueDart,2025-07-29 06:30:00,2025-07-31 14:30:00,2025-07-31 14:30:00,Delivered
O1008607,EcomExpress,2025-11-08 05:07:00,2025-11-11 00:07:00,2025-11-11 00:07:00,Delivered
O1008608,BlueDart,2025-01-24 07:59:00,2025-01-27 23:59:00,2025-01-27 23:59:00,Delivered
O1008609,Delhivery,2025-10-20 15:55:00,2025-10-21 21:55:00,2025-10-21 21:55:00,Delivered
O1008610,DHL,2025-04-10 10:16:00,2025-04-12 04:16:00,2025-04-12 10:16:00,Delayed
O1008611,DHL,2025-05-12 07:57:00,2025-05-13 12:57:00,2025-05-13 12:57:00,Delivered
O1008612,DHL,2025-01-17 19:23:00,2025-01-20 01:23:00,2025-01-20 01:23:00,Delivered
O1008613,DHL,2025-12-16 05:19:00,2025-12-19 13:19:00,2025-12-20 13:19:00,Delayed
O1008614,BlueDart,2025-08-24 10:11:00,2025-08-26 21:11:00,2025-08-26 21:11:00,Delivered
O1008615,BlueDart,2025-12-25 23:25:00,2025-12-28 12:25:00,2025-12-28 18:25:00,Delayed
O1008616,BlueDart,2025-07-27 16:56:00,2025-07-29 08:56:00,2025-07-29 08:56:00,Delivered
O1008617,BlueDart,2025-02-28 14:20:00,2025-03-02 09:20:00,2025-03-02 09:20:00,Delivered
O1008618,BlueDart,2025-05-05 13:53:00,2025-05-08 05:53:00,2025-05-08 05:53:00,Delivered
O1008619,Delhivery,2025-06-11 03:43:00,2025-06-12 05:43:00,2025-06-12 05:43:00,Delivered
O1008620,DHL,2025-02-23 19:51:00,2025-02-26 02:51:00,2025-02-26 02:51:00,Delivered
O1008621,EcomExpress,2025-12-07 00:01:00,2025-12-10 22:01:00,2025-12-12 22:01:00,Delayed
O1008622,BlueDart,2025-12-17 09:05:00,2025-12-20 02:05:00,2025-12-20 02:05:00,Delivered
O1008623,EcomExpress,2025-07-26 11:42:00,2025-07-27 17:42:00,2025-07-27 17:42:00,Delivered
O1008624,EcomExpress,2025-08-03 10:38:00,2025-08-05 16:38:00,2025-08-06 04:38:00,Delayed
O1008625,Delhivery,2025-09-15 03:37:00,2025-09-17 05:37:00,2025-09-17 17:37:00,Delayed
O1008626,Delhivery,2025-09-05 23:07:00,2025-09-09 01:07:00,2025-09-11 01:07:00,Delayed
O1008627,Delhivery,2025-01-24 10:59:00,2025-01-27 10:59:00,2025-01-27 10:59:00,Delivered
O1008628,DHL,2025-07-14 17:01:00,2025-07-18 15:01:00,2025-07-18 15:01:00,Delivered
O1008629,DHL,2025-10-12 15:32:00,2025-10-15 11:32:00,2025-10-15 17:32:00,Delayed
O1008630,Delhivery,2025-10-23 11:22:00,2025-10-25 04:22:00,2025-10-25 16:22:00,Delayed
O1008631,EcomExpress,2025-08-06 23:33:00,2025-08-08 08:33:00,2025-08-08 08:33:00,Delivered
O1008632,DHL,2025-11-24 17:21:00,2025-11-26 04:21:00,2025-11-27 04:21:00,Delayed
O1008633,DHL,2025-08-03 00:38:00,2025-08-05 20:38:00,2025-08-06 08:38:00,Delayed
O1008634,BlueDart,2025-05-20 21:33:00,2025-05-23 16:33:00,2025-05-23 16:33:00,Delivered
O1008635,Delhivery,2025-06-11 15:17:00,2025-06-13 15:17:00,2025-06-13 21:17:00,Delayed
O1008636,DHL,2025-09-10 03:31:00,2025-09-13 08:31:00,2025-09-13 08:31:00,Delivered
O1008637,Delhivery,2025-11-21 12:29:00,2025-11-23 00:29:00,2025-11-23 00:29:00,Delivered
O1008638,DHL,2025-03-26 01:29:00,2025-03-29 04:29:00,2025-03-29 04:29:00,Delivered
O1008639,Delhivery,2025-04-19 00:24:00,2025-04-21 20:24:00,2025-04-21 20:24:00,Delivered
O1008640,EcomExpress,2025-08-27 00:21:00,2025-08-28 12:21:00,2025-08-28 12:21:00,Delivered
O1008641,BlueDart,2025-10-06 17:29:00,2025-10-10 09:29:00,2025-10-10 15:29:00,Delayed
O1008642,EcomExpress,2025-05-26 18:22:00,2025-05-30 08:22:00,2025-05-30 20:22:00,Delayed
O1008643,EcomExpress,2025-08-23 20:46:00,2025-08-27 02:46:00,2025-08-27 02:46:00,Delivered
O1008644,EcomExpress,2025-01-04 15:06:00,2025-01-07 14:06:00,2025-01-07 14:06:00,Delivered
O1008645,EcomExpress,2025-04-18 06:14:00,2025-04-19 17:14:00,2025-04-19 17:14:00,Delivered
O1008646,BlueDart,2025-12-16 17:00:00,2025-12-20 14:00:00,2025-12-20 14:00:00,Delivered
O1008647,DHL,2025-07-31 11:35:00,2025-08-01 23:35:00,2025-08-01 23:35:00,Delivered
O1008648,Delhivery,2025-11-13 17:39:00,2025-11-17 03:39:00,2025-11-17 03:39:00,Delivered
O1008649,EcomExpress,2025-03-22 05:08:00,2025-03-24 14:08:00,2025-03-24 14:08:00,Delivered
O1008650,DHL,2025-04-18 06:47:00,2025-04-21 06:47:00,2025-04-22 06:47:00,Delayed
O1008651,EcomExpress,2025-12-23 03:18:00,2025-12-24 04:18:00,2025-12-24 04:18:00,Delivered
O1008652,Delhivery,2025-12-31 21:02:00,2026-01-02 19:02:00,2026-01-03 01:02:00,Delayed
O1008653,EcomExpress,2025-11-18 04:18:00,2025-11-19 05:18:00,2025-11-19 11:18:00,Delayed
O1008654,DHL,2025-04-27 07:20:00,2025-04-30 11:20:00,2025-05-02 11:20:00,Delayed
O1008655,Delhivery,2025-10-21 03:41:00,2025-10-22 21:41:00,2025-10-22 21:41:00,Delivered
O1008656,EcomExpress,2025-06-17 16:42:00,2025-06-19 14:42:00,2025-06-19 14:42:00,Delivered
O1008657,Delhivery,2025-11-05 18:05:00,2025-11-07 01:05:00,2025-11-07 01:05:00,Delivered
O1008658,EcomExpress,2025-11-08 03:14:00,2025-11-09 12:14:00,2025-11-09 12:14:00,Delivered
O1008659,Delhivery,2025-06-09 01:06:00,2025-06-11 16:06:00,2025-06-11 16:06:00,Delivered
O1008660,Delhivery,2025-04-22 22:34:00,2025-04-24 22:34:00,2025-04-24 22:34:00,Delivered
O1008662,BlueDart,2025-06-14 23:45:00,2025-06-16 02:45:00,2025-06-16 02:45:00,Delivered
O1008663,Delhivery,2025-06-08 09:07:00,2025-06-11 21:07:00,2025-06-11 21:07:00,Delivered
O1008664,EcomExpress,2025-08-31 13:10:00,2025-09-02 06:10:00,2025-09-02 06:10:00,Delivered
O1008665,BlueDart,2025-12-09 05:52:00,2025-12-10 08:52:00,2025-12-10 20:52:00,Delayed
O1008666,EcomExpress,2025-02-17 21:21:00,2025-02-19 01:21:00,2025-02-19 01:21:00,Delivered
O1008667,BlueDart,2025-12-27 09:12:00,2025-12-29 14:12:00,2025-12-29 20:12:00,Delayed
O1008668,EcomExpress,2025-06-05 00:51:00,2025-06-07 14:51:00,2025-06-07 20:51:00,Delayed
O1008669,BlueDart,2025-01-10 19:30:00,2025-01-12 04:30:00,2025-01-12 04:30:00,Delivered
O1008670,Delhivery,2025-04-24 00:15:00,2025-04-26 01:15:00,2025-04-26 01:15:00,Delivered
O1008671,EcomExpress,2025-06-19 05:13:00,2025-06-21 06:13:00,2025-06-21 06:13:00,Delivered
O1008672,Delhivery,2025-09-06 16:38:00,2025-09-07 21:38:00,2025-09-08 21:38:00,Delayed
O1008673,Delhivery,2025-07-26 12:29:00,2025-07-29 10:29:00,2025-07-29 22:29:00,Delayed
O1008674,EcomExpress,2025-02-19 17:44:00,2025-02-21 18:44:00,2025-02-21 18:44:00,Delivered
O1008675,Delhivery,2025-06-28 14:06:00,2025-07-01 16:06:00,2025-07-01 16:06:00,Delivered
O1008676,DHL,2025-03-26 17:05:00,2025-03-27 17:05:00,2025-03-28 05:05:00,Delayed
O1008677,DHL,2025-04-09 22:58:00,2025-04-11 00:58:00,2025-04-11 00:58:00,Delivered
O1008678,BlueDart,2025-09-17 23:06:00,2025-09-21 10:06:00,2025-09-21 16:06:00,Delayed
O1008679,DHL,2025-10-21 14:40:00,2025-10-23 13:40:00,2025-10-24 13:40:00,Delayed
O1008680,Delhivery,2025-02-28 06:16:00,2025-03-02 08:16:00,2025-03-02 08:16:00,Delivered
O1008681,Delhivery,2025-08-09 15:35:00,2025-08-11 21:35:00,2025-08-11 21:35:00,Delivered
O1008682,Delhivery,2025-06-05 17:14:00,2025-06-08 16:14:00,2025-06-08 16:14:00,Delivered
O1008683,EcomExpress,2025-05-04 00:02:00,2025-05-07 03:02:00,2025-05-07 03:02:00,Delivered
O1008684,EcomExpress,2025-09-18 20:46:00,2025-09-21 23:46:00,2025-09-21 23:46:00,Delivered
O1008685,DHL,2025-04-02 10:20:00,2025-04-06 00:20:00,2025-04-06 00:20:00,Delivered
O1008686,DHL,2025-10-08 17:54:00,2025-10-11 08:54:00,2025-10-11 08:54:00,Delivered
O1008687,BlueDart,2025-05-28 00:00:00,2025-05-29 18:00:00,2025-05-29 18:00:00,Delivered
O1008688,EcomExpress,2025-02-04 19:03:00,2025-02-07 13:03:00,2025-02-07 13:03:00,Delivered
O1008689,Delhivery,2025-10-17 14:49:00,2025-10-19 10:49:00,2025-10-19 10:49:00,Delivered
O1008690,Delhivery,2025-11-08 03:10:00,2025-11-10 09:10:00,2025-11-10 09:10:00,Delivered
O1008691,EcomExpress,2025-07-26 01:01:00,2025-07-27 03:01:00,2025-07-29 03:01:00,Delayed
O1008692,Delhivery,2025-09-22 16:21:00,2025-09-24 21:21:00,2025-09-24 21:21:00,Delivered
O1008693,BlueDart,2025-02-23 16:47:00,2025-02-26 11:47:00,2025-02-26 11:47:00,Delivered
O1008694,EcomExpress,2025-05-05 13:47:00,2025-05-07 11:47:00,2025-05-07 17:47:00,Delayed
O1008695,DHL,2025-05-08 18:03:00,2025-05-10 01:03:00,2025-05-10 01:03:00,Delivered
O1008696,DHL,2025-10-07 00:47:00,2025-10-08 05:47:00,2025-10-10 05:47:00,Delayed
O1008697,DHL,2025-05-09 17:03:00,2025-05-11 01:03:00,2025-05-11 01:03:00,Delivered
O1008698,BlueDart,2025-09-24 15:51:00,2025-09-26 16:51:00,2025-09-26 16:51:00,Delivered
O1008699,EcomExpress,2025-04-23 19:19:00,2025-04-27 18:19:00,2025-04-27 18:19:00,Delivered
O1008700,DHL,2025-08-09 09:50:00,2025-08-11 18:50:00,2025-08-12 00:50:00,Delayed
O1008701,BlueDart,2025-03-18 20:28:00,2025-03-22 13:28:00,2025-03-22 13:28:00,Delivered
O1008702,DHL,2025-07-23 22:50:00,2025-07-25 07:50:00,2025-07-25 07:50:00,Delivered
O1008703,DHL,2025-01-30 19:19:00,2025-02-03 16:19:00,2025-02-03 16:19:00,Delivered
O1008704,EcomExpress,2025-09-27 02:14:00,2025-09-30 19:14:00,2025-10-01 07:14:00,Delayed
O1008705,Delhivery,2025-01-12 06:31:00,2025-01-13 12:31:00,2025-01-15 12:31:00,Delayed
O1008706,Delhivery,2025-12-31 17:49:00,2026-01-01 17:49:00,2026-01-01 17:49:00,Delivered
O1008707,Delhivery,2025-11-04 14:23:00,2025-11-07 12:23:00,2025-11-07 12:23:00,Delivered
O1008708,Delhivery,2025-08-01 03:19:00,2025-08-02 19:19:00,2025-08-02 19:19:00,Delivered
O1008709,Delhivery,2025-11-28 22:54:00,2025-12-01 20:54:00,2025-12-01 20:54:00,Delivered
O1008710,DHL,2025-10-24 11:41:00,2025-10-27 11:41:00,2025-10-27 17:41:00,Delayed
O1008711,DHL,2025-02-23 00:34:00,2025-02-24 04:34:00,2025-02-24 16:34:00,Delayed
O1008712,BlueDart,2025-09-30 12:12:00,2025-10-03 23:12:00,2025-10-03 23:12:00,Delivered
O1008713,BlueDart,2025-05-19 18:28:00,2025-05-23 08:28:00,2025-05-23 08:28:00,Delivered
O1008714,BlueDart,2025-11-10 04:15:00,2025-11-12 14:15:00,2025-11-12 14:15:00,Delivered
O1008715,DHL,2025-11-13 14:45:00,2025-11-17 09:45:00,2025-11-17 15:45:00,Delayed
O1008716,BlueDart,2025-12-16 08:25:00,2025-12-19 02:25:00,2025-12-19 02:25:00,Delivered
O1008717,BlueDart,2025-06-15 00:35:00,2025-06-18 04:35:00,2025-06-20 04:35:00,Delayed
O1008718,Delhivery,2025-03-13 11:44:00,2025-03-15 06:44:00,2025-03-15 06:44:00,Delivered
O1008719,BlueDart,2025-02-15 21:34:00,2025-02-18 18:34:00,2025-02-19 00:34:00,Delayed
O1008720,Delhivery,2025-03-03 10:02:00,2025-03-07 06:02:00,2025-03-07 06:02:00,Delivered
O1008721,EcomExpress,2025-12-29 23:18:00,2026-01-02 06:18:00,2026-01-02 06:18:00,Delivered
O1008723,EcomExpress,2025-05-09 18:18:00,2025-05-12 16:18:00,2025-05-12 16:18:00,Delivered
O1008724,BlueDart,2025-06-14 06:03:00,2025-06-16 11:03:00,2025-06-16 11:03:00,Delivered
O1008725,DHL,2025-03-05 21:55:00,2025-03-07 06:55:00,2025-03-07 06:55:00,Delivered
O1008726,EcomExpress,2025-07-29 00:55:00,2025-07-31 00:55:00,2025-07-31 06:55:00,Delayed
O1008727,BlueDart,2025-06-05 18:37:00,2025-06-08 23:37:00,2025-06-09 05:37:00,Delayed
O1008728,EcomExpress,2025-10-20 02:28:00,2025-10-22 15:28:00,2025-10-22 21:28:00,Delayed
O1008729,BlueDart,2025-01-09 16:17:00,2025-01-11 01:17:00,2025-01-13 01:17:00,Delayed
O1008730,BlueDart,2025-12-07 13:36:00,2025-12-09 05:36:00,2025-12-09 05:36:00,Delivered
O1008731,Delhivery,2025-01-24 11:40:00,2025-01-26 16:40:00,2025-01-26 16:40:00,Delivered
O1008732,BlueDart,2025-06-02 13:20:00,2025-06-03 16:20:00,2025-06-03 16:20:00,Delivered
O1008733,DHL,2025-05-06 08:43:00,2025-05-08 19:43:00,2025-05-08 19:43:00,Delivered
O1008734,Delhivery,2025-09-21 07:07:00,2025-09-25 00:07:00,2025-09-25 00:07:00,Delivered
O1008735,BlueDart,2025-08-30 03:50:00,2025-09-02 07:50:00,2025-09-02 07:50:00,Delivered
O1008736,EcomExpress,2025-03-14 12:08:00,2025-03-18 07:08:00,2025-03-19 07:08:00,Delayed
O1008737,BlueDart,2025-06-29 11:05:00,2025-07-03 10:05:00,2025-07-03 10:05:00,Delivered
O1008738,EcomExpress,2025-07-16 01:48:00,2025-07-17 04:48:00,2025-07-18 04:48:00,Delayed
O1008741,Delhivery,2025-03-08 04:49:00,2025-03-10 06:49:00,2025-03-10 06:49:00,Delivered
O1008742,DHL,2025-07-04 09:15:00,2025-07-05 23:15:00,2025-07-05 23:15:00,Delivered
O1008743,DHL,2025-04-06 14:51:00,2025-04-09 14:51:00,2025-04-09 14:51:00,Delivered
O1008744,Delhivery,2025-07-20 03:03:00,2025-07-21 05:03:00,2025-07-21 05:03:00,Delivered
O1008745,DHL,2025-03-01 20:36:00,2025-03-04 20:36:00,2025-03-04 20:36:00,Delivered
O1008747,BlueDart,2025-03-11 00:20:00,2025-03-13 03:20:00,2025-03-13 09:20:00,Delayed
O1008748,DHL,2025-08-27 01:29:00,2025-08-28 14:29:00,2025-08-29 14:29:00,Delayed
O1008749,Delhivery,2025-11-02 21:53:00,2025-11-04 12:53:00,2025-11-04 18:53:00,Delayed
O1008750,EcomExpress,2025-05-11 11:17:00,2025-05-14 09:17:00,2025-05-14 09:17:00,Delivered
O1008751,EcomExpress,2025-02-21 13:28:00,2025-02-23 23:28:00,2025-02-24 11:28:00,Delayed
O1008752,EcomExpress,2025-01-04 07:04:00,2025-01-07 22:04:00,2025-01-07 22:04:00,Delivered
O1008753,EcomExpress,2025-05-12 19:02:00,2025-05-16 17:02:00,2025-05-16 17:02:00,Delivered
O1008754,BlueDart,2025-02-12 14:49:00,2025-02-15 06:49:00,2025-02-16 06:49:00,Delayed
O1008755,DHL,2025-11-19 00:28:00,2025-11-22 01:28:00,2025-11-22 01:28:00,Delivered
O1008756,DHL,2025-12-23 07:20:00,2025-12-25 17:20:00,2025-12-25 17:20:00,Delivered
O1008757,BlueDart,2025-12-25 00:19:00,2025-12-27 04:19:00,2025-12-27 10:19:00,Delayed
O1008758,DHL,2025-12-04 07:20:00,2025-12-07 05:20:00,2025-12-07 05:20:00,Delivered
O1008759,EcomExpress,2025-08-04 02:37:00,2025-08-05 02:37:00,2025-08-05 02:37:00,Delivered
O1008760,Delhivery,2025-04-30 10:39:00,2025-05-03 20:39:00,2025-05-03 20:39:00,Delivered
O1008761,BlueDart,2025-06-13 07:51:00,2025-06-16 08:51:00,2025-06-17 08:51:00,Delayed
O1008762,DHL,2025-04-05 19:05:00,2025-04-07 11:05:00,2025-04-07 11:05:00,Delivered
O1008763,DHL,2025-11-03 15:24:00,2025-11-04 15:24:00,2025-11-06 15:24:00,Delayed
O1008764,EcomExpress,2025-06-10 07:00:00,2025-06-11 18:00:00,2025-06-12 06:00:00,Delayed
O1008765,EcomExpress,2025-05-22 04:54:00,2025-05-25 06:54:00,2025-05-25 06:54:00,Delivered
O1008766,BlueDart,2025-09-10 14:53:00,2025-09-13 12:53:00,2025-09-13 12:53:00,Delivered
O1008767,DHL,2025-05-18 03:31:00,2025-05-21 02:31:00,2025-05-21 02:31:00,Delivered
O1008768,Delhivery,2025-05-12 14:37:00,2025-05-13 16:37:00,2025-05-15 16:37:00,Delayed
O1008769,Delhivery,2025-03-24 20:45:00,2025-03-25 21:45:00,2025-03-25 21:45:00,Delivered
O1008770,Delhivery,2025-01-25 22:09:00,2025-01-29 09:09:00,2025-01-29 09:09:00,Delivered
O1008771,EcomExpress,2025-01-14 18:53:00,2025-01-17 02:53:00,2025-01-17 02:53:00,Delivered
O1008772,Delhivery,2025-05-29 08:00:00,2025-05-31 05:00:00,2025-05-31 05:00:00,Delivered
O1008773,EcomExpress,2025-12-30 14:19:00,2025-12-31 19:19:00,2025-12-31 19:19:00,Delivered
O1008774,BlueDart,2025-04-07 02:55:00,2025-04-08 09:55:00,2025-04-08 09:55:00,Delivered
O1008775,BlueDart,2025-08-23 20:36:00,2025-08-27 01:36:00,2025-08-27 01:36:00,Delivered
O1008776,EcomExpress,2025-04-30 07:53:00,2025-05-03 14:53:00,2025-05-03 14:53:00,Delivered
O1008777,DHL,2025-04-22 01:38:00,2025-04-23 21:38:00,2025-04-23 21:38:00,Delivered
O1008778,BlueDart,2025-03-02 01:39:00,2025-03-03 17:39:00,2025-03-03 17:39:00,Delivered
O1008779,Delhivery,2025-07-26 07:16:00,2025-07-28 04:16:00,2025-07-28 04:16:00,Delivered
O1008780,DHL,2025-08-30 08:24:00,2025-09-01 12:24:00,2025-09-01 12:24:00,Delivered
O1008781,DHL,2025-05-08 20:10:00,2025-05-12 09:10:00,2025-05-12 09:10:00,Delivered
O1008782,DHL,2025-07-13 02:46:00,2025-07-15 07:46:00,2025-07-15 13:46:00,Delayed
O1008783,BlueDart,2025-06-24 13:56:00,2025-06-27 20:56:00,2025-06-28 02:56:00,Delayed
O1008784,BlueDart,2025-04-10 11:02:00,2025-04-13 22:02:00,2025-04-13 22:02:00,Delivered
O1008785,EcomExpress,2025-09-11 09:02:00,2025-09-14 03:02:00,2025-09-14 09:02:00,Delayed
O1008786,EcomExpress,2025-07-22 19:51:00,2025-07-24 14:51:00,2025-07-25 14:51:00,Delayed
O1008787,BlueDart,2025-01-26 04:34:00,2025-01-30 03:34:00,2025-01-30 15:34:00,Delayed
O1008788,Delhivery,2025-06-30 09:40:00,2025-07-03 06:40:00,2025-07-03 18:40:00,Delayed
O1008789,BlueDart,2025-05-24 09:04:00,2025-05-27 10:04:00,2025-05-27 16:04:00,Delayed
O1008790,BlueDart,2025-10-19 01:32:00,2025-10-23 00:32:00,2025-10-23 00:32:00,Delivered
O1008791,Delhivery,2025-04-23 06:04:00,2025-04-26 01:04:00,2025-04-28 01:04:00,Delayed
O1008792,EcomExpress,2025-12-15 23:36:00,2025-12-18 18:36:00,2025-12-18 18:36:00,Delivered
O1008793,Delhivery,2025-08-14 17:29:00,2025-08-18 04:29:00,2025-08-18 04:29:00,Delivered
O1008794,Delhivery,2025-02-18 00:36:00,2025-02-19 10:36:00,2025-02-19 10:36:00,Delivered
O1008795,EcomExpress,2025-05-29 13:43:00,2025-06-02 10:43:00,2025-06-02 10:43:00,Delivered
O1008796,Delhivery,2025-11-20 05:42:00,2025-11-22 01:42:00,2025-11-22 07:42:00,Delayed
O1008797,EcomExpress,2025-04-04 07:34:00,2025-04-08 04:34:00,2025-04-08 04:34:00,Delivered
O1008798,Delhivery,2025-09-16 00:25:00,2025-09-18 14:25:00,2025-09-20 14:25:00,Delayed
O1008799,BlueDart,2025-10-14 05:41:00,2025-10-17 20:41:00,2025-10-18 02:41:00,Delayed
O1008800,EcomExpress,2025-09-11 00:53:00,2025-09-12 23:53:00,2025-09-13 23:53:00,Delayed
O1008801,EcomExpress,2025-02-02 21:56:00,2025-02-06 03:56:00,2025-02-06 03:56:00,Delivered
O1008802,DHL,2025-05-18 10:46:00,2025-05-20 23:46:00,2025-05-20 23:46:00,Delivered
O1008803,BlueDart,2025-05-09 07:08:00,2025-05-12 05:08:00,2025-05-14 05:08:00,Delayed
O1008804,DHL,2025-05-07 12:50:00,2025-05-10 03:50:00,2025-05-11 03:50:00,Delayed
O1008806,BlueDart,2025-01-04 03:28:00,2025-01-08 02:28:00,2025-01-08 08:28:00,Delayed
O1008807,BlueDart,2025-07-17 04:41:00,2025-07-20 08:41:00,2025-07-20 08:41:00,Delivered
O1008808,EcomExpress,2025-12-26 09:19:00,2025-12-28 03:19:00,2025-12-28 03:19:00,Delivered
O1008809,EcomExpress,2025-11-17 16:26:00,2025-11-20 12:26:00,2025-11-20 12:26:00,Delivered
O1008810,DHL,2025-08-11 19:33:00,2025-08-13 21:33:00,2025-08-13 21:33:00,Delivered
O1008811,DHL,2026-01-01 03:56:00,2026-01-04 05:56:00,2026-01-04 05:56:00,Delivered
O1008812,EcomExpress,2025-05-27 21:23:00,2025-05-30 07:23:00,2025-05-30 07:23:00,Delivered
O1008814,BlueDart,2025-07-18 13:12:00,2025-07-20 04:12:00,2025-07-20 10:12:00,Delayed
O1008815,Delhivery,2025-01-19 00:24:00,2025-01-20 16:24:00,2025-01-21 16:24:00,Delayed
O1008816,Delhivery,2025-01-16 06:45:00,2025-01-18 12:45:00,2025-01-18 12:45:00,Delivered
O1008817,DHL,2025-11-25 05:10:00,2025-11-27 15:10:00,2025-11-28 15:10:00,Delayed
O1008818,EcomExpress,2025-03-05 21:10:00,2025-03-09 08:10:00,2025-03-10 08:10:00,Delayed
O1008819,DHL,2025-05-11 09:02:00,2025-05-14 06:02:00,2025-05-14 12:02:00,Delayed
O1008820,BlueDart,2025-08-16 18:22:00,2025-08-20 00:22:00,2025-08-20 12:22:00,Delayed
O1008821,BlueDart,2025-07-31 01:50:00,2025-08-01 11:50:00,2025-08-02 11:50:00,Delayed
O1008822,EcomExpress,2025-07-08 10:47:00,2025-07-09 23:47:00,2025-07-09 23:47:00,Delivered
O1008823,BlueDart,2025-12-25 15:22:00,2025-12-26 17:22:00,2025-12-26 17:22:00,Delivered
O1008824,EcomExpress,2025-10-15 19:53:00,2025-10-16 23:53:00,2025-10-16 23:53:00,Delivered
O1008825,BlueDart,2025-12-11 12:42:00,2025-12-12 22:42:00,2025-12-12 22:42:00,Delivered
O1008826,BlueDart,2025-08-30 12:14:00,2025-09-02 11:14:00,2025-09-03 11:14:00,Delayed
O1008827,BlueDart,2025-12-25 12:51:00,2025-12-27 20:51:00,2025-12-27 20:51:00,Delivered
O1008828,EcomExpress,2025-08-09 02:10:00,2025-08-11 09:10:00,2025-08-11 09:10:00,Delivered
O1008829,BlueDart,2025-07-17 19:06:00,2025-07-21 00:06:00,2025-07-22 00:06:00,Delayed
O1008830,EcomExpress,2025-10-26 09:09:00,2025-10-28 14:09:00,2025-10-29 02:09:00,Delayed
O1008831,BlueDart,2025-11-15 11:11:00,2025-11-16 11:11:00,2025-11-16 11:11:00,Delivered
O1008832,BlueDart,2025-01-25 18:29:00,2025-01-26 19:29:00,2025-01-27 01:29:00,Delayed
O1008833,DHL,2025-11-29 21:53:00,2025-12-01 09:53:00,2025-12-01 09:53:00,Delivered
O1008834,BlueDart,2025-09-11 04:55:00,2025-09-13 07:55:00,2025-09-13 07:55:00,Delivered
O1008835,DHL,2025-11-24 21:22:00,2025-11-28 12:22:00,2025-11-29 12:22:00,Delayed
O1008836,BlueDart,2025-09-19 20:49:00,2025-09-21 08:49:00,2025-09-21 08:49:00,Delivered
O1008837,DHL,2025-12-05 23:05:00,2025-12-09 03:05:00,2025-12-10 03:05:00,Delayed
O1008838,Delhivery,2025-04-12 14:44:00,2025-04-13 16:44:00,2025-04-13 16:44:00,Delivered
O1008839,BlueDart,2025-03-10 17:49:00,2025-03-12 00:49:00,2025-03-12 00:49:00,Delivered
O1008840,Delhivery,2025-03-14 11:03:00,2025-03-16 15:03:00,2025-03-16 21:03:00,Delayed
O1008841,Delhivery,2025-04-04 11:30:00,2025-04-07 08:30:00,2025-04-07 08:30:00,Delivered
O1008842,DHL,2025-03-21 05:12:00,2025-03-24 16:12:00,2025-03-25 16:12:00,Delayed
O1008843,EcomExpress,2025-06-12 05:20:00,2025-06-15 10:20:00,2025-06-15 10:20:00,Delivered
O1008844,DHL,2025-03-15 02:10:00,2025-03-18 18:10:00,2025-03-19 18:10:00,Delayed
O1008845,Delhivery,2025-02-27 20:40:00,2025-03-02 03:40:00,2025-03-02 03:40:00,Delivered
O1008846,EcomExpress,2025-07-12 05:34:00,2025-07-13 22:34:00,2025-07-15 22:34:00,Delayed
O1008847,BlueDart,2025-10-18 06:34:00,2025-10-20 12:34:00,2025-10-21 12:34:00,Delayed
O1008848,Delhivery,2025-02-20 12:33:00,2025-02-22 07:33:00,2025-02-23 07:33:00,Delayed
O1008849,Delhivery,2025-07-06 14:24:00,2025-07-08 15:24:00,2025-07-08 21:24:00,Delayed
O1008850,DHL,2025-08-30 09:56:00,2025-08-31 16:56:00,2025-08-31 16:56:00,Delivered
O1008851,Delhivery,2025-09-15 16:59:00,2025-09-18 23:59:00,2025-09-18 23:59:00,Delivered
O1008852,BlueDart,2025-02-08 16:22:00,2025-02-12 09:22:00,2025-02-12 09:22:00,Delivered
O1008853,Delhivery,2025-09-25 18:52:00,2025-09-27 00:52:00,2025-09-27 00:52:00,Delivered
O1008854,Delhivery,2025-01-10 20:39:00,2025-01-12 00:39:00,2025-01-12 00:39:00,Delivered
O1008855,BlueDart,2025-03-28 23:03:00,2025-04-01 08:03:00,2025-04-01 08:03:00,Delivered
O1008856,Delhivery,2025-04-27 20:01:00,2025-05-01 15:01:00,2025-05-01 15:01:00,Delivered
O1008857,Delhivery,2025-11-09 08:58:00,2025-11-10 09:58:00,2025-11-10 21:58:00,Delayed
O1008858,EcomExpress,2025-03-12 12:25:00,2025-03-15 10:25:00,2025-03-15 16:25:00,Delayed
O1008859,DHL,2025-10-14 05:56:00,2025-10-16 10:56:00,2025-10-16 10:56:00,Delivered
O1008860,BlueDart,2025-12-28 08:25:00,2025-12-31 16:25:00,2025-12-31 22:25:00,Delayed
O1008861,DHL,2025-12-18 04:36:00,2025-12-20 17:36:00,2025-12-21 17:36:00,Delayed
O1008862,DHL,2025-04-21 20:57:00,2025-04-23 11:57:00,2025-04-23 11:57:00,Delivered
O1008863,BlueDart,2025-02-05 06:04:00,2025-02-07 02:04:00,2025-02-07 02:04:00,Delivered
O1008864,DHL,2025-03-24 00:46:00,2025-03-26 19:46:00,2025-03-26 19:46:00,Delivered
O1008865,Delhivery,2025-10-09 03:07:00,2025-10-10 21:07:00,2025-10-10 21:07:00,Delivered
O1008866,Delhivery,2025-03-14 17:58:00,2025-03-16 00:58:00,2025-03-16 00:58:00,Delivered
O1008867,EcomExpress,2025-08-25 06:47:00,2025-08-27 20:47:00,2025-08-27 20:47:00,Delivered
O1008868,DHL,2025-05-17 18:09:00,2025-05-20 17:09:00,2025-05-20 23:09:00,Delayed
O1008870,DHL,2025-08-11 06:49:00,2025-08-14 15:49:00,2025-08-15 03:49:00,Delayed
O1008871,DHL,2025-08-02 16:58:00,2025-08-05 11:58:00,2025-08-05 23:58:00,Delayed
O1008872,Delhivery,2025-10-14 07:05:00,2025-10-16 11:05:00,2025-10-16 11:05:00,Delivered
O1008873,DHL,2025-12-15 22:05:00,2025-12-19 09:05:00,2025-12-19 09:05:00,Delivered
O1008874,BlueDart,2025-05-15 02:34:00,2025-05-17 10:34:00,2025-05-17 10:34:00,Delivered
O1008875,DHL,2025-07-13 18:24:00,2025-07-16 16:24:00,2025-07-16 16:24:00,Delivered
O1008876,BlueDart,2025-08-17 14:24:00,2025-08-21 06:24:00,2025-08-21 06:24:00,Delivered
O1008877,DHL,2025-10-29 12:47:00,2025-11-02 09:47:00,2025-11-02 09:47:00,Delivered
O1008878,DHL,2025-06-25 18:39:00,2025-06-28 01:39:00,2025-06-28 01:39:00,Delivered
O1008879,Delhivery,2025-05-17 23:13:00,2025-05-20 10:13:00,2025-05-20 10:13:00,Delivered
O1008880,DHL,2025-11-05 14:15:00,2025-11-09 04:15:00,2025-11-09 04:15:00,Delivered
O1008881,BlueDart,2025-12-14 16:07:00,2025-12-17 07:07:00,2025-12-17 07:07:00,Delivered
O1008882,DHL,2025-07-28 08:59:00,2025-07-31 14:59:00,2025-07-31 14:59:00,Delivered
O1008883,EcomExpress,2025-02-08 06:40:00,2025-02-09 11:40:00,2025-02-09 11:40:00,Delivered
O1008884,EcomExpress,2025-04-16 19:25:00,2025-04-20 06:25:00,2025-04-20 06:25:00,Delivered
O1008885,Delhivery,2025-06-18 12:41:00,2025-06-19 19:41:00,2025-06-19 19:41:00,Delivered
O1008886,EcomExpress,2025-09-15 07:45:00,2025-09-17 10:45:00,2025-09-17 16:45:00,Delayed
O1008887,EcomExpress,2025-09-02 15:40:00,2025-09-04 03:40:00,2025-09-04 03:40:00,Delivered
O1008888,EcomExpress,2025-10-27 23:42:00,2025-10-31 17:42:00,2025-10-31 17:42:00,Delivered
O1008889,Delhivery,2025-01-11 20:54:00,2025-01-13 04:54:00,2025-01-13 04:54:00,Delivered
O1008890,DHL,2025-06-19 23:11:00,2025-06-22 14:11:00,2025-06-22 14:11:00,Delivered
O1008891,BlueDart,2025-09-14 11:26:00,2025-09-15 20:26:00,2025-09-16 02:26:00,Delayed
O1008892,BlueDart,2025-12-28 08:37:00,2025-12-29 09:37:00,2025-12-29 09:37:00,Delivered
O1008893,Delhivery,2025-02-21 22:28:00,2025-02-23 16:28:00,2025-02-25 16:28:00,Delayed
O1008894,BlueDart,2025-11-17 17:11:00,2025-11-18 22:11:00,2025-11-18 22:11:00,Delivered
O1008895,Delhivery,2025-01-03 19:09:00,2025-01-05 15:09:00,2025-01-07 15:09:00,Delayed
O1008897,EcomExpress,2025-11-07 14:50:00,2025-11-09 01:50:00,2025-11-09 01:50:00,Delivered
O1008898,EcomExpress,2025-10-16 07:01:00,2025-10-19 09:01:00,2025-10-19 09:01:00,Delivered
O1008899,DHL,2025-12-22 23:38:00,2025-12-24 11:38:00,2025-12-24 11:38:00,Delivered
O1008900,EcomExpress,2025-08-09 09:37:00,2025-08-11 20:37:00,2025-08-11 20:37:00,Delivered
O1008901,DHL,2025-08-14 13:55:00,2025-08-15 13:55:00,2025-08-15 13:55:00,Delivered
O1008902,BlueDart,2025-07-16 02:32:00,2025-07-19 20:32:00,2025-07-21 20:32:00,Delayed
O1008903,DHL,2025-07-06 23:45:00,2025-07-09 06:45:00,2025-07-10 06:45:00,Delayed
O1008904,DHL,2025-07-08 04:23:00,2025-07-10 04:23:00,2025-07-12 04:23:00,Delayed
O1008905,BlueDart,2025-04-18 06:10:00,2025-04-20 05:10:00,2025-04-20 05:10:00,Delivered
O1008906,Delhivery,2025-11-09 00:29:00,2025-11-10 04:29:00,2025-11-10 04:29:00,Delivered
O1008907,EcomExpress,2025-05-12 03:55:00,2025-05-13 21:55:00,2025-05-14 03:55:00,Delayed
O1008909,BlueDart,2025-09-02 23:35:00,2025-09-06 11:35:00,2025-09-06 11:35:00,Delivered
O1008910,DHL,2025-07-16 19:22:00,2025-07-18 22:22:00,2025-07-18 22:22:00,Delivered
O1008911,Delhivery,2025-08-12 19:21:00,2025-08-16 07:21:00,2025-08-16 07:21:00,Delivered
O1008912,BlueDart,2025-01-19 03:23:00,2025-01-20 15:23:00,2025-01-20 15:23:00,Delivered
O1008913,DHL,2025-04-26 23:18:00,2025-04-29 01:18:00,2025-04-29 13:18:00,Delayed
O1008914,DHL,2025-06-14 01:03:00,2025-06-16 22:03:00,2025-06-16 22:03:00,Delivered
O1008915,DHL,2025-05-25 15:31:00,2025-05-26 20:31:00,2025-05-26 20:31:00,Delivered
O1008916,DHL,2025-11-29 09:15:00,2025-12-01 10:15:00,2025-12-01 10:15:00,Delivered
O1008917,EcomExpress,2025-11-25 08:29:00,2025-11-28 23:29:00,2025-11-28 23:29:00,Delivered
O1008918,BlueDart,2025-09-18 07:14:00,2025-09-20 18:14:00,2025-09-20 18:14:00,Delivered
O1008919,Delhivery,2025-05-10 05:34:00,2025-05-14 00:34:00,2025-05-14 00:34:00,Delivered
O1008920,Delhivery,2025-01-20 00:22:00,2025-01-21 10:22:00,2025-01-21 10:22:00,Delivered
O1008921,BlueDart,2025-10-04 08:57:00,2025-10-08 07:57:00,2025-10-08 07:57:00,Delivered
O1008922,BlueDart,2025-11-20 00:34:00,2025-11-23 15:34:00,2025-11-24 03:34:00,Delayed
O1008923,Delhivery,2025-06-28 20:48:00,2025-07-01 00:48:00,2025-07-01 00:48:00,Delivered
O1008924,Delhivery,2025-10-30 11:37:00,2025-11-02 03:37:00,2025-11-02 09:37:00,Delayed
O1008925,Delhivery,2025-12-07 02:49:00,2025-12-08 11:49:00,2025-12-08 17:49:00,Delayed
O1008926,DHL,2025-07-19 18:08:00,2025-07-21 05:08:00,2025-07-21 05:08:00,Delivered
O1008927,DHL,2025-03-19 11:08:00,2025-03-21 14:08:00,2025-03-21 20:08:00,Delayed
O1008928,BlueDart,2025-01-10 03:02:00,2025-01-12 02:02:00,2025-01-12 02:02:00,Delivered
O1008930,EcomExpress,2025-07-26 00:41:00,2025-07-28 18:41:00,2025-07-28 18:41:00,Delivered
O1008931,BlueDart,2025-02-26 22:06:00,2025-03-02 15:06:00,2025-03-02 21:06:00,Delayed
O1008933,EcomExpress,2025-12-20 16:05:00,2025-12-21 19:05:00,2025-12-21 19:05:00,Delivered
O1008934,EcomExpress,2025-04-27 22:11:00,2025-05-01 10:11:00,2025-05-01 16:11:00,Delayed
O1008935,BlueDart,2025-05-01 04:10:00,2025-05-02 23:10:00,2025-05-02 23:10:00,Delivered
O1008936,BlueDart,2025-08-18 17:17:00,2025-08-21 15:17:00,2025-08-21 15:17:00,Delivered
O1008940,Delhivery,2025-05-12 07:06:00,2025-05-16 02:06:00,2025-05-16 02:06:00,Delivered
O1008941,DHL,2025-04-09 08:59:00,2025-04-12 12:59:00,2025-04-12 12:59:00,Delivered
O1008942,Delhivery,2025-11-11 09:36:00,2025-11-12 12:36:00,2025-11-12 12:36:00,Delivered
O1008943,EcomExpress,2025-08-05 06:12:00,2025-08-08 00:12:00,2025-08-08 00:12:00,Delivered
O1008944,BlueDart,2025-12-03 09:39:00,2025-12-04 19:39:00,2025-12-05 07:39:00,Delayed
O1008945,BlueDart,2025-05-07 04:45:00,2025-05-08 22:45:00,2025-05-09 22:45:00,Delayed
O1008946,BlueDart,2025-01-09 08:55:00,2025-01-12 01:55:00,2025-01-13 01:55:00,Delayed
O1008947,DHL,2025-11-26 06:31:00,2025-11-28 23:31:00,2025-11-30 23:31:00,Delayed
O1008948,DHL,2025-03-30 01:43:00,2025-04-02 21:43:00,2025-04-02 21:43:00,Delivered
O1008949,EcomExpress,2025-11-05 15:18:00,2025-11-07 11:18:00,2025-11-07 17:18:00,Delayed
O1008951,EcomExpress,2025-03-26 21:51:00,2025-03-30 16:51:00,2025-03-30 16:51:00,Delivered
O1008952,EcomExpress,2025-10-05 09:08:00,2025-10-07 16:08:00,2025-10-08 16:08:00,Delayed
O1008953,DHL,2025-01-30 21:10:00,2025-02-01 15:10:00,2025-02-01 15:10:00,Delivered
O1008954,EcomExpress,2025-05-24 19:35:00,2025-05-27 15:35:00,2025-05-27 21:35:00,Delayed
O1008955,Delhivery,2025-05-12 06:42:00,2025-05-15 02:42:00,2025-05-15 14:42:00,Delayed
O1008956,Delhivery,2025-08-29 08:02:00,2025-09-02 00:02:00,2025-09-04 00:02:00,Delayed
O1008957,Delhivery,2025-07-16 07:42:00,2025-07-20 04:42:00,2025-07-20 04:42:00,Delivered
O1008958,EcomExpress,2025-08-13 07:09:00,2025-08-16 06:09:00,2025-08-16 06:09:00,Delivered
O1008959,BlueDart,2025-06-24 05:37:00,2025-06-27 02:37:00,2025-06-27 02:37:00,Delivered
O1008960,BlueDart,2025-09-28 22:59:00,2025-09-30 18:59:00,2025-10-01 06:59:00,Delayed
O1008961,DHL,2025-02-28 22:34:00,2025-03-02 13:34:00,2025-03-02 19:34:00,Delayed
O1008962,Delhivery,2025-09-21 09:56:00,2025-09-24 03:56:00,2025-09-24 03:56:00,Delivered
O1008963,DHL,2025-01-20 20:50:00,2025-01-23 21:50:00,2025-01-24 21:50:00,Delayed
O1008964,DHL,2025-02-02 16:45:00,2025-02-04 18:45:00,2025-02-04 18:45:00,Delivered
O1008965,BlueDart,2025-09-22 14:23:00,2025-09-25 02:23:00,2025-09-26 02:23:00,Delayed
O1008966,Delhivery,2025-02-28 09:01:00,2025-03-03 02:01:00,2025-03-04 02:01:00,Delayed
O1008967,EcomExpress,2025-10-10 08:00:00,2025-10-12 19:00:00,2025-10-13 19:00:00,Delayed
O1008968,DHL,2025-02-18 21:45:00,2025-02-20 00:45:00,2025-02-20 12:45:00,Delayed
O1008969,EcomExpress,2025-02-23 23:11:00,2025-02-26 10:11:00,2025-02-26 22:11:00,Delayed
O1008970,Delhivery,2025-12-08 03:21:00,2025-12-09 18:21:00,2025-12-09 18:21:00,Delivered
O1008971,BlueDart,2025-03-07 06:18:00,2025-03-08 14:18:00,2025-03-08 14:18:00,Delivered
O1008972,EcomExpress,2025-11-30 18:22:00,2025-12-03 03:22:00,2025-12-03 03:22:00,Delivered
O1008973,DHL,2025-05-09 01:00:00,2025-05-12 09:00:00,2025-05-12 09:00:00,Delivered
O1008974,Delhivery,2025-10-20 11:18:00,2025-10-23 20:18:00,2025-10-23 20:18:00,Delivered
O1008975,Delhivery,2025-12-09 16:35:00,2025-12-11 16:35:00,2025-12-11 16:35:00,Delivered
O1008976,EcomExpress,2025-02-12 21:11:00,2025-02-15 13:11:00,2025-02-15 13:11:00,Delivered
O1008977,EcomExpress,2025-05-01 23:11:00,2025-05-03 12:11:00,2025-05-03 18:11:00,Delayed
O1008978,DHL,2025-07-30 12:22:00,2025-08-01 08:22:00,2025-08-01 08:22:00,Delivered
O1008979,EcomExpress,2025-11-13 13:59:00,2025-11-15 20:59:00,2025-11-15 20:59:00,Delivered
O1008980,Delhivery,2025-03-11 03:38:00,2025-03-13 07:38:00,2025-03-13 19:38:00,Delayed
O1008981,BlueDart,2025-03-10 17:51:00,2025-03-13 15:51:00,2025-03-14 15:51:00,Delayed
O1008982,BlueDart,2025-05-16 12:30:00,2025-05-19 17:30:00,2025-05-19 17:30:00,Delivered
O1008983,BlueDart,2025-03-17 18:05:00,2025-03-20 09:05:00,2025-03-21 09:05:00,Delayed
O1008984,EcomExpress,2025-04-09 09:48:00,2025-04-10 11:48:00,2025-04-10 11:48:00,Delivered
O1008985,DHL,2025-02-18 07:27:00,2025-02-21 17:27:00,2025-02-21 23:27:00,Delayed
O1008986,DHL,2025-10-31 06:30:00,2025-11-02 14:30:00,2025-11-03 14:30:00,Delayed
O1008987,BlueDart,2025-10-18 12:43:00,2025-10-22 00:43:00,2025-10-22 00:43:00,Delivered
O1008988,EcomExpress,2025-02-23 07:11:00,2025-02-25 02:11:00,2025-02-26 02:11:00,Delayed
O1008989,DHL,2025-07-16 09:41:00,2025-07-19 05:41:00,2025-07-19 11:41:00,Delayed
O1008990,EcomExpress,2025-08-25 05:55:00,2025-08-26 22:55:00,2025-08-28 22:55:00,Delayed
O1008991,DHL,2025-08-19 09:13:00,2025-08-22 00:13:00,2025-08-22 00:13:00,Delivered
O1008992,DHL,2025-12-26 18:11:00,2025-12-30 06:11:00,2025-12-30 06:11:00,Delivered
O1008993,EcomExpress,2025-08-24 07:37:00,2025-08-26 23:37:00,2025-08-27 05:37:00,Delayed
O1008994,DHL,2025-09-09 16:22:00,2025-09-13 15:22:00,2025-09-13 15:22:00,Delivered
O1008995,EcomExpress,2025-01-13 10:21:00,2025-01-15 14:21:00,2025-01-16 02:21:00,Delayed
O1008996,DHL,2025-01-29 20:04:00,2025-01-31 05:04:00,2025-01-31 05:04:00,Delivered
O1008997,DHL,2025-08-14 16:44:00,2025-08-17 01:44:00,2025-08-17 01:44:00,Delivered
O1008998,DHL,2025-11-29 09:26:00,2025-12-02 20:26:00,2025-12-02 20:26:00,Delivered
O1008999,EcomExpress,2025-05-27 13:13:00,2025-05-30 02:13:00,2025-05-30 08:13:00,Delayed
O1009000,DHL,2025-08-24 04:36:00,2025-08-27 00:36:00,2025-08-27 00:36:00,Delivered
O1009001,BlueDart,2025-03-18 23:10:00,2025-03-22 08:10:00,2025-03-22 08:10:00,Delivered
O1009002,BlueDart,2025-06-17 02:22:00,2025-06-18 20:22:00,2025-06-18 20:22:00,Delivered
O1009003,BlueDart,2025-10-03 07:33:00,2025-10-06 12:33:00,2025-10-06 18:33:00,Delayed
O1009004,Delhivery,2025-08-30 05:11:00,2025-09-03 01:11:00,2025-09-03 01:11:00,Delivered
O1009005,EcomExpress,2025-02-12 09:36:00,2025-02-13 23:36:00,2025-02-13 23:36:00,Delivered
O1009006,BlueDart,2025-11-18 15:15:00,2025-11-20 04:15:00,2025-11-20 10:15:00,Delayed
O1009007,BlueDart,2025-12-05 18:17:00,2025-12-09 16:17:00,2025-12-09 16:17:00,Delivered
O1009008,BlueDart,2025-06-24 20:30:00,2025-06-28 17:30:00,2025-06-29 05:30:00,Delayed
O1009009,Delhivery,2025-05-06 05:34:00,2025-05-10 02:34:00,2025-05-10 02:34:00,Delivered
O1009010,Delhivery,2025-07-13 22:06:00,2025-07-17 11:06:00,2025-07-17 23:06:00,Delayed
O1009011,EcomExpress,2025-10-21 08:33:00,2025-10-23 04:33:00,2025-10-23 04:33:00,Delivered
O1009012,EcomExpress,2025-06-15 21:51:00,2025-06-18 13:51:00,2025-06-18 13:51:00,Delivered
O1009013,DHL,2025-01-11 22:02:00,2025-01-15 21:02:00,2025-01-15 21:02:00,Delivered
O1009014,BlueDart,2025-01-28 03:28:00,2025-01-31 05:28:00,2025-01-31 05:28:00,Delivered
O1009015,BlueDart,2025-10-25 14:01:00,2025-10-28 03:01:00,2025-10-28 09:01:00,Delayed
O1009016,Delhivery,2025-10-15 22:04:00,2025-10-18 17:04:00,2025-10-18 17:04:00,Delivered
O1009017,DHL,2025-10-10 16:24:00,2025-10-12 08:24:00,2025-10-12 08:24:00,Delivered
O1009018,DHL,2025-02-16 15:53:00,2025-02-18 16:53:00,2025-02-19 16:53:00,Delayed
O1009019,DHL,2025-03-05 18:23:00,2025-03-08 21:23:00,2025-03-08 21:23:00,Delivered
O1009020,BlueDart,2025-05-26 01:51:00,2025-05-29 22:51:00,2025-05-30 04:51:00,Delayed
O1009021,Delhivery,2025-03-27 04:22:00,2025-03-28 07:22:00,2025-03-28 13:22:00,Delayed
O1009022,BlueDart,2025-05-23 11:58:00,2025-05-25 16:58:00,2025-05-26 16:58:00,Delayed
O1009023,EcomExpress,2025-07-24 15:12:00,2025-07-27 16:12:00,2025-07-28 16:12:00,Delayed
O1009024,BlueDart,2025-04-14 03:12:00,2025-04-16 12:12:00,2025-04-16 12:12:00,Delivered
O1009025,Delhivery,2025-02-16 01:01:00,2025-02-19 13:01:00,2025-02-20 13:01:00,Delayed
O1009026,EcomExpress,2025-05-28 13:47:00,2025-05-31 11:47:00,2025-05-31 11:47:00,Delivered
O1009027,EcomExpress,2025-09-21 21:33:00,2025-09-23 22:33:00,2025-09-23 22:33:00,Delivered
O1009028,EcomExpress,2025-08-15 02:15:00,2025-08-18 09:15:00,2025-08-18 09:15:00,Delivered
O1009029,BlueDart,2025-04-29 16:56:00,2025-05-01 16:56:00,2025-05-01 16:56:00,Delivered
O1009031,BlueDart,2025-08-03 11:38:00,2025-08-05 16:38:00,2025-08-06 04:38:00,Delayed
O1009032,Delhivery,2025-03-05 06:10:00,2025-03-07 01:10:00,2025-03-08 01:10:00,Delayed
O1009033,Delhivery,2025-11-02 14:10:00,2025-11-06 13:10:00,2025-11-06 13:10:00,Delivered
O1009034,EcomExpress,2025-11-14 23:55:00,2025-11-17 04:55:00,2025-11-17 04:55:00,Delivered
O1009035,EcomExpress,2025-01-11 05:37:00,2025-01-15 01:37:00,2025-01-15 13:37:00,Delayed
O1009036,EcomExpress,2025-12-22 05:28:00,2025-12-24 22:28:00,2025-12-24 22:28:00,Delivered
O1009037,Delhivery,2025-01-10 07:35:00,2025-01-11 16:35:00,2025-01-12 16:35:00,Delayed
O1009038,EcomExpress,2025-06-18 13:37:00,2025-06-21 19:37:00,2025-06-21 19:37:00,Delivered
O1009039,DHL,2025-09-02 07:32:00,2025-09-03 21:32:00,2025-09-03 21:32:00,Delivered
O1009040,EcomExpress,2025-05-01 00:10:00,2025-05-04 15:10:00,2025-05-04 15:10:00,Delivered
O1009041,EcomExpress,2025-03-17 15:45:00,2025-03-21 12:45:00,2025-03-21 12:45:00,Delivered
O1009042,BlueDart,2025-01-18 22:40:00,2025-01-21 13:40:00,2025-01-22 13:40:00,Delayed
O1009043,DHL,2025-09-24 11:24:00,2025-09-26 15:24:00,2025-09-26 15:24:00,Delivered
O1009044,EcomExpress,2025-01-15 05:02:00,2025-01-17 15:02:00,2025-01-17 15:02:00,Delivered
O1009045,DHL,2025-06-26 22:58:00,2025-06-30 05:58:00,2025-06-30 05:58:00,Delivered
O1009046,DHL,2025-05-25 00:13:00,2025-05-27 02:13:00,2025-05-27 08:13:00,Delayed
O1009047,DHL,2025-12-21 01:44:00,2025-12-22 04:44:00,2025-12-22 04:44:00,Delivered
O1009048,Delhivery,2025-12-07 07:34:00,2025-12-10 01:34:00,2025-12-10 01:34:00,Delivered
O1009049,DHL,2025-10-27 10:50:00,2025-10-30 15:50:00,2025-10-31 15:50:00,Delayed
O1009050,BlueDart,2025-09-24 23:57:00,2025-09-26 09:57:00,2025-09-26 21:57:00,Delayed
O1009051,Delhivery,2025-07-19 11:10:00,2025-07-21 12:10:00,2025-07-22 12:10:00,Delayed
O1009052,EcomExpress,2025-05-09 14:04:00,2025-05-11 23:04:00,2025-05-11 23:04:00,Delivered
O1009053,BlueDart,2025-03-03 12:12:00,2025-03-06 08:12:00,2025-03-06 08:12:00,Delivered
O1009054,BlueDart,2025-12-20 18:11:00,2025-12-23 06:11:00,2025-12-23 06:11:00,Delivered
O1009055,DHL,2025-05-22 01:27:00,2025-05-25 07:27:00,2025-05-25 07:27:00,Delivered
O1009056,BlueDart,2025-06-07 01:40:00,2025-06-09 22:40:00,2025-06-11 22:40:00,Delayed
O1009057,EcomExpress,2025-02-21 19:54:00,2025-02-24 22:54:00,2025-02-26 22:54:00,Delayed
O1009058,BlueDart,2025-04-13 08:00:00,2025-04-14 12:00:00,2025-04-14 12:00:00,Delivered
O1009059,Delhivery,2025-08-21 14:55:00,2025-08-25 08:55:00,2025-08-27 08:55:00,Delayed
O1009060,BlueDart,2025-06-06 05:00:00,2025-06-08 11:00:00,2025-06-09 11:00:00,Delayed
O1009061,Delhivery,2025-08-02 16:18:00,2025-08-04 22:18:00,2025-08-04 22:18:00,Delivered
O1009062,DHL,2025-03-20 10:54:00,2025-03-23 16:54:00,2025-03-23 16:54:00,Delivered
O1009063,BlueDart,2025-01-31 01:57:00,2025-02-02 06:57:00,2025-02-02 06:57:00,Delivered
O1009064,Delhivery,2025-11-21 05:08:00,2025-11-24 13:08:00,2025-11-24 13:08:00,Delivered
O1009065,DHL,2025-06-08 01:23:00,2025-06-11 12:23:00,2025-06-12 00:23:00,Delayed
O1009066,EcomExpress,2025-05-13 06:28:00,2025-05-15 21:28:00,2025-05-15 21:28:00,Delivered
O1009067,Delhivery,2025-04-15 14:01:00,2025-04-18 06:01:00,2025-04-18 18:01:00,Delayed
O1009068,EcomExpress,2025-08-30 04:13:00,2025-09-02 18:13:00,2025-09-03 00:13:00,Delayed
O1009069,BlueDart,2025-07-26 06:29:00,2025-07-29 11:29:00,2025-07-29 23:29:00,Delayed
O1009070,BlueDart,2025-05-24 05:43:00,2025-05-27 11:43:00,2025-05-27 11:43:00,Delivered
O1009071,Delhivery,2025-12-06 17:18:00,2025-12-09 19:18:00,2025-12-10 01:18:00,Delayed
O1009072,EcomExpress,2025-11-27 11:30:00,2025-11-30 20:30:00,2025-11-30 20:30:00,Delivered
O1009073,DHL,2025-03-14 19:02:00,2025-03-18 02:02:00,2025-03-18 08:02:00,Delayed
O1009074,DHL,2025-08-23 21:59:00,2025-08-27 06:59:00,2025-08-27 06:59:00,Delivered
O1009075,Delhivery,2025-12-21 15:37:00,2025-12-23 20:37:00,2025-12-23 20:37:00,Delivered
O1009076,DHL,2025-06-28 22:55:00,2025-07-02 02:55:00,2025-07-02 08:55:00,Delayed
O1009077,DHL,2025-01-13 09:43:00,2025-01-15 22:43:00,2025-01-15 22:43:00,Delivered
O1009078,DHL,2025-02-19 04:09:00,2025-02-22 17:09:00,2025-02-23 05:09:00,Delayed
O1009079,EcomExpress,2025-09-02 18:29:00,2025-09-05 05:29:00,2025-09-05 05:29:00,Delivered
O1009080,DHL,2025-11-27 06:48:00,2025-11-28 12:48:00,2025-11-28 12:48:00,Delivered
O1009082,DHL,2025-07-20 05:58:00,2025-07-23 15:58:00,2025-07-23 15:58:00,Delivered
O1009083,EcomExpress,2025-07-01 15:22:00,2025-07-04 03:22:00,2025-07-04 03:22:00,Delivered
O1009084,DHL,2025-04-16 13:14:00,2025-04-17 15:14:00,2025-04-17 15:14:00,Delivered
O1009085,Delhivery,2025-08-20 08:17:00,2025-08-23 19:17:00,2025-08-23 19:17:00,Delivered
O1009086,BlueDart,2025-11-17 16:46:00,2025-11-18 19:46:00,2025-11-19 19:46:00,Delayed
O1009087,DHL,2025-03-29 20:48:00,2025-03-31 03:48:00,2025-03-31 15:48:00,Delayed
O1009088,DHL,2025-01-21 04:37:00,2025-01-24 07:37:00,2025-01-25 07:37:00,Delayed
O1009089,EcomExpress,2025-05-13 13:30:00,2025-05-15 00:30:00,2025-05-15 06:30:00,Delayed
O1009090,EcomExpress,2025-04-26 05:46:00,2025-04-28 00:46:00,2025-04-28 00:46:00,Delivered
O1009091,BlueDart,2025-09-24 06:20:00,2025-09-26 10:20:00,2025-09-26 10:20:00,Delivered
O1009092,DHL,2025-07-15 22:22:00,2025-07-19 20:22:00,2025-07-20 02:22:00,Delayed
O1009093,EcomExpress,2025-01-08 09:28:00,2025-01-11 01:28:00,2025-01-11 01:28:00,Delivered
O1009094,Delhivery,2025-05-06 18:59:00,2025-05-10 15:59:00,2025-05-10 21:59:00,Delayed
O1009095,Delhivery,2025-09-27 07:32:00,2025-09-30 11:32:00,2025-09-30 11:32:00,Delivered
O1009096,EcomExpress,2025-06-25 03:49:00,2025-06-26 23:49:00,2025-06-26 23:49:00,Delivered
O1009097,BlueDart,2025-07-26 02:10:00,2025-07-28 18:10:00,2025-07-28 18:10:00,Delivered
O1009098,DHL,2025-04-08 11:47:00,2025-04-10 11:47:00,2025-04-10 11:47:00,Delivered
O1009099,BlueDart,2025-04-28 03:08:00,2025-04-29 18:08:00,2025-04-29 18:08:00,Delivered
O1009100,EcomExpress,2025-02-18 10:05:00,2025-02-21 00:05:00,2025-02-21 00:05:00,Delivered
O1009102,BlueDart,2025-01-14 19:43:00,2025-01-18 08:43:00,2025-01-18 08:43:00,Delivered
O1009104,EcomExpress,2025-02-27 17:06:00,2025-03-03 01:06:00,2025-03-03 01:06:00,Delivered
O1009105,BlueDart,2025-07-30 14:34:00,2025-08-01 09:34:00,2025-08-02 09:34:00,Delayed
O1009106,Delhivery,2025-12-15 08:07:00,2025-12-17 02:07:00,2025-12-17 14:07:00,Delayed
O1009107,DHL,2025-09-12 19:59:00,2025-09-16 08:59:00,2025-09-16 08:59:00,Delivered
O1009108,Delhivery,2025-07-31 06:36:00,2025-08-03 03:36:00,2025-08-04 03:36:00,Delayed
O1009109,Delhivery,2025-02-13 05:24:00,2025-02-15 16:24:00,2025-02-16 04:24:00,Delayed
O1009110,DHL,2025-06-28 22:17:00,2025-07-02 09:17:00,2025-07-02 21:17:00,Delayed
O1009111,BlueDart,2025-11-23 10:33:00,2025-11-24 12:33:00,2025-11-25 12:33:00,Delayed
O1009112,Delhivery,2025-05-22 03:01:00,2025-05-25 09:01:00,2025-05-25 15:01:00,Delayed
O1009113,BlueDart,2025-10-30 00:31:00,2025-11-01 10:31:00,2025-11-01 10:31:00,Delivered
O1009114,Delhivery,2025-09-16 21:11:00,2025-09-19 07:11:00,2025-09-19 07:11:00,Delivered
O1009115,DHL,2025-04-09 02:50:00,2025-04-12 01:50:00,2025-04-12 01:50:00,Delivered
O1009116,Delhivery,2025-02-22 10:46:00,2025-02-24 02:46:00,2025-02-24 02:46:00,Delivered
O1009117,DHL,2025-01-07 18:16:00,2025-01-11 09:16:00,2025-01-11 09:16:00,Delivered
O1009118,EcomExpress,2025-04-11 23:51:00,2025-04-13 05:51:00,2025-04-13 05:51:00,Delivered
O1009119,BlueDart,2025-05-02 15:21:00,2025-05-05 08:21:00,2025-05-05 08:21:00,Delivered
O1009120,EcomExpress,2025-08-29 06:51:00,2025-08-31 16:51:00,2025-08-31 16:51:00,Delivered
O1009121,BlueDart,2025-07-29 19:01:00,2025-08-02 18:01:00,2025-08-02 18:01:00,Delivered
O1009122,Delhivery,2025-06-25 15:52:00,2025-06-28 13:52:00,2025-06-28 19:52:00,Delayed
O1009123,EcomExpress,2025-09-22 11:47:00,2025-09-24 14:47:00,2025-09-24 14:47:00,Delivered
O1009124,DHL,2025-10-09 16:29:00,2025-10-11 22:29:00,2025-10-11 22:29:00,Delivered
O1009125,BlueDart,2025-09-19 01:43:00,2025-09-20 18:43:00,2025-09-20 18:43:00,Delivered
O1009126,DHL,2025-11-25 00:02:00,2025-11-26 03:02:00,2025-11-26 15:02:00,Delayed
O1009127,BlueDart,2025-05-12 21:29:00,2025-05-15 04:29:00,2025-05-15 04:29:00,Delivered
O1009128,EcomExpress,2025-10-29 17:09:00,2025-10-30 18:09:00,2025-10-30 18:09:00,Delivered
O1009129,BlueDart,2025-06-04 04:33:00,2025-06-07 03:33:00,2025-06-07 03:33:00,Delivered
O1009130,DHL,2025-03-10 03:19:00,2025-03-13 19:19:00,2025-03-14 07:19:00,Delayed
O1009131,DHL,2025-02-24 04:31:00,2025-02-25 10:31:00,2025-02-25 10:31:00,Delivered
O1009132,BlueDart,2025-02-04 04:07:00,2025-02-08 01:07:00,2025-02-10 01:07:00,Delayed
O1009133,Delhivery,2025-12-15 23:14:00,2025-12-17 05:14:00,2025-12-17 05:14:00,Delivered
O1009134,DHL,2025-03-04 09:51:00,2025-03-06 19:51:00,2025-03-06 19:51:00,Delivered
O1009135,BlueDart,2025-11-02 05:40:00,2025-11-05 01:40:00,2025-11-05 01:40:00,Delivered
O1009136,EcomExpress,2025-10-14 08:11:00,2025-10-17 06:11:00,2025-10-17 06:11:00,Delivered
O1009137,BlueDart,2025-06-11 08:04:00,2025-06-13 11:04:00,2025-06-14 11:04:00,Delayed
O1009138,Delhivery,2025-12-01 06:47:00,2025-12-02 09:47:00,2025-12-02 09:47:00,Delivered
O1009140,EcomExpress,2025-12-05 04:36:00,2025-12-08 12:36:00,2025-12-08 18:36:00,Delayed
O1009142,Delhivery,2025-04-20 13:17:00,2025-04-22 22:17:00,2025-04-23 22:17:00,Delayed
O1009143,EcomExpress,2025-01-17 00:32:00,2025-01-18 18:32:00,2025-01-18 18:32:00,Delivered
O1009144,DHL,2025-11-03 23:34:00,2025-11-06 07:34:00,2025-11-06 07:34:00,Delivered
O1009145,DHL,2025-11-16 09:13:00,2025-11-18 16:13:00,2025-11-18 16:13:00,Delivered
O1009146,EcomExpress,2025-07-16 00:52:00,2025-07-18 18:52:00,2025-07-19 06:52:00,Delayed
O1009147,DHL,2025-01-26 16:12:00,2025-01-29 05:12:00,2025-01-29 17:12:00,Delayed
O1009148,Delhivery,2025-10-29 00:52:00,2025-10-31 19:52:00,2025-10-31 19:52:00,Delivered
O1009149,BlueDart,2025-04-20 18:27:00,2025-04-24 13:27:00,2025-04-24 13:27:00,Delivered
O1009150,DHL,2025-07-21 20:47:00,2025-07-25 14:47:00,2025-07-26 02:47:00,Delayed
O1009151,DHL,2025-08-29 19:06:00,2025-08-30 19:06:00,2025-08-31 07:06:00,Delayed
O1009152,DHL,2025-02-23 23:28:00,2025-02-26 21:28:00,2025-02-26 21:28:00,Delivered
O1009153,BlueDart,2025-01-23 21:47:00,2025-01-25 12:47:00,2025-01-25 12:47:00,Delivered
O1009154,BlueDart,2025-01-30 04:10:00,2025-01-31 08:10:00,2025-01-31 08:10:00,Delivered
O1009155,BlueDart,2025-12-18 02:54:00,2025-12-19 08:54:00,2025-12-19 08:54:00,Delivered
O1009157,DHL,2025-06-05 15:47:00,2025-06-08 12:47:00,2025-06-08 12:47:00,Delivered
O1009158,EcomExpress,2025-06-06 18:20:00,2025-06-10 17:20:00,2025-06-10 23:20:00,Delayed
O1009159,Delhivery,2025-05-30 06:40:00,2025-06-02 14:40:00,2025-06-02 14:40:00,Delivered
O1009160,Delhivery,2025-05-09 16:01:00,2025-05-11 01:01:00,2025-05-11 13:01:00,Delayed
O1009161,DHL,2025-07-19 04:25:00,2025-07-20 19:25:00,2025-07-20 19:25:00,Delivered
O1009162,Delhivery,2025-05-12 04:14:00,2025-05-15 15:14:00,2025-05-15 21:14:00,Delayed
O1009163,Delhivery,2025-08-14 11:56:00,2025-08-17 06:56:00,2025-08-17 06:56:00,Delivered
O1009164,EcomExpress,2025-05-20 02:01:00,2025-05-22 15:01:00,2025-05-22 15:01:00,Delivered
O1009165,EcomExpress,2025-08-18 18:05:00,2025-08-20 07:05:00,2025-08-20 07:05:00,Delivered
O1009166,BlueDart,2025-12-12 12:17:00,2025-12-15 20:17:00,2025-12-15 20:17:00,Delivered
O1009167,DHL,2025-03-18 00:10:00,2025-03-21 12:10:00,2025-03-21 18:10:00,Delayed
O1009168,Delhivery,2025-01-24 01:31:00,2025-01-25 22:31:00,2025-01-25 22:31:00,Delivered
O1009169,DHL,2025-07-12 23:14:00,2025-07-16 22:14:00,2025-07-16 22:14:00,Delivered
O1009170,BlueDart,2025-02-14 12:40:00,2025-02-16 22:40:00,2025-02-16 22:40:00,Delivered
O1009171,EcomExpress,2025-03-27 06:39:00,2025-03-28 08:39:00,2025-03-29 08:39:00,Delayed
O1009172,EcomExpress,2025-10-16 17:48:00,2025-10-20 15:48:00,2025-10-20 15:48:00,Delivered
O1009173,BlueDart,2025-06-03 18:40:00,2025-06-05 07:40:00,2025-06-05 07:40:00,Delivered
O1009174,DHL,2025-07-21 20:26:00,2025-07-23 02:26:00,2025-07-23 02:26:00,Delivered
O1009175,EcomExpress,2025-10-11 19:30:00,2025-10-14 03:30:00,2025-10-14 15:30:00,Delayed
O1009176,BlueDart,2025-02-16 21:21:00,2025-02-19 17:21:00,2025-02-20 17:21:00,Delayed
O1009177,DHL,2025-06-25 07:34:00,2025-06-28 04:34:00,2025-06-28 10:34:00,Delayed
O1009178,DHL,2025-01-14 15:45:00,2025-01-18 11:45:00,2025-01-18 11:45:00,Delivered
O1009179,EcomExpress,2025-07-03 06:55:00,2025-07-05 15:55:00,2025-07-06 03:55:00,Delayed
O1009180,DHL,2025-03-23 16:37:00,2025-03-25 01:37:00,2025-03-25 01:37:00,Delivered
O1009181,EcomExpress,2025-11-29 17:20:00,2025-12-02 01:20:00,2025-12-02 01:20:00,Delivered
O1009183,DHL,2025-03-15 11:49:00,2025-03-18 23:49:00,2025-03-18 23:49:00,Delivered
O1009184,DHL,2025-01-07 02:16:00,2025-01-08 02:16:00,2025-01-10 02:16:00,Delayed
O1009185,DHL,2025-02-18 17:45:00,2025-02-20 12:45:00,2025-02-20 18:45:00,Delayed
O1009186,Delhivery,2025-03-21 04:37:00,2025-03-24 04:37:00,2025-03-24 04:37:00,Delivered
O1009187,EcomExpress,2025-03-25 18:26:00,2025-03-27 08:26:00,2025-03-27 08:26:00,Delivered
O1009188,Delhivery,2025-09-28 12:54:00,2025-09-30 23:54:00,2025-10-01 23:54:00,Delayed
O1009189,Delhivery,2025-11-20 19:24:00,2025-11-22 06:24:00,2025-11-22 12:24:00,Delayed
O1009190,EcomExpress,2025-11-09 19:14:00,2025-11-11 04:14:00,2025-11-11 04:14:00,Delivered
O1009191,BlueDart,2025-12-17 03:10:00,2025-12-20 07:10:00,2025-12-22 07:10:00,Delayed
O1009192,BlueDart,2025-11-25 05:07:00,2025-11-28 13:07:00,2025-11-28 13:07:00,Delivered
O1009193,BlueDart,2025-06-17 10:41:00,2025-06-18 12:41:00,2025-06-18 12:41:00,Delivered
O1009194,BlueDart,2025-05-24 10:02:00,2025-05-27 00:02:00,2025-05-27 00:02:00,Delivered
O1009195,DHL,2025-08-25 22:32:00,2025-08-28 04:32:00,2025-08-28 10:32:00,Delayed
O1009196,EcomExpress,2025-04-28 13:02:00,2025-04-30 15:02:00,2025-04-30 15:02:00,Delivered
O1009197,BlueDart,2025-08-10 05:43:00,2025-08-13 07:43:00,2025-08-13 07:43:00,Delivered
O1009198,Delhivery,2026-01-01 08:04:00,2026-01-04 05:04:00,2026-01-04 11:04:00,Delayed
O1009199,BlueDart,2025-03-15 01:26:00,2025-03-16 11:26:00,2025-03-16 11:26:00,Delivered
O1009200,DHL,2025-10-09 08:47:00,2025-10-13 05:47:00,2025-10-13 17:47:00,Delayed
O1009201,EcomExpress,2025-12-08 17:03:00,2025-12-10 09:03:00,2025-12-11 09:03:00,Delayed
O1009202,Delhivery,2025-07-17 01:43:00,2025-07-19 16:43:00,2025-07-19 16:43:00,Delivered
O1009203,DHL,2025-05-11 09:17:00,2025-05-12 19:17:00,2025-05-12 19:17:00,Delivered
O1009204,EcomExpress,2025-04-04 05:56:00,2025-04-07 00:56:00,2025-04-07 00:56:00,Delivered
O1009205,Delhivery,2025-03-04 12:00:00,2025-03-05 13:00:00,2025-03-05 13:00:00,Delivered
O1009206,BlueDart,2025-04-29 16:40:00,2025-05-01 11:40:00,2025-05-01 11:40:00,Delivered
O1009207,EcomExpress,2025-10-01 12:18:00,2025-10-03 20:18:00,2025-10-04 02:18:00,Delayed
O1009208,DHL,2025-07-09 04:56:00,2025-07-10 11:56:00,2025-07-10 11:56:00,Delivered
O1009209,Delhivery,2025-03-22 20:38:00,2025-03-25 07:38:00,2025-03-25 19:38:00,Delayed
O1009210,EcomExpress,2025-07-17 15:43:00,2025-07-20 08:43:00,2025-07-20 08:43:00,Delivered
O1009211,BlueDart,2025-10-23 15:02:00,2025-10-27 11:02:00,2025-10-27 11:02:00,Delivered
O1009213,BlueDart,2025-01-08 12:42:00,2025-01-10 14:42:00,2025-01-11 02:42:00,Delayed
O1009214,EcomExpress,2025-12-18 06:10:00,2025-12-21 10:10:00,2025-12-21 16:10:00,Delayed
O1009216,Delhivery,2025-07-30 17:41:00,2025-08-01 12:41:00,2025-08-01 12:41:00,Delivered
O1009217,Delhivery,2025-11-28 02:53:00,2025-12-01 23:53:00,2025-12-02 05:53:00,Delayed
O1009218,Delhivery,2025-08-04 21:21:00,2025-08-08 18:21:00,2025-08-09 18:21:00,Delayed
O1009219,EcomExpress,2025-07-11 01:23:00,2025-07-14 07:23:00,2025-07-14 07:23:00,Delivered
O1009220,BlueDart,2025-03-20 07:44:00,2025-03-21 22:44:00,2025-03-21 22:44:00,Delivered
O1009221,BlueDart,2025-10-24 10:56:00,2025-10-28 08:56:00,2025-10-28 08:56:00,Delivered
O1009222,EcomExpress,2025-10-07 17:12:00,2025-10-09 21:12:00,2025-10-09 21:12:00,Delivered
O1009223,DHL,2025-04-19 17:19:00,2025-04-21 10:19:00,2025-04-21 10:19:00,Delivered
O1009224,Delhivery,2025-09-27 23:07:00,2025-09-30 03:07:00,2025-09-30 03:07:00,Delivered
O1009225,BlueDart,2025-09-24 05:51:00,2025-09-25 17:51:00,2025-09-25 17:51:00,Delivered
O1009226,BlueDart,2025-02-05 19:10:00,2025-02-07 20:10:00,2025-02-08 02:10:00,Delayed
O1009227,DHL,2025-02-28 12:25:00,2025-03-02 16:25:00,2025-03-02 16:25:00,Delivered
O1009228,DHL,2025-08-06 20:21:00,2025-08-10 19:21:00,2025-08-10 19:21:00,Delivered
O1009229,Delhivery,2025-08-17 08:16:00,2025-08-19 19:16:00,2025-08-19 19:16:00,Delivered
O1009230,Delhivery,2025-08-30 14:10:00,2025-09-02 19:10:00,2025-09-02 19:10:00,Delivered
O1009231,Delhivery,2025-05-18 09:16:00,2025-05-21 20:16:00,2025-05-22 02:16:00,Delayed
O1009232,EcomExpress,2025-11-01 22:19:00,2025-11-05 18:19:00,2025-11-06 00:19:00,Delayed
O1009233,DHL,2025-06-13 14:30:00,2025-06-16 04:30:00,2025-06-16 04:30:00,Delivered
O1009234,EcomExpress,2025-03-18 06:35:00,2025-03-21 00:35:00,2025-03-23 00:35:00,Delayed
O1009235,EcomExpress,2025-02-12 14:31:00,2025-02-16 10:31:00,2025-02-16 10:31:00,Delivered
O1009236,EcomExpress,2025-11-18 11:23:00,2025-11-21 12:23:00,2025-11-23 12:23:00,Delayed
O1009237,EcomExpress,2025-09-17 06:41:00,2025-09-19 02:41:00,2025-09-19 02:41:00,Delivered
O1009238,DHL,2025-06-18 17:55:00,2025-06-21 11:55:00,2025-06-22 11:55:00,Delayed
O1009239,BlueDart,2025-03-19 12:37:00,2025-03-22 05:37:00,2025-03-22 05:37:00,Delivered
O1009240,Delhivery,2025-02-06 05:40:00,2025-02-08 23:40:00,2025-02-10 23:40:00,Delayed
O1009241,EcomExpress,2025-02-26 03:37:00,2025-03-01 01:37:00,2025-03-01 01:37:00,Delivered
O1009242,BlueDart,2025-02-08 14:15:00,2025-02-10 21:15:00,2025-02-11 21:15:00,Delayed
O1009243,DHL,2025-07-14 03:17:00,2025-07-15 14:17:00,2025-07-15 14:17:00,Delivered
O1009244,DHL,2025-03-14 23:35:00,2025-03-17 01:35:00,2025-03-17 01:35:00,Delivered
O1009245,BlueDart,2025-02-17 04:28:00,2025-02-20 12:28:00,2025-02-20 12:28:00,Delivered
O1009246,BlueDart,2025-04-14 15:12:00,2025-04-18 14:12:00,2025-04-18 14:12:00,Delivered
O1009247,Delhivery,2025-09-14 16:13:00,2025-09-17 14:13:00,2025-09-17 14:13:00,Delivered
O1009248,Delhivery,2025-07-02 04:12:00,2025-07-05 12:12:00,2025-07-06 00:12:00,Delayed
O1009249,EcomExpress,2025-02-26 22:03:00,2025-02-28 11:03:00,2025-02-28 11:03:00,Delivered
O1009250,DHL,2025-10-01 20:09:00,2025-10-05 04:09:00,2025-10-05 04:09:00,Delivered
O1009251,DHL,2025-06-28 20:12:00,2025-07-01 01:12:00,2025-07-03 01:12:00,Delayed
O1009253,DHL,2025-09-11 01:58:00,2025-09-14 03:58:00,2025-09-15 03:58:00,Delayed
O1009254,BlueDart,2025-12-30 03:43:00,2026-01-02 01:43:00,2026-01-03 01:43:00,Delayed
O1009255,Delhivery,2025-07-17 21:13:00,2025-07-21 03:13:00,2025-07-21 03:13:00,Delivered
O1009256,EcomExpress,2025-02-28 15:47:00,2025-03-03 19:47:00,2025-03-04 19:47:00,Delayed
O1009257,DHL,2025-04-24 05:39:00,2025-04-27 03:39:00,2025-04-27 03:39:00,Delivered
O1009258,Delhivery,2025-08-08 11:57:00,2025-08-10 17:57:00,2025-08-11 17:57:00,Delayed
O1009259,Delhivery,2025-12-31 22:25:00,2026-01-04 08:25:00,2026-01-04 08:25:00,Delivered
O1009260,EcomExpress,2025-12-07 09:53:00,2025-12-10 13:53:00,2025-12-10 19:53:00,Delayed
O1009261,EcomExpress,2025-12-07 14:01:00,2025-12-08 23:01:00,2025-12-08 23:01:00,Delivered
O1009262,DHL,2025-11-01 04:37:00,2025-11-02 22:37:00,2025-11-02 22:37:00,Delivered
O1009263,Delhivery,2025-07-30 02:41:00,2025-07-31 21:41:00,2025-07-31 21:41:00,Delivered
O1009264,BlueDart,2025-08-25 22:05:00,2025-08-27 19:05:00,2025-08-27 19:05:00,Delivered
O1009265,BlueDart,2025-09-26 13:33:00,2025-09-29 15:33:00,2025-09-29 15:33:00,Delivered
O1009266,DHL,2025-09-19 19:25:00,2025-09-20 19:25:00,2025-09-20 19:25:00,Delivered
O1009267,Delhivery,2025-08-23 11:51:00,2025-08-25 05:51:00,2025-08-25 05:51:00,Delivered
O1009268,BlueDart,2025-02-19 00:31:00,2025-02-21 11:31:00,2025-02-21 11:31:00,Delivered
O1009269,DHL,2025-11-19 08:34:00,2025-11-20 20:34:00,2025-11-20 20:34:00,Delivered
O1009270,BlueDart,2025-01-04 21:31:00,2025-01-06 10:31:00,2025-01-06 10:31:00,Delivered
O1009271,EcomExpress,2025-06-05 23:14:00,2025-06-08 06:14:00,2025-06-08 18:14:00,Delayed
O1009272,EcomExpress,2025-06-09 14:06:00,2025-06-12 09:06:00,2025-06-12 09:06:00,Delivered
O1009273,BlueDart,2025-12-31 07:16:00,2026-01-02 07:16:00,2026-01-02 07:16:00,Delivered
O1009274,Delhivery,2025-02-02 23:03:00,2025-02-06 20:03:00,2025-02-06 20:03:00,Delivered
O1009275,Delhivery,2025-06-23 21:51:00,2025-06-26 03:51:00,2025-06-26 15:51:00,Delayed
O1009276,EcomExpress,2025-05-12 08:04:00,2025-05-16 07:04:00,2025-05-16 07:04:00,Delivered
O1009277,DHL,2025-02-06 07:32:00,2025-02-08 23:32:00,2025-02-09 11:32:00,Delayed
O1009278,BlueDart,2025-03-23 23:24:00,2025-03-26 01:24:00,2025-03-26 07:24:00,Delayed
O1009279,BlueDart,2025-06-05 07:36:00,2025-06-06 15:36:00,2025-06-06 15:36:00,Delivered
O1009280,DHL,2025-12-02 05:27:00,2025-12-05 09:27:00,2025-12-06 09:27:00,Delayed
O1009281,Delhivery,2025-05-22 21:54:00,2025-05-25 11:54:00,2025-05-25 11:54:00,Delivered
O1009282,Delhivery,2025-11-19 06:13:00,2025-11-23 03:13:00,2025-11-23 15:13:00,Delayed
O1009283,Delhivery,2025-09-25 22:32:00,2025-09-29 19:32:00,2025-09-29 19:32:00,Delivered
O1009284,BlueDart,2025-10-27 05:02:00,2025-10-29 18:02:00,2025-10-30 00:02:00,Delayed
O1009285,Delhivery,2025-11-09 02:46:00,2025-11-10 19:46:00,2025-11-10 19:46:00,Delivered
O1009286,DHL,2025-09-18 23:13:00,2025-09-20 23:13:00,2025-09-20 23:13:00,Delivered
O1009287,Delhivery,2025-09-26 07:45:00,2025-09-27 12:45:00,2025-09-28 12:45:00,Delayed
O1009289,EcomExpress,2025-09-19 23:24:00,2025-09-21 10:24:00,2025-09-21 22:24:00,Delayed
O1009291,EcomExpress,2025-09-27 13:17:00,2025-09-29 18:17:00,2025-09-30 00:17:00,Delayed
O1009292,Delhivery,2025-08-28 15:32:00,2025-08-30 03:32:00,2025-08-31 03:32:00,Delayed
O1009293,Delhivery,2025-10-05 05:19:00,2025-10-08 18:19:00,2025-10-08 18:19:00,Delivered
O1009294,Delhivery,2025-08-23 17:52:00,2025-08-27 06:52:00,2025-08-27 12:52:00,Delayed
O1009295,Delhivery,2025-05-16 08:11:00,2025-05-17 20:11:00,2025-05-17 20:11:00,Delivered
O1009296,Delhivery,2025-05-16 07:07:00,2025-05-18 01:07:00,2025-05-19 01:07:00,Delayed
O1009298,BlueDart,2025-06-23 01:34:00,2025-06-26 12:34:00,2025-06-26 12:34:00,Delivered
O1009299,BlueDart,2025-05-06 06:37:00,2025-05-08 01:37:00,2025-05-08 13:37:00,Delayed
O1009300,Delhivery,2025-06-29 15:47:00,2025-07-01 09:47:00,2025-07-01 09:47:00,Delivered
O1009301,BlueDart,2025-07-16 13:27:00,2025-07-19 18:27:00,2025-07-19 18:27:00,Delivered
O1009302,EcomExpress,2025-03-30 17:33:00,2025-04-01 21:33:00,2025-04-02 09:33:00,Delayed
O1009303,BlueDart,2025-08-22 14:18:00,2025-08-26 02:18:00,2025-08-26 02:18:00,Delivered
O1009304,DHL,2025-04-26 06:25:00,2025-04-28 20:25:00,2025-04-28 20:25:00,Delivered
O1009305,Delhivery,2025-04-08 19:48:00,2025-04-10 10:48:00,2025-04-10 16:48:00,Delayed
O1009306,DHL,2025-06-03 03:52:00,2025-06-04 14:52:00,2025-06-04 14:52:00,Delivered
O1009307,Delhivery,2025-02-08 13:00:00,2025-02-11 14:00:00,2025-02-11 14:00:00,Delivered
O1009308,BlueDart,2025-08-10 03:24:00,2025-08-12 11:24:00,2025-08-12 23:24:00,Delayed
O1009309,EcomExpress,2025-09-25 14:16:00,2025-09-27 22:16:00,2025-09-27 22:16:00,Delivered
O1009310,BlueDart,2025-12-16 15:03:00,2025-12-19 15:03:00,2025-12-19 15:03:00,Delivered
O1009311,DHL,2025-04-15 10:56:00,2025-04-17 05:56:00,2025-04-17 05:56:00,Delivered
O1009312,Delhivery,2025-07-17 14:11:00,2025-07-21 13:11:00,2025-07-21 13:11:00,Delivered
O1009313,BlueDart,2025-07-03 14:42:00,2025-07-06 03:42:00,2025-07-06 03:42:00,Delivered
O1009314,DHL,2025-09-25 06:29:00,2025-09-28 19:29:00,2025-09-29 07:29:00,Delayed
O1009315,DHL,2025-08-18 08:36:00,2025-08-21 15:36:00,2025-08-21 15:36:00,Delivered
O1009316,DHL,2025-10-23 06:46:00,2025-10-26 01:46:00,2025-10-27 01:46:00,Delayed
O1009317,EcomExpress,2025-11-08 06:16:00,2025-11-09 13:16:00,2025-11-09 13:16:00,Delivered
O1009318,DHL,2025-02-12 13:53:00,2025-02-15 18:53:00,2025-02-16 18:53:00,Delayed
O1009319,Delhivery,2025-05-11 03:10:00,2025-05-12 08:10:00,2025-05-12 08:10:00,Delivered
O1009320,Delhivery,2025-08-28 07:22:00,2025-08-31 12:22:00,2025-09-01 00:22:00,Delayed
O1009321,BlueDart,2025-07-19 01:10:00,2025-07-22 18:10:00,2025-07-23 18:10:00,Delayed
O1009322,BlueDart,2025-06-25 21:32:00,2025-06-28 11:32:00,2025-06-28 11:32:00,Delivered
O1009324,Delhivery,2025-07-28 16:30:00,2025-08-01 13:30:00,2025-08-03 13:30:00,Delayed
O1009325,BlueDart,2025-09-28 23:42:00,2025-10-01 20:42:00,2025-10-01 20:42:00,Delivered
O1009326,EcomExpress,2025-01-16 03:45:00,2025-01-18 17:45:00,2025-01-18 17:45:00,Delivered
O1009327,BlueDart,2025-08-04 19:02:00,2025-08-07 09:02:00,2025-08-09 09:02:00,Delayed
O1009328,Delhivery,2025-11-28 04:10:00,2025-11-29 14:10:00,2025-11-29 14:10:00,Delivered
O1009329,DHL,2025-07-29 17:46:00,2025-07-30 21:46:00,2025-07-30 21:46:00,Delivered
O1009330,BlueDart,2025-12-15 06:34:00,2025-12-16 11:34:00,2025-12-16 11:34:00,Delivered
O1009331,BlueDart,2025-05-10 01:12:00,2025-05-13 17:12:00,2025-05-15 17:12:00,Delayed
O1009332,DHL,2025-01-02 17:06:00,2025-01-04 04:06:00,2025-01-04 16:06:00,Delayed
O1009333,DHL,2025-09-07 10:01:00,2025-09-10 07:01:00,2025-09-10 07:01:00,Delivered
O1009334,DHL,2025-03-19 11:45:00,2025-03-21 07:45:00,2025-03-21 07:45:00,Delivered
O1009335,BlueDart,2025-01-05 14:11:00,2025-01-07 17:11:00,2025-01-07 17:11:00,Delivered
O1009336,Delhivery,2025-03-08 02:57:00,2025-03-11 03:57:00,2025-03-11 15:57:00,Delayed
O1009337,Delhivery,2025-12-08 18:03:00,2025-12-12 08:03:00,2025-12-12 08:03:00,Delivered
O1009338,EcomExpress,2025-10-14 00:32:00,2025-10-15 07:32:00,2025-10-15 07:32:00,Delivered
O1009339,BlueDart,2025-04-12 06:06:00,2025-04-14 19:06:00,2025-04-15 01:06:00,Delayed
O1009340,DHL,2025-08-08 05:12:00,2025-08-09 14:12:00,2025-08-09 14:12:00,Delivered
O1009341,Delhivery,2025-05-04 17:26:00,2025-05-06 07:26:00,2025-05-06 07:26:00,Delivered
O1009342,Delhivery,2025-03-07 03:10:00,2025-03-10 06:10:00,2025-03-10 12:10:00,Delayed
O1009343,EcomExpress,2025-12-27 15:12:00,2025-12-28 17:12:00,2025-12-28 23:12:00,Delayed
O1009344,BlueDart,2025-10-26 04:27:00,2025-10-27 22:27:00,2025-10-27 22:27:00,Delivered
O1009345,DHL,2025-05-14 11:12:00,2025-05-17 03:12:00,2025-05-17 15:12:00,Delayed
O1009346,Delhivery,2025-05-11 01:12:00,2025-05-12 16:12:00,2025-05-12 16:12:00,Delivered
O1009347,BlueDart,2025-10-25 22:57:00,2025-10-28 01:57:00,2025-10-28 13:57:00,Delayed
O1009348,Delhivery,2025-06-18 12:02:00,2025-06-21 05:02:00,2025-06-21 05:02:00,Delivered
O1009349,Delhivery,2025-05-18 18:07:00,2025-05-22 10:07:00,2025-05-22 10:07:00,Delivered
O1009350,EcomExpress,2025-05-22 20:08:00,2025-05-24 01:08:00,2025-05-24 01:08:00,Delivered
O1009351,DHL,2025-06-14 01:56:00,2025-06-16 13:56:00,2025-06-16 13:56:00,Delivered
O1009352,Delhivery,2025-07-11 13:16:00,2025-07-14 10:16:00,2025-07-14 10:16:00,Delivered
O1009353,BlueDart,2025-01-15 15:42:00,2025-01-18 01:42:00,2025-01-18 01:42:00,Delivered
O1009354,EcomExpress,2025-06-25 14:45:00,2025-06-26 15:45:00,2025-06-27 15:45:00,Delayed
O1009355,EcomExpress,2025-06-11 03:49:00,2025-06-14 09:49:00,2025-06-14 09:49:00,Delivered
O1009356,DHL,2025-04-12 02:11:00,2025-04-13 18:11:00,2025-04-14 00:11:00,Delayed
O1009357,BlueDart,2025-05-11 05:31:00,2025-05-12 12:31:00,2025-05-12 18:31:00,Delayed
O1009358,BlueDart,2025-06-05 04:33:00,2025-06-07 12:33:00,2025-06-07 12:33:00,Delivered
O1009360,DHL,2025-11-29 05:51:00,2025-11-30 18:51:00,2025-11-30 18:51:00,Delivered
O1009361,BlueDart,2025-07-13 17:28:00,2025-07-16 14:28:00,2025-07-16 14:28:00,Delivered
O1009362,BlueDart,2025-07-04 07:46:00,2025-07-06 21:46:00,2025-07-06 21:46:00,Delivered
O1009363,DHL,2025-04-07 01:35:00,2025-04-08 15:35:00,2025-04-09 15:35:00,Delayed
O1009364,BlueDart,2025-12-01 21:36:00,2025-12-05 15:36:00,2025-12-05 15:36:00,Delivered
O1009365,Delhivery,2025-01-09 23:39:00,2025-01-13 14:39:00,2025-01-13 14:39:00,Delivered
O1009366,DHL,2025-07-20 15:19:00,2025-07-22 13:19:00,2025-07-22 13:19:00,Delivered
O1009367,Delhivery,2025-03-03 20:21:00,2025-03-07 14:21:00,2025-03-07 14:21:00,Delivered
O1009368,Delhivery,2025-10-08 16:52:00,2025-10-10 15:52:00,2025-10-10 15:52:00,Delivered
O1009369,BlueDart,2025-05-20 00:26:00,2025-05-22 10:26:00,2025-05-23 10:26:00,Delayed
O1009370,Delhivery,2025-04-18 22:06:00,2025-04-21 14:06:00,2025-04-21 14:06:00,Delivered
O1009371,EcomExpress,2025-01-23 03:33:00,2025-01-24 22:33:00,2025-01-24 22:33:00,Delivered
O1009372,BlueDart,2025-10-17 00:32:00,2025-10-19 19:32:00,2025-10-19 19:32:00,Delivered
O1009373,BlueDart,2025-05-25 20:19:00,2025-05-27 03:19:00,2025-05-27 03:19:00,Delivered
O1009374,Delhivery,2025-04-08 08:27:00,2025-04-11 03:27:00,2025-04-11 09:27:00,Delayed
O1009375,DHL,2025-11-06 07:43:00,2025-11-10 02:43:00,2025-11-11 02:43:00,Delayed
O1009376,DHL,2025-01-09 02:38:00,2025-01-11 01:38:00,2025-01-11 01:38:00,Delivered
O1009377,Delhivery,2025-06-22 07:43:00,2025-06-23 16:43:00,2025-06-23 16:43:00,Delivered
O1009378,BlueDart,2025-02-28 22:08:00,2025-03-03 15:08:00,2025-03-03 15:08:00,Delivered
O1009380,EcomExpress,2025-01-08 23:00:00,2025-01-10 20:00:00,2025-01-10 20:00:00,Delivered
O1009381,EcomExpress,2025-03-11 00:35:00,2025-03-14 05:35:00,2025-03-14 05:35:00,Delivered
O1009382,EcomExpress,2025-12-13 03:18:00,2025-12-15 02:18:00,2025-12-15 02:18:00,Delivered
O1009383,Delhivery,2025-06-13 00:56:00,2025-06-14 04:56:00,2025-06-14 04:56:00,Delivered
O1009384,DHL,2025-12-31 17:21:00,2026-01-02 12:21:00,2026-01-04 12:21:00,Delayed
O1009385,EcomExpress,2025-04-09 07:34:00,2025-04-12 18:34:00,2025-04-12 18:34:00,Delivered
O1009386,EcomExpress,2025-10-07 01:39:00,2025-10-08 01:39:00,2025-10-08 01:39:00,Delivered
O1009387,BlueDart,2025-02-03 00:45:00,2025-02-06 15:45:00,2025-02-06 21:45:00,Delayed
O1009388,Delhivery,2025-02-09 22:59:00,2025-02-11 12:59:00,2025-02-11 12:59:00,Delivered
O1009389,DHL,2025-01-07 05:46:00,2025-01-09 00:46:00,2025-01-09 00:46:00,Delivered
O1009390,EcomExpress,2025-11-25 22:13:00,2025-11-29 03:13:00,2025-11-29 03:13:00,Delivered
O1009391,EcomExpress,2025-09-04 04:12:00,2025-09-07 23:12:00,2025-09-07 23:12:00,Delivered
O1009392,Delhivery,2025-09-30 07:14:00,2025-10-01 21:14:00,2025-10-01 21:14:00,Delivered
O1009393,BlueDart,2025-12-06 11:49:00,2025-12-10 04:49:00,2025-12-10 04:49:00,Delivered
O1009394,DHL,2025-05-03 02:56:00,2025-05-06 09:56:00,2025-05-07 09:56:00,Delayed
O1009395,DHL,2025-09-22 11:49:00,2025-09-23 12:49:00,2025-09-23 12:49:00,Delivered
O1009396,BlueDart,2025-07-04 06:20:00,2025-07-06 11:20:00,2025-07-06 17:20:00,Delayed
O1009397,Delhivery,2025-07-19 03:47:00,2025-07-20 21:47:00,2025-07-20 21:47:00,Delivered
O1009398,DHL,2025-08-31 02:29:00,2025-09-01 07:29:00,2025-09-03 07:29:00,Delayed
O1009399,Delhivery,2025-06-22 13:39:00,2025-06-26 07:39:00,2025-06-26 07:39:00,Delivered
O1009400,BlueDart,2025-01-10 04:11:00,2025-01-13 15:11:00,2025-01-14 03:11:00,Delayed
O1009401,DHL,2025-01-29 13:09:00,2025-02-02 03:09:00,2025-02-02 03:09:00,Delivered
O1009402,Delhivery,2025-07-03 17:48:00,2025-07-06 14:48:00,2025-07-06 14:48:00,Delivered
O1009403,EcomExpress,2025-07-29 15:19:00,2025-08-01 19:19:00,2025-08-01 19:19:00,Delivered
O1009404,DHL,2025-09-25 15:42:00,2025-09-28 11:42:00,2025-09-28 17:42:00,Delayed
O1009405,DHL,2025-07-29 12:38:00,2025-07-30 15:38:00,2025-07-30 15:38:00,Delivered
O1009406,EcomExpress,2025-03-11 00:23:00,2025-03-12 10:23:00,2025-03-12 10:23:00,Delivered
O1009407,DHL,2025-05-14 23:29:00,2025-05-18 14:29:00,2025-05-18 14:29:00,Delivered
O1009408,BlueDart,2025-06-12 04:12:00,2025-06-15 00:12:00,2025-06-15 00:12:00,Delivered
O1009409,BlueDart,2025-12-27 06:07:00,2025-12-29 05:07:00,2025-12-29 05:07:00,Delivered
O1009410,BlueDart,2025-07-15 09:16:00,2025-07-18 18:16:00,2025-07-19 06:16:00,Delayed
O1009411,EcomExpress,2025-08-21 04:54:00,2025-08-23 18:54:00,2025-08-23 18:54:00,Delivered
O1009412,BlueDart,2025-09-27 00:53:00,2025-09-30 23:53:00,2025-10-01 23:53:00,Delayed
O1009413,EcomExpress,2025-05-14 14:47:00,2025-05-17 01:47:00,2025-05-19 01:47:00,Delayed
O1009414,BlueDart,2025-12-20 17:01:00,2025-12-23 17:01:00,2025-12-23 17:01:00,Delivered
O1009415,DHL,2025-09-04 21:11:00,2025-09-08 19:11:00,2025-09-08 19:11:00,Delivered
O1009416,BlueDart,2025-11-07 02:53:00,2025-11-09 09:53:00,2025-11-09 09:53:00,Delivered
O1009417,DHL,2025-10-02 04:39:00,2025-10-05 22:39:00,2025-10-06 22:39:00,Delayed
O1009419,Delhivery,2025-01-12 20:46:00,2025-01-16 06:46:00,2025-01-16 06:46:00,Delivered
O1009421,BlueDart,2025-02-18 02:42:00,2025-02-19 04:42:00,2025-02-19 04:42:00,Delivered
O1009422,EcomExpress,2025-08-10 14:46:00,2025-08-11 17:46:00,2025-08-11 17:46:00,Delivered
O1009423,Delhivery,2025-09-15 12:53:00,2025-09-16 18:53:00,2025-09-16 18:53:00,Delivered
O1009424,DHL,2025-07-19 08:13:00,2025-07-21 14:13:00,2025-07-21 14:13:00,Delivered
O1009425,DHL,2025-04-23 21:51:00,2025-04-27 07:51:00,2025-04-27 13:51:00,Delayed
O1009426,Delhivery,2025-01-23 19:43:00,2025-01-26 23:43:00,2025-01-26 23:43:00,Delivered
O1009427,DHL,2025-09-03 02:48:00,2025-09-06 07:48:00,2025-09-08 07:48:00,Delayed
O1009428,Delhivery,2025-09-12 19:38:00,2025-09-14 20:38:00,2025-09-16 20:38:00,Delayed
O1009429,EcomExpress,2025-06-25 00:32:00,2025-06-26 03:32:00,2025-06-26 15:32:00,Delayed
O1009430,Delhivery,2025-09-19 19:21:00,2025-09-20 23:21:00,2025-09-20 23:21:00,Delivered
O1009431,BlueDart,2025-10-12 19:19:00,2025-10-14 04:19:00,2025-10-14 04:19:00,Delivered
O1009432,DHL,2025-07-07 19:53:00,2025-07-09 02:53:00,2025-07-09 02:53:00,Delivered
O1009433,Delhivery,2025-01-19 10:16:00,2025-01-23 06:16:00,2025-01-23 12:16:00,Delayed
O1009434,Delhivery,2025-11-15 09:34:00,2025-11-16 21:34:00,2025-11-16 21:34:00,Delivered
O1009435,BlueDart,2025-06-21 07:20:00,2025-06-23 06:20:00,2025-06-23 06:20:00,Delivered
O1009436,BlueDart,2025-09-04 10:21:00,2025-09-07 21:21:00,2025-09-07 21:21:00,Delivered
O1009437,EcomExpress,2025-11-29 23:26:00,2025-12-01 13:26:00,2025-12-01 13:26:00,Delivered
O1009438,EcomExpress,2025-05-14 11:01:00,2025-05-17 14:01:00,2025-05-17 14:01:00,Delivered
O1009439,EcomExpress,2025-08-17 12:32:00,2025-08-19 21:32:00,2025-08-19 21:32:00,Delivered
O1009440,EcomExpress,2025-01-09 10:36:00,2025-01-12 16:36:00,2025-01-12 16:36:00,Delivered
O1009441,BlueDart,2025-11-21 02:56:00,2025-11-22 23:56:00,2025-11-23 23:56:00,Delayed
O1009442,BlueDart,2025-01-23 01:11:00,2025-01-26 18:11:00,2025-01-26 18:11:00,Delivered
O1009443,EcomExpress,2025-07-17 20:30:00,2025-07-21 00:30:00,2025-07-21 00:30:00,Delivered
O1009444,BlueDart,2025-05-10 10:16:00,2025-05-12 07:16:00,2025-05-12 19:16:00,Delayed
O1009445,EcomExpress,2025-01-14 22:36:00,2025-01-17 21:36:00,2025-01-17 21:36:00,Delivered
O1009446,BlueDart,2025-06-18 20:27:00,2025-06-22 01:27:00,2025-06-22 01:27:00,Delivered
O1009447,BlueDart,2025-12-09 10:14:00,2025-12-13 09:14:00,2025-12-13 21:14:00,Delayed
O1009448,Delhivery,2025-03-03 10:54:00,2025-03-05 12:54:00,2025-03-05 12:54:00,Delivered
O1009449,Delhivery,2025-04-18 12:14:00,2025-04-22 10:14:00,2025-04-22 22:14:00,Delayed
O1009450,Delhivery,2025-03-12 04:44:00,2025-03-15 12:44:00,2025-03-15 12:44:00,Delivered
O1009451,EcomExpress,2025-02-15 23:06:00,2025-02-18 06:06:00,2025-02-18 06:06:00,Delivered
O1009452,DHL,2025-03-26 22:22:00,2025-03-30 00:22:00,2025-03-30 00:22:00,Delivered
O1009453,DHL,2025-07-28 15:10:00,2025-07-31 07:10:00,2025-07-31 19:10:00,Delayed
O1009454,Delhivery,2025-10-13 01:20:00,2025-10-17 00:20:00,2025-10-17 06:20:00,Delayed
O1009455,BlueDart,2025-09-10 09:01:00,2025-09-11 13:01:00,2025-09-12 13:01:00,Delayed
O1009456,DHL,2025-10-10 12:04:00,2025-10-13 18:04:00,2025-10-13 18:04:00,Delivered
O1009457,DHL,2025-09-20 01:33:00,2025-09-23 12:33:00,2025-09-24 12:33:00,Delayed
O1009458,Delhivery,2025-05-20 21:19:00,2025-05-21 21:19:00,2025-05-21 21:19:00,Delivered
O1009459,DHL,2025-11-25 19:39:00,2025-11-28 07:39:00,2025-11-28 07:39:00,Delivered
O1009461,EcomExpress,2025-09-14 11:34:00,2025-09-17 13:34:00,2025-09-17 13:34:00,Delivered
O1009462,DHL,2025-02-11 02:47:00,2025-02-14 15:47:00,2025-02-14 15:47:00,Delivered
O1009463,EcomExpress,2025-10-07 23:19:00,2025-10-09 06:19:00,2025-10-09 06:19:00,Delivered
O1009464,Delhivery,2025-02-01 16:11:00,2025-02-03 12:11:00,2025-02-03 12:11:00,Delivered
O1009465,BlueDart,2025-03-21 03:06:00,2025-03-23 18:06:00,2025-03-23 18:06:00,Delivered
O1009466,EcomExpress,2025-05-23 20:52:00,2025-05-26 18:52:00,2025-05-27 18:52:00,Delayed
O1009467,Delhivery,2025-09-12 04:58:00,2025-09-13 15:58:00,2025-09-15 15:58:00,Delayed
O1009468,DHL,2025-01-17 22:09:00,2025-01-21 09:09:00,2025-01-22 09:09:00,Delayed
O1009469,EcomExpress,2025-04-04 22:51:00,2025-04-07 09:51:00,2025-04-07 09:51:00,Delivered
O1009470,EcomExpress,2025-05-03 07:57:00,2025-05-05 11:57:00,2025-05-05 11:57:00,Delivered
O1009471,BlueDart,2025-09-24 14:59:00,2025-09-27 23:59:00,2025-09-29 23:59:00,Delayed
O1009472,EcomExpress,2025-12-18 09:12:00,2025-12-20 21:12:00,2025-12-20 21:12:00,Delivered
O1009473,BlueDart,2025-08-13 20:27:00,2025-08-15 16:27:00,2025-08-15 16:27:00,Delivered
O1009474,BlueDart,2025-07-05 23:58:00,2025-07-08 06:58:00,2025-07-08 06:58:00,Delivered
O1009475,EcomExpress,2025-05-03 16:23:00,2025-05-05 02:23:00,2025-05-05 02:23:00,Delivered
O1009476,EcomExpress,2025-10-28 21:47:00,2025-11-01 09:47:00,2025-11-01 09:47:00,Delivered
O1009477,BlueDart,2025-02-09 13:19:00,2025-02-11 11:19:00,2025-02-11 11:19:00,Delivered
O1009478,BlueDart,2025-02-17 22:04:00,2025-02-19 23:04:00,2025-02-19 23:04:00,Delivered
O1009479,EcomExpress,2025-03-16 06:58:00,2025-03-17 18:58:00,2025-03-17 18:58:00,Delivered
O1009480,Delhivery,2025-04-09 03:54:00,2025-04-11 05:54:00,2025-04-11 05:54:00,Delivered
O1009481,BlueDart,2025-06-19 15:08:00,2025-06-21 04:08:00,2025-06-22 04:08:00,Delayed
O1009482,Delhivery,2025-12-13 10:30:00,2025-12-14 13:30:00,2025-12-15 01:30:00,Delayed
O1009483,Delhivery,2025-08-27 09:37:00,2025-08-30 11:37:00,2025-08-30 11:37:00,Delivered
O1009484,BlueDart,2025-05-21 05:43:00,2025-05-23 08:43:00,2025-05-23 08:43:00,Delivered
O1009485,EcomExpress,2025-03-20 07:34:00,2025-03-23 09:34:00,2025-03-25 09:34:00,Delayed
O1009486,DHL,2025-08-26 03:39:00,2025-08-27 19:39:00,2025-08-28 01:39:00,Delayed
O1009487,EcomExpress,2025-04-04 03:23:00,2025-04-06 17:23:00,2025-04-06 17:23:00,Delivered
O1009488,Delhivery,2025-12-23 19:31:00,2025-12-25 10:31:00,2025-12-27 10:31:00,Delayed
O1009489,BlueDart,2025-06-24 14:24:00,2025-06-26 08:24:00,2025-06-28 08:24:00,Delayed
O1009490,DHL,2025-07-22 05:47:00,2025-07-26 02:47:00,2025-07-26 02:47:00,Delivered
O1009492,EcomExpress,2025-04-23 18:57:00,2025-04-26 08:57:00,2025-04-26 08:57:00,Delivered
O1009493,BlueDart,2025-06-22 22:41:00,2025-06-23 22:41:00,2025-06-24 04:41:00,Delayed
O1009494,BlueDart,2025-07-15 12:16:00,2025-07-19 08:16:00,2025-07-20 08:16:00,Delayed
O1009495,DHL,2025-04-09 19:45:00,2025-04-13 06:45:00,2025-04-13 06:45:00,Delivered
O1009496,BlueDart,2025-01-21 09:52:00,2025-01-23 12:52:00,2025-01-23 18:52:00,Delayed
O1009497,EcomExpress,2025-04-15 03:20:00,2025-04-16 20:20:00,2025-04-16 20:20:00,Delivered
O1009498,Delhivery,2025-02-12 03:06:00,2025-02-14 09:06:00,2025-02-14 09:06:00,Delivered
O1009499,Delhivery,2025-09-05 03:19:00,2025-09-08 10:19:00,2025-09-08 10:19:00,Delivered
O1009500,BlueDart,2025-01-03 23:26:00,2025-01-06 10:26:00,2025-01-06 10:26:00,Delivered
O1009501,BlueDart,2025-04-26 22:42:00,2025-04-28 10:42:00,2025-04-28 22:42:00,Delayed
O1009503,BlueDart,2025-07-27 23:41:00,2025-07-29 11:41:00,2025-07-29 11:41:00,Delivered
O1009504,Delhivery,2025-09-04 03:12:00,2025-09-08 02:12:00,2025-09-09 02:12:00,Delayed
O1009505,Delhivery,2025-09-03 05:02:00,2025-09-04 22:02:00,2025-09-05 10:02:00,Delayed
O1009506,EcomExpress,2025-04-20 02:30:00,2025-04-22 19:30:00,2025-04-22 19:30:00,Delivered
O1009507,DHL,2025-08-20 02:24:00,2025-08-23 03:24:00,2025-08-23 09:24:00,Delayed
O1009508,EcomExpress,2025-03-23 12:43:00,2025-03-24 23:43:00,2025-03-25 11:43:00,Delayed
O1009509,Delhivery,2025-08-21 04:34:00,2025-08-22 15:34:00,2025-08-22 15:34:00,Delivered
O1009510,Delhivery,2025-09-08 07:23:00,2025-09-10 05:23:00,2025-09-10 11:23:00,Delayed
O1009511,DHL,2025-11-16 22:36:00,2025-11-19 17:36:00,2025-11-20 17:36:00,Delayed
O1009512,Delhivery,2025-12-03 06:39:00,2025-12-06 18:39:00,2025-12-06 18:39:00,Delivered
O1009513,Delhivery,2025-01-10 06:23:00,2025-01-12 09:23:00,2025-01-12 09:23:00,Delivered
O1009514,BlueDart,2025-04-20 13:05:00,2025-04-22 09:05:00,2025-04-22 09:05:00,Delivered
O1009515,EcomExpress,2025-07-19 20:12:00,2025-07-21 18:12:00,2025-07-21 18:12:00,Delivered
O1009516,EcomExpress,2025-04-29 01:06:00,2025-05-02 08:06:00,2025-05-02 20:06:00,Delayed
O1009517,EcomExpress,2025-08-15 05:14:00,2025-08-17 20:14:00,2025-08-17 20:14:00,Delivered
O1009518,DHL,2025-11-09 12:37:00,2025-11-12 08:37:00,2025-11-12 08:37:00,Delivered
O1009519,Delhivery,2025-04-06 14:43:00,2025-04-08 06:43:00,2025-04-08 06:43:00,Delivered
O1009520,BlueDart,2025-11-23 19:43:00,2025-11-26 17:43:00,2025-11-27 05:43:00,Delayed
O1009521,BlueDart,2025-11-18 23:18:00,2025-11-20 21:18:00,2025-11-20 21:18:00,Delivered
O1009522,DHL,2025-11-30 18:54:00,2025-12-04 09:54:00,2025-12-04 09:54:00,Delivered
O1009523,EcomExpress,2025-01-28 09:19:00,2025-01-30 22:19:00,2025-01-31 04:19:00,Delayed
O1009524,EcomExpress,2025-04-19 09:10:00,2025-04-20 20:10:00,2025-04-20 20:10:00,Delivered
O1009525,EcomExpress,2025-02-16 05:15:00,2025-02-19 04:15:00,2025-02-20 04:15:00,Delayed
O1009526,EcomExpress,2025-02-14 12:34:00,2025-02-15 13:34:00,2025-02-16 01:34:00,Delayed
O1009527,BlueDart,2025-01-20 22:54:00,2025-01-24 10:54:00,2025-01-24 10:54:00,Delivered
O1009528,EcomExpress,2025-06-11 14:51:00,2025-06-13 19:51:00,2025-06-14 19:51:00,Delayed
O1009529,DHL,2025-02-02 02:20:00,2025-02-05 13:20:00,2025-02-05 13:20:00,Delivered
O1009530,DHL,2025-04-19 01:41:00,2025-04-22 20:41:00,2025-04-24 20:41:00,Delayed
O1009531,BlueDart,2025-12-25 22:47:00,2025-12-28 09:47:00,2025-12-30 09:47:00,Delayed
O1009532,DHL,2025-11-19 20:51:00,2025-11-21 04:51:00,2025-11-21 04:51:00,Delivered
O1009533,Delhivery,2025-12-10 02:43:00,2025-12-11 07:43:00,2025-12-11 07:43:00,Delivered
O1009534,Delhivery,2025-01-14 18:59:00,2025-01-16 16:59:00,2025-01-16 22:59:00,Delayed
O1009535,EcomExpress,2025-08-31 12:35:00,2025-09-02 01:35:00,2025-09-02 01:35:00,Delivered
O1009536,DHL,2025-08-21 01:11:00,2025-08-24 04:11:00,2025-08-24 04:11:00,Delivered
O1009538,EcomExpress,2025-11-28 00:44:00,2025-11-29 00:44:00,2025-12-01 00:44:00,Delayed
O1009539,DHL,2025-05-29 15:56:00,2025-06-01 18:56:00,2025-06-01 18:56:00,Delivered
O1009540,EcomExpress,2025-12-24 01:25:00,2025-12-25 14:25:00,2025-12-25 14:25:00,Delivered
O1009541,DHL,2025-02-12 01:07:00,2025-02-13 10:07:00,2025-02-13 10:07:00,Delivered
O1009542,EcomExpress,2025-08-27 07:36:00,2025-08-28 09:36:00,2025-08-28 21:36:00,Delayed
O1009543,DHL,2025-02-17 21:07:00,2025-02-21 07:07:00,2025-02-22 07:07:00,Delayed
O1009544,EcomExpress,2025-12-13 21:51:00,2025-12-17 00:51:00,2025-12-18 00:51:00,Delayed
O1009545,DHL,2025-08-11 15:05:00,2025-08-15 07:05:00,2025-08-15 07:05:00,Delivered
O1009546,Delhivery,2025-01-29 11:26:00,2025-02-01 02:26:00,2025-02-01 02:26:00,Delivered
O1009547,Delhivery,2025-03-21 03:24:00,2025-03-23 21:24:00,2025-03-25 21:24:00,Delayed
O1009548,Delhivery,2025-05-13 09:31:00,2025-05-14 11:31:00,2025-05-16 11:31:00,Delayed
O1009549,BlueDart,2025-01-05 22:33:00,2025-01-06 23:33:00,2025-01-06 23:33:00,Delivered
O1009550,EcomExpress,2025-01-05 10:39:00,2025-01-08 06:39:00,2025-01-08 06:39:00,Delivered
O1009551,DHL,2025-12-05 07:37:00,2025-12-07 19:37:00,2025-12-07 19:37:00,Delivered
O1009552,DHL,2025-12-26 12:21:00,2025-12-29 22:21:00,2025-12-29 22:21:00,Delivered
O1009553,BlueDart,2025-07-16 02:52:00,2025-07-18 17:52:00,2025-07-18 23:52:00,Delayed
O1009554,DHL,2025-11-27 11:25:00,2025-11-28 13:25:00,2025-11-28 13:25:00,Delivered
O1009555,BlueDart,2025-08-29 12:18:00,2025-09-01 10:18:00,2025-09-01 22:18:00,Delayed
O1009556,DHL,2025-01-12 06:56:00,2025-01-13 15:56:00,2025-01-13 15:56:00,Delivered
O1009557,Delhivery,2025-09-19 12:59:00,2025-09-23 03:59:00,2025-09-23 03:59:00,Delivered
O1009558,BlueDart,2025-01-08 05:30:00,2025-01-10 14:30:00,2025-01-10 14:30:00,Delivered
O1009559,Delhivery,2025-10-27 11:18:00,2025-10-29 18:18:00,2025-10-29 18:18:00,Delivered
O1009560,BlueDart,2025-05-15 15:11:00,2025-05-16 18:11:00,2025-05-16 18:11:00,Delivered
O1009561,EcomExpress,2025-02-21 21:09:00,2025-02-23 18:09:00,2025-02-23 18:09:00,Delivered
O1009562,Delhivery,2025-04-06 15:53:00,2025-04-07 16:53:00,2025-04-07 16:53:00,Delivered
O1009563,Delhivery,2025-09-08 08:30:00,2025-09-09 15:30:00,2025-09-10 03:30:00,Delayed
O1009564,DHL,2025-11-07 15:39:00,2025-11-10 08:39:00,2025-11-10 08:39:00,Delivered
O1009565,EcomExpress,2025-07-29 11:21:00,2025-07-31 21:21:00,2025-07-31 21:21:00,Delivered
O1009566,EcomExpress,2025-03-01 07:52:00,2025-03-03 23:52:00,2025-03-03 23:52:00,Delivered
O1009567,DHL,2025-11-26 06:25:00,2025-11-29 16:25:00,2025-12-01 16:25:00,Delayed
O1009568,DHL,2025-10-16 11:51:00,2025-10-19 21:51:00,2025-10-21 21:51:00,Delayed
O1009569,DHL,2025-05-31 02:15:00,2025-06-03 17:15:00,2025-06-03 17:15:00,Delivered
O1009570,BlueDart,2025-07-23 06:49:00,2025-07-24 11:49:00,2025-07-24 23:49:00,Delayed
O1009571,EcomExpress,2025-12-19 02:10:00,2025-12-20 07:10:00,2025-12-20 19:10:00,Delayed
O1009572,DHL,2025-05-19 04:35:00,2025-05-22 20:35:00,2025-05-23 20:35:00,Delayed
O1009573,BlueDart,2025-01-11 13:14:00,2025-01-15 03:14:00,2025-01-16 03:14:00,Delayed
O1009574,BlueDart,2025-02-23 13:18:00,2025-02-24 14:18:00,2025-02-24 14:18:00,Delivered
O1009575,EcomExpress,2025-08-09 04:01:00,2025-08-10 06:01:00,2025-08-10 06:01:00,Delivered
O1009576,BlueDart,2025-12-31 19:26:00,2026-01-02 16:26:00,2026-01-03 16:26:00,Delayed
O1009577,BlueDart,2025-09-29 04:13:00,2025-10-01 19:13:00,2025-10-01 19:13:00,Delivered
O1009578,Delhivery,2025-08-14 22:50:00,2025-08-16 01:50:00,2025-08-16 01:50:00,Delivered
O1009579,EcomExpress,2025-04-29 03:40:00,2025-05-01 11:40:00,2025-05-01 11:40:00,Delivered
O1009580,Delhivery,2025-06-11 02:02:00,2025-06-12 19:02:00,2025-06-12 19:02:00,Delivered
O1009581,DHL,2025-01-15 19:39:00,2025-01-19 13:39:00,2025-01-19 13:39:00,Delivered
O1009582,EcomExpress,2025-05-17 16:15:00,2025-05-21 02:15:00,2025-05-21 02:15:00,Delivered
O1009583,DHL,2025-08-16 18:45:00,2025-08-19 07:45:00,2025-08-19 07:45:00,Delivered
O1009584,EcomExpress,2025-11-28 02:06:00,2025-11-29 11:06:00,2025-11-29 11:06:00,Delivered
O1009585,DHL,2025-12-04 07:09:00,2025-12-06 02:09:00,2025-12-06 14:09:00,Delayed
O1009586,EcomExpress,2025-10-27 13:16:00,2025-10-29 03:16:00,2025-10-29 03:16:00,Delivered
O1009587,BlueDart,2025-01-08 12:25:00,2025-01-12 01:25:00,2025-01-12 13:25:00,Delayed
O1009589,EcomExpress,2025-03-22 11:28:00,2025-03-25 07:28:00,2025-03-25 07:28:00,Delivered
O1009590,Delhivery,2025-08-14 12:16:00,2025-08-16 12:16:00,2025-08-17 00:16:00,Delayed
O1009591,Delhivery,2025-12-12 13:45:00,2025-12-13 14:45:00,2025-12-13 14:45:00,Delivered
O1009592,EcomExpress,2025-11-21 21:43:00,2025-11-25 08:43:00,2025-11-25 08:43:00,Delivered
O1009593,EcomExpress,2025-08-31 17:20:00,2025-09-03 12:20:00,2025-09-03 12:20:00,Delivered
O1009594,DHL,2025-04-20 16:11:00,2025-04-22 09:11:00,2025-04-24 09:11:00,Delayed
O1009595,Delhivery,2025-07-11 11:13:00,2025-07-15 03:13:00,2025-07-15 03:13:00,Delivered
O1009596,DHL,2025-09-15 02:31:00,2025-09-18 08:31:00,2025-09-18 08:31:00,Delivered
O1009597,Delhivery,2025-07-08 04:15:00,2025-07-09 09:15:00,2025-07-09 09:15:00,Delivered
O1009598,DHL,2025-05-29 07:41:00,2025-05-30 07:41:00,2025-05-30 07:41:00,Delivered
O1009599,BlueDart,2025-05-29 04:22:00,2025-05-30 04:22:00,2025-05-30 04:22:00,Delivered
O1009600,EcomExpress,2025-08-08 07:22:00,2025-08-10 02:22:00,2025-08-10 02:22:00,Delivered
O1009601,EcomExpress,2025-01-15 08:27:00,2025-01-17 13:27:00,2025-01-17 13:27:00,Delivered
O1009602,BlueDart,2026-01-01 03:48:00,2026-01-04 21:48:00,2026-01-04 21:48:00,Delivered
O1009603,DHL,2025-02-07 22:59:00,2025-02-11 11:59:00,2025-02-11 11:59:00,Delivered
O1009604,DHL,2025-12-27 13:08:00,2025-12-31 12:08:00,2026-01-01 00:08:00,Delayed
O1009605,BlueDart,2025-01-13 16:19:00,2025-01-17 11:19:00,2025-01-19 11:19:00,Delayed
O1009606,BlueDart,2025-07-08 11:23:00,2025-07-09 11:23:00,2025-07-09 11:23:00,Delivered
O1009607,DHL,2025-06-03 04:46:00,2025-06-06 13:46:00,2025-06-06 13:46:00,Delivered
O1009608,Delhivery,2025-07-30 04:50:00,2025-08-02 22:50:00,2025-08-04 22:50:00,Delayed
O1009609,EcomExpress,2025-06-09 14:32:00,2025-06-12 12:32:00,2025-06-12 12:32:00,Delivered
O1009610,EcomExpress,2025-11-25 12:02:00,2025-11-29 09:02:00,2025-11-29 09:02:00,Delivered
O1009611,BlueDart,2025-01-08 01:19:00,2025-01-10 07:19:00,2025-01-10 07:19:00,Delivered
O1009612,DHL,2025-12-26 22:20:00,2025-12-30 06:20:00,2025-12-30 18:20:00,Delayed
O1009613,DHL,2025-09-09 22:11:00,2025-09-13 06:11:00,2025-09-14 06:11:00,Delayed
O1009614,DHL,2025-10-12 23:13:00,2025-10-14 15:13:00,2025-10-14 15:13:00,Delivered
O1009615,DHL,2025-02-22 09:21:00,2025-02-25 15:21:00,2025-02-25 15:21:00,Delivered
O1009616,DHL,2025-01-24 14:39:00,2025-01-27 00:39:00,2025-01-27 06:39:00,Delayed
O1009618,EcomExpress,2025-04-28 19:38:00,2025-04-30 08:38:00,2025-04-30 08:38:00,Delivered
O1009619,EcomExpress,2025-10-14 19:28:00,2025-10-16 02:28:00,2025-10-16 14:28:00,Delayed
O1009620,EcomExpress,2025-11-25 07:28:00,2025-11-28 10:28:00,2025-11-28 10:28:00,Delivered
O1009621,EcomExpress,2025-06-07 13:33:00,2025-06-10 23:33:00,2025-06-10 23:33:00,Delivered
O1009622,BlueDart,2025-10-09 05:56:00,2025-10-12 14:56:00,2025-10-13 02:56:00,Delayed
O1009623,DHL,2025-01-23 02:44:00,2025-01-26 23:44:00,2025-01-27 23:44:00,Delayed
O1009624,EcomExpress,2025-09-29 00:03:00,2025-10-02 16:03:00,2025-10-02 16:03:00,Delivered
O1009625,BlueDart,2025-02-07 00:32:00,2025-02-08 13:32:00,2025-02-08 13:32:00,Delivered
O1009626,DHL,2025-09-01 16:51:00,2025-09-04 20:51:00,2025-09-05 02:51:00,Delayed
O1009627,BlueDart,2025-05-21 03:29:00,2025-05-22 18:29:00,2025-05-23 06:29:00,Delayed
O1009628,Delhivery,2025-06-02 00:12:00,2025-06-05 04:12:00,2025-06-05 04:12:00,Delivered
O1009629,DHL,2025-04-12 01:33:00,2025-04-14 08:33:00,2025-04-14 08:33:00,Delivered
O1009630,DHL,2025-05-29 03:34:00,2025-06-01 19:34:00,2025-06-02 07:34:00,Delayed
O1009631,DHL,2025-11-16 23:36:00,2025-11-18 07:36:00,2025-11-19 07:36:00,Delayed
O1009632,Delhivery,2025-10-24 02:19:00,2025-10-25 15:19:00,2025-10-25 15:19:00,Delivered
O1009633,DHL,2025-05-06 06:48:00,2025-05-09 02:48:00,2025-05-10 02:48:00,Delayed
O1009634,BlueDart,2025-04-19 00:08:00,2025-04-21 15:08:00,2025-04-21 15:08:00,Delivered
O1009635,BlueDart,2025-07-06 05:33:00,2025-07-09 18:33:00,2025-07-09 18:33:00,Delivered
O1009636,BlueDart,2025-09-07 21:45:00,2025-09-11 13:45:00,2025-09-13 13:45:00,Delayed
O1009637,EcomExpress,2025-03-09 07:40:00,2025-03-11 01:40:00,2025-03-11 01:40:00,Delivered
O1009638,EcomExpress,2025-09-23 17:34:00,2025-09-26 14:34:00,2025-09-27 14:34:00,Delayed
O1009639,DHL,2025-12-14 02:36:00,2025-12-17 08:36:00,2025-12-17 08:36:00,Delivered
O1009640,Delhivery,2025-11-06 04:11:00,2025-11-09 23:11:00,2025-11-09 23:11:00,Delivered
O1009641,DHL,2025-07-21 05:19:00,2025-07-23 06:19:00,2025-07-23 18:19:00,Delayed
O1009642,Delhivery,2025-04-28 11:20:00,2025-04-29 14:20:00,2025-04-30 14:20:00,Delayed
O1009643,Delhivery,2025-04-30 10:16:00,2025-05-02 11:16:00,2025-05-03 11:16:00,Delayed
O1009644,EcomExpress,2025-09-29 14:38:00,2025-10-01 05:38:00,2025-10-01 05:38:00,Delivered
O1009645,Delhivery,2025-06-17 16:45:00,2025-06-18 19:45:00,2025-06-19 01:45:00,Delayed
O1009647,DHL,2025-09-05 20:22:00,2025-09-07 11:22:00,2025-09-07 23:22:00,Delayed
O1009648,DHL,2025-02-21 07:20:00,2025-02-22 20:20:00,2025-02-22 20:20:00,Delivered
O1009649,EcomExpress,2025-12-27 21:45:00,2025-12-29 02:45:00,2025-12-29 02:45:00,Delivered
O1009650,DHL,2025-06-02 20:43:00,2025-06-06 03:43:00,2025-06-06 15:43:00,Delayed
O1009651,BlueDart,2025-05-06 00:28:00,2025-05-08 20:28:00,2025-05-08 20:28:00,Delivered
O1009652,DHL,2025-01-22 07:30:00,2025-01-23 18:30:00,2025-01-23 18:30:00,Delivered
O1009653,EcomExpress,2025-03-04 04:23:00,2025-03-06 08:23:00,2025-03-07 08:23:00,Delayed
O1009654,Delhivery,2025-12-13 00:18:00,2025-12-16 12:18:00,2025-12-16 12:18:00,Delivered
O1009655,EcomExpress,2025-07-17 05:12:00,2025-07-18 22:12:00,2025-07-19 22:12:00,Delayed
O1009656,EcomExpress,2025-11-27 01:10:00,2025-11-28 18:10:00,2025-11-28 18:10:00,Delivered
O1009657,BlueDart,2025-12-16 16:39:00,2025-12-19 20:39:00,2025-12-20 20:39:00,Delayed
O1009658,Delhivery,2025-01-19 01:13:00,2025-01-21 05:13:00,2025-01-21 05:13:00,Delivered
O1009659,Delhivery,2025-05-20 09:11:00,2025-05-23 09:11:00,2025-05-23 09:11:00,Delivered
O1009660,EcomExpress,2025-11-03 00:03:00,2025-11-04 13:03:00,2025-11-04 13:03:00,Delivered
O1009661,EcomExpress,2025-07-01 05:44:00,2025-07-02 07:44:00,2025-07-02 07:44:00,Delivered
O1009662,EcomExpress,2025-07-06 04:23:00,2025-07-08 18:23:00,2025-07-08 18:23:00,Delivered
O1009663,EcomExpress,2025-07-28 23:31:00,2025-07-31 06:31:00,2025-07-31 06:31:00,Delivered
O1009664,BlueDart,2025-09-15 00:11:00,2025-09-18 12:11:00,2025-09-18 12:11:00,Delivered
O1009666,BlueDart,2025-11-21 09:16:00,2025-11-24 12:16:00,2025-11-24 18:16:00,Delayed
O1009667,EcomExpress,2025-08-17 23:33:00,2025-08-19 23:33:00,2025-08-19 23:33:00,Delivered
O1009668,BlueDart,2025-07-31 20:42:00,2025-08-02 03:42:00,2025-08-02 03:42:00,Delivered
O1009669,DHL,2025-05-13 07:19:00,2025-05-15 22:19:00,2025-05-16 04:19:00,Delayed
O1009670,DHL,2025-02-13 11:27:00,2025-02-16 20:27:00,2025-02-16 20:27:00,Delivered
O1009671,BlueDart,2025-09-17 10:08:00,2025-09-19 07:08:00,2025-09-19 07:08:00,Delivered
O1009672,EcomExpress,2025-01-02 01:11:00,2025-01-04 21:11:00,2025-01-05 03:11:00,Delayed
O1009673,EcomExpress,2025-09-13 07:02:00,2025-09-14 09:02:00,2025-09-14 09:02:00,Delivered
O1009674,Delhivery,2025-07-01 23:52:00,2025-07-05 02:52:00,2025-07-05 02:52:00,Delivered
O1009675,BlueDart,2025-10-16 14:53:00,2025-10-20 02:53:00,2025-10-21 02:53:00,Delayed
O1009676,BlueDart,2025-12-14 05:34:00,2025-12-15 23:34:00,2025-12-15 23:34:00,Delivered
O1009677,Delhivery,2025-07-21 20:03:00,2025-07-24 20:03:00,2025-07-24 20:03:00,Delivered
O1009678,BlueDart,2025-07-30 09:26:00,2025-08-02 14:26:00,2025-08-02 14:26:00,Delivered
O1009680,BlueDart,2025-05-18 11:40:00,2025-05-20 04:40:00,2025-05-20 04:40:00,Delivered
O1009681,DHL,2025-02-03 07:27:00,2025-02-04 19:27:00,2025-02-05 19:27:00,Delayed
O1009682,DHL,2025-01-13 01:47:00,2025-01-15 04:47:00,2025-01-15 04:47:00,Delivered
O1009683,DHL,2025-09-22 01:11:00,2025-09-25 14:11:00,2025-09-26 14:11:00,Delayed
O1009684,Delhivery,2025-12-01 12:11:00,2025-12-03 14:11:00,2025-12-03 14:11:00,Delivered
O1009685,BlueDart,2025-01-21 16:59:00,2025-01-23 06:59:00,2025-01-23 06:59:00,Delivered
O1009686,Delhivery,2025-05-01 11:36:00,2025-05-03 07:36:00,2025-05-03 07:36:00,Delivered
O1009687,BlueDart,2025-08-10 22:45:00,2025-08-12 17:45:00,2025-08-12 17:45:00,Delivered
O1009688,DHL,2025-09-16 07:54:00,2025-09-18 21:54:00,2025-09-18 21:54:00,Delivered
O1009689,BlueDart,2025-09-27 08:51:00,2025-09-30 08:51:00,2025-09-30 08:51:00,Delivered
O1009690,BlueDart,2025-09-12 15:22:00,2025-09-14 10:22:00,2025-09-14 10:22:00,Delivered
O1009691,EcomExpress,2025-02-01 02:10:00,2025-02-03 02:10:00,2025-02-03 02:10:00,Delivered
O1009692,BlueDart,2025-04-03 19:36:00,2025-04-06 06:36:00,2025-04-06 06:36:00,Delivered
O1009693,EcomExpress,2025-06-21 17:40:00,2025-06-23 15:40:00,2025-06-24 03:40:00,Delayed
O1009694,EcomExpress,2025-01-25 14:36:00,2025-01-27 22:36:00,2025-01-28 10:36:00,Delayed
O1009695,BlueDart,2025-05-07 04:45:00,2025-05-08 08:45:00,2025-05-08 08:45:00,Delivered
O1009696,BlueDart,2025-05-22 10:15:00,2025-05-24 13:15:00,2025-05-25 01:15:00,Delayed
O1009697,DHL,2025-12-25 10:20:00,2025-12-28 21:20:00,2025-12-28 21:20:00,Delivered
O1009698,EcomExpress,2025-04-27 01:23:00,2025-04-29 08:23:00,2025-04-29 08:23:00,Delivered
O1009699,DHL,2025-12-22 07:22:00,2025-12-24 16:22:00,2025-12-25 04:22:00,Delayed
O1009700,DHL,2025-09-14 07:48:00,2025-09-17 02:48:00,2025-09-17 02:48:00,Delivered
O1009701,DHL,2025-09-10 17:37:00,2025-09-12 21:37:00,2025-09-12 21:37:00,Delivered
O1009702,DHL,2025-10-28 01:43:00,2025-10-30 07:43:00,2025-10-30 07:43:00,Delivered
O1009703,EcomExpress,2025-11-05 00:07:00,2025-11-06 17:07:00,2025-11-06 17:07:00,Delivered
O1009704,Delhivery,2025-03-24 19:21:00,2025-03-28 01:21:00,2025-03-28 01:21:00,Delivered
O1009705,DHL,2025-06-03 23:00:00,2025-06-06 14:00:00,2025-06-06 20:00:00,Delayed
O1009706,DHL,2025-07-13 01:14:00,2025-07-14 02:14:00,2025-07-14 02:14:00,Delivered
O1009707,BlueDart,2025-12-24 09:35:00,2025-12-27 01:35:00,2025-12-27 01:35:00,Delivered
O1009708,EcomExpress,2025-01-16 06:48:00,2025-01-18 07:48:00,2025-01-18 07:48:00,Delivered
O1009709,DHL,2025-06-25 14:00:00,2025-06-26 14:00:00,2025-06-27 14:00:00,Delayed
O1009710,Delhivery,2025-03-21 06:33:00,2025-03-23 18:33:00,2025-03-24 06:33:00,Delayed
O1009711,Delhivery,2025-03-17 18:25:00,2025-03-19 00:25:00,2025-03-19 00:25:00,Delivered
O1009712,EcomExpress,2025-10-06 18:53:00,2025-10-08 07:53:00,2025-10-08 07:53:00,Delivered
O1009713,DHL,2025-03-15 18:01:00,2025-03-18 14:01:00,2025-03-18 14:01:00,Delivered
O1009714,DHL,2025-10-18 08:53:00,2025-10-20 21:53:00,2025-10-21 21:53:00,Delayed
O1009715,DHL,2025-12-29 14:05:00,2025-12-31 10:05:00,2026-01-02 10:05:00,Delayed
O1009716,EcomExpress,2025-10-12 04:44:00,2025-10-15 18:44:00,2025-10-15 18:44:00,Delivered
O1009717,DHL,2025-03-05 02:00:00,2025-03-09 00:00:00,2025-03-09 00:00:00,Delivered
O1009718,BlueDart,2025-02-22 08:58:00,2025-02-23 14:58:00,2025-02-23 14:58:00,Delivered
O1009719,Delhivery,2025-06-10 04:26:00,2025-06-11 21:26:00,2025-06-11 21:26:00,Delivered
O1009720,EcomExpress,2025-07-22 15:19:00,2025-07-23 15:19:00,2025-07-23 15:19:00,Delivered
O1009721,DHL,2025-10-13 03:25:00,2025-10-14 13:25:00,2025-10-14 19:25:00,Delayed
O1009722,Delhivery,2025-06-05 17:32:00,2025-06-07 19:32:00,2025-06-07 19:32:00,Delivered
O1009723,Delhivery,2025-03-03 17:56:00,2025-03-04 20:56:00,2025-03-04 20:56:00,Delivered
O1009724,Delhivery,2025-12-29 07:26:00,2026-01-02 01:26:00,2026-01-02 07:26:00,Delayed
O1009725,Delhivery,2025-11-27 13:24:00,2025-11-30 14:24:00,2025-11-30 14:24:00,Delivered
O1009726,BlueDart,2025-08-28 02:56:00,2025-08-29 07:56:00,2025-08-29 13:56:00,Delayed
O1009727,DHL,2025-09-11 19:47:00,2025-09-13 15:47:00,2025-09-13 15:47:00,Delivered
O1009728,EcomExpress,2025-12-09 10:00:00,2025-12-12 13:00:00,2025-12-12 13:00:00,Delivered
O1009729,EcomExpress,2025-06-24 17:55:00,2025-06-26 12:55:00,2025-06-26 12:55:00,Delivered
O1009730,DHL,2025-02-23 20:57:00,2025-02-26 06:57:00,2025-02-27 06:57:00,Delayed
O1009731,EcomExpress,2025-08-11 07:29:00,2025-08-12 14:29:00,2025-08-12 14:29:00,Delivered
O1009732,BlueDart,2025-06-15 11:26:00,2025-06-19 01:26:00,2025-06-19 07:26:00,Delayed
O1009733,EcomExpress,2025-10-20 04:45:00,2025-10-21 07:45:00,2025-10-21 07:45:00,Delivered
O1009734,DHL,2025-10-10 16:10:00,2025-10-11 22:10:00,2025-10-12 04:10:00,Delayed
O1009735,EcomExpress,2025-06-23 08:40:00,2025-06-25 00:40:00,2025-06-25 00:40:00,Delivered
O1009736,Delhivery,2025-05-16 04:04:00,2025-05-18 06:04:00,2025-05-18 06:04:00,Delivered
O1009737,Delhivery,2025-06-05 03:57:00,2025-06-07 07:57:00,2025-06-07 07:57:00,Delivered
O1009738,BlueDart,2025-08-19 22:43:00,2025-08-22 23:43:00,2025-08-22 23:43:00,Delivered
O1009739,EcomExpress,2025-08-21 19:33:00,2025-08-24 18:33:00,2025-08-24 18:33:00,Delivered
O1009740,DHL,2025-07-07 07:27:00,2025-07-08 07:27:00,2025-07-08 07:27:00,Delivered
O1009741,DHL,2025-07-15 13:26:00,2025-07-16 20:26:00,2025-07-16 20:26:00,Delivered
O1009742,DHL,2025-12-29 15:28:00,2025-12-31 13:28:00,2026-01-01 13:28:00,Delayed
O1009743,EcomExpress,2025-04-04 01:53:00,2025-04-06 03:53:00,2025-04-06 15:53:00,Delayed
O1009744,DHL,2025-03-06 01:01:00,2025-03-09 08:01:00,2025-03-09 08:01:00,Delivered
O1009745,DHL,2025-10-20 08:06:00,2025-10-24 07:06:00,2025-10-24 07:06:00,Delivered
O1009746,DHL,2025-12-08 23:51:00,2025-12-10 17:51:00,2025-12-10 17:51:00,Delivered
O1009747,Delhivery,2025-08-11 21:16:00,2025-08-14 22:16:00,2025-08-15 04:16:00,Delayed
O1009748,DHL,2025-05-28 11:55:00,2025-05-30 06:55:00,2025-05-30 06:55:00,Delivered
O1009749,Delhivery,2025-05-08 21:20:00,2025-05-12 20:20:00,2025-05-12 20:20:00,Delivered
O1009750,DHL,2025-06-20 22:19:00,2025-06-23 18:19:00,2025-06-23 18:19:00,Delivered
O1009751,Delhivery,2025-01-21 03:35:00,2025-01-22 08:35:00,2025-01-22 08:35:00,Delivered
O1009752,Delhivery,2025-07-12 23:35:00,2025-07-14 05:35:00,2025-07-14 05:35:00,Delivered
O1009753,Delhivery,2025-04-10 16:15:00,2025-04-12 21:15:00,2025-04-12 21:15:00,Delivered
O1009754,Delhivery,2025-04-08 17:45:00,2025-04-11 00:45:00,2025-04-11 12:45:00,Delayed
O1009755,DHL,2025-07-25 09:48:00,2025-07-27 01:48:00,2025-07-29 01:48:00,Delayed
O1009756,DHL,2025-12-19 15:10:00,2025-12-20 20:10:00,2025-12-21 08:10:00,Delayed
O1009757,EcomExpress,2025-03-17 19:04:00,2025-03-21 14:04:00,2025-03-21 14:04:00,Delivered
O1009758,DHL,2025-11-30 03:32:00,2025-12-03 04:32:00,2025-12-04 04:32:00,Delayed
O1009759,Delhivery,2025-07-09 20:49:00,2025-07-13 13:49:00,2025-07-13 13:49:00,Delivered
O1009760,Delhivery,2025-12-22 19:24:00,2025-12-24 15:24:00,2025-12-24 15:24:00,Delivered
O1009761,DHL,2025-05-21 08:13:00,2025-05-24 00:13:00,2025-05-24 12:13:00,Delayed
O1009762,DHL,2025-12-31 04:19:00,2026-01-03 01:19:00,2026-01-03 01:19:00,Delivered
O1009763,DHL,2025-08-29 22:32:00,2025-08-31 20:32:00,2025-08-31 20:32:00,Delivered
O1009764,DHL,2025-09-02 16:47:00,2025-09-05 14:47:00,2025-09-06 02:47:00,Delayed
O1009765,EcomExpress,2025-07-25 19:35:00,2025-07-28 10:35:00,2025-07-28 10:35:00,Delivered
O1009766,DHL,2025-06-15 17:41:00,2025-06-19 06:41:00,2025-06-19 06:41:00,Delivered
O1009768,EcomExpress,2025-11-08 08:22:00,2025-11-11 22:22:00,2025-11-11 22:22:00,Delivered
O1009769,DHL,2025-10-17 22:56:00,2025-10-21 16:56:00,2025-10-23 16:56:00,Delayed
O1009770,DHL,2025-01-10 03:04:00,2025-01-12 20:04:00,2025-01-12 20:04:00,Delivered
O1009771,BlueDart,2025-09-12 10:47:00,2025-09-13 14:47:00,2025-09-13 14:47:00,Delivered
O1009772,EcomExpress,2025-11-02 03:51:00,2025-11-05 10:51:00,2025-11-05 10:51:00,Delivered
O1009773,DHL,2025-09-30 13:18:00,2025-10-02 18:18:00,2025-10-02 18:18:00,Delivered
O1009774,BlueDart,2025-07-02 17:06:00,2025-07-05 18:06:00,2025-07-05 18:06:00,Delivered
O1009775,Delhivery,2025-05-03 20:47:00,2025-05-06 20:47:00,2025-05-07 20:47:00,Delayed
O1009776,EcomExpress,2025-09-04 04:04:00,2025-09-05 11:04:00,2025-09-05 17:04:00,Delayed
O1009777,EcomExpress,2025-09-01 03:31:00,2025-09-02 16:31:00,2025-09-03 16:31:00,Delayed
O1009778,BlueDart,2025-05-18 12:37:00,2025-05-21 18:37:00,2025-05-21 18:37:00,Delivered
O1009779,DHL,2025-05-29 14:12:00,2025-06-01 06:12:00,2025-06-01 18:12:00,Delayed
O1009780,Delhivery,2025-05-16 06:29:00,2025-05-17 21:29:00,2025-05-19 21:29:00,Delayed
O1009781,Delhivery,2025-01-18 03:48:00,2025-01-21 16:48:00,2025-01-21 16:48:00,Delivered
O1009782,BlueDart,2025-01-13 00:39:00,2025-01-16 14:39:00,2025-01-16 14:39:00,Delivered
O1009783,BlueDart,2025-02-01 07:29:00,2025-02-02 23:29:00,2025-02-02 23:29:00,Delivered
O1009784,BlueDart,2025-06-05 19:35:00,2025-06-07 17:35:00,2025-06-07 17:35:00,Delivered
O1009785,DHL,2025-07-06 14:18:00,2025-07-08 03:18:00,2025-07-08 03:18:00,Delivered
O1009787,DHL,2025-12-16 11:13:00,2025-12-19 03:13:00,2025-12-19 15:13:00,Delayed
O1009788,BlueDart,2025-03-25 02:56:00,2025-03-28 09:56:00,2025-03-28 09:56:00,Delivered
O1009789,EcomExpress,2025-05-25 12:01:00,2025-05-27 08:01:00,2025-05-29 08:01:00,Delayed
O1009790,BlueDart,2025-04-02 03:35:00,2025-04-03 04:35:00,2025-04-03 16:35:00,Delayed
O1009791,DHL,2025-04-20 14:11:00,2025-04-21 14:11:00,2025-04-21 14:11:00,Delivered
O1009792,EcomExpress,2025-08-03 01:48:00,2025-08-04 19:48:00,2025-08-04 19:48:00,Delivered
O1009793,Delhivery,2025-04-24 14:47:00,2025-04-27 22:47:00,2025-04-28 04:47:00,Delayed
O1009794,EcomExpress,2025-04-27 05:30:00,2025-04-29 07:30:00,2025-04-29 07:30:00,Delivered
O1009795,EcomExpress,2025-09-03 16:02:00,2025-09-06 19:02:00,2025-09-06 19:02:00,Delivered
O1009796,DHL,2025-10-31 22:26:00,2025-11-04 15:26:00,2025-11-04 15:26:00,Delivered
O1009797,DHL,2025-03-20 06:08:00,2025-03-24 00:08:00,2025-03-26 00:08:00,Delayed
O1009798,EcomExpress,2025-02-10 23:13:00,2025-02-12 21:13:00,2025-02-12 21:13:00,Delivered
O1009799,DHL,2025-03-30 00:16:00,2025-04-01 17:16:00,2025-04-01 23:16:00,Delayed
O1009800,DHL,2025-07-31 00:43:00,2025-08-03 04:43:00,2025-08-05 04:43:00,Delayed
O1009801,Delhivery,2025-12-18 13:38:00,2025-12-20 02:38:00,2025-12-20 02:38:00,Delivered
O1009802,Delhivery,2025-03-01 04:12:00,2025-03-04 06:12:00,2025-03-04 06:12:00,Delivered
O1009803,Delhivery,2025-01-17 15:48:00,2025-01-19 03:48:00,2025-01-19 03:48:00,Delivered
O1009804,Delhivery,2025-07-12 16:55:00,2025-07-15 08:55:00,2025-07-15 08:55:00,Delivered
O1009805,DHL,2025-12-28 18:57:00,2025-12-30 22:57:00,2025-12-30 22:57:00,Delivered
O1009806,DHL,2025-07-21 22:38:00,2025-07-24 01:38:00,2025-07-24 01:38:00,Delivered
O1009807,Delhivery,2025-12-05 02:01:00,2025-12-07 01:01:00,2025-12-07 01:01:00,Delivered
O1009808,Delhivery,2025-08-23 19:27:00,2025-08-26 06:27:00,2025-08-26 06:27:00,Delivered
O1009809,Delhivery,2025-01-12 19:38:00,2025-01-15 00:38:00,2025-01-15 00:38:00,Delivered
O1009810,EcomExpress,2025-06-06 23:29:00,2025-06-08 17:29:00,2025-06-08 17:29:00,Delivered
O1009811,DHL,2025-10-10 01:11:00,2025-10-11 17:11:00,2025-10-11 23:11:00,Delayed
O1009813,DHL,2025-03-14 00:34:00,2025-03-16 11:34:00,2025-03-16 11:34:00,Delivered
O1009814,EcomExpress,2025-03-09 04:00:00,2025-03-13 03:00:00,2025-03-13 15:00:00,Delayed
O1009815,BlueDart,2025-09-01 08:14:00,2025-09-04 06:14:00,2025-09-04 06:14:00,Delivered
O1009816,BlueDart,2025-06-20 05:15:00,2025-06-21 11:15:00,2025-06-21 11:15:00,Delivered
O1009817,EcomExpress,2025-07-30 14:40:00,2025-07-31 19:40:00,2025-07-31 19:40:00,Delivered
O1009818,Delhivery,2025-05-18 02:13:00,2025-05-21 07:13:00,2025-05-22 07:13:00,Delayed
O1009819,DHL,2025-05-05 03:33:00,2025-05-07 18:33:00,2025-05-07 18:33:00,Delivered
O1009820,EcomExpress,2025-09-02 15:18:00,2025-09-05 07:18:00,2025-09-05 07:18:00,Delivered
O1009821,DHL,2025-01-03 23:31:00,2025-01-06 01:31:00,2025-01-06 01:31:00,Delivered
O1009822,EcomExpress,2025-06-09 18:41:00,2025-06-12 10:41:00,2025-06-12 10:41:00,Delivered
O1009823,Delhivery,2025-05-17 08:08:00,2025-05-20 02:08:00,2025-05-22 02:08:00,Delayed
O1009824,EcomExpress,2025-10-13 05:04:00,2025-10-16 01:04:00,2025-10-16 07:04:00,Delayed
O1009825,DHL,2025-09-24 08:28:00,2025-09-28 03:28:00,2025-09-28 03:28:00,Delivered
O1009826,Delhivery,2025-06-06 01:53:00,2025-06-09 18:53:00,2025-06-09 18:53:00,Delivered
O1009827,DHL,2025-04-06 22:02:00,2025-04-10 10:02:00,2025-04-10 10:02:00,Delivered
O1009828,BlueDart,2025-03-29 04:05:00,2025-04-01 04:05:00,2025-04-01 10:05:00,Delayed
O1009829,Delhivery,2025-03-19 15:20:00,2025-03-22 16:20:00,2025-03-22 16:20:00,Delivered
O1009830,DHL,2025-04-11 08:38:00,2025-04-13 03:38:00,2025-04-13 03:38:00,Delivered
O1009831,BlueDart,2025-10-06 09:44:00,2025-10-09 23:44:00,2025-10-09 23:44:00,Delivered
O1009832,DHL,2025-01-17 23:52:00,2025-01-19 18:52:00,2025-01-20 18:52:00,Delayed
O1009833,BlueDart,2025-01-10 18:57:00,2025-01-12 02:57:00,2025-01-12 02:57:00,Delivered
O1009834,DHL,2025-07-18 00:08:00,2025-07-21 11:08:00,2025-07-21 11:08:00,Delivered
O1009835,DHL,2025-03-24 03:57:00,2025-03-26 08:57:00,2025-03-26 08:57:00,Delivered
O1009836,Delhivery,2025-11-01 01:21:00,2025-11-03 11:21:00,2025-11-03 17:21:00,Delayed
O1009837,BlueDart,2025-10-03 12:48:00,2025-10-06 09:48:00,2025-10-06 09:48:00,Delivered
O1009838,EcomExpress,2025-10-08 18:25:00,2025-10-11 20:25:00,2025-10-12 08:25:00,Delayed
O1009839,BlueDart,2025-06-17 18:31:00,2025-06-18 23:31:00,2025-06-19 05:31:00,Delayed
O1009840,Delhivery,2025-06-10 06:27:00,2025-06-12 09:27:00,2025-06-12 09:27:00,Delivered
O1009841,BlueDart,2025-06-06 07:36:00,2025-06-09 15:36:00,2025-06-10 15:36:00,Delayed
O1009842,EcomExpress,2025-03-13 22:53:00,2025-03-17 03:53:00,2025-03-17 03:53:00,Delivered
O1009843,Delhivery,2025-07-28 08:28:00,2025-07-31 05:28:00,2025-07-31 11:28:00,Delayed
O1009844,BlueDart,2025-11-13 01:39:00,2025-11-15 07:39:00,2025-11-15 07:39:00,Delivered
O1009845,Delhivery,2025-04-05 01:58:00,2025-04-07 02:58:00,2025-04-07 02:58:00,Delivered
O1009846,Delhivery,2025-01-21 23:24:00,2025-01-24 10:24:00,2025-01-24 10:24:00,Delivered
O1009847,EcomExpress,2025-07-27 00:14:00,2025-07-28 13:14:00,2025-07-28 13:14:00,Delivered
O1009848,EcomExpress,2025-05-26 17:40:00,2025-05-30 11:40:00,2025-05-30 11:40:00,Delivered
O1009849,DHL,2025-10-20 02:15:00,2025-10-21 15:15:00,2025-10-21 15:15:00,Delivered
O1009850,DHL,2025-11-10 06:13:00,2025-11-12 17:13:00,2025-11-12 17:13:00,Delivered
O1009851,DHL,2025-12-14 09:56:00,2025-12-17 15:56:00,2025-12-18 03:56:00,Delayed
O1009852,EcomExpress,2025-05-24 18:49:00,2025-05-26 10:49:00,2025-05-26 10:49:00,Delivered
O1009853,DHL,2025-11-27 07:36:00,2025-12-01 06:36:00,2025-12-01 06:36:00,Delivered
O1009855,EcomExpress,2025-05-17 17:17:00,2025-05-20 07:17:00,2025-05-20 07:17:00,Delivered
O1009856,Delhivery,2025-04-08 16:48:00,2025-04-10 03:48:00,2025-04-10 09:48:00,Delayed
O1009857,EcomExpress,2025-12-03 18:52:00,2025-12-04 18:52:00,2025-12-04 18:52:00,Delivered
O1009858,BlueDart,2025-08-09 04:30:00,2025-08-11 02:30:00,2025-08-11 02:30:00,Delivered
O1009859,BlueDart,2025-05-14 17:40:00,2025-05-16 13:40:00,2025-05-17 13:40:00,Delayed
O1009860,BlueDart,2025-02-26 06:29:00,2025-02-27 09:29:00,2025-02-27 09:29:00,Delivered
O1009861,Delhivery,2025-10-14 10:39:00,2025-10-17 05:39:00,2025-10-17 11:39:00,Delayed
O1009862,DHL,2025-08-29 01:46:00,2025-08-31 14:46:00,2025-09-01 02:46:00,Delayed
O1009863,Delhivery,2025-11-09 08:57:00,2025-11-10 13:57:00,2025-11-10 13:57:00,Delivered
O1009864,EcomExpress,2025-06-10 04:01:00,2025-06-13 15:01:00,2025-06-13 15:01:00,Delivered
O1009865,Delhivery,2025-02-25 07:59:00,2025-02-27 15:59:00,2025-02-27 15:59:00,Delivered
O1009866,Delhivery,2025-05-04 11:04:00,2025-05-07 05:04:00,2025-05-07 17:04:00,Delayed
O1009867,EcomExpress,2025-08-16 08:42:00,2025-08-19 03:42:00,2025-08-20 03:42:00,Delayed
O1009868,DHL,2025-03-29 21:19:00,2025-04-02 09:19:00,2025-04-02 09:19:00,Delivered
O1009870,BlueDart,2025-10-29 00:44:00,2025-10-30 16:44:00,2025-10-30 16:44:00,Delivered
O1009871,BlueDart,2025-07-14 17:27:00,2025-07-15 20:27:00,2025-07-15 20:27:00,Delivered
O1009872,BlueDart,2025-05-25 20:53:00,2025-05-27 11:53:00,2025-05-27 11:53:00,Delivered
O1009873,DHL,2025-07-22 03:09:00,2025-07-25 04:09:00,2025-07-25 04:09:00,Delivered
O1009874,EcomExpress,2025-09-28 06:22:00,2025-10-01 06:22:00,2025-10-02 06:22:00,Delayed
O1009875,EcomExpress,2025-01-01 16:05:00,2025-01-03 14:05:00,2025-01-03 14:05:00,Delivered
O1009876,BlueDart,2025-06-11 07:06:00,2025-06-15 05:06:00,2025-06-15 05:06:00,Delivered
O1009877,BlueDart,2025-04-04 03:20:00,2025-04-07 04:20:00,2025-04-07 04:20:00,Delivered
O1009878,BlueDart,2025-02-04 16:46:00,2025-02-06 14:46:00,2025-02-07 14:46:00,Delayed
O1009879,Delhivery,2025-01-14 14:20:00,2025-01-18 12:20:00,2025-01-18 12:20:00,Delivered
O1009880,EcomExpress,2025-06-11 03:27:00,2025-06-12 17:27:00,2025-06-12 23:27:00,Delayed
O1009881,Delhivery,2025-07-18 23:17:00,2025-07-20 01:17:00,2025-07-20 13:17:00,Delayed
O1009882,EcomExpress,2025-07-06 12:50:00,2025-07-10 10:50:00,2025-07-10 16:50:00,Delayed
O1009883,DHL,2025-10-14 10:05:00,2025-10-16 17:05:00,2025-10-16 17:05:00,Delivered
O1009884,DHL,2025-06-18 13:57:00,2025-06-22 01:57:00,2025-06-22 01:57:00,Delivered
O1009885,Delhivery,2025-08-05 05:27:00,2025-08-08 18:27:00,2025-08-08 18:27:00,Delivered
O1009886,DHL,2025-10-26 07:22:00,2025-10-30 02:22:00,2025-10-30 02:22:00,Delivered
O1009888,BlueDart,2025-11-30 05:21:00,2025-12-03 11:21:00,2025-12-03 23:21:00,Delayed
O1009889,BlueDart,2025-03-22 18:40:00,2025-03-23 21:40:00,2025-03-23 21:40:00,Delivered
O1009890,DHL,2025-10-16 01:47:00,2025-10-18 16:47:00,2025-10-18 16:47:00,Delivered
O1009891,BlueDart,2025-09-13 07:30:00,2025-09-17 02:30:00,2025-09-17 08:30:00,Delayed
O1009892,BlueDart,2025-08-02 05:58:00,2025-08-05 12:58:00,2025-08-05 18:58:00,Delayed
O1009893,DHL,2025-01-02 17:42:00,2025-01-06 05:42:00,2025-01-07 05:42:00,Delayed
O1009894,Delhivery,2025-07-17 19:20:00,2025-07-21 03:20:00,2025-07-21 15:20:00,Delayed
O1009895,EcomExpress,2025-11-11 08:00:00,2025-11-13 05:00:00,2025-11-13 05:00:00,Delivered
O1009896,DHL,2025-08-24 13:31:00,2025-08-27 20:31:00,2025-08-27 20:31:00,Delivered
O1009897,BlueDart,2025-01-03 10:27:00,2025-01-06 06:27:00,2025-01-06 06:27:00,Delivered
O1009898,DHL,2025-04-17 09:25:00,2025-04-20 02:25:00,2025-04-20 02:25:00,Delivered
O1009899,BlueDart,2025-07-28 08:23:00,2025-07-29 20:23:00,2025-07-29 20:23:00,Delivered
O1009900,DHL,2025-10-25 19:16:00,2025-10-27 02:16:00,2025-10-27 02:16:00,Delivered
O1009901,EcomExpress,2025-06-12 18:56:00,2025-06-15 00:56:00,2025-06-15 00:56:00,Delivered
O1009902,EcomExpress,2025-11-10 00:37:00,2025-11-11 17:37:00,2025-11-12 05:37:00,Delayed
O1009903,BlueDart,2025-10-19 11:01:00,2025-10-22 06:01:00,2025-10-22 06:01:00,Delivered
O1009904,Delhivery,2025-04-08 21:04:00,2025-04-10 19:04:00,2025-04-11 07:04:00,Delayed
O1009906,BlueDart,2025-11-27 02:32:00,2025-11-28 09:32:00,2025-11-28 09:32:00,Delivered
O1009907,EcomExpress,2025-08-05 02:58:00,2025-08-06 04:58:00,2025-08-06 16:58:00,Delayed
O1009908,BlueDart,2025-11-06 17:57:00,2025-11-10 14:57:00,2025-11-10 14:57:00,Delivered
O1009909,BlueDart,2025-12-03 21:47:00,2025-12-05 04:47:00,2025-12-05 04:47:00,Delivered
O1009910,BlueDart,2025-06-05 04:56:00,2025-06-08 22:56:00,2025-06-08 22:56:00,Delivered
O1009911,DHL,2025-01-18 07:26:00,2025-01-20 23:26:00,2025-01-21 23:26:00,Delayed
O1009912,DHL,2025-11-28 23:50:00,2025-12-02 13:50:00,2025-12-02 13:50:00,Delivered
O1009913,DHL,2025-08-03 03:01:00,2025-08-06 20:01:00,2025-08-06 20:01:00,Delivered
O1009914,DHL,2025-02-14 04:52:00,2025-02-15 13:52:00,2025-02-16 01:52:00,Delayed
O1009915,BlueDart,2025-07-13 13:42:00,2025-07-16 03:42:00,2025-07-16 09:42:00,Delayed
O1009916,Delhivery,2025-01-12 06:23:00,2025-01-15 06:23:00,2025-01-15 18:23:00,Delayed
O1009917,DHL,2025-04-17 10:55:00,2025-04-20 07:55:00,2025-04-22 07:55:00,Delayed
O1009918,BlueDart,2025-05-08 07:08:00,2025-05-11 23:08:00,2025-05-11 23:08:00,Delivered
O1009919,BlueDart,2025-06-15 19:20:00,2025-06-17 07:20:00,2025-06-17 19:20:00,Delayed
O1009920,DHL,2025-07-27 03:19:00,2025-07-28 12:19:00,2025-07-28 12:19:00,Delivered
O1009921,EcomExpress,2025-11-04 08:38:00,2025-11-07 20:38:00,2025-11-08 20:38:00,Delayed
O1009922,Delhivery,2025-05-09 11:27:00,2025-05-12 09:27:00,2025-05-12 09:27:00,Delivered
O1009923,Delhivery,2025-09-26 23:21:00,2025-09-30 17:21:00,2025-10-01 17:21:00,Delayed
O1009924,EcomExpress,2025-12-11 08:37:00,2025-12-12 22:37:00,2025-12-12 22:37:00,Delivered
O1009925,EcomExpress,2025-10-02 10:15:00,2025-10-03 14:15:00,2025-10-03 14:15:00,Delivered
O1009926,Delhivery,2025-04-04 12:32:00,2025-04-07 13:32:00,2025-04-08 13:32:00,Delayed
O1009928,EcomExpress,2025-04-14 03:20:00,2025-04-17 09:20:00,2025-04-17 09:20:00,Delivered
O1009929,BlueDart,2025-06-25 10:20:00,2025-06-28 08:20:00,2025-06-28 08:20:00,Delivered
O1009930,Delhivery,2025-08-21 10:07:00,2025-08-22 13:07:00,2025-08-23 13:07:00,Delayed
O1009931,Delhivery,2025-04-18 23:23:00,2025-04-22 13:23:00,2025-04-24 13:23:00,Delayed
O1009932,Delhivery,2025-01-02 18:13:00,2025-01-04 12:13:00,2025-01-04 18:13:00,Delayed
O1009933,DHL,2025-11-03 17:52:00,2025-11-06 03:52:00,2025-11-06 03:52:00,Delivered
O1009934,Delhivery,2025-09-24 08:45:00,2025-09-25 09:45:00,2025-09-25 09:45:00,Delivered
O1009935,BlueDart,2025-02-14 21:38:00,2025-02-18 03:38:00,2025-02-18 03:38:00,Delivered
O1009936,Delhivery,2025-05-19 00:11:00,2025-05-22 10:11:00,2025-05-22 22:11:00,Delayed
O1009937,BlueDart,2025-04-07 00:37:00,2025-04-08 13:37:00,2025-04-08 13:37:00,Delivered
O1009938,DHL,2025-12-23 15:42:00,2025-12-24 20:42:00,2025-12-24 20:42:00,Delivered
O1009939,DHL,2025-12-10 19:00:00,2025-12-13 17:00:00,2025-12-13 17:00:00,Delivered
O1009940,DHL,2025-09-10 14:49:00,2025-09-13 05:49:00,2025-09-13 05:49:00,Delivered
O1009941,BlueDart,2025-06-11 16:22:00,2025-06-15 07:22:00,2025-06-15 07:22:00,Delivered
O1009942,EcomExpress,2025-01-21 10:15:00,2025-01-23 07:15:00,2025-01-23 07:15:00,Delivered
O1009943,Delhivery,2025-04-02 03:35:00,2025-04-05 07:35:00,2025-04-05 07:35:00,Delivered
O1009944,EcomExpress,2025-02-03 11:01:00,2025-02-07 00:01:00,2025-02-07 00:01:00,Delivered
O1009945,EcomExpress,2025-10-17 02:57:00,2025-10-20 17:57:00,2025-10-21 05:57:00,Delayed
O1009946,Delhivery,2025-02-03 02:15:00,2025-02-04 08:15:00,2025-02-04 14:15:00,Delayed
O1009947,Delhivery,2025-09-05 22:34:00,2025-09-08 19:34:00,2025-09-08 19:34:00,Delivered
O1009948,DHL,2025-12-14 18:07:00,2025-12-16 18:07:00,2025-12-17 06:07:00,Delayed
O1009949,Delhivery,2025-04-23 20:09:00,2025-04-26 11:09:00,2025-04-26 11:09:00,Delivered
O1009950,EcomExpress,2025-09-08 05:50:00,2025-09-11 05:50:00,2025-09-13 05:50:00,Delayed
O1009951,EcomExpress,2025-11-18 14:03:00,2025-11-22 07:03:00,2025-11-22 07:03:00,Delivered
O1009952,BlueDart,2025-06-07 19:01:00,2025-06-10 04:01:00,2025-06-10 04:01:00,Delivered
O1009953,Delhivery,2025-06-14 08:27:00,2025-06-16 07:27:00,2025-06-16 07:27:00,Delivered
O1009954,Delhivery,2025-03-16 05:15:00,2025-03-17 18:15:00,2025-03-18 18:15:00,Delayed
O1009955,BlueDart,2025-06-07 16:04:00,2025-06-10 21:04:00,2025-06-10 21:04:00,Delivered
O1009956,EcomExpress,2025-11-16 01:18:00,2025-11-18 01:18:00,2025-11-18 01:18:00,Delivered
O1009957,EcomExpress,2025-09-01 12:17:00,2025-09-04 13:17:00,2025-09-04 13:17:00,Delivered
O1009958,EcomExpress,2025-03-15 21:14:00,2025-03-17 16:14:00,2025-03-19 16:14:00,Delayed
O1009959,Delhivery,2025-07-13 11:29:00,2025-07-16 21:29:00,2025-07-16 21:29:00,Delivered
O1009960,DHL,2025-09-16 08:51:00,2025-09-19 08:51:00,2025-09-19 08:51:00,Delivered
O1009961,BlueDart,2025-01-30 02:54:00,2025-02-01 13:54:00,2025-02-01 13:54:00,Delivered
O1009962,Delhivery,2025-10-06 13:25:00,2025-10-10 12:25:00,2025-10-10 12:25:00,Delivered
O1009963,DHL,2025-03-16 03:10:00,2025-03-18 14:10:00,2025-03-19 14:10:00,Delayed
O1009964,DHL,2025-04-19 00:22:00,2025-04-21 14:22:00,2025-04-21 14:22:00,Delivered
O1009965,EcomExpress,2025-06-01 20:43:00,2025-06-02 22:43:00,2025-06-02 22:43:00,Delivered
O1009966,DHL,2025-07-05 04:11:00,2025-07-08 02:11:00,2025-07-08 14:11:00,Delayed
O1009967,Delhivery,2025-12-02 05:47:00,2025-12-06 00:47:00,2025-12-06 12:47:00,Delayed
O1009969,Delhivery,2025-04-05 06:00:00,2025-04-07 23:00:00,2025-04-09 23:00:00,Delayed
O1009970,Delhivery,2025-05-20 03:43:00,2025-05-22 06:43:00,2025-05-22 06:43:00,Delivered
O1009971,DHL,2025-11-09 10:32:00,2025-11-12 08:32:00,2025-11-12 08:32:00,Delivered
O1009972,Delhivery,2025-12-20 16:29:00,2025-12-23 07:29:00,2025-12-24 07:29:00,Delayed
O1009973,EcomExpress,2025-06-16 02:50:00,2025-06-17 17:50:00,2025-06-17 17:50:00,Delivered
O1009974,DHL,2025-09-10 19:16:00,2025-09-12 09:16:00,2025-09-12 09:16:00,Delivered
O1009975,Delhivery,2025-12-02 09:41:00,2025-12-06 01:41:00,2025-12-07 01:41:00,Delayed
O1009976,EcomExpress,2025-11-07 06:30:00,2025-11-10 02:30:00,2025-11-10 02:30:00,Delivered
O1009977,EcomExpress,2025-09-07 08:45:00,2025-09-10 23:45:00,2025-09-11 05:45:00,Delayed
O1009978,EcomExpress,2025-07-18 07:37:00,2025-07-20 07:37:00,2025-07-21 07:37:00,Delayed
O1009979,BlueDart,2025-12-27 16:31:00,2025-12-31 12:31:00,2025-12-31 12:31:00,Delivered
O1009980,DHL,2025-03-29 23:12:00,2025-04-01 17:12:00,2025-04-02 17:12:00,Delayed
O1009981,BlueDart,2025-05-14 10:56:00,2025-05-18 00:56:00,2025-05-18 12:56:00,Delayed
O1009982,EcomExpress,2025-09-18 23:56:00,2025-09-22 03:56:00,2025-09-22 15:56:00,Delayed
O1009983,BlueDart,2025-01-09 10:14:00,2025-01-13 04:14:00,2025-01-13 04:14:00,Delivered
O1009984,BlueDart,2025-07-03 09:43:00,2025-07-06 04:43:00,2025-07-06 04:43:00,Delivered
O1009985,DHL,2025-11-09 09:36:00,2025-11-12 16:36:00,2025-11-12 16:36:00,Delivered
O1009986,BlueDart,2025-03-07 08:07:00,2025-03-08 10:07:00,2025-03-08 22:07:00,Delayed
O1009987,DHL,2025-10-22 02:37:00,2025-10-24 16:37:00,2025-10-24 16:37:00,Delivered
O1009988,Delhivery,2025-06-01 00:46:00,2025-06-04 10:46:00,2025-06-04 10:46:00,Delivered
O1009989,Delhivery,2025-11-12 01:15:00,2025-11-15 11:15:00,2025-11-15 11:15:00,Delivered
O1009990,DHL,2025-08-20 14:04:00,2025-08-23 06:04:00,2025-08-23 06:04:00,Delivered
O1009991,BlueDart,2025-02-28 12:07:00,2025-03-04 08:07:00,2025-03-04 20:07:00,Delayed
O1009992,DHL,2025-09-27 09:18:00,2025-09-29 02:18:00,2025-10-01 02:18:00,Delayed
O1009993,EcomExpress,2025-01-21 15:49:00,2025-01-25 00:49:00,2025-01-25 00:49:00,Delivered
O1009994,EcomExpress,2025-03-31 10:40:00,2025-04-02 09:40:00,2025-04-02 09:40:00,Delivered
O1009995,DHL,2025-11-22 06:28:00,2025-11-24 00:28:00,2025-11-24 12:28:00,Delayed
O1009996,Delhivery,2025-11-17 08:48:00,2025-11-20 18:48:00,2025-11-20 18:48:00,Delivered
O1009997,DHL,2025-01-18 14:47:00,2025-01-22 00:47:00,2025-01-22 00:47:00,Delivered
O1009998,DHL,2025-05-20 00:14:00,2025-05-23 19:14:00,2025-05-23 19:14:00,Delivered
O1009999,EcomExpress,2025-02-04 17:57:00,2025-02-06 23:57:00,2025-02-06 23:57:00,Delivered
O1010000,Delhivery,2025-04-10 04:45:00,2025-04-13 14:45:00,2025-04-13 14:45:00,Delivered
