order_id,customer_id,product_id,warehouse_id,timestamp,quantity,status,amount
O1000001,C100266,P1097,W103,2025-05-03 08:22:00,1,Shipped,18018.5
O1000002,C100933,P1020,W105,2025-12-31 11:09:00,2,Completed,38682.62
O1000003,C100178,P1065,W105,2025-01-04 19:06:00,4,Completed,35230.92
O1000004,C100656,P1081,W107,2025-06-29 17:35:00,3,Completed,43608.75
O1000005,C100531,P1089,W105,2025-08-11 19:19:00,2,Completed,12620.74
O1000006,C100104,P1036,W104,2025-01-23 12:54:00,2,Completed,17901.68
O1000007,C100605,P1070,W105,2025-06-14 21:00:00,3,Processing,34863.39
O1000008,C100147,P1049,W106,2025-08-06 20:52:00,2,Shipped,27976.52
O1000009,C100540,P1011,W104,2025-08-10 13:08:00,2,Completed,43553.58
O1000010,C100636,P1023,W102,2025-02-13 10:54:00,3,Shipped,13949.04
O1000011,C100073,P1075,W104,2025-04-12 21:27:00,2,Completed,26789.84
O1000012,C100216,P1069,W108,2025-03-31 12:53:00,3,Completed,40825.92
O1000013,C100296,P1053,W101,2025-08-22 14:56:00,3,Completed,57542.79
O1000014,C100929,P1079,W102,2025-05-01 21:02:00,3,Completed,43042.68
O1000015,C100222,P1070,W108,2025-07-28 11:46:00,3,Completed,34863.39
O1000016,C100921,P1034,W107,2025-09-24 20:23:00,2,Completed,24995.6
O1000017,C100534,P1030,W101,2025-10-19 10:15:00,3,Completed,17699.46
O1000018,C100949,P1095,W102,2025-03-09 12:06:00,3,Completed,61997.16
O1000019,C100832,P1098,W106,2025-11-26 13:26:00,2,Completed,1536.34
O1000020,C100293,P1004,W107,2025-03-02 14:45:00,2,Completed,35251.62
O1000021,C100560,P1080,W106,2025-01-08 11:24:00,3,Completed,18945.57
O1000022,C100717,P1014,W107,2025-01-17 20:22:00,3,Completed,42506.34
O1000023,C100079,P1087,W105,2025-03-15 17:18:00,2,Completed,10925.6
O1000024,C100664,P1059,W108,2025-11-15 17:23:00,2,Completed,4992.24
O1000025,C100460,P1069,W105,2025-03-17 18:14:00,4,Completed,54434.56
O1000026,C100036,P1071,W104,2025-09-11 16:55:00,3,Shipped,34167.57
O1000027,C100868,P1061,W106,2025-06-02 17:00:00,3,Completed,55924.47
O1000028,C100266,P1026,W104,2025-01-15 17:14:00,2,Completed,19446.56
O1000029,C100875,P1081,W105,2025-06-12 18:05:00,4,Completed,58145.0
O1000030,C100207,P1056,W107,2025-01-11 20:53:00,2,Completed,43091.24
O1000031,C100542,P1055,W108,2025-06-23 10:45:00,4,Completed,43580.28
O1000032,C100371,P1032,W105,2025-07-23 15:14:00,1,Processing,9743.81
O1000033,C100893,P1002,W101,2025-07-10 10:34:00,1,Completed,14226.32
O1000034,C100954,P1056,W105,2025-04-14 10:32:00,3,Completed,64636.86
O1000035,C100771,P1035,W103,2025-10-07 21:17:00,4,Completed,40445.6
O1000036,C100846,P1066,W102,2025-08-06 14:37:00,1,Processing,19641.89
O1000037,C100769,P1037,W108,2025-04-03 17:51:00,3,Completed,26128.86
O1000038,C100294,P1098,W104,2025-06-08 18:12:00,2,Completed,1536.34
O1000039,C100921,P1069,W107,2025-02-09 08:26:00,1,Completed,13608.64
O1000040,C100531,P1046,W103,2025-12-04 14:53:00,2,Shipped,40803.74
O1000041,C100344,P1071,W105,2025-10-02 10:31:00,3,Shipped,34167.57
O1000042,C100193,P1065,W106,2025-04-16 12:23:00,3,Shipped,26423.19
O1000043,C100710,P1063,W108,2025-09-04 10:38:00,4,Shipped,28671.12
O1000044,C100278,P1058,W102,2025-09-05 17:19:00,4,Completed,51125.84
O1000045,C100653,P1094,W105,2025-08-11 09:50:00,1,Completed,24343.5
O1000046,C100066,P1032,W104,2025-01-20 14:18:00,4,Shipped,38975.24
O1000047,C100635,P1044,W104,2025-11-17 12:16:00,1,Completed,19856.3
O1000048,C100643,P1026,W107,2025-12-15 21:28:00,4,Completed,38893.12
O1000049,C100525,P1057,W102,2025-12-22 19:01:00,4,Completed,37890.08
O1000050,C100657,P1099,W105,2025-12-24 12:55:00,4,Completed,35516.64
O1000051,C100994,P1061,W104,2025-12-06 12:06:00,1,Completed,18641.49
O1000052,C100839,P1021,W108,2025-09-27 18:02:00,1,Completed,18525.12
O1000053,C100440,P1093,W102,2025-01-21 16:50:00,4,Completed,79938.44
O1000054,C100872,P1080,W102,2025-06-19 15:46:00,2,Completed,12630.38
O1000055,C100955,P1045,W101,2025-03-31 09:00:00,2,Completed,11804.0
O1000056,C100161,P1015,W104,2025-03-22 09:05:00,2,Processing,13084.58
O1000057,C100359,P1041,W101,2025-10-31 16:54:00,1,Shipped,12896.08
O1000058,C100744,P1081,W105,2025-10-24 14:34:00,1,Shipped,14536.25
O1000059,C100515,P1058,W102,2025-07-10 19:36:00,1,Completed,12781.46
O1000060,C100135,P1019,W104,2025-09-26 08:24:00,4,Processing,57173.28
O1000061,C100473,P1016,W105,2025-02-17 10:36:00,1,Shipped,9429.11
O1000062,C100374,P1097,W106,2025-03-23 19:03:00,4,Completed,72074.0
O1000063,C100739,P1045,W101,2025-11-11 21:42:00,1,Completed,5902.0
O1000064,C100516,P1069,W102,2025-06-14 18:17:00,3,Completed,40825.92
O1000065,C100140,P1037,W103,2025-07-19 08:10:00,2,Completed,17419.24
O1000066,C100050,P1010,W105,2025-06-18 08:42:00,4,Shipped,31389.24
O1000067,C100288,P1042,W108,2025-03-15 20:17:00,1,Completed,17960.52
O1000068,C100157,P1070,W102,2025-10-29 14:59:00,3,Completed,34863.39
O1000069,C100877,P1034,W101,2025-10-04 14:57:00,4,Completed,49991.2
O1000070,C100272,P1061,W106,2025-09-07 21:27:00,2,Shipped,37282.98
O1000071,C100635,P1044,W108,2025-05-09 11:28:00,2,Completed,39712.6
O1000072,C100128,P1034,W107,2025-08-23 11:59:00,1,Completed,12497.8
O1000073,C100442,P1026,W105,2025-12-14 17:36:00,4,Cancelled,38893.12
O1000074,C100935,P1027,W101,2025-08-26 20:39:00,4,Completed,52128.92
O1000075,C100644,P1026,W105,2025-06-30 13:07:00,2,Completed,19446.56
O1000076,C100289,P1072,W104,2025-04-09 10:06:00,3,Completed,31449.57
O1000077,C100748,P1034,W104,2025-07-10 08:47:00,4,Shipped,49991.2
O1000078,C100502,P1075,W104,2025-05-16 08:05:00,2,Shipped,26789.84
O1000079,C100236,P1032,W105,2025-08-12 13:14:00,1,Shipped,9743.81
O1000080,C100997,P1033,W106,2025-01-17 15:25:00,1,Shipped,19025.5
O1000081,C100938,P1093,W102,2025-03-11 14:51:00,4,Completed,79938.44
O1000082,C100567,P1088,W101,2025-10-15 11:20:00,4,Completed,57373.4
O1000083,C100034,P1041,W101,2025-05-19 17:28:00,1,Completed,12896.08
O1000084,C100412,P1027,W104,2025-06-08 20:18:00,4,Completed,52128.92
O1000085,C100514,P1072,W105,2025-07-18 11:15:00,4,Completed,41932.76
O1000086,C100930,P1007,W107,2025-06-09 17:26:00,3,Completed,44303.19
O1000087,C100733,P1046,W104,2025-10-04 15:37:00,2,Completed,40803.74
O1000088,C100223,P1060,W105,2025-03-31 17:36:00,4,Completed,19572.52
O1000089,C100511,P1068,W108,2025-10-04 08:12:00,4,Completed,6811.8
O1000090,C100180,P1011,W106,2025-03-18 17:25:00,2,Cancelled,43553.58
O1000091,C100474,P1001,W106,2025-05-16 18:27:00,2,Completed,18610.76
O1000092,C100536,P1028,W103,2025-08-03 17:30:00,4,Processing,25364.6
O1000093,C100510,P1012,W102,2025-11-20 19:45:00,4,Completed,62697.96
O1000094,C100428,P1051,W108,2025-03-26 18:27:00,3,Shipped,56429.67
O1000095,C100438,P1092,W105,2025-08-03 21:47:00,3,Completed,20597.73
O1000096,C100797,P1029,W101,2025-01-24 17:22:00,3,Completed,17774.55
O1000097,C100506,P1046,W104,2025-01-28 14:14:00,2,Completed,40803.74
O1000098,C100043,P1022,W101,2025-10-08 19:40:00,4,Completed,89481.92
O1000099,C100741,P1005,W108,2025-09-20 17:43:00,2,Shipped,1717.14
O1000100,C100618,P1071,W105,2025-05-18 15:48:00,4,Completed,45556.76
O1000101,C100696,P1026,W107,2025-08-16 16:06:00,4,Completed,38893.12
O1000102,C100711,P1055,W104,2025-05-19 12:54:00,2,Completed,21790.14
O1000103,C100174,P1069,W101,2025-04-12 16:35:00,4,Completed,54434.56
O1000104,C100972,P1084,W106,2025-06-07 14:32:00,4,Completed,46569.24
O1000105,C100991,P1019,W106,2025-04-24 09:50:00,2,Completed,28586.64
O1000106,C100146,P1059,W102,2025-10-25 14:09:00,3,Completed,7488.36
O1000107,C100219,P1092,W106,2025-05-31 21:17:00,3,Completed,20597.73
O1000108,C100247,P1049,W102,2025-04-28 12:39:00,1,Completed,13988.26
O1000109,C100967,P1005,W106,2025-07-15 17:29:00,3,Completed,2575.71
O1000110,C100933,P1027,W106,2025-10-04 13:48:00,3,Cancelled,39096.69
O1000111,C100266,P1080,W102,2025-04-10 11:59:00,3,Completed,18945.57
O1000112,C100631,P1080,W103,2025-12-09 13:23:00,2,Completed,12630.38
O1000113,C100244,P1032,W102,2025-06-19 21:25:00,3,Shipped,29231.43
O1000114,C100039,P1020,W106,2025-08-30 09:33:00,3,Cancelled,58023.93
O1000115,C100231,P1030,W102,2025-12-16 17:21:00,4,Shipped,23599.28
O1000116,C100078,P1025,W106,2025-06-07 19:37:00,2,Completed,21251.62
O1000117,C100848,P1075,W104,2025-03-14 10:35:00,1,Shipped,13394.92
O1000118,C100786,P1085,W101,2025-09-30 18:35:00,1,Completed,5475.12
O1000119,C100185,P1005,W108,2025-01-03 16:54:00,4,Shipped,3434.28
O1000120,C100568,P1075,W106,2025-06-17 12:43:00,1,Completed,13394.92
O1000121,C100206,P1076,W103,2025-12-24 10:28:00,2,Completed,20082.06
O1000122,C100566,P1062,W108,2025-06-01 21:13:00,4,Shipped,38684.96
O1000123,C100896,P1088,W106,2025-09-07 10:45:00,1,Completed,14343.35
O1000124,C100880,P1004,W107,2025-07-11 21:17:00,1,Completed,17625.81
O1000125,C100834,P1070,W102,2025-03-20 17:04:00,3,Processing,34863.39
O1000126,C100242,P1013,W101,2025-04-26 19:59:00,3,Completed,28466.88
O1000127,C100191,P1090,W101,2025-07-11 12:08:00,1,Completed,10360.38
O1000128,C100161,P1050,W105,2025-02-08 08:24:00,3,Completed,44479.2
O1000129,C100128,P1010,W107,2025-06-01 17:10:00,3,Completed,23541.93
O1000130,C100614,P1075,W108,2025-06-01 13:11:00,1,Completed,13394.92
O1000131,C100659,P1075,W108,2025-11-01 15:42:00,2,Completed,26789.84
O1000132,C100883,P1047,W105,2025-02-15 14:24:00,2,Shipped,27489.36
O1000133,C100091,P1032,W106,2025-11-04 12:30:00,4,Completed,38975.24
O1000134,C100266,P1002,W103,2025-05-30 18:03:00,2,Processing,28452.64
O1000135,C100728,P1091,W101,2025-08-26 15:00:00,4,Shipped,89276.96
O1000136,C100682,P1019,W102,2025-07-23 16:53:00,4,Cancelled,57173.28
O1000137,C100428,P1085,W101,2025-04-20 17:24:00,1,Completed,5475.12
O1000138,C100153,P1059,W106,2025-12-06 17:29:00,4,Completed,9984.48
O1000139,C100485,P1069,W105,2025-03-23 12:37:00,1,Completed,13608.64
O1000140,C100172,P1070,W107,2025-01-14 18:44:00,2,Shipped,23242.26
O1000141,C100536,P1086,W102,2025-10-01 11:04:00,1,Processing,16625.41
O1000142,C100902,P1004,W108,2025-08-15 21:16:00,1,Processing,17625.81
O1000143,C100196,P1100,W106,2025-11-22 19:19:00,3,Completed,60213.21
O1000144,C100118,P1005,W108,2025-06-17 15:43:00,3,Completed,2575.71
O1000145,C100738,P1100,W106,2025-01-07 10:31:00,3,Completed,60213.21
O1000146,C100025,P1027,W103,2025-01-08 20:39:00,2,Completed,26064.46
O1000147,C100984,P1085,W106,2025-06-08 15:45:00,4,Processing,21900.48
O1000148,C100775,P1009,W105,2025-04-02 19:24:00,2,Shipped,24763.64
O1000149,C100404,P1047,W102,2025-12-03 08:23:00,3,Shipped,41234.04
O1000150,C100363,P1055,W101,2025-02-13 12:43:00,2,Processing,21790.14
O1000151,C100387,P1096,W106,2025-11-18 12:11:00,1,Completed,3702.38
O1000152,C100397,P1013,W101,2025-03-21 19:23:00,3,Completed,28466.88
O1000153,C100840,P1004,W101,2025-02-13 14:30:00,4,Completed,70503.24
O1000154,C100800,P1065,W101,2025-04-11 09:38:00,2,Shipped,17615.46
O1000155,C100205,P1005,W105,2025-02-22 16:36:00,2,Shipped,1717.14
O1000156,C100180,P1078,W108,2025-05-27 10:13:00,4,Completed,69145.4
O1000157,C100541,P1004,W104,2025-05-01 14:15:00,1,Completed,17625.81
O1000158,C100651,P1098,W102,2025-07-13 21:53:00,2,Completed,1536.34
O1000159,C100728,P1054,W105,2025-07-16 14:05:00,2,Completed,26651.08
O1000160,C100314,P1095,W104,2025-01-01 14:00:00,2,Cancelled,41331.44
O1000161,C100483,P1013,W105,2025-02-15 08:33:00,2,Completed,18977.92
O1000162,C100105,P1028,W104,2025-03-01 14:26:00,4,Completed,25364.6
O1000163,C100456,P1046,W105,2025-03-13 21:24:00,1,Completed,20401.87
O1000164,C100688,P1003,W103,2025-02-04 21:18:00,2,Shipped,18561.08
O1000165,C100305,P1011,W108,2025-04-25 21:29:00,4,Completed,87107.16
O1000166,C100319,P1033,W105,2025-07-20 13:03:00,1,Completed,19025.5
O1000167,C100463,P1074,W103,2025-04-23 08:54:00,3,Completed,25124.82
O1000168,C100867,P1071,W101,2025-05-01 11:19:00,1,Completed,11389.19
O1000169,C100605,P1009,W106,2025-06-21 10:57:00,3,Completed,37145.46
O1000170,C100920,P1006,W104,2025-07-20 09:05:00,3,Shipped,9334.8
O1000171,C100062,P1066,W102,2025-05-01 17:55:00,3,Shipped,58925.67
O1000172,C100850,P1036,W104,2025-03-22 15:19:00,3,Completed,26852.52
O1000173,C100044,P1080,W104,2025-05-30 18:06:00,3,Completed,18945.57
O1000174,C100323,P1030,W107,2025-01-09 10:47:00,3,Completed,17699.46
O1000175,C100427,P1037,W105,2025-06-29 17:44:00,3,Completed,26128.86
O1000176,C100237,P1022,W106,2025-12-10 08:54:00,1,Completed,22370.48
O1000177,C100990,P1027,W106,2025-05-26 18:06:00,1,Shipped,13032.23
O1000178,C100893,P1071,W107,2025-02-09 19:22:00,1,Completed,11389.19
O1000179,C100572,P1048,W101,2025-09-16 11:33:00,3,Completed,44765.04
O1000180,C100453,P1066,W104,2025-02-16 12:36:00,2,Completed,39283.78
O1000181,C100762,P1008,W106,2025-03-12 14:05:00,2,Completed,9019.34
O1000182,C100708,P1054,W102,2025-02-23 16:06:00,2,Completed,26651.08
O1000183,C100481,P1046,W104,2025-11-19 15:24:00,4,Completed,81607.48
O1000184,C100828,P1092,W104,2025-12-25 09:27:00,2,Shipped,13731.82
O1000185,C100193,P1043,W107,2025-07-27 13:18:00,2,Completed,21447.04
O1000186,C100278,P1011,W108,2025-08-14 15:04:00,3,Completed,65330.37
O1000187,C100018,P1070,W101,2025-08-24 16:35:00,4,Processing,46484.52
O1000188,C100120,P1015,W102,2025-08-11 16:50:00,3,Completed,19626.87
O1000189,C100199,P1091,W107,2025-07-18 17:19:00,4,Shipped,89276.96
O1000190,C100625,P1039,W102,2025-12-27 14:17:00,3,Completed,55752.0
O1000191,C100856,P1079,W104,2025-09-25 15:02:00,4,Completed,57390.24
O1000192,C100591,P1066,W108,2025-02-02 12:43:00,3,Completed,58925.67
O1000193,C100446,P1047,W108,2025-05-24 11:48:00,3,Shipped,41234.04
O1000194,C100271,P1059,W108,2025-12-22 12:21:00,3,Shipped,7488.36
O1000195,C100102,P1019,W102,2025-05-28 14:08:00,2,Completed,28586.64
O1000196,C100585,P1008,W102,2025-03-16 09:31:00,1,Completed,4509.67
O1000197,C100141,P1077,W102,2025-11-13 11:03:00,2,Completed,21038.1
O1000198,C100791,P1096,W107,2025-08-16 09:37:00,3,Completed,11107.14
O1000199,C100409,P1087,W102,2025-07-25 13:43:00,3,Completed,16388.4
O1000200,C100351,P1031,W104,2025-06-03 14:56:00,1,Cancelled,1529.2
O1000201,C100027,P1036,W107,2025-02-15 10:17:00,4,Completed,35803.36
O1000202,C100243,P1036,W104,2025-05-21 09:56:00,3,Completed,26852.52
O1000203,C100014,P1071,W108,2025-06-09 15:21:00,3,Completed,34167.57
O1000204,C100726,P1063,W104,2025-12-06 11:07:00,2,Completed,14335.56
O1000205,C100490,P1080,W104,2025-04-23 20:09:00,3,Cancelled,18945.57
O1000206,C100786,P1095,W108,2025-02-24 10:18:00,3,Completed,61997.16
O1000207,C100566,P1040,W105,2025-06-06 14:44:00,2,Shipped,8786.64
O1000208,C100955,P1067,W102,2025-12-30 19:14:00,4,Completed,73781.48
O1000209,C100784,P1051,W106,2025-06-26 09:27:00,1,Completed,18809.89
O1000210,C100148,P1096,W107,2025-05-19 14:17:00,2,Completed,7404.76
O1000211,C100117,P1036,W107,2025-09-01 14:36:00,2,Shipped,17901.68
O1000212,C100890,P1019,W101,2025-08-25 15:44:00,1,Completed,14293.32
O1000213,C100270,P1038,W101,2025-04-20 20:24:00,1,Completed,4553.19
O1000214,C100766,P1062,W106,2025-12-20 16:09:00,4,Completed,38684.96
O1000215,C100629,P1096,W106,2025-08-05 13:16:00,4,Completed,14809.52
O1000216,C100702,P1083,W106,2025-01-22 13:32:00,2,Shipped,7012.6
O1000217,C100267,P1002,W104,2025-05-29 16:44:00,2,Processing,28452.64
O1000218,C100314,P1051,W107,2025-12-03 12:10:00,2,Completed,37619.78
O1000219,C100555,P1016,W105,2025-05-24 17:35:00,3,Completed,28287.33
O1000220,C100023,P1037,W108,2025-07-27 13:21:00,2,Completed,17419.24
O1000221,C100312,P1095,W103,2025-08-12 08:50:00,1,Completed,20665.72
O1000222,C100508,P1099,W107,2025-09-15 15:29:00,2,Completed,17758.32
O1000223,C100205,P1016,W102,2025-11-15 11:31:00,3,Completed,28287.33
O1000224,C100286,P1015,W106,2025-02-24 13:01:00,3,Completed,19626.87
O1000225,C100984,P1070,W106,2025-07-08 12:31:00,1,Shipped,11621.13
O1000226,C100290,P1042,W103,2025-07-14 09:54:00,4,Completed,71842.08
O1000227,C100903,P1044,W101,2025-02-25 12:02:00,3,Shipped,59568.9
O1000228,C100928,P1088,W108,2025-09-03 20:47:00,3,Shipped,43030.05
O1000229,C100674,P1093,W101,2025-02-13 12:28:00,4,Processing,79938.44
O1000230,C100153,P1091,W104,2025-06-16 18:15:00,3,Cancelled,66957.72
O1000231,C100206,P1079,W101,2025-05-01 13:43:00,3,Completed,43042.68
O1000232,C100935,P1099,W104,2025-02-26 08:55:00,4,Completed,35516.64
O1000233,C100002,P1072,W107,2025-10-28 19:43:00,4,Shipped,41932.76
O1000234,C100504,P1089,W105,2025-03-31 20:40:00,4,Shipped,25241.48
O1000235,C100597,P1055,W102,2025-04-04 11:17:00,3,Completed,32685.21
O1000236,C100839,P1006,W104,2025-11-08 10:23:00,1,Completed,3111.6
O1000237,C100896,P1082,W101,2025-11-17 21:01:00,2,Processing,30809.14
O1000238,C100284,P1093,W105,2025-01-13 09:22:00,3,Completed,59953.83
O1000239,C100503,P1032,W101,2025-04-12 20:26:00,2,Completed,19487.62
O1000240,C100634,P1043,W103,2025-09-16 10:25:00,1,Completed,10723.52
O1000241,C100966,P1058,W101,2025-10-12 20:08:00,2,Completed,25562.92
O1000242,C100557,P1066,W102,2025-12-31 21:03:00,2,Completed,39283.78
O1000243,C100122,P1068,W101,2025-07-22 11:21:00,1,Completed,1702.95
O1000244,C100925,P1040,W108,2025-01-03 11:05:00,4,Shipped,17573.28
O1000245,C100513,P1086,W107,2025-11-15 09:29:00,2,Completed,33250.82
O1000246,C100180,P1082,W108,2025-02-28 19:01:00,4,Shipped,61618.28
O1000247,C100191,P1095,W106,2025-02-14 12:53:00,4,Completed,82662.88
O1000248,C100205,P1058,W104,2025-09-04 17:00:00,4,Shipped,51125.84
O1000249,C100722,P1008,W102,2025-08-09 16:35:00,4,Completed,18038.68
O1000250,C100949,P1085,W108,2025-01-22 15:15:00,2,Completed,10950.24
O1000251,C100442,P1008,W108,2025-03-03 11:23:00,1,Completed,4509.67
O1000252,C100098,P1020,W104,2025-08-04 13:07:00,1,Completed,19341.31
O1000253,C100889,P1029,W102,2025-04-04 15:00:00,3,Completed,17774.55
O1000254,C100635,P1019,W104,2025-09-07 09:18:00,1,Completed,14293.32
O1000255,C100571,P1073,W104,2025-05-31 13:39:00,1,Shipped,9625.71
O1000256,C100061,P1045,W108,2025-08-03 17:56:00,1,Completed,5902.0
O1000257,C100971,P1022,W101,2025-06-23 13:54:00,2,Processing,44740.96
O1000258,C100077,P1001,W106,2025-05-14 13:31:00,2,Completed,18610.76
O1000259,C100611,P1022,W107,2025-05-05 19:45:00,2,Completed,44740.96
O1000260,C100598,P1070,W107,2025-09-12 15:29:00,3,Processing,34863.39
O1000261,C100514,P1080,W102,2025-07-07 18:19:00,4,Completed,25260.76
O1000262,C100552,P1030,W104,2025-08-05 08:43:00,3,Shipped,17699.46
O1000263,C100398,P1008,W103,2025-07-30 20:59:00,3,Completed,13529.01
O1000264,C100574,P1056,W104,2025-03-17 18:51:00,1,Completed,21545.62
O1000265,C100364,P1079,W101,2025-11-30 19:34:00,1,Shipped,14347.56
O1000266,C100474,P1008,W101,2025-07-25 17:41:00,1,Completed,4509.67
O1000267,C100679,P1080,W101,2025-09-20 15:32:00,4,Completed,25260.76
O1000268,C100743,P1018,W108,2025-11-18 15:24:00,1,Completed,21270.88
O1000269,C100154,P1026,W104,2025-12-04 16:44:00,4,Completed,38893.12
O1000270,C100993,P1063,W102,2025-09-01 14:56:00,4,Completed,28671.12
O1000271,C100097,P1006,W107,2025-10-15 18:12:00,4,Completed,12446.4
O1000272,C100276,P1031,W104,2025-06-22 12:43:00,2,Completed,3058.4
O1000273,C100347,P1014,W103,2025-09-27 18:46:00,1,Completed,14168.78
O1000274,C100324,P1022,W101,2025-04-28 12:47:00,1,Cancelled,22370.48
O1000275,C100352,P1078,W104,2025-09-17 14:39:00,4,Cancelled,69145.4
O1000276,C100324,P1023,W106,2025-02-01 08:57:00,2,Shipped,9299.36
O1000277,C100437,P1005,W105,2025-11-30 20:36:00,2,Shipped,1717.14
O1000278,C100764,P1022,W104,2025-03-31 17:36:00,1,Shipped,22370.48
O1000279,C100828,P1009,W105,2025-08-28 11:29:00,2,Completed,24763.64
O1000280,C100349,P1063,W107,2025-01-05 08:37:00,2,Completed,14335.56
O1000281,C100259,P1098,W108,2025-02-26 19:55:00,3,Completed,2304.51
O1000282,C100677,P1017,W105,2025-12-27 08:01:00,4,Completed,17057.24
O1000283,C100060,P1073,W102,2025-11-01 14:44:00,2,Shipped,19251.42
O1000284,C100446,P1037,W102,2025-03-23 08:26:00,2,Completed,17419.24
O1000285,C100221,P1008,W102,2025-02-17 17:42:00,2,Completed,9019.34
O1000286,C100608,P1069,W101,2025-10-25 10:50:00,1,Shipped,13608.64
O1000287,C100079,P1021,W105,2025-12-28 13:58:00,1,Completed,18525.12
O1000288,C100830,P1052,W102,2025-03-03 15:58:00,1,Cancelled,9617.01
O1000289,C100270,P1051,W102,2025-08-31 13:11:00,1,Processing,18809.89
O1000290,C100515,P1060,W106,2025-04-14 17:32:00,1,Completed,4893.13
O1000291,C100573,P1014,W103,2025-09-29 15:06:00,1,Completed,14168.78
O1000292,C100476,P1026,W107,2025-06-02 13:53:00,4,Completed,38893.12
O1000293,C100448,P1074,W102,2025-02-15 12:30:00,1,Completed,8374.94
O1000294,C100267,P1094,W103,2025-04-29 13:43:00,3,Processing,73030.5
O1000295,C100773,P1002,W101,2025-07-16 12:29:00,1,Completed,14226.32
O1000296,C100516,P1042,W105,2025-10-19 16:04:00,2,Completed,35921.04
O1000297,C100216,P1089,W101,2025-01-08 18:42:00,3,Completed,18931.11
O1000298,C100263,P1029,W102,2025-12-16 16:21:00,3,Completed,17774.55
O1000299,C100439,P1045,W106,2025-08-26 08:27:00,4,Completed,23608.0
O1000300,C100844,P1091,W108,2025-11-16 19:49:00,2,Completed,44638.48
O1000301,C100962,P1097,W105,2025-12-06 19:00:00,3,Completed,54055.5
O1000302,C100389,P1066,W108,2025-02-26 19:28:00,2,Shipped,39283.78
O1000303,C100396,P1070,W107,2025-02-04 08:41:00,2,Completed,23242.26
O1000304,C100130,P1062,W107,2025-10-11 19:31:00,2,Completed,19342.48
O1000305,C100546,P1029,W108,2025-03-10 14:32:00,4,Completed,23699.4
O1000306,C100240,P1089,W101,2025-02-24 19:49:00,4,Shipped,25241.48
O1000307,C100820,P1004,W102,2025-06-21 18:56:00,2,Completed,35251.62
O1000308,C100535,P1006,W104,2025-11-30 20:19:00,3,Completed,9334.8
O1000309,C100222,P1061,W105,2025-10-18 09:42:00,4,Completed,74565.96
O1000310,C100917,P1084,W108,2025-07-09 15:46:00,2,Completed,23284.62
O1000311,C100816,P1082,W101,2025-03-13 18:11:00,2,Processing,30809.14
O1000312,C100301,P1068,W102,2025-05-03 16:19:00,4,Shipped,6811.8
O1000313,C100121,P1038,W103,2025-09-09 19:21:00,2,Completed,9106.38
O1000314,C100265,P1036,W106,2025-02-27 18:10:00,1,Completed,8950.84
O1000315,C100377,P1043,W108,2025-07-11 08:30:00,3,Completed,32170.56
O1000316,C100407,P1026,W108,2025-01-05 10:47:00,1,Completed,9723.28
O1000317,C100823,P1042,W106,2025-04-29 16:52:00,3,Completed,53881.56
O1000318,C100968,P1011,W107,2025-04-01 13:02:00,1,Completed,21776.79
O1000319,C100748,P1032,W104,2025-09-06 12:59:00,2,Completed,19487.62
O1000320,C100846,P1095,W105,2025-11-30 20:46:00,1,Completed,20665.72
O1000321,C100126,P1071,W102,2025-02-23 09:15:00,3,Completed,34167.57
O1000322,C100150,P1015,W105,2025-10-19 15:19:00,1,Completed,6542.29
O1000323,C100909,P1029,W103,2025-08-28 12:21:00,2,Completed,11849.7
O1000324,C100614,P1026,W108,2025-12-20 08:43:00,4,Completed,38893.12
O1000325,C100236,P1029,W103,2025-11-29 13:14:00,4,Completed,23699.4
O1000326,C100792,P1070,W104,2025-02-06 13:40:00,2,Completed,23242.26
O1000327,C100175,P1090,W104,2025-09-29 14:21:00,3,Cancelled,31081.14
O1000328,C100769,P1072,W108,2025-08-05 10:15:00,2,Completed,20966.38
O1000329,C100884,P1049,W108,2025-02-11 18:11:00,1,Completed,13988.26
O1000330,C100489,P1017,W104,2025-04-04 12:59:00,1,Completed,4264.31
O1000331,C100657,P1015,W108,2025-12-05 16:01:00,4,Completed,26169.16
O1000332,C100732,P1082,W107,2025-07-18 15:37:00,1,Shipped,15404.57
O1000333,C100881,P1068,W107,2025-05-04 15:54:00,2,Completed,3405.9
O1000334,C100584,P1052,W108,2025-04-27 15:04:00,1,Shipped,9617.01
O1000335,C100294,P1058,W103,2025-11-02 12:12:00,4,Completed,51125.84
O1000336,C100202,P1085,W105,2025-04-14 14:51:00,1,Completed,5475.12
O1000337,C100356,P1082,W103,2025-02-27 15:25:00,3,Completed,46213.71
O1000338,C100057,P1009,W103,2025-07-29 08:15:00,2,Completed,24763.64
O1000339,C100699,P1040,W104,2025-12-29 18:08:00,3,Completed,13179.96
O1000340,C100370,P1005,W101,2025-03-08 14:13:00,1,Completed,858.57
O1000341,C100712,P1039,W102,2025-04-04 12:05:00,1,Completed,18584.0
O1000342,C100062,P1064,W107,2025-06-21 08:24:00,1,Completed,4924.33
O1000343,C100322,P1021,W102,2025-03-14 12:16:00,3,Completed,55575.36
O1000344,C100396,P1016,W105,2025-08-26 13:40:00,3,Completed,28287.33
O1000345,C100088,P1050,W107,2025-04-03 19:42:00,4,Shipped,59305.6
O1000346,C100829,P1053,W103,2025-02-16 17:03:00,4,Completed,76723.72
O1000347,C100598,P1072,W104,2025-04-06 13:51:00,4,Completed,41932.76
O1000348,C100845,P1002,W108,2025-12-06 09:45:00,1,Completed,14226.32
O1000349,C100802,P1025,W107,2025-12-08 11:50:00,3,Completed,31877.43
O1000350,C100035,P1078,W108,2025-07-04 20:50:00,3,Completed,51859.05
O1000351,C100866,P1069,W106,2025-05-27 09:47:00,3,Completed,40825.92
O1000352,C100070,P1090,W108,2025-10-27 16:49:00,3,Shipped,31081.14
O1000353,C100872,P1082,W104,2025-03-12 15:14:00,3,Completed,46213.71
O1000354,C100670,P1084,W105,2025-08-27 11:02:00,3,Completed,34926.93
O1000355,C100820,P1052,W106,2025-09-06 20:13:00,3,Completed,28851.03
O1000356,C100500,P1096,W108,2025-09-17 13:31:00,3,Completed,11107.14
O1000357,C100161,P1042,W103,2025-03-21 17:15:00,1,Completed,17960.52
O1000358,C100150,P1091,W107,2025-09-19 09:21:00,3,Completed,66957.72
O1000359,C100119,P1040,W105,2025-08-12 21:31:00,1,Completed,4393.32
O1000360,C100806,P1045,W101,2025-11-16 08:18:00,4,Completed,23608.0
O1000361,C100534,P1069,W106,2025-03-05 12:20:00,4,Completed,54434.56
O1000362,C100217,P1040,W108,2025-08-12 20:49:00,1,Completed,4393.32
O1000363,C100125,P1015,W104,2025-10-30 16:55:00,4,Completed,26169.16
O1000364,C100079,P1090,W105,2025-04-12 17:27:00,2,Completed,20720.76
O1000365,C100259,P1046,W108,2025-09-29 12:24:00,3,Completed,61205.61
O1000366,C100750,P1093,W108,2025-02-06 18:54:00,3,Completed,59953.83
O1000367,C100893,P1040,W104,2025-09-20 21:02:00,1,Completed,4393.32
O1000368,C100609,P1098,W107,2025-08-10 16:42:00,4,Completed,3072.68
O1000369,C100996,P1061,W106,2025-03-12 11:03:00,3,Completed,55924.47
O1000370,C100395,P1077,W106,2025-01-25 20:41:00,2,Processing,21038.1
O1000371,C100333,P1076,W106,2025-09-30 08:03:00,3,Shipped,30123.09
O1000372,C100693,P1021,W103,2025-03-30 20:32:00,4,Completed,74100.48
O1000373,C100135,P1082,W103,2025-07-01 08:08:00,3,Completed,46213.71
O1000374,C100912,P1095,W101,2025-01-23 08:48:00,3,Processing,61997.16
O1000375,C100781,P1067,W107,2025-12-18 08:35:00,4,Completed,73781.48
O1000376,C100035,P1095,W103,2025-07-20 10:39:00,3,Completed,61997.16
O1000377,C100188,P1085,W106,2025-12-07 18:11:00,1,Completed,5475.12
O1000378,C100628,P1067,W106,2025-02-28 13:32:00,4,Completed,73781.48
O1000379,C100739,P1048,W106,2025-03-17 09:06:00,4,Completed,59686.72
O1000380,C100219,P1086,W107,2025-08-11 12:46:00,3,Completed,49876.23
O1000381,C100747,P1019,W107,2025-08-09 21:58:00,1,Completed,14293.32
O1000382,C100475,P1057,W101,2025-10-16 15:21:00,3,Completed,28417.56
O1000383,C100676,P1082,W107,2025-12-05 18:12:00,1,Completed,15404.57
O1000384,C100424,P1095,W102,2025-10-27 11:43:00,4,Completed,82662.88
O1000385,C100455,P1027,W106,2025-02-21 15:17:00,4,Completed,52128.92
O1000386,C100390,P1010,W106,2025-04-23 19:09:00,1,Completed,7847.31
O1000387,C100157,P1034,W101,2025-11-30 17:26:00,1,Completed,12497.8
O1000388,C100191,P1087,W103,2025-07-20 08:06:00,4,Processing,21851.2
O1000389,C100168,P1053,W108,2025-11-13 16:29:00,4,Completed,76723.72
O1000390,C100803,P1006,W102,2025-07-25 19:04:00,4,Completed,12446.4
O1000391,C100424,P1012,W102,2025-01-19 09:53:00,1,Completed,15674.49
O1000392,C100380,P1034,W101,2025-06-22 13:30:00,3,Completed,37493.4
O1000393,C100856,P1035,W102,2025-10-29 17:01:00,4,Completed,40445.6
O1000394,C100888,P1014,W106,2025-08-28 08:04:00,1,Completed,14168.78
O1000395,C100234,P1050,W107,2025-02-18 17:57:00,2,Cancelled,29652.8
O1000396,C100355,P1048,W105,2025-03-18 19:51:00,2,Completed,29843.36
O1000397,C100412,P1020,W103,2025-11-08 15:22:00,3,Completed,58023.93
O1000398,C100840,P1024,W107,2025-12-24 14:15:00,2,Processing,37901.9
O1000399,C100672,P1067,W103,2025-10-02 09:17:00,2,Completed,36890.74
O1000400,C100545,P1096,W103,2025-02-05 18:08:00,2,Completed,7404.76
O1000401,C100236,P1100,W105,2025-08-15 21:12:00,1,Completed,20071.07
O1000402,C100386,P1056,W102,2025-10-30 20:17:00,3,Completed,64636.86
O1000403,C100029,P1004,W103,2025-08-22 15:41:00,3,Completed,52877.43
O1000404,C100705,P1090,W107,2025-08-05 08:28:00,4,Shipped,41441.52
O1000405,C100919,P1096,W105,2025-06-20 12:00:00,3,Completed,11107.14
O1000406,C100787,P1028,W108,2025-03-31 11:40:00,3,Completed,19023.45
O1000407,C100310,P1041,W107,2025-04-13 08:06:00,2,Completed,25792.16
O1000408,C100483,P1003,W103,2025-09-30 09:39:00,2,Completed,18561.08
O1000409,C100958,P1081,W107,2025-01-26 16:02:00,2,Cancelled,29072.5
O1000410,C100426,P1078,W107,2025-01-31 09:22:00,4,Completed,69145.4
O1000411,C100840,P1003,W106,2025-05-25 08:32:00,2,Completed,18561.08
O1000412,C100578,P1071,W107,2025-10-10 21:14:00,4,Completed,45556.76
O1000413,C100499,P1042,W105,2025-08-28 16:27:00,2,Shipped,35921.04
O1000414,C100586,P1055,W108,2025-08-04 19:16:00,3,Completed,32685.21
O1000415,C100224,P1022,W102,2025-07-14 11:28:00,2,Completed,44740.96
O1000416,C100426,P1082,W104,2025-02-10 13:06:00,2,Completed,30809.14
O1000417,C100305,P1041,W103,2025-05-02 16:32:00,4,Completed,51584.32
O1000418,C100758,P1085,W101,2025-01-30 17:37:00,3,Completed,16425.36
O1000419,C100613,P1015,W105,2025-10-04 13:09:00,2,Completed,13084.58
O1000420,C100400,P1059,W101,2025-10-02 20:52:00,2,Shipped,4992.24
O1000421,C100823,P1032,W102,2025-04-05 17:50:00,4,Processing,38975.24
O1000422,C100453,P1097,W107,2025-04-17 11:05:00,1,Processing,18018.5
O1000423,C100954,P1056,W102,2025-04-26 09:22:00,4,Completed,86182.48
O1000424,C100606,P1072,W107,2025-11-21 08:11:00,3,Shipped,31449.57
O1000425,C100886,P1009,W101,2025-06-28 19:49:00,2,Completed,24763.64
O1000426,C100987,P1068,W104,2025-10-06 19:32:00,3,Completed,5108.85
O1000427,C100327,P1011,W101,2025-06-13 14:42:00,4,Processing,87107.16
O1000428,C100261,P1037,W101,2025-09-12 18:07:00,2,Shipped,17419.24
O1000429,C100836,P1023,W107,2025-07-12 20:22:00,2,Shipped,9299.36
O1000430,C100232,P1001,W101,2025-04-12 10:14:00,4,Completed,37221.52
O1000431,C100753,P1059,W108,2025-11-16 21:43:00,2,Completed,4992.24
O1000432,C100177,P1025,W105,2025-09-16 14:51:00,4,Processing,42503.24
O1000433,C100870,P1052,W104,2025-10-08 14:08:00,4,Cancelled,38468.04
O1000434,C100690,P1077,W108,2025-12-13 10:14:00,3,Completed,31557.15
O1000435,C100522,P1018,W104,2025-04-01 17:24:00,1,Completed,21270.88
O1000436,C100450,P1071,W104,2025-02-03 16:26:00,1,Completed,11389.19
O1000437,C100638,P1030,W104,2025-08-01 08:25:00,2,Completed,11799.64
O1000438,C100389,P1034,W106,2025-04-30 17:03:00,1,Completed,12497.8
O1000439,C100398,P1058,W107,2025-06-09 09:58:00,4,Cancelled,51125.84
O1000440,C100205,P1063,W105,2025-03-27 11:52:00,3,Completed,21503.34
O1000441,C100158,P1066,W103,2025-05-26 16:33:00,2,Shipped,39283.78
O1000442,C100892,P1020,W108,2025-05-24 18:55:00,4,Completed,77365.24
O1000443,C100750,P1058,W105,2025-05-08 09:52:00,1,Completed,12781.46
O1000444,C100444,P1027,W107,2025-09-28 14:37:00,3,Completed,39096.69
O1000445,C100832,P1028,W104,2025-08-05 11:59:00,2,Completed,12682.3
O1000446,C100608,P1095,W102,2025-06-23 17:53:00,1,Shipped,20665.72
O1000447,C100600,P1011,W108,2025-02-11 19:35:00,2,Completed,43553.58
O1000448,C100113,P1042,W106,2025-07-28 16:57:00,1,Processing,17960.52
O1000449,C100539,P1044,W103,2025-03-05 19:07:00,1,Completed,19856.3
O1000450,C100108,P1025,W107,2025-04-25 14:18:00,1,Processing,10625.81
O1000451,C100684,P1079,W101,2025-06-01 16:22:00,1,Completed,14347.56
O1000452,C100068,P1049,W108,2025-02-21 12:05:00,3,Completed,41964.78
O1000453,C100515,P1072,W105,2025-05-23 21:50:00,4,Completed,41932.76
O1000454,C100368,P1039,W105,2025-04-08 10:51:00,2,Completed,37168.0
O1000455,C100131,P1090,W101,2025-11-07 20:53:00,3,Completed,31081.14
O1000456,C100473,P1073,W102,2025-11-10 18:26:00,1,Processing,9625.71
O1000457,C100201,P1034,W106,2025-01-02 21:48:00,4,Shipped,49991.2
O1000458,C100245,P1097,W105,2025-08-08 16:59:00,3,Completed,54055.5
O1000459,C100890,P1087,W102,2025-08-22 12:55:00,2,Completed,10925.6
O1000460,C100350,P1060,W106,2025-05-18 11:55:00,4,Completed,19572.52
O1000461,C100404,P1002,W106,2025-06-21 10:30:00,2,Shipped,28452.64
O1000462,C100007,P1060,W103,2025-10-16 21:32:00,2,Shipped,9786.26
O1000463,C100301,P1070,W106,2025-05-18 09:29:00,4,Completed,46484.52
O1000464,C100352,P1037,W108,2025-01-24 19:20:00,1,Completed,8709.62
O1000465,C100720,P1015,W104,2025-05-16 17:46:00,3,Completed,19626.87
O1000466,C100120,P1057,W102,2025-04-03 09:46:00,3,Completed,28417.56
O1000467,C100930,P1081,W108,2025-05-20 20:49:00,3,Completed,43608.75
O1000468,C100129,P1032,W108,2025-03-25 10:16:00,4,Completed,38975.24
O1000469,C100653,P1046,W104,2025-02-24 10:15:00,2,Shipped,40803.74
O1000470,C100005,P1001,W104,2025-12-26 15:37:00,1,Completed,9305.38
O1000471,C100820,P1071,W107,2025-02-17 09:26:00,2,Cancelled,22778.38
O1000472,C100697,P1087,W101,2025-09-15 09:25:00,1,Shipped,5462.8
O1000473,C100838,P1078,W103,2025-09-19 16:44:00,3,Completed,51859.05
O1000474,C100932,P1043,W105,2025-08-14 21:30:00,3,Completed,32170.56
O1000475,C100834,P1005,W106,2025-11-29 08:44:00,4,Completed,3434.28
O1000476,C100622,P1050,W106,2025-01-02 16:55:00,2,Completed,29652.8
O1000477,C100839,P1095,W103,2025-04-21 16:25:00,4,Completed,82662.88
O1000478,C100097,P1009,W107,2025-03-09 08:55:00,4,Processing,49527.28
O1000479,C100646,P1022,W106,2025-07-30 10:05:00,4,Shipped,89481.92
O1000480,C100990,P1084,W105,2025-08-20 14:12:00,3,Completed,34926.93
O1000481,C100378,P1057,W108,2025-11-24 17:42:00,1,Completed,9472.52
O1000482,C100976,P1018,W101,2025-05-19 11:06:00,1,Completed,21270.88
O1000483,C100507,P1003,W106,2025-03-28 14:04:00,4,Completed,37122.16
O1000484,C100469,P1042,W108,2025-12-04 14:51:00,4,Completed,71842.08
O1000485,C100301,P1060,W106,2025-09-03 17:57:00,4,Shipped,19572.52
O1000486,C100108,P1085,W105,2025-10-07 11:27:00,3,Completed,16425.36
O1000487,C100877,P1089,W103,2025-06-12 17:38:00,4,Completed,25241.48
O1000488,C100721,P1046,W103,2025-06-13 19:38:00,2,Shipped,40803.74
O1000489,C100401,P1043,W105,2025-05-23 16:09:00,1,Completed,10723.52
O1000490,C100962,P1094,W108,2025-10-01 18:05:00,2,Completed,48687.0
O1000491,C100184,P1078,W104,2025-03-18 10:20:00,4,Completed,69145.4
O1000492,C100779,P1021,W101,2025-12-23 20:41:00,3,Completed,55575.36
O1000493,C100453,P1069,W104,2025-03-06 12:13:00,4,Completed,54434.56
O1000494,C100625,P1072,W101,2025-06-18 10:46:00,4,Completed,41932.76
O1000495,C100038,P1024,W108,2025-04-25 15:40:00,4,Completed,75803.8
O1000496,C100611,P1098,W105,2025-08-23 13:23:00,1,Completed,768.17
O1000497,C100680,P1030,W102,2025-09-06 14:27:00,1,Completed,5899.82
O1000498,C100978,P1055,W105,2025-12-02 19:16:00,2,Completed,21790.14
O1000499,C100347,P1050,W105,2025-10-16 15:30:00,1,Completed,14826.4
O1000500,C100074,P1070,W105,2025-04-01 13:14:00,4,Completed,46484.52
O1000501,C100062,P1091,W105,2025-03-17 19:12:00,1,Cancelled,22319.24
O1000502,C100150,P1040,W108,2025-11-20 13:18:00,2,Completed,8786.64
O1000503,C100300,P1039,W107,2025-06-28 21:24:00,3,Shipped,55752.0
O1000504,C100831,P1076,W103,2025-02-05 21:48:00,1,Cancelled,10041.03
O1000505,C100196,P1096,W102,2025-10-29 14:34:00,3,Completed,11107.14
O1000506,C100146,P1091,W108,2025-08-25 18:47:00,1,Completed,22319.24
O1000507,C100032,P1076,W106,2025-01-10 17:54:00,4,Completed,40164.12
O1000508,C100384,P1071,W101,2025-10-13 20:03:00,3,Completed,34167.57
O1000509,C100604,P1077,W105,2025-08-10 14:27:00,2,Cancelled,21038.1
O1000510,C100282,P1094,W101,2025-08-13 13:41:00,3,Cancelled,73030.5
O1000511,C100496,P1002,W101,2025-11-12 11:52:00,2,Completed,28452.64
O1000512,C100244,P1059,W102,2025-06-30 16:12:00,1,Shipped,2496.12
O1000513,C100801,P1004,W103,2025-06-18 16:37:00,1,Shipped,17625.81
O1000514,C100026,P1058,W101,2025-08-14 14:18:00,1,Completed,12781.46
O1000515,C100201,P1040,W107,2025-03-14 12:20:00,3,Shipped,13179.96
O1000516,C100567,P1031,W104,2025-02-25 14:18:00,3,Completed,4587.6
O1000517,C100843,P1090,W105,2025-11-04 15:01:00,2,Cancelled,20720.76
O1000518,C100402,P1071,W107,2025-03-20 09:47:00,3,Shipped,34167.57
O1000519,C100070,P1057,W107,2025-07-04 17:14:00,2,Completed,18945.04
O1000520,C100552,P1089,W107,2025-04-09 19:47:00,1,Completed,6310.37
O1000521,C100271,P1010,W102,2025-03-26 12:30:00,3,Processing,23541.93
O1000522,C100305,P1065,W106,2025-08-07 13:28:00,2,Completed,17615.46
O1000523,C100923,P1016,W108,2025-10-20 09:18:00,3,Completed,28287.33
O1000524,C100942,P1024,W101,2025-06-11 16:08:00,3,Completed,56852.85
O1000525,C100259,P1019,W107,2025-02-20 13:59:00,1,Completed,14293.32
O1000526,C100592,P1055,W107,2025-03-31 19:59:00,1,Completed,10895.07
O1000527,C100541,P1063,W107,2025-03-02 20:41:00,1,Completed,7167.78
O1000528,C100962,P1076,W104,2025-11-19 18:49:00,1,Cancelled,10041.03
O1000529,C100947,P1045,W102,2025-04-27 10:56:00,1,Shipped,5902.0
O1000530,C100351,P1094,W106,2025-05-17 10:46:00,4,Shipped,97374.0
O1000531,C100026,P1038,W105,2025-01-26 14:47:00,4,Completed,18212.76
O1000532,C100003,P1016,W106,2025-06-12 16:39:00,4,Completed,37716.44
O1000533,C100005,P1004,W103,2025-11-30 08:26:00,2,Completed,35251.62
O1000534,C100782,P1013,W102,2025-05-30 14:56:00,2,Completed,18977.92
O1000535,C100740,P1045,W108,2025-08-26 09:12:00,2,Shipped,11804.0
O1000536,C100828,P1042,W105,2025-03-08 11:38:00,4,Completed,71842.08
O1000537,C100140,P1086,W107,2025-02-22 13:01:00,2,Processing,33250.82
O1000538,C100059,P1013,W108,2025-09-25 08:34:00,3,Processing,28466.88
O1000539,C100171,P1027,W104,2025-01-24 11:40:00,1,Completed,13032.23
O1000540,C100626,P1099,W103,2025-06-13 16:49:00,4,Cancelled,35516.64
O1000541,C100009,P1003,W108,2025-04-26 21:58:00,3,Processing,27841.62
O1000542,C100662,P1043,W106,2025-01-06 18:55:00,4,Completed,42894.08
O1000543,C100889,P1020,W106,2025-07-13 12:17:00,2,Completed,38682.62
O1000544,C100146,P1054,W108,2025-12-18 21:11:00,3,Completed,39976.62
O1000545,C100739,P1098,W102,2025-01-26 14:09:00,2,Shipped,1536.34
O1000546,C100553,P1023,W103,2025-10-25 12:58:00,2,Completed,9299.36
O1000547,C100945,P1038,W101,2025-07-16 19:51:00,2,Completed,9106.38
O1000548,C100244,P1045,W104,2025-09-22 13:35:00,1,Completed,5902.0
O1000549,C100227,P1080,W104,2025-02-05 18:20:00,2,Completed,12630.38
O1000550,C100017,P1099,W104,2025-11-14 10:16:00,3,Completed,26637.48
O1000551,C100706,P1010,W102,2025-01-05 12:39:00,1,Completed,7847.31
O1000552,C100867,P1049,W107,2025-11-27 21:47:00,2,Shipped,27976.52
O1000553,C100019,P1076,W104,2025-08-29 11:24:00,1,Completed,10041.03
O1000554,C100492,P1001,W104,2025-05-04 19:53:00,3,Completed,27916.14
O1000555,C100725,P1081,W107,2025-01-03 14:31:00,2,Completed,29072.5
O1000556,C100782,P1025,W104,2025-08-11 21:24:00,1,Processing,10625.81
O1000557,C100931,P1052,W108,2025-02-01 13:49:00,3,Cancelled,28851.03
O1000558,C100723,P1098,W102,2025-08-11 14:56:00,4,Processing,3072.68
O1000559,C100921,P1064,W107,2025-10-10 13:31:00,4,Completed,19697.32
O1000560,C100994,P1099,W108,2025-04-08 10:56:00,4,Completed,35516.64
O1000561,C100928,P1061,W107,2025-03-29 19:48:00,1,Completed,18641.49
O1000562,C100438,P1022,W108,2025-03-23 16:01:00,1,Completed,22370.48
O1000563,C100408,P1070,W106,2025-03-24 15:04:00,4,Completed,46484.52
O1000564,C100428,P1062,W105,2025-02-11 13:12:00,3,Completed,29013.72
O1000565,C100951,P1032,W107,2025-04-02 18:48:00,3,Completed,29231.43
O1000566,C100282,P1008,W108,2025-08-29 12:52:00,4,Completed,18038.68
O1000567,C100753,P1065,W105,2025-04-21 11:19:00,1,Completed,8807.73
O1000568,C100626,P1058,W106,2025-10-13 09:09:00,3,Processing,38344.38
O1000569,C100062,P1078,W101,2025-10-27 20:13:00,3,Completed,51859.05
O1000570,C100487,P1013,W108,2025-10-05 09:01:00,4,Completed,37955.84
O1000571,C100195,P1054,W107,2025-07-16 19:49:00,2,Completed,26651.08
O1000572,C100729,P1082,W102,2025-04-26 13:18:00,3,Completed,46213.71
O1000573,C100448,P1090,W103,2025-12-06 08:02:00,4,Processing,41441.52
O1000574,C100357,P1094,W102,2025-03-16 20:58:00,2,Completed,48687.0
O1000575,C100066,P1022,W103,2025-06-19 18:22:00,1,Completed,22370.48
O1000576,C100131,P1018,W108,2025-06-15 18:07:00,2,Shipped,42541.76
O1000577,C100765,P1058,W104,2025-09-30 15:40:00,3,Completed,38344.38
O1000578,C100863,P1047,W104,2025-07-19 18:38:00,2,Completed,27489.36
O1000579,C100292,P1024,W107,2025-10-19 09:51:00,3,Completed,56852.85
O1000580,C100829,P1011,W103,2025-12-02 11:16:00,2,Completed,43553.58
O1000581,C100553,P1015,W108,2025-05-23 15:36:00,1,Completed,6542.29
O1000582,C100352,P1034,W107,2025-11-16 18:17:00,4,Shipped,49991.2
O1000583,C100452,P1074,W103,2025-03-03 16:14:00,4,Completed,33499.76
O1000584,C100691,P1007,W106,2025-12-01 13:41:00,3,Completed,44303.19
O1000585,C100910,P1011,W104,2025-03-06 17:24:00,2,Completed,43553.58
O1000586,C100493,P1027,W103,2025-11-07 08:49:00,2,Completed,26064.46
O1000587,C100347,P1088,W108,2025-05-23 15:06:00,2,Completed,28686.7
O1000588,C100761,P1100,W104,2025-12-19 13:31:00,2,Cancelled,40142.14
O1000589,C100526,P1045,W101,2025-02-17 14:58:00,1,Completed,5902.0
O1000590,C100391,P1005,W104,2025-06-19 09:50:00,2,Processing,1717.14
O1000591,C100460,P1002,W105,2025-11-26 20:38:00,2,Completed,28452.64
O1000592,C100536,P1086,W102,2025-01-18 19:57:00,2,Completed,33250.82
O1000593,C100141,P1045,W106,2025-04-07 21:11:00,2,Completed,11804.0
O1000594,C100058,P1008,W102,2025-01-31 19:45:00,3,Completed,13529.01
O1000595,C100665,P1084,W101,2025-04-28 17:18:00,4,Completed,46569.24
O1000596,C100175,P1053,W105,2025-05-23 12:01:00,2,Completed,38361.86
O1000597,C100532,P1035,W102,2025-08-14 09:35:00,1,Shipped,10111.4
O1000598,C100782,P1046,W107,2025-04-05 16:34:00,4,Shipped,81607.48
O1000599,C100215,P1023,W101,2025-02-27 21:15:00,1,Completed,4649.68
O1000600,C100382,P1094,W104,2025-03-04 13:05:00,4,Completed,97374.0
O1000601,C100979,P1079,W101,2025-12-09 21:54:00,3,Completed,43042.68
O1000602,C100036,P1020,W104,2025-12-14 10:09:00,3,Completed,58023.93
O1000603,C100756,P1074,W108,2025-03-22 11:57:00,2,Completed,16749.88
O1000604,C100168,P1018,W106,2025-03-13 17:05:00,3,Shipped,63812.64
O1000605,C100906,P1046,W105,2025-01-20 14:53:00,3,Completed,61205.61
O1000606,C100412,P1075,W102,2025-12-17 18:38:00,4,Completed,53579.68
O1000607,C100007,P1004,W103,2025-09-15 12:49:00,1,Processing,17625.81
O1000608,C100718,P1073,W104,2025-10-05 18:50:00,1,Completed,9625.71
O1000609,C100148,P1023,W105,2025-04-17 12:12:00,2,Shipped,9299.36
O1000610,C100364,P1070,W102,2025-08-22 10:05:00,1,Processing,11621.13
O1000611,C100503,P1050,W108,2025-01-22 15:57:00,4,Completed,59305.6
O1000612,C100746,P1003,W106,2025-09-04 15:10:00,1,Completed,9280.54
O1000613,C100419,P1077,W103,2025-07-31 15:56:00,1,Completed,10519.05
O1000614,C100859,P1026,W101,2025-05-01 08:20:00,2,Completed,19446.56
O1000615,C100482,P1096,W105,2025-09-17 13:45:00,2,Processing,7404.76
O1000616,C100342,P1084,W104,2025-08-24 09:15:00,2,Completed,23284.62
O1000617,C100338,P1020,W106,2025-06-10 19:16:00,3,Shipped,58023.93
O1000618,C100801,P1061,W105,2025-03-10 09:08:00,3,Completed,55924.47
O1000619,C100665,P1037,W106,2025-01-09 21:02:00,4,Completed,34838.48
O1000620,C100127,P1061,W107,2025-12-09 08:48:00,2,Completed,37282.98
O1000621,C100751,P1056,W105,2025-04-13 16:32:00,4,Shipped,86182.48
O1000622,C100416,P1030,W106,2025-04-21 12:40:00,1,Completed,5899.82
O1000623,C100349,P1066,W103,2025-09-06 09:32:00,1,Completed,19641.89
O1000624,C100098,P1027,W108,2025-04-04 13:00:00,2,Processing,26064.46
O1000625,C100999,P1091,W104,2025-05-18 08:33:00,1,Completed,22319.24
O1000626,C100053,P1095,W106,2025-09-17 17:46:00,1,Shipped,20665.72
O1000627,C100997,P1017,W108,2025-08-06 20:11:00,2,Completed,8528.62
O1000628,C100065,P1073,W103,2025-08-28 12:37:00,3,Shipped,28877.13
O1000629,C100506,P1093,W101,2025-01-02 14:08:00,2,Completed,39969.22
O1000630,C100105,P1013,W102,2025-06-14 09:57:00,2,Completed,18977.92
O1000631,C100493,P1074,W102,2025-06-23 14:44:00,1,Completed,8374.94
O1000632,C100836,P1094,W101,2025-08-19 21:15:00,1,Completed,24343.5
O1000633,C100591,P1023,W105,2025-02-25 15:32:00,4,Completed,18598.72
O1000634,C100544,P1059,W103,2025-02-28 20:15:00,1,Completed,2496.12
O1000635,C100119,P1080,W101,2025-10-06 18:55:00,3,Completed,18945.57
O1000636,C100948,P1034,W102,2025-09-03 09:44:00,3,Completed,37493.4
O1000637,C100376,P1024,W103,2025-10-24 08:44:00,1,Processing,18950.95
O1000638,C100539,P1040,W103,2025-04-09 13:04:00,1,Completed,4393.32
O1000639,C100898,P1034,W108,2025-12-31 21:09:00,2,Completed,24995.6
O1000640,C100629,P1073,W106,2025-04-10 10:21:00,3,Processing,28877.13
O1000641,C100735,P1038,W106,2025-08-26 08:37:00,1,Completed,4553.19
O1000642,C100185,P1038,W106,2025-03-01 21:25:00,4,Cancelled,18212.76
O1000643,C100461,P1095,W107,2025-12-02 10:46:00,2,Completed,41331.44
O1000644,C100541,P1058,W103,2025-05-02 12:59:00,2,Completed,25562.92
O1000645,C100176,P1093,W101,2025-10-20 18:55:00,4,Shipped,79938.44
O1000646,C100386,P1072,W105,2025-05-01 09:22:00,1,Completed,10483.19
O1000647,C100832,P1089,W101,2025-10-16 10:23:00,4,Completed,25241.48
O1000648,C100932,P1020,W102,2025-06-15 18:10:00,3,Completed,58023.93
O1000649,C100824,P1094,W107,2025-01-23 08:05:00,2,Completed,48687.0
O1000650,C100934,P1095,W105,2025-03-11 17:57:00,1,Completed,20665.72
O1000651,C100999,P1005,W106,2025-09-07 15:35:00,1,Shipped,858.57
O1000652,C100199,P1036,W105,2025-03-12 11:22:00,4,Completed,35803.36
O1000653,C100856,P1042,W105,2025-04-11 16:35:00,2,Completed,35921.04
O1000654,C100621,P1042,W103,2025-07-17 12:30:00,4,Completed,71842.08
O1000655,C100859,P1078,W102,2025-04-03 21:17:00,4,Completed,69145.4
O1000656,C100639,P1070,W103,2025-02-17 13:48:00,2,Completed,23242.26
O1000657,C100125,P1022,W107,2025-08-16 18:28:00,2,Completed,44740.96
O1000658,C100563,P1061,W108,2025-09-09 11:44:00,2,Completed,37282.98
O1000659,C100761,P1098,W101,2025-09-25 19:40:00,3,Completed,2304.51
O1000660,C100125,P1045,W105,2025-12-11 12:02:00,3,Processing,17706.0
O1000661,C100505,P1093,W104,2025-02-15 15:06:00,2,Processing,39969.22
O1000662,C100655,P1065,W105,2025-06-05 19:13:00,3,Completed,26423.19
O1000663,C100465,P1093,W102,2025-03-27 20:57:00,3,Completed,59953.83
O1000664,C100800,P1091,W101,2025-11-25 18:31:00,1,Completed,22319.24
O1000665,C100127,P1002,W102,2025-07-17 17:20:00,3,Completed,42678.96
O1000666,C100346,P1081,W102,2025-02-05 17:41:00,4,Shipped,58145.0
O1000667,C100952,P1019,W101,2025-09-10 13:41:00,4,Completed,57173.28
O1000668,C100515,P1083,W103,2025-01-16 17:36:00,2,Completed,7012.6
O1000669,C100181,P1081,W106,2025-04-11 16:02:00,1,Shipped,14536.25
O1000670,C100117,P1026,W108,2025-09-21 15:18:00,4,Shipped,38893.12
O1000671,C100594,P1007,W106,2025-07-04 12:23:00,4,Completed,59070.92
O1000672,C100931,P1042,W102,2025-10-05 12:54:00,4,Completed,71842.08
O1000673,C100050,P1031,W103,2025-07-28 09:43:00,2,Completed,3058.4
O1000674,C100110,P1056,W103,2025-11-04 18:05:00,2,Completed,43091.24
O1000675,C100376,P1009,W102,2025-07-25 08:18:00,3,Completed,37145.46
O1000676,C100209,P1005,W108,2025-01-21 09:37:00,2,Completed,1717.14
O1000677,C100122,P1044,W106,2025-01-27 12:06:00,4,Completed,79425.2
O1000678,C100299,P1077,W104,2025-10-11 09:58:00,2,Completed,21038.1
O1000679,C100643,P1032,W104,2025-01-15 18:29:00,2,Completed,19487.62
O1000680,C100826,P1033,W103,2025-05-18 09:46:00,4,Shipped,76102.0
O1000681,C100307,P1017,W104,2025-01-06 14:23:00,2,Completed,8528.62
O1000682,C100701,P1029,W106,2025-04-21 18:15:00,1,Cancelled,5924.85
O1000683,C100824,P1030,W108,2025-08-06 16:14:00,4,Completed,23599.28
O1000684,C100008,P1026,W104,2025-03-05 16:16:00,2,Processing,19446.56
O1000685,C100853,P1035,W102,2025-06-20 12:49:00,3,Completed,30334.2
O1000686,C100184,P1029,W108,2025-12-30 14:18:00,3,Completed,17774.55
O1000687,C100686,P1069,W103,2025-01-26 18:44:00,1,Completed,13608.64
O1000688,C100751,P1034,W101,2025-01-24 14:40:00,1,Completed,12497.8
O1000689,C100846,P1076,W105,2025-04-10 17:47:00,4,Completed,40164.12
O1000690,C100404,P1061,W107,2025-10-29 19:35:00,1,Completed,18641.49
O1000691,C100660,P1065,W103,2025-05-29 11:25:00,2,Completed,17615.46
O1000692,C100027,P1059,W103,2025-08-22 09:42:00,4,Completed,9984.48
O1000693,C100447,P1093,W103,2025-01-13 14:29:00,1,Completed,19984.61
O1000694,C100964,P1026,W107,2025-09-26 13:21:00,3,Completed,29169.84
O1000695,C100159,P1099,W108,2025-01-25 10:05:00,1,Completed,8879.16
O1000696,C100152,P1021,W107,2025-09-17 18:38:00,3,Completed,55575.36
O1000697,C100701,P1014,W102,2025-02-23 16:44:00,3,Completed,42506.34
O1000698,C100511,P1083,W107,2025-11-10 17:12:00,1,Shipped,3506.3
O1000699,C100455,P1090,W103,2025-04-19 17:55:00,2,Completed,20720.76
O1000700,C100249,P1010,W107,2025-03-09 14:05:00,3,Completed,23541.93
O1000701,C100172,P1060,W108,2025-05-03 15:08:00,4,Completed,19572.52
O1000702,C100738,P1052,W106,2025-01-01 11:08:00,3,Completed,28851.03
O1000703,C100358,P1023,W108,2025-03-02 18:14:00,3,Completed,13949.04
O1000704,C100777,P1053,W102,2025-08-07 21:15:00,2,Shipped,38361.86
O1000705,C100444,P1069,W106,2025-04-20 20:14:00,1,Shipped,13608.64
O1000706,C100398,P1058,W101,2025-05-10 13:42:00,4,Completed,51125.84
O1000707,C100231,P1052,W106,2025-10-22 08:41:00,4,Completed,38468.04
O1000708,C100659,P1089,W103,2025-02-15 20:17:00,1,Completed,6310.37
O1000709,C100285,P1023,W108,2025-05-25 16:02:00,2,Shipped,9299.36
O1000710,C100910,P1063,W104,2025-03-09 18:53:00,2,Completed,14335.56
O1000711,C100409,P1032,W107,2025-06-26 12:12:00,1,Shipped,9743.81
O1000712,C100815,P1098,W103,2025-05-02 20:03:00,4,Completed,3072.68
O1000713,C100470,P1026,W101,2025-01-17 19:44:00,1,Completed,9723.28
O1000714,C100415,P1088,W106,2025-01-26 08:14:00,1,Completed,14343.35
O1000715,C100454,P1064,W102,2025-11-08 15:54:00,2,Completed,9848.66
O1000716,C100442,P1022,W106,2025-01-21 14:41:00,4,Completed,89481.92
O1000717,C100479,P1076,W104,2025-10-13 17:12:00,1,Completed,10041.03
O1000718,C100887,P1025,W108,2025-12-01 11:37:00,2,Completed,21251.62
O1000719,C100704,P1027,W103,2025-06-20 09:22:00,3,Completed,39096.69
O1000720,C100035,P1035,W104,2025-04-24 11:50:00,1,Completed,10111.4
O1000721,C100059,P1069,W106,2025-10-11 15:21:00,1,Completed,13608.64
O1000722,C100023,P1040,W107,2025-12-25 11:46:00,1,Completed,4393.32
O1000723,C100691,P1057,W102,2025-02-13 14:29:00,1,Completed,9472.52
O1000724,C100206,P1056,W106,2025-12-18 13:27:00,2,Shipped,43091.24
O1000725,C100386,P1020,W104,2025-12-11 17:43:00,4,Completed,77365.24
O1000726,C100828,P1024,W108,2025-02-22 13:44:00,4,Completed,75803.8
O1000727,C100132,P1031,W106,2025-01-20 10:01:00,3,Completed,4587.6
O1000728,C100154,P1023,W107,2025-09-18 16:52:00,4,Completed,18598.72
O1000729,C100080,P1092,W103,2025-01-29 10:58:00,1,Processing,6865.91
O1000730,C100286,P1039,W103,2025-08-08 12:12:00,3,Shipped,55752.0
O1000731,C100090,P1041,W107,2025-01-24 17:53:00,2,Completed,25792.16
O1000732,C100630,P1068,W101,2025-09-10 11:49:00,1,Completed,1702.95
O1000733,C100737,P1079,W105,2025-03-26 08:51:00,3,Completed,43042.68
O1000734,C100185,P1069,W108,2025-02-05 13:02:00,2,Shipped,27217.28
O1000735,C100525,P1056,W108,2025-01-25 13:25:00,4,Completed,86182.48
O1000736,C100304,P1098,W106,2025-03-10 17:36:00,2,Completed,1536.34
O1000737,C100081,P1090,W104,2025-07-17 17:55:00,2,Completed,20720.76
O1000738,C100467,P1021,W107,2025-01-28 08:00:00,1,Completed,18525.12
O1000739,C100698,P1017,W101,2025-10-20 18:35:00,2,Processing,8528.62
O1000740,C100229,P1040,W107,2025-08-09 18:27:00,1,Completed,4393.32
O1000741,C100789,P1084,W102,2025-04-19 10:25:00,3,Processing,34926.93
O1000742,C100993,P1097,W106,2025-12-27 12:44:00,2,Completed,36037.0
O1000743,C100057,P1071,W103,2025-08-29 18:44:00,2,Completed,22778.38
O1000744,C100164,P1070,W107,2025-09-03 16:04:00,2,Shipped,23242.26
O1000745,C100290,P1024,W105,2025-03-05 12:45:00,4,Completed,75803.8
O1000746,C100850,P1060,W108,2025-09-17 18:39:00,3,Processing,14679.39
O1000747,C100143,P1019,W107,2025-07-24 16:50:00,4,Completed,57173.28
O1000748,C100471,P1054,W108,2025-12-26 15:09:00,2,Completed,26651.08
O1000749,C100538,P1020,W102,2025-06-24 08:05:00,2,Completed,38682.62
O1000750,C100130,P1008,W104,2025-09-05 17:03:00,1,Processing,4509.67
O1000751,C100043,P1097,W104,2025-05-05 10:31:00,3,Completed,54055.5
O1000752,C100119,P1090,W101,2025-01-15 20:52:00,1,Completed,10360.38
O1000753,C100057,P1069,W101,2025-02-16 10:38:00,4,Shipped,54434.56
O1000754,C100501,P1063,W101,2025-11-13 08:25:00,3,Completed,21503.34
O1000755,C100937,P1024,W107,2025-09-27 13:16:00,2,Shipped,37901.9
O1000756,C100354,P1058,W104,2025-05-14 12:53:00,3,Completed,38344.38
O1000757,C100257,P1075,W107,2025-09-12 12:55:00,4,Shipped,53579.68
O1000758,C100235,P1054,W107,2025-01-02 20:58:00,1,Completed,13325.54
O1000759,C100982,P1029,W101,2025-01-14 11:50:00,3,Completed,17774.55
O1000760,C100959,P1040,W107,2025-07-05 19:43:00,4,Shipped,17573.28
O1000761,C100649,P1085,W102,2025-08-17 10:16:00,3,Shipped,16425.36
O1000762,C100464,P1026,W104,2025-12-09 16:38:00,3,Completed,29169.84
O1000763,C100160,P1097,W108,2025-10-05 09:49:00,3,Completed,54055.5
O1000764,C100929,P1076,W103,2025-04-04 11:12:00,1,Completed,10041.03
O1000765,C100002,P1090,W108,2025-10-25 10:04:00,4,Shipped,41441.52
O1000766,C100164,P1051,W105,2025-06-29 12:37:00,2,Shipped,37619.78
O1000767,C100679,P1023,W101,2025-10-29 14:26:00,2,Completed,9299.36
O1000768,C100184,P1004,W107,2025-03-05 20:00:00,4,Completed,70503.24
O1000769,C100109,P1054,W101,2025-01-10 18:35:00,1,Completed,13325.54
O1000770,C100597,P1040,W106,2025-01-22 17:46:00,2,Shipped,8786.64
O1000771,C100027,P1012,W104,2025-12-28 14:50:00,3,Shipped,47023.47
O1000772,C100270,P1093,W102,2025-01-30 11:59:00,1,Completed,19984.61
O1000773,C100643,P1098,W105,2025-12-09 12:09:00,3,Shipped,2304.51
O1000774,C100185,P1038,W103,2025-09-23 09:51:00,3,Completed,13659.57
O1000775,C100760,P1067,W101,2025-02-23 17:18:00,2,Completed,36890.74
O1000776,C100095,P1042,W105,2025-11-12 18:55:00,1,Cancelled,17960.52
O1000777,C100614,P1050,W101,2025-02-22 15:40:00,2,Completed,29652.8
O1000778,C100077,P1063,W105,2025-02-22 16:04:00,4,Completed,28671.12
O1000779,C100732,P1042,W102,2025-07-30 13:12:00,3,Completed,53881.56
O1000780,C100754,P1081,W107,2025-04-16 21:29:00,4,Completed,58145.0
O1000781,C100795,P1019,W108,2025-04-17 20:25:00,3,Completed,42879.96
O1000782,C100283,P1067,W108,2025-03-13 13:41:00,4,Completed,73781.48
O1000783,C100237,P1099,W108,2025-08-10 18:34:00,4,Completed,35516.64
O1000784,C100979,P1086,W101,2025-01-10 12:53:00,3,Completed,49876.23
O1000785,C100730,P1005,W105,2025-03-31 09:43:00,2,Completed,1717.14
O1000786,C100184,P1012,W102,2025-07-22 12:04:00,3,Completed,47023.47
O1000787,C100030,P1063,W101,2025-06-27 19:40:00,4,Processing,28671.12
O1000788,C100355,P1093,W104,2025-09-13 14:44:00,2,Completed,39969.22
O1000789,C100666,P1085,W104,2025-03-20 20:06:00,2,Shipped,10950.24
O1000790,C100375,P1091,W103,2025-08-25 12:31:00,4,Completed,89276.96
O1000791,C100808,P1015,W101,2025-10-05 14:26:00,3,Completed,19626.87
O1000792,C100501,P1052,W104,2025-05-22 09:01:00,1,Completed,9617.01
O1000793,C100992,P1073,W102,2025-04-04 18:55:00,2,Completed,19251.42
O1000794,C100871,P1063,W101,2025-07-22 12:22:00,2,Completed,14335.56
O1000795,C100472,P1078,W104,2025-07-31 09:16:00,2,Completed,34572.7
O1000796,C100835,P1022,W101,2025-02-04 11:03:00,4,Shipped,89481.92
O1000797,C100449,P1046,W108,2025-07-26 17:19:00,4,Processing,81607.48
O1000798,C100010,P1045,W107,2025-02-26 19:24:00,4,Completed,23608.0
O1000799,C100309,P1094,W108,2025-07-27 21:22:00,3,Completed,73030.5
O1000800,C100410,P1021,W101,2025-12-07 11:17:00,3,Completed,55575.36
O1000801,C100977,P1033,W104,2025-07-16 16:15:00,3,Shipped,57076.5
O1000802,C100828,P1003,W107,2025-10-05 14:25:00,2,Processing,18561.08
O1000803,C100147,P1016,W105,2025-04-24 18:00:00,1,Completed,9429.11
O1000804,C100001,P1099,W103,2025-12-03 17:25:00,1,Completed,8879.16
O1000805,C100529,P1085,W107,2025-10-24 08:58:00,3,Shipped,16425.36
O1000806,C100534,P1026,W103,2025-12-01 10:05:00,3,Completed,29169.84
O1000807,C100736,P1071,W108,2025-09-28 16:15:00,2,Processing,22778.38
O1000808,C100260,P1060,W101,2025-08-26 15:26:00,1,Completed,4893.13
O1000809,C100813,P1091,W106,2025-07-11 20:24:00,1,Processing,22319.24
O1000810,C100413,P1031,W101,2025-12-05 19:51:00,2,Completed,3058.4
O1000811,C100335,P1100,W108,2025-11-06 08:49:00,4,Shipped,80284.28
O1000812,C100421,P1038,W103,2025-06-02 16:10:00,2,Completed,9106.38
O1000813,C100945,P1072,W101,2025-02-01 13:41:00,4,Completed,41932.76
O1000814,C100392,P1040,W107,2025-01-02 14:45:00,4,Processing,17573.28
O1000815,C100561,P1068,W108,2025-03-27 08:54:00,4,Completed,6811.8
O1000816,C100892,P1034,W108,2025-01-23 19:44:00,4,Shipped,49991.2
O1000817,C100019,P1085,W104,2025-03-19 10:18:00,1,Completed,5475.12
O1000818,C100537,P1064,W101,2025-02-09 21:15:00,4,Completed,19697.32
O1000819,C100709,P1029,W102,2025-12-25 21:02:00,4,Completed,23699.4
O1000820,C100904,P1097,W101,2025-02-04 19:29:00,4,Completed,72074.0
O1000821,C100062,P1071,W101,2025-08-17 09:38:00,1,Completed,11389.19
O1000822,C100727,P1043,W102,2025-05-09 13:43:00,2,Shipped,21447.04
O1000823,C100803,P1014,W105,2025-03-05 08:20:00,3,Completed,42506.34
O1000824,C100352,P1098,W107,2025-09-13 16:33:00,1,Completed,768.17
O1000825,C100747,P1076,W105,2025-12-21 20:05:00,4,Completed,40164.12
O1000826,C100494,P1067,W102,2025-10-16 15:22:00,2,Completed,36890.74
O1000827,C100659,P1084,W105,2025-12-22 08:19:00,1,Completed,11642.31
O1000828,C100390,P1061,W102,2025-08-04 12:14:00,2,Processing,37282.98
O1000829,C100178,P1024,W104,2025-09-03 10:22:00,2,Completed,37901.9
O1000830,C100829,P1024,W108,2025-02-23 14:05:00,3,Completed,56852.85
O1000831,C100217,P1008,W102,2025-11-08 13:12:00,3,Shipped,13529.01
O1000832,C100188,P1007,W107,2025-09-30 19:36:00,2,Completed,29535.46
O1000833,C100887,P1073,W103,2025-04-03 11:05:00,3,Completed,28877.13
O1000834,C100937,P1086,W106,2025-05-10 12:12:00,4,Completed,66501.64
O1000835,C100610,P1017,W103,2025-08-11 11:19:00,2,Processing,8528.62
O1000836,C100581,P1058,W102,2025-01-05 20:27:00,2,Completed,25562.92
O1000837,C100361,P1013,W104,2025-10-26 12:07:00,1,Completed,9488.96
O1000838,C100612,P1042,W104,2025-04-13 21:52:00,2,Completed,35921.04
O1000839,C100610,P1080,W105,2025-01-28 17:19:00,2,Completed,12630.38
O1000840,C100517,P1082,W102,2025-05-01 12:17:00,4,Completed,61618.28
O1000841,C100656,P1095,W108,2025-11-02 16:19:00,1,Completed,20665.72
O1000842,C100555,P1032,W106,2025-04-11 09:43:00,3,Completed,29231.43
O1000843,C100880,P1095,W107,2025-07-16 20:39:00,4,Shipped,82662.88
O1000844,C100668,P1079,W107,2025-10-24 21:24:00,2,Completed,28695.12
O1000845,C100386,P1034,W106,2025-01-13 12:06:00,1,Completed,12497.8
O1000846,C100656,P1033,W102,2025-10-05 10:23:00,3,Shipped,57076.5
O1000847,C100231,P1011,W105,2025-04-16 13:59:00,3,Completed,65330.37
O1000848,C100215,P1093,W108,2025-09-11 18:48:00,3,Completed,59953.83
O1000849,C100827,P1021,W101,2025-03-10 16:46:00,4,Shipped,74100.48
O1000850,C100583,P1027,W104,2025-02-20 08:32:00,1,Completed,13032.23
O1000851,C100054,P1042,W102,2025-10-15 08:06:00,1,Completed,17960.52
O1000852,C100355,P1014,W107,2025-10-22 11:17:00,2,Cancelled,28337.56
O1000853,C100985,P1081,W108,2025-12-25 18:33:00,3,Completed,43608.75
O1000854,C100638,P1070,W101,2025-09-05 11:38:00,4,Completed,46484.52
O1000855,C100869,P1016,W107,2025-06-20 20:31:00,3,Completed,28287.33
O1000856,C100548,P1017,W103,2025-03-13 12:09:00,1,Completed,4264.31
O1000857,C100043,P1003,W108,2025-04-18 20:29:00,4,Completed,37122.16
O1000858,C100180,P1095,W101,2025-08-25 20:52:00,2,Completed,41331.44
O1000859,C100093,P1044,W102,2025-05-07 18:11:00,4,Completed,79425.2
O1000860,C100735,P1066,W106,2025-06-26 10:27:00,2,Completed,39283.78
O1000861,C100757,P1015,W107,2025-03-03 09:00:00,4,Shipped,26169.16
O1000862,C100458,P1024,W101,2025-06-10 10:25:00,3,Completed,56852.85
O1000863,C100725,P1055,W102,2025-03-28 16:51:00,3,Completed,32685.21
O1000864,C100552,P1021,W103,2025-02-10 17:41:00,4,Completed,74100.48
O1000865,C100740,P1062,W101,2025-02-18 21:47:00,1,Completed,9671.24
O1000866,C100673,P1093,W107,2025-07-09 21:19:00,2,Completed,39969.22
O1000867,C100456,P1031,W106,2025-05-14 12:18:00,1,Completed,1529.2
O1000868,C100653,P1061,W106,2025-02-06 13:26:00,4,Completed,74565.96
O1000869,C100319,P1092,W104,2025-07-07 18:48:00,4,Completed,27463.64
O1000870,C100749,P1090,W106,2025-03-01 18:49:00,4,Completed,41441.52
O1000871,C100914,P1001,W105,2025-01-06 12:23:00,1,Completed,9305.38
O1000872,C100207,P1012,W106,2025-02-18 08:26:00,2,Processing,31348.98
O1000873,C100668,P1099,W104,2025-06-13 09:21:00,2,Completed,17758.32
O1000874,C100111,P1093,W106,2025-12-15 19:32:00,4,Processing,79938.44
O1000875,C100378,P1033,W106,2025-03-30 12:52:00,4,Completed,76102.0
O1000876,C100670,P1053,W106,2025-04-14 18:07:00,4,Completed,76723.72
O1000877,C100278,P1058,W107,2025-03-30 19:12:00,4,Processing,51125.84
O1000878,C100236,P1067,W103,2025-05-10 20:33:00,4,Completed,73781.48
O1000879,C100384,P1076,W108,2025-09-19 14:53:00,2,Shipped,20082.06
O1000880,C100115,P1038,W101,2025-04-28 16:55:00,3,Completed,13659.57
O1000881,C100626,P1089,W104,2025-08-29 10:44:00,3,Shipped,18931.11
O1000882,C100132,P1006,W104,2025-11-24 21:10:00,1,Completed,3111.6
O1000883,C100334,P1004,W107,2025-12-12 20:21:00,4,Completed,70503.24
O1000884,C100313,P1096,W101,2025-07-25 13:27:00,1,Completed,3702.38
O1000885,C100968,P1018,W102,2025-09-18 13:08:00,4,Completed,85083.52
O1000886,C100992,P1100,W104,2025-12-02 18:15:00,2,Completed,40142.14
O1000887,C100080,P1029,W107,2025-10-15 13:47:00,1,Shipped,5924.85
O1000888,C100158,P1037,W104,2025-04-20 18:09:00,3,Shipped,26128.86
O1000889,C100733,P1003,W106,2025-02-18 09:15:00,2,Shipped,18561.08
O1000890,C100299,P1095,W102,2025-02-11 11:45:00,2,Shipped,41331.44
O1000891,C100645,P1036,W108,2025-11-18 18:55:00,4,Completed,35803.36
O1000892,C100921,P1017,W107,2025-07-23 20:53:00,3,Completed,12792.93
O1000893,C100163,P1049,W101,2025-04-19 08:21:00,3,Shipped,41964.78
O1000894,C100964,P1016,W106,2025-05-07 18:54:00,4,Completed,37716.44
O1000895,C100053,P1079,W102,2025-04-13 08:58:00,4,Completed,57390.24
O1000896,C100229,P1008,W105,2025-10-20 20:07:00,1,Completed,4509.67
O1000897,C100508,P1050,W106,2025-08-12 11:32:00,2,Completed,29652.8
O1000898,C100881,P1040,W108,2025-11-17 13:04:00,4,Shipped,17573.28
O1000899,C100554,P1004,W101,2025-04-21 18:02:00,4,Completed,70503.24
O1000900,C100139,P1006,W103,2025-06-22 19:46:00,1,Completed,3111.6
O1000901,C100249,P1052,W106,2025-02-14 13:48:00,1,Shipped,9617.01
O1000902,C100762,P1040,W103,2025-12-21 12:24:00,2,Cancelled,8786.64
O1000903,C100562,P1013,W106,2025-07-06 21:43:00,3,Completed,28466.88
O1000904,C100014,P1014,W102,2025-07-21 21:30:00,4,Shipped,56675.12
O1000905,C100502,P1081,W102,2025-05-31 15:20:00,2,Completed,29072.5
O1000906,C100407,P1074,W105,2025-04-09 08:20:00,1,Completed,8374.94
O1000907,C100001,P1061,W106,2025-12-13 21:33:00,3,Completed,55924.47
O1000908,C100248,P1084,W102,2025-06-28 16:40:00,1,Completed,11642.31
O1000909,C100936,P1007,W107,2025-09-04 15:44:00,3,Completed,44303.19
O1000910,C100705,P1069,W107,2025-01-14 09:34:00,4,Completed,54434.56
O1000911,C100071,P1076,W101,2025-04-11 21:54:00,3,Completed,30123.09
O1000912,C100017,P1021,W103,2025-10-21 18:03:00,4,Shipped,74100.48
O1000913,C100346,P1054,W105,2025-02-02 11:02:00,3,Completed,39976.62
O1000914,C100465,P1077,W104,2025-02-07 13:05:00,4,Completed,42076.2
O1000915,C100454,P1061,W103,2025-10-23 12:48:00,4,Completed,74565.96
O1000916,C100697,P1025,W105,2025-04-23 20:11:00,1,Shipped,10625.81
O1000917,C100174,P1067,W108,2025-04-10 14:39:00,3,Processing,55336.11
O1000918,C100047,P1076,W103,2025-07-26 20:13:00,2,Processing,20082.06
O1000919,C100673,P1001,W102,2025-03-13 17:37:00,1,Processing,9305.38
O1000920,C100898,P1057,W106,2025-01-16 13:09:00,1,Completed,9472.52
O1000921,C100168,P1051,W105,2025-01-02 13:40:00,1,Completed,18809.89
O1000922,C100362,P1037,W106,2025-01-29 19:20:00,1,Completed,8709.62
O1000923,C100627,P1005,W106,2025-02-27 14:59:00,1,Processing,858.57
O1000924,C100166,P1009,W107,2025-09-12 17:32:00,4,Completed,49527.28
O1000925,C100860,P1076,W106,2025-04-19 09:43:00,2,Completed,20082.06
O1000926,C100226,P1083,W105,2025-01-27 13:58:00,1,Completed,3506.3
O1000927,C100533,P1042,W104,2025-01-06 16:04:00,2,Shipped,35921.04
O1000928,C100339,P1094,W104,2025-06-24 12:48:00,3,Completed,73030.5
O1000929,C100668,P1093,W103,2025-11-03 19:52:00,3,Shipped,59953.83
O1000930,C100199,P1067,W104,2025-05-04 10:56:00,1,Processing,18445.37
O1000931,C100099,P1059,W105,2025-01-24 19:53:00,1,Completed,2496.12
O1000932,C100511,P1097,W106,2025-03-25 08:53:00,3,Shipped,54055.5
O1000933,C100866,P1061,W107,2025-07-02 13:58:00,4,Completed,74565.96
O1000934,C100633,P1094,W104,2025-03-10 15:14:00,1,Completed,24343.5
O1000935,C100756,P1098,W106,2025-12-24 11:33:00,4,Completed,3072.68
O1000936,C100434,P1020,W104,2025-10-06 15:33:00,1,Completed,19341.31
O1000937,C100141,P1067,W103,2025-05-06 20:36:00,2,Completed,36890.74
O1000938,C100428,P1074,W102,2025-12-14 14:12:00,1,Shipped,8374.94
O1000939,C100988,P1083,W103,2025-04-29 15:32:00,2,Shipped,7012.6
O1000940,C100782,P1035,W106,2025-02-21 21:18:00,4,Completed,40445.6
O1000941,C100704,P1087,W102,2025-12-09 20:55:00,1,Completed,5462.8
O1000942,C100302,P1049,W101,2025-12-17 08:11:00,3,Completed,41964.78
O1000943,C100600,P1039,W103,2025-04-25 18:09:00,2,Completed,37168.0
O1000944,C100623,P1016,W108,2025-08-06 19:54:00,3,Processing,28287.33
O1000945,C100655,P1033,W102,2025-03-05 21:11:00,1,Completed,19025.5
O1000946,C100893,P1098,W102,2025-08-23 19:12:00,2,Shipped,1536.34
O1000947,C100682,P1072,W104,2025-09-09 09:09:00,4,Processing,41932.76
O1000948,C100222,P1073,W104,2025-09-17 18:37:00,3,Completed,28877.13
O1000949,C100222,P1090,W108,2025-07-27 19:49:00,4,Completed,41441.52
O1000950,C100620,P1027,W102,2025-09-15 15:20:00,3,Shipped,39096.69
O1000951,C100867,P1067,W104,2025-07-22 08:17:00,1,Completed,18445.37
O1000952,C100948,P1038,W103,2025-10-27 10:39:00,2,Completed,9106.38
O1000953,C100610,P1085,W102,2025-03-07 11:51:00,4,Shipped,21900.48
O1000954,C100530,P1043,W103,2025-06-26 20:04:00,3,Processing,32170.56
O1000955,C100817,P1086,W103,2025-06-01 09:45:00,3,Shipped,49876.23
O1000956,C100977,P1075,W106,2025-07-14 18:25:00,4,Shipped,53579.68
O1000957,C100028,P1078,W107,2025-02-21 10:30:00,1,Shipped,17286.35
O1000958,C100311,P1093,W102,2025-04-29 19:39:00,4,Completed,79938.44
O1000959,C100334,P1080,W104,2025-12-15 08:09:00,1,Completed,6315.19
O1000960,C100565,P1033,W103,2025-02-08 11:18:00,4,Processing,76102.0
O1000961,C100295,P1053,W107,2025-08-20 09:25:00,4,Completed,76723.72
O1000962,C100312,P1048,W101,2025-08-31 15:45:00,2,Shipped,29843.36
O1000963,C100025,P1007,W104,2025-06-23 18:56:00,2,Completed,29535.46
O1000964,C100004,P1060,W103,2025-01-13 13:49:00,1,Completed,4893.13
O1000965,C100450,P1044,W103,2025-01-13 15:28:00,2,Shipped,39712.6
O1000966,C100998,P1040,W108,2025-04-11 16:57:00,1,Shipped,4393.32
O1000967,C100296,P1011,W105,2025-02-07 14:22:00,3,Completed,65330.37
O1000968,C100241,P1051,W104,2025-02-04 18:32:00,1,Completed,18809.89
O1000969,C100265,P1058,W107,2025-02-28 11:58:00,4,Completed,51125.84
O1000970,C100974,P1011,W107,2025-03-11 10:25:00,2,Completed,43553.58
O1000971,C100664,P1064,W102,2025-11-03 10:37:00,4,Completed,19697.32
O1000972,C100654,P1017,W104,2025-08-22 10:26:00,2,Cancelled,8528.62
O1000973,C100190,P1015,W104,2025-01-12 08:31:00,4,Cancelled,26169.16
O1000974,C100904,P1041,W104,2025-08-18 08:36:00,3,Completed,38688.24
O1000975,C100197,P1039,W103,2025-02-19 08:44:00,4,Shipped,74336.0
O1000976,C100968,P1092,W107,2025-06-03 10:12:00,3,Completed,20597.73
O1000977,C100953,P1007,W108,2025-01-14 16:52:00,2,Completed,29535.46
O1000978,C100568,P1035,W101,2025-02-02 11:21:00,3,Completed,30334.2
O1000979,C100869,P1074,W107,2025-02-18 16:11:00,1,Shipped,8374.94
O1000980,C101000,P1025,W107,2025-06-08 09:00:00,4,Shipped,42503.24
O1000981,C100581,P1099,W103,2025-06-19 19:12:00,3,Completed,26637.48
O1000982,C100768,P1075,W104,2025-05-09 12:58:00,1,Completed,13394.92
O1000983,C100591,P1095,W101,2025-08-15 14:10:00,1,Completed,20665.72
O1000984,C100524,P1095,W103,2025-09-20 17:27:00,1,Shipped,20665.72
O1000985,C100335,P1011,W102,2025-09-23 21:57:00,3,Completed,65330.37
O1000986,C100655,P1046,W108,2025-07-31 19:06:00,3,Completed,61205.61
O1000987,C100268,P1075,W101,2025-07-19 13:37:00,1,Completed,13394.92
O1000988,C100195,P1001,W103,2025-06-29 12:50:00,3,Completed,27916.14
O1000989,C100276,P1046,W104,2025-03-28 12:44:00,2,Completed,40803.74
O1000990,C100012,P1069,W108,2025-06-27 09:10:00,2,Shipped,27217.28
O1000991,C100934,P1080,W107,2025-01-04 12:43:00,3,Completed,18945.57
O1000992,C100257,P1042,W108,2025-12-19 18:37:00,4,Completed,71842.08
O1000993,C100800,P1087,W103,2025-05-16 11:52:00,4,Cancelled,21851.2
O1000994,C100435,P1068,W103,2025-10-04 13:28:00,1,Completed,1702.95
O1000995,C100340,P1005,W105,2025-12-16 08:58:00,4,Completed,3434.28
O1000996,C100229,P1028,W103,2025-07-01 11:31:00,3,Completed,19023.45
O1000997,C100821,P1094,W101,2025-11-11 08:57:00,1,Completed,24343.5
O1000998,C100515,P1001,W107,2025-06-24 14:35:00,4,Cancelled,37221.52
O1000999,C100450,P1011,W101,2025-02-18 12:09:00,2,Completed,43553.58
O1001000,C100658,P1035,W102,2025-01-10 21:34:00,2,Shipped,20222.8
O1001001,C100803,P1100,W108,2025-02-19 16:15:00,4,Completed,80284.28
O1001002,C100656,P1071,W106,2025-12-11 13:13:00,3,Completed,34167.57
O1001003,C100468,P1015,W106,2025-06-23 15:31:00,1,Completed,6542.29
O1001004,C100894,P1040,W102,2025-04-27 21:25:00,1,Completed,4393.32
O1001005,C100896,P1094,W103,2025-06-12 10:31:00,4,Completed,97374.0
O1001006,C100967,P1022,W102,2025-04-04 11:32:00,2,Completed,44740.96
O1001007,C100092,P1058,W106,2025-11-14 15:38:00,1,Completed,12781.46
O1001008,C100891,P1047,W105,2025-12-31 09:28:00,1,Completed,13744.68
O1001009,C100194,P1077,W103,2025-01-31 15:16:00,4,Completed,42076.2
O1001010,C100621,P1076,W106,2025-09-20 10:12:00,3,Completed,30123.09
O1001011,C100658,P1084,W107,2025-05-03 20:05:00,3,Completed,34926.93
O1001012,C100206,P1012,W106,2025-01-18 18:49:00,3,Completed,47023.47
O1001013,C100009,P1046,W101,2025-12-03 08:40:00,2,Cancelled,40803.74
O1001014,C100944,P1070,W105,2025-01-23 15:31:00,4,Completed,46484.52
O1001015,C100892,P1042,W102,2025-03-17 10:56:00,3,Cancelled,53881.56
O1001016,C100175,P1067,W103,2025-01-10 16:08:00,3,Completed,55336.11
O1001017,C100602,P1064,W108,2025-06-22 15:37:00,4,Processing,19697.32
O1001018,C100152,P1038,W104,2025-08-07 21:32:00,1,Completed,4553.19
O1001019,C100567,P1011,W107,2025-04-28 10:29:00,2,Completed,43553.58
O1001020,C100318,P1098,W102,2025-01-27 15:04:00,4,Shipped,3072.68
O1001021,C100752,P1083,W108,2025-02-12 21:31:00,1,Completed,3506.3
O1001022,C100574,P1090,W103,2025-12-07 09:38:00,2,Processing,20720.76
O1001023,C100499,P1030,W102,2025-10-22 11:33:00,1,Processing,5899.82
O1001024,C100682,P1032,W103,2025-12-08 18:03:00,3,Completed,29231.43
O1001025,C100476,P1033,W102,2025-07-13 09:30:00,4,Completed,76102.0
O1001026,C100014,P1004,W105,2025-07-19 10:54:00,2,Completed,35251.62
O1001027,C100596,P1017,W102,2025-10-14 21:24:00,3,Completed,12792.93
O1001028,C100779,P1031,W102,2025-08-14 16:08:00,4,Completed,6116.8
O1001029,C100491,P1099,W106,2025-06-09 08:47:00,4,Completed,35516.64
O1001030,C100176,P1021,W101,2025-04-17 19:57:00,4,Completed,74100.48
O1001031,C100008,P1051,W104,2025-06-27 15:19:00,2,Cancelled,37619.78
O1001032,C100297,P1055,W106,2025-01-24 14:40:00,1,Completed,10895.07
O1001033,C100769,P1036,W104,2025-03-12 21:53:00,3,Completed,26852.52
O1001034,C100323,P1092,W101,2025-09-27 12:23:00,3,Completed,20597.73
O1001035,C100957,P1010,W102,2025-11-13 13:18:00,2,Completed,15694.62
O1001036,C100333,P1088,W108,2025-02-07 16:03:00,3,Completed,43030.05
O1001037,C100428,P1075,W107,2025-02-05 11:22:00,3,Completed,40184.76
O1001038,C100761,P1031,W103,2025-02-01 09:46:00,2,Completed,3058.4
O1001039,C100614,P1077,W107,2025-10-16 09:55:00,2,Completed,21038.1
O1001040,C100041,P1043,W101,2025-04-24 12:18:00,2,Completed,21447.04
O1001041,C100077,P1098,W101,2025-04-30 09:06:00,2,Cancelled,1536.34
O1001042,C100197,P1004,W108,2025-01-05 15:03:00,3,Completed,52877.43
O1001043,C100872,P1003,W106,2025-12-21 21:54:00,1,Completed,9280.54
O1001044,C100023,P1055,W105,2025-06-08 11:33:00,2,Completed,21790.14
O1001045,C100072,P1094,W103,2025-10-19 08:34:00,3,Completed,73030.5
O1001046,C100779,P1007,W107,2025-09-16 08:32:00,1,Completed,14767.73
O1001047,C100623,P1078,W105,2025-02-21 10:19:00,4,Completed,69145.4
O1001048,C100984,P1094,W104,2025-10-20 16:11:00,4,Completed,97374.0
O1001049,C100220,P1049,W104,2025-07-20 14:35:00,2,Completed,27976.52
O1001050,C100660,P1087,W103,2025-08-09 13:37:00,3,Completed,16388.4
O1001051,C100135,P1076,W105,2025-03-15 18:33:00,2,Cancelled,20082.06
O1001052,C100591,P1022,W106,2025-11-06 13:28:00,2,Completed,44740.96
O1001053,C100107,P1086,W107,2025-12-07 16:37:00,1,Completed,16625.41
O1001054,C100909,P1070,W104,2025-05-29 21:57:00,4,Completed,46484.52
O1001055,C100416,P1002,W103,2025-02-03 10:22:00,4,Shipped,56905.28
O1001056,C100255,P1057,W105,2025-11-06 09:33:00,4,Completed,37890.08
O1001057,C100985,P1066,W105,2025-11-20 11:02:00,1,Completed,19641.89
O1001058,C100067,P1081,W103,2025-07-04 10:09:00,4,Completed,58145.0
O1001059,C100800,P1078,W101,2025-07-31 19:36:00,3,Completed,51859.05
O1001060,C100510,P1048,W103,2025-03-23 20:16:00,3,Completed,44765.04
O1001061,C100688,P1030,W101,2025-01-25 15:50:00,2,Completed,11799.64
O1001062,C100261,P1020,W101,2025-12-11 09:49:00,1,Completed,19341.31
O1001063,C100882,P1009,W108,2025-06-26 19:55:00,2,Completed,24763.64
O1001064,C100452,P1064,W107,2025-04-11 20:50:00,1,Cancelled,4924.33
O1001065,C100419,P1096,W101,2025-09-11 13:42:00,4,Completed,14809.52
O1001066,C100457,P1009,W103,2025-01-10 17:24:00,4,Completed,49527.28
O1001067,C100297,P1071,W103,2025-01-30 16:31:00,4,Completed,45556.76
O1001068,C100319,P1059,W108,2025-03-30 15:23:00,4,Shipped,9984.48
O1001069,C100141,P1018,W104,2025-06-14 12:56:00,1,Shipped,21270.88
O1001070,C100487,P1022,W103,2025-05-14 11:53:00,3,Completed,67111.44
O1001071,C100475,P1029,W106,2025-03-10 11:51:00,4,Completed,23699.4
O1001072,C100381,P1069,W104,2025-05-09 13:01:00,3,Completed,40825.92
O1001073,C100986,P1030,W102,2025-05-02 18:38:00,3,Completed,17699.46
O1001074,C100114,P1083,W103,2025-07-11 19:33:00,2,Completed,7012.6
O1001075,C100911,P1037,W102,2025-07-25 09:35:00,4,Completed,34838.48
O1001076,C100867,P1011,W106,2025-11-19 08:48:00,3,Shipped,65330.37
O1001077,C100023,P1010,W108,2025-10-22 14:41:00,3,Completed,23541.93
O1001078,C100702,P1041,W107,2025-04-17 18:45:00,1,Completed,12896.08
O1001079,C100210,P1041,W104,2025-11-26 15:51:00,4,Completed,51584.32
O1001080,C100042,P1074,W104,2025-07-10 19:35:00,3,Completed,25124.82
O1001081,C100862,P1048,W101,2025-03-10 17:59:00,4,Completed,59686.72
O1001082,C100116,P1017,W103,2025-05-05 17:53:00,3,Completed,12792.93
O1001083,C100299,P1022,W101,2025-09-28 15:32:00,3,Completed,67111.44
O1001084,C100097,P1057,W106,2025-10-27 08:45:00,4,Completed,37890.08
O1001085,C100142,P1034,W108,2025-05-17 10:30:00,1,Completed,12497.8
O1001086,C100062,P1068,W102,2025-02-27 18:23:00,2,Cancelled,3405.9
O1001087,C100843,P1093,W106,2025-03-12 12:19:00,1,Shipped,19984.61
O1001088,C100060,P1036,W105,2025-02-07 18:07:00,3,Completed,26852.52
O1001089,C100760,P1056,W104,2025-09-13 12:44:00,2,Completed,43091.24
O1001090,C100158,P1084,W106,2025-07-03 08:10:00,1,Completed,11642.31
O1001091,C100915,P1022,W106,2025-06-14 17:28:00,4,Completed,89481.92
O1001092,C100848,P1052,W103,2025-09-03 20:29:00,1,Completed,9617.01
O1001093,C100630,P1031,W107,2025-10-30 14:14:00,1,Shipped,1529.2
O1001094,C100829,P1063,W106,2025-10-18 09:51:00,1,Processing,7167.78
O1001095,C100299,P1075,W103,2025-02-20 13:48:00,3,Completed,40184.76
O1001096,C100784,P1015,W106,2025-08-04 21:27:00,2,Completed,13084.58
O1001097,C100222,P1019,W106,2025-11-19 12:27:00,3,Completed,42879.96
O1001098,C100615,P1003,W101,2025-10-10 08:59:00,2,Processing,18561.08
O1001099,C100920,P1002,W102,2025-05-01 18:44:00,4,Completed,56905.28
O1001100,C100724,P1006,W103,2025-05-24 11:19:00,2,Processing,6223.2
O1001101,C100270,P1071,W101,2025-11-21 08:31:00,4,Completed,45556.76
O1001102,C100739,P1091,W104,2025-01-12 17:39:00,2,Completed,44638.48
O1001103,C100884,P1041,W104,2025-07-11 12:44:00,1,Completed,12896.08
O1001104,C100890,P1089,W107,2025-02-12 09:55:00,2,Completed,12620.74
O1001105,C100740,P1073,W102,2025-11-23 08:45:00,1,Completed,9625.71
O1001106,C100733,P1081,W105,2025-01-15 10:35:00,2,Completed,29072.5
O1001107,C100785,P1074,W106,2025-01-09 10:05:00,1,Shipped,8374.94
O1001108,C100737,P1020,W104,2025-05-01 08:09:00,4,Completed,77365.24
O1001109,C100134,P1053,W108,2025-03-15 13:11:00,3,Completed,57542.79
O1001110,C100805,P1053,W103,2025-06-30 19:34:00,1,Completed,19180.93
O1001111,C100180,P1065,W104,2025-04-20 13:32:00,4,Completed,35230.92
O1001112,C100557,P1080,W101,2025-05-11 08:31:00,2,Completed,12630.38
O1001113,C100340,P1012,W104,2025-07-26 20:20:00,1,Completed,15674.49
O1001114,C100214,P1068,W101,2025-07-24 16:51:00,1,Processing,1702.95
O1001115,C100282,P1084,W108,2025-12-08 21:30:00,1,Completed,11642.31
O1001116,C100085,P1012,W102,2025-06-25 16:09:00,1,Completed,15674.49
O1001117,C100440,P1042,W107,2025-07-25 14:40:00,2,Completed,35921.04
O1001118,C100420,P1090,W101,2025-09-05 15:09:00,3,Completed,31081.14
O1001119,C100404,P1003,W103,2025-03-05 08:05:00,2,Shipped,18561.08
O1001120,C100092,P1017,W101,2025-09-01 13:15:00,4,Completed,17057.24
O1001121,C100607,P1081,W103,2025-11-11 14:11:00,4,Completed,58145.0
O1001122,C100170,P1018,W105,2025-04-27 12:11:00,2,Shipped,42541.76
O1001123,C100856,P1071,W104,2025-03-07 19:43:00,3,Completed,34167.57
O1001124,C100024,P1091,W105,2025-05-07 21:23:00,2,Completed,44638.48
O1001125,C100056,P1050,W107,2025-04-11 14:41:00,2,Completed,29652.8
O1001126,C100301,P1049,W101,2025-08-02 18:59:00,1,Completed,13988.26
O1001127,C100408,P1043,W104,2025-11-12 11:07:00,3,Completed,32170.56
O1001128,C100970,P1038,W105,2025-08-06 20:55:00,1,Completed,4553.19
O1001129,C100526,P1039,W105,2025-02-15 17:50:00,3,Completed,55752.0
O1001130,C100379,P1056,W102,2025-04-25 18:16:00,4,Completed,86182.48
O1001131,C100838,P1090,W102,2025-09-09 16:19:00,2,Shipped,20720.76
O1001132,C100241,P1099,W104,2025-05-01 19:36:00,3,Completed,26637.48
O1001133,C100898,P1087,W106,2025-08-03 15:28:00,4,Completed,21851.2
O1001134,C100404,P1012,W108,2025-09-11 21:29:00,3,Completed,47023.47
O1001135,C100313,P1031,W103,2025-05-01 17:16:00,2,Completed,3058.4
O1001136,C100302,P1076,W105,2025-08-25 14:21:00,4,Completed,40164.12
O1001137,C100010,P1055,W103,2025-05-26 10:55:00,1,Shipped,10895.07
O1001138,C100674,P1034,W101,2025-02-19 20:41:00,3,Completed,37493.4
O1001139,C100578,P1032,W104,2025-05-16 08:47:00,2,Completed,19487.62
O1001140,C100635,P1012,W103,2025-06-10 08:36:00,1,Cancelled,15674.49
O1001141,C100652,P1034,W102,2025-01-01 08:25:00,3,Completed,37493.4
O1001142,C100028,P1043,W106,2025-11-22 09:30:00,3,Completed,32170.56
O1001143,C100878,P1042,W103,2025-07-12 11:27:00,3,Shipped,53881.56
O1001144,C100512,P1055,W102,2025-01-14 14:51:00,3,Completed,32685.21
O1001145,C100692,P1028,W104,2025-11-13 11:52:00,2,Completed,12682.3
O1001146,C100037,P1021,W108,2025-11-09 14:21:00,2,Cancelled,37050.24
O1001147,C100762,P1089,W106,2025-01-05 14:16:00,1,Completed,6310.37
O1001148,C100678,P1041,W104,2025-03-01 14:08:00,3,Completed,38688.24
O1001149,C100369,P1026,W107,2025-05-13 08:49:00,4,Completed,38893.12
O1001150,C100936,P1064,W101,2025-07-05 15:31:00,2,Shipped,9848.66
O1001151,C100651,P1055,W103,2025-09-22 12:11:00,2,Completed,21790.14
O1001152,C100908,P1058,W105,2025-06-04 15:32:00,2,Completed,25562.92
O1001153,C100822,P1023,W104,2025-08-12 08:50:00,3,Processing,13949.04
O1001154,C100206,P1073,W106,2025-01-04 20:11:00,3,Shipped,28877.13
O1001155,C100997,P1020,W106,2025-08-29 18:06:00,2,Completed,38682.62
O1001156,C100743,P1084,W104,2025-12-01 12:50:00,1,Shipped,11642.31
O1001157,C100190,P1043,W108,2025-07-12 13:02:00,2,Completed,21447.04
O1001158,C100794,P1041,W108,2025-06-16 12:25:00,2,Processing,25792.16
O1001159,C100430,P1039,W104,2025-04-19 21:52:00,1,Completed,18584.0
O1001160,C100865,P1043,W108,2025-12-15 17:49:00,2,Completed,21447.04
O1001161,C100174,P1067,W106,2025-01-13 14:26:00,4,Completed,73781.48
O1001162,C100260,P1050,W102,2025-04-15 17:04:00,3,Completed,44479.2
O1001163,C100348,P1013,W101,2025-02-20 08:54:00,1,Completed,9488.96
O1001164,C100451,P1057,W101,2025-11-13 19:37:00,4,Shipped,37890.08
O1001165,C100632,P1027,W102,2025-06-26 16:20:00,1,Completed,13032.23
O1001166,C100222,P1011,W103,2025-12-03 12:19:00,3,Shipped,65330.37
O1001167,C100706,P1084,W101,2025-08-31 17:42:00,3,Completed,34926.93
O1001168,C100025,P1032,W105,2025-07-23 08:05:00,3,Completed,29231.43
O1001169,C100332,P1060,W104,2025-07-08 14:51:00,4,Completed,19572.52
O1001170,C100660,P1018,W105,2025-03-15 21:13:00,2,Completed,42541.76
O1001171,C100265,P1034,W105,2025-07-25 18:38:00,4,Completed,49991.2
O1001172,C100432,P1039,W103,2025-09-08 08:37:00,3,Completed,55752.0
O1001173,C100607,P1014,W105,2025-12-19 16:15:00,2,Completed,28337.56
O1001174,C100249,P1098,W108,2025-07-20 17:31:00,1,Completed,768.17
O1001175,C100965,P1032,W103,2025-12-09 15:22:00,3,Processing,29231.43
O1001176,C100848,P1059,W103,2025-12-11 12:30:00,2,Shipped,4992.24
O1001177,C100972,P1057,W105,2025-07-10 17:30:00,2,Completed,18945.04
O1001178,C100496,P1043,W107,2025-06-10 13:55:00,3,Completed,32170.56
O1001179,C100344,P1059,W105,2025-02-22 21:17:00,3,Shipped,7488.36
O1001180,C100995,P1057,W107,2025-04-09 19:43:00,1,Shipped,9472.52
O1001181,C100729,P1009,W101,2025-11-17 20:43:00,2,Completed,24763.64
O1001182,C100794,P1067,W101,2025-02-20 13:52:00,4,Completed,73781.48
O1001183,C100183,P1012,W104,2025-05-25 17:29:00,3,Shipped,47023.47
O1001184,C100870,P1044,W102,2025-09-13 10:01:00,2,Shipped,39712.6
O1001185,C100529,P1037,W101,2025-03-29 18:32:00,4,Completed,34838.48
O1001186,C100774,P1045,W102,2025-12-22 18:33:00,3,Completed,17706.0
O1001187,C100826,P1008,W103,2025-08-26 18:51:00,4,Shipped,18038.68
O1001188,C100106,P1071,W108,2025-01-11 08:16:00,2,Completed,22778.38
O1001189,C100100,P1042,W107,2025-04-01 14:22:00,1,Completed,17960.52
O1001190,C100066,P1007,W103,2025-09-28 11:50:00,3,Completed,44303.19
O1001191,C100643,P1001,W108,2025-11-12 20:48:00,4,Completed,37221.52
O1001192,C100916,P1055,W107,2025-12-05 15:31:00,3,Completed,32685.21
O1001193,C100031,P1067,W103,2025-11-07 16:33:00,2,Completed,36890.74
O1001194,C100139,P1055,W104,2025-01-28 14:07:00,1,Completed,10895.07
O1001195,C100486,P1073,W108,2025-09-24 09:35:00,1,Completed,9625.71
O1001196,C100392,P1076,W104,2025-02-10 16:40:00,4,Completed,40164.12
O1001197,C100104,P1088,W103,2025-01-28 16:33:00,1,Completed,14343.35
O1001198,C100610,P1099,W108,2025-09-10 13:20:00,3,Processing,26637.48
O1001199,C100906,P1089,W106,2025-06-24 16:48:00,3,Processing,18931.11
O1001200,C100212,P1080,W104,2025-08-25 13:28:00,2,Completed,12630.38
O1001201,C100003,P1044,W107,2025-11-07 17:14:00,4,Completed,79425.2
O1001202,C100226,P1051,W106,2025-01-26 12:52:00,3,Shipped,56429.67
O1001203,C100185,P1062,W103,2025-07-12 18:49:00,4,Completed,38684.96
O1001204,C100467,P1017,W104,2025-11-01 20:25:00,2,Completed,8528.62
O1001205,C100108,P1068,W101,2025-06-10 14:46:00,3,Completed,5108.85
O1001206,C100361,P1059,W101,2025-07-11 08:14:00,4,Completed,9984.48
O1001207,C100120,P1053,W108,2025-07-01 17:32:00,4,Completed,76723.72
O1001208,C100677,P1084,W101,2025-11-28 21:09:00,2,Completed,23284.62
O1001209,C100470,P1069,W107,2025-01-19 17:56:00,2,Completed,27217.28
O1001210,C100076,P1094,W102,2025-11-17 13:00:00,4,Completed,97374.0
O1001211,C100044,P1098,W105,2025-10-25 15:53:00,3,Completed,2304.51
O1001212,C100489,P1083,W106,2025-10-24 13:06:00,2,Completed,7012.6
O1001213,C100592,P1030,W108,2025-05-31 18:50:00,2,Completed,11799.64
O1001214,C100175,P1019,W103,2025-07-08 18:09:00,4,Completed,57173.28
O1001215,C100324,P1030,W108,2025-05-15 16:45:00,3,Completed,17699.46
O1001216,C100607,P1072,W104,2025-04-02 13:26:00,4,Completed,41932.76
O1001217,C100472,P1087,W107,2025-11-16 10:24:00,3,Cancelled,16388.4
O1001218,C100117,P1089,W101,2025-07-04 16:37:00,4,Completed,25241.48
O1001219,C100392,P1069,W103,2025-09-22 12:43:00,2,Completed,27217.28
O1001220,C100198,P1069,W105,2025-02-06 20:39:00,4,Completed,54434.56
O1001221,C100927,P1096,W106,2025-10-15 08:52:00,1,Completed,3702.38
O1001222,C100804,P1069,W107,2025-08-29 19:50:00,3,Shipped,40825.92
O1001223,C100313,P1015,W103,2025-12-31 18:54:00,2,Completed,13084.58
O1001224,C100236,P1051,W105,2025-02-18 15:12:00,3,Completed,56429.67
O1001225,C100135,P1036,W105,2025-07-17 21:54:00,4,Completed,35803.36
O1001226,C100738,P1064,W108,2025-07-06 18:01:00,1,Completed,4924.33
O1001227,C100919,P1064,W101,2025-07-16 08:35:00,1,Completed,4924.33
O1001228,C100274,P1030,W101,2025-01-20 13:29:00,3,Completed,17699.46
O1001229,C100640,P1030,W105,2025-06-22 19:45:00,2,Processing,11799.64
O1001230,C100236,P1009,W101,2025-04-20 18:51:00,3,Completed,37145.46
O1001231,C100918,P1030,W102,2025-08-14 10:14:00,2,Completed,11799.64
O1001232,C100300,P1083,W105,2025-03-26 10:22:00,1,Completed,3506.3
O1001233,C100097,P1066,W103,2025-06-08 20:56:00,4,Completed,78567.56
O1001234,C100881,P1095,W103,2025-08-15 08:38:00,3,Completed,61997.16
O1001235,C100946,P1093,W103,2025-01-24 21:17:00,3,Completed,59953.83
O1001236,C100398,P1086,W106,2025-10-15 15:34:00,1,Cancelled,16625.41
O1001237,C100908,P1018,W103,2025-09-19 19:18:00,1,Completed,21270.88
O1001238,C100244,P1034,W107,2025-01-21 11:00:00,3,Completed,37493.4
O1001239,C100271,P1006,W102,2025-01-24 12:49:00,1,Completed,3111.6
O1001240,C100537,P1010,W101,2025-11-07 18:12:00,2,Completed,15694.62
O1001241,C100601,P1024,W102,2025-04-14 10:16:00,4,Completed,75803.8
O1001242,C100386,P1029,W108,2025-11-11 09:25:00,4,Processing,23699.4
O1001243,C100800,P1002,W103,2025-07-02 16:31:00,3,Completed,42678.96
O1001244,C100791,P1085,W101,2025-05-05 08:07:00,1,Completed,5475.12
O1001245,C100121,P1053,W103,2025-04-10 21:08:00,1,Completed,19180.93
O1001246,C100991,P1066,W106,2025-08-29 17:27:00,1,Completed,19641.89
O1001247,C100160,P1066,W103,2025-02-10 17:59:00,2,Completed,39283.78
O1001248,C100527,P1097,W104,2025-05-27 15:00:00,3,Completed,54055.5
O1001249,C100424,P1015,W101,2025-05-07 16:43:00,3,Completed,19626.87
O1001250,C100452,P1035,W106,2025-02-26 21:19:00,2,Completed,20222.8
O1001251,C100129,P1031,W102,2025-05-09 08:04:00,4,Processing,6116.8
O1001252,C100344,P1056,W101,2025-07-12 11:27:00,1,Shipped,21545.62
O1001253,C100031,P1053,W106,2025-09-05 17:45:00,2,Completed,38361.86
O1001254,C100974,P1080,W108,2025-02-01 09:43:00,3,Processing,18945.57
O1001255,C100144,P1057,W105,2025-11-15 11:26:00,1,Completed,9472.52
O1001256,C100484,P1024,W108,2025-11-17 08:19:00,4,Shipped,75803.8
O1001257,C100217,P1057,W104,2025-09-10 08:46:00,4,Completed,37890.08
O1001258,C100178,P1097,W105,2025-12-04 14:13:00,3,Completed,54055.5
O1001259,C100391,P1058,W103,2025-06-06 17:14:00,3,Completed,38344.38
O1001260,C100970,P1060,W105,2025-10-27 09:24:00,1,Completed,4893.13
O1001261,C100479,P1018,W108,2025-09-23 21:45:00,1,Processing,21270.88
O1001262,C100961,P1001,W106,2025-07-25 18:51:00,1,Completed,9305.38
O1001263,C100828,P1021,W101,2025-03-07 17:16:00,1,Processing,18525.12
O1001264,C100436,P1003,W105,2025-07-23 09:00:00,3,Completed,27841.62
O1001265,C100902,P1046,W104,2025-11-25 15:15:00,4,Completed,81607.48
O1001266,C100349,P1089,W105,2025-12-26 20:53:00,3,Completed,18931.11
O1001267,C100502,P1045,W105,2025-06-13 11:19:00,4,Completed,23608.0
O1001268,C100681,P1065,W105,2025-04-01 15:34:00,4,Completed,35230.92
O1001269,C100590,P1086,W107,2025-09-30 15:53:00,3,Completed,49876.23
O1001270,C100829,P1077,W107,2025-01-28 17:44:00,1,Shipped,10519.05
O1001271,C100163,P1066,W108,2025-02-25 20:51:00,4,Completed,78567.56
O1001272,C100499,P1079,W105,2025-07-25 09:49:00,3,Completed,43042.68
O1001273,C100665,P1029,W103,2025-12-28 08:52:00,3,Completed,17774.55
O1001274,C100331,P1043,W102,2025-05-01 09:15:00,4,Completed,42894.08
O1001275,C100867,P1040,W107,2025-06-11 11:44:00,3,Processing,13179.96
O1001276,C100302,P1080,W108,2025-04-28 12:57:00,1,Completed,6315.19
O1001277,C100302,P1041,W101,2025-06-10 20:17:00,4,Completed,51584.32
O1001278,C100327,P1094,W102,2025-01-03 15:17:00,4,Completed,97374.0
O1001279,C100677,P1019,W106,2025-08-06 18:25:00,1,Completed,14293.32
O1001280,C100119,P1018,W102,2025-08-06 16:03:00,2,Completed,42541.76
O1001281,C100143,P1072,W101,2025-04-26 21:20:00,1,Completed,10483.19
O1001282,C100779,P1077,W108,2025-04-07 12:37:00,3,Shipped,31557.15
O1001283,C100208,P1068,W101,2025-10-05 17:21:00,1,Completed,1702.95
O1001284,C100105,P1031,W102,2025-03-10 11:49:00,2,Completed,3058.4
O1001285,C100264,P1001,W108,2025-01-18 11:16:00,3,Completed,27916.14
O1001286,C100399,P1033,W101,2025-01-15 21:44:00,4,Completed,76102.0
O1001287,C100034,P1047,W107,2025-11-18 08:20:00,2,Shipped,27489.36
O1001288,C100835,P1042,W105,2025-05-13 11:49:00,4,Processing,71842.08
O1001289,C100118,P1093,W105,2025-02-07 13:24:00,1,Completed,19984.61
O1001290,C100405,P1087,W107,2025-11-17 09:55:00,1,Completed,5462.8
O1001291,C100203,P1078,W101,2025-02-24 18:48:00,1,Shipped,17286.35
O1001292,C100295,P1003,W101,2025-05-03 13:01:00,3,Completed,27841.62
O1001293,C100046,P1013,W102,2025-01-08 14:25:00,2,Completed,18977.92
O1001294,C100949,P1044,W104,2025-09-05 12:15:00,1,Completed,19856.3
O1001295,C100938,P1063,W108,2025-09-13 20:29:00,4,Completed,28671.12
O1001296,C100127,P1069,W101,2025-10-04 13:54:00,2,Completed,27217.28
O1001297,C100198,P1030,W104,2025-04-07 19:01:00,3,Completed,17699.46
O1001298,C100885,P1012,W104,2025-04-30 16:43:00,3,Processing,47023.47
O1001299,C100415,P1033,W102,2025-12-09 21:22:00,1,Completed,19025.5
O1001300,C100063,P1080,W103,2025-10-27 16:26:00,3,Completed,18945.57
O1001301,C100136,P1099,W102,2025-01-14 21:48:00,4,Completed,35516.64
O1001302,C100414,P1095,W102,2025-09-10 17:46:00,2,Completed,41331.44
O1001303,C100558,P1060,W105,2025-10-24 08:49:00,4,Processing,19572.52
O1001304,C100632,P1010,W108,2025-07-24 10:11:00,2,Completed,15694.62
O1001305,C100154,P1097,W104,2025-08-22 19:03:00,2,Completed,36037.0
O1001306,C100371,P1016,W106,2025-01-01 08:38:00,1,Shipped,9429.11
O1001307,C100262,P1027,W106,2025-01-11 10:39:00,1,Completed,13032.23
O1001308,C100535,P1098,W107,2025-01-13 19:04:00,1,Completed,768.17
O1001309,C100322,P1051,W107,2025-02-28 12:58:00,3,Completed,56429.67
O1001310,C100205,P1020,W108,2025-12-28 11:02:00,1,Completed,19341.31
O1001311,C100816,P1051,W107,2025-08-20 10:46:00,3,Completed,56429.67
O1001312,C100570,P1008,W108,2025-10-13 12:25:00,2,Completed,9019.34
O1001313,C100474,P1032,W108,2025-04-18 19:43:00,1,Completed,9743.81
O1001314,C100135,P1096,W106,2025-12-09 14:22:00,4,Completed,14809.52
O1001315,C100071,P1030,W104,2025-03-14 21:21:00,3,Processing,17699.46
O1001316,C100797,P1090,W103,2025-11-26 18:01:00,2,Completed,20720.76
O1001317,C100969,P1055,W105,2025-01-12 11:45:00,3,Completed,32685.21
O1001318,C100584,P1066,W107,2025-01-08 10:17:00,4,Completed,78567.56
O1001319,C100040,P1071,W107,2025-01-29 21:12:00,2,Completed,22778.38
O1001320,C100482,P1056,W105,2025-10-17 20:38:00,1,Completed,21545.62
O1001321,C100281,P1004,W101,2025-04-04 09:43:00,3,Completed,52877.43
O1001322,C100055,P1092,W103,2025-06-14 12:30:00,2,Completed,13731.82
O1001323,C100143,P1048,W105,2025-06-22 18:24:00,3,Completed,44765.04
O1001324,C100500,P1066,W104,2025-10-16 21:45:00,1,Completed,19641.89
O1001325,C100427,P1056,W104,2025-05-08 20:39:00,4,Completed,86182.48
O1001326,C100564,P1066,W103,2025-01-03 11:59:00,1,Completed,19641.89
O1001327,C100694,P1036,W101,2025-05-22 20:33:00,2,Shipped,17901.68
O1001328,C100266,P1085,W104,2025-04-16 18:09:00,3,Completed,16425.36
O1001329,C100287,P1023,W104,2025-09-24 14:28:00,3,Completed,13949.04
O1001330,C100678,P1066,W107,2025-10-02 13:16:00,2,Completed,39283.78
O1001331,C100198,P1058,W101,2025-02-03 19:23:00,4,Completed,51125.84
O1001332,C100077,P1051,W104,2025-10-17 19:42:00,2,Completed,37619.78
O1001333,C100854,P1003,W107,2025-01-26 20:47:00,3,Completed,27841.62
O1001334,C100209,P1039,W103,2025-08-15 14:28:00,2,Completed,37168.0
O1001335,C100121,P1005,W103,2025-05-23 11:44:00,2,Completed,1717.14
O1001336,C100738,P1051,W101,2025-04-20 20:11:00,4,Completed,75239.56
O1001337,C100532,P1069,W105,2025-06-26 12:14:00,2,Completed,27217.28
O1001338,C100148,P1053,W107,2025-04-24 18:33:00,2,Completed,38361.86
O1001339,C100851,P1076,W104,2025-10-17 15:07:00,4,Completed,40164.12
O1001340,C100246,P1037,W104,2025-12-19 16:12:00,1,Completed,8709.62
O1001341,C100677,P1031,W106,2025-10-25 10:56:00,2,Completed,3058.4
O1001342,C100651,P1045,W104,2025-06-10 11:29:00,2,Completed,11804.0
O1001343,C100830,P1023,W104,2025-07-03 17:08:00,2,Completed,9299.36
O1001344,C100729,P1081,W107,2025-06-13 11:38:00,3,Completed,43608.75
O1001345,C100704,P1081,W103,2025-10-17 17:22:00,2,Shipped,29072.5
O1001346,C100052,P1042,W107,2025-07-21 21:52:00,4,Completed,71842.08
O1001347,C100939,P1080,W103,2025-06-20 09:09:00,4,Shipped,25260.76
O1001348,C100127,P1003,W105,2025-05-30 20:57:00,1,Processing,9280.54
O1001349,C100254,P1016,W103,2025-05-17 10:24:00,3,Completed,28287.33
O1001350,C100447,P1029,W106,2025-07-21 09:56:00,2,Shipped,11849.7
O1001351,C100289,P1039,W104,2025-09-09 19:40:00,3,Completed,55752.0
O1001352,C100593,P1024,W102,2025-06-07 10:51:00,2,Completed,37901.9
O1001353,C100053,P1052,W106,2025-10-22 17:03:00,4,Cancelled,38468.04
O1001354,C100454,P1080,W108,2025-10-29 09:29:00,4,Completed,25260.76
O1001355,C100350,P1046,W101,2025-06-06 09:12:00,1,Processing,20401.87
O1001356,C100648,P1045,W105,2025-11-28 10:49:00,1,Shipped,5902.0
O1001357,C100520,P1006,W106,2025-03-05 15:17:00,1,Shipped,3111.6
O1001358,C100756,P1029,W106,2025-12-07 12:03:00,4,Completed,23699.4
O1001359,C100165,P1081,W102,2025-04-18 11:07:00,1,Completed,14536.25
O1001360,C100950,P1082,W101,2025-07-25 19:43:00,3,Completed,46213.71
O1001361,C100393,P1011,W105,2025-04-14 10:26:00,2,Completed,43553.58
O1001362,C100350,P1002,W106,2025-06-11 09:19:00,2,Shipped,28452.64
O1001363,C100549,P1084,W103,2025-05-05 09:32:00,3,Completed,34926.93
O1001364,C100164,P1018,W103,2025-09-15 20:20:00,4,Completed,85083.52
O1001365,C100815,P1058,W105,2025-01-30 14:39:00,3,Cancelled,38344.38
O1001366,C100265,P1083,W104,2025-11-02 21:36:00,3,Completed,10518.9
O1001367,C100928,P1079,W104,2025-11-26 19:18:00,3,Shipped,43042.68
O1001368,C100149,P1056,W106,2025-07-25 11:56:00,1,Completed,21545.62
O1001369,C100865,P1038,W108,2025-07-19 19:04:00,3,Completed,13659.57
O1001370,C100395,P1078,W107,2025-09-13 14:23:00,2,Completed,34572.7
O1001371,C100608,P1070,W101,2025-03-14 15:50:00,1,Completed,11621.13
O1001372,C100873,P1084,W103,2025-10-01 15:24:00,2,Shipped,23284.62
O1001373,C100130,P1052,W101,2025-03-21 18:36:00,1,Completed,9617.01
O1001374,C100348,P1095,W107,2025-09-04 10:52:00,2,Completed,41331.44
O1001375,C100949,P1077,W106,2025-04-22 08:49:00,1,Shipped,10519.05
O1001376,C100149,P1007,W102,2025-09-30 18:14:00,3,Completed,44303.19
O1001377,C100103,P1030,W107,2025-10-16 21:21:00,2,Completed,11799.64
O1001378,C100523,P1080,W105,2025-03-18 16:07:00,3,Completed,18945.57
O1001379,C100025,P1012,W101,2025-08-14 09:38:00,3,Processing,47023.47
O1001380,C100992,P1071,W102,2025-07-01 09:34:00,4,Processing,45556.76
O1001381,C100904,P1035,W107,2025-04-18 15:37:00,1,Completed,10111.4
O1001382,C100189,P1021,W103,2025-08-03 20:32:00,3,Completed,55575.36
O1001383,C100173,P1054,W105,2025-12-29 16:35:00,2,Cancelled,26651.08
O1001384,C100778,P1094,W108,2025-01-01 12:13:00,2,Processing,48687.0
O1001385,C100521,P1090,W103,2025-12-16 16:41:00,4,Completed,41441.52
O1001386,C100824,P1041,W101,2025-11-09 10:11:00,1,Completed,12896.08
O1001387,C100968,P1001,W101,2025-07-13 14:42:00,2,Completed,18610.76
O1001388,C100402,P1089,W108,2025-08-11 21:44:00,4,Completed,25241.48
O1001389,C100254,P1090,W105,2025-05-15 16:48:00,2,Completed,20720.76
O1001390,C100620,P1061,W103,2025-02-17 09:26:00,1,Completed,18641.49
O1001391,C100636,P1063,W101,2025-07-28 10:49:00,1,Completed,7167.78
O1001392,C100433,P1053,W106,2025-10-25 08:50:00,2,Shipped,38361.86
O1001393,C100300,P1002,W101,2025-03-26 13:37:00,1,Completed,14226.32
O1001394,C100263,P1016,W101,2025-09-19 11:19:00,3,Shipped,28287.33
O1001395,C100522,P1015,W105,2025-10-01 21:42:00,1,Completed,6542.29
O1001396,C100427,P1092,W106,2025-10-04 12:28:00,4,Cancelled,27463.64
O1001397,C100458,P1005,W105,2025-05-05 08:29:00,2,Completed,1717.14
O1001398,C100096,P1056,W108,2025-05-24 14:04:00,1,Completed,21545.62
O1001399,C100881,P1037,W103,2025-06-01 18:19:00,1,Completed,8709.62
O1001400,C100707,P1001,W105,2025-11-08 17:35:00,3,Completed,27916.14
O1001401,C100919,P1092,W103,2025-11-25 21:40:00,3,Completed,20597.73
O1001402,C100830,P1002,W103,2025-06-01 13:07:00,1,Shipped,14226.32
O1001403,C100619,P1086,W102,2025-12-21 15:19:00,2,Completed,33250.82
O1001404,C100308,P1078,W107,2025-07-28 15:49:00,4,Shipped,69145.4
O1001405,C100654,P1080,W106,2025-05-21 08:20:00,4,Completed,25260.76
O1001406,C100567,P1017,W106,2025-01-01 08:04:00,3,Completed,12792.93
O1001407,C100924,P1089,W102,2025-08-12 19:08:00,3,Completed,18931.11
O1001408,C100233,P1060,W101,2025-08-24 13:23:00,3,Completed,14679.39
O1001409,C100026,P1041,W107,2025-12-20 17:38:00,2,Completed,25792.16
O1001410,C100128,P1069,W106,2025-09-20 21:13:00,1,Completed,13608.64
O1001411,C100176,P1035,W101,2025-01-11 11:25:00,3,Completed,30334.2
O1001412,C100664,P1028,W106,2025-07-26 18:50:00,3,Completed,19023.45
O1001413,C100147,P1029,W108,2025-09-29 10:59:00,4,Completed,23699.4
O1001414,C100135,P1057,W107,2025-07-01 18:22:00,1,Completed,9472.52
O1001415,C100398,P1061,W103,2025-06-06 10:14:00,4,Completed,74565.96
O1001416,C100782,P1025,W103,2025-10-23 12:15:00,2,Completed,21251.62
O1001417,C100425,P1025,W107,2025-08-12 14:35:00,2,Processing,21251.62
O1001418,C100272,P1095,W104,2025-09-06 14:50:00,4,Completed,82662.88
O1001419,C100285,P1052,W106,2025-06-19 08:25:00,3,Processing,28851.03
O1001420,C100819,P1087,W108,2025-04-12 19:49:00,1,Completed,5462.8
O1001421,C100434,P1034,W104,2025-07-09 08:05:00,2,Cancelled,24995.6
O1001422,C100369,P1029,W105,2025-12-17 20:19:00,3,Completed,17774.55
O1001423,C100774,P1029,W104,2025-08-08 10:53:00,1,Completed,5924.85
O1001424,C100369,P1053,W105,2025-09-16 17:56:00,1,Completed,19180.93
O1001425,C100357,P1078,W101,2025-02-15 17:57:00,2,Processing,34572.7
O1001426,C100751,P1051,W108,2025-12-27 14:23:00,3,Completed,56429.67
O1001427,C100328,P1030,W105,2025-03-31 15:31:00,1,Shipped,5899.82
O1001428,C100511,P1097,W102,2025-12-21 09:01:00,3,Completed,54055.5
O1001429,C100665,P1058,W105,2025-06-12 20:36:00,3,Completed,38344.38
O1001430,C100201,P1040,W104,2025-12-02 09:40:00,2,Shipped,8786.64
O1001431,C100129,P1001,W107,2025-11-22 17:12:00,3,Completed,27916.14
O1001432,C100851,P1057,W107,2025-10-03 08:00:00,3,Completed,28417.56
O1001433,C100298,P1063,W104,2025-12-01 18:26:00,2,Shipped,14335.56
O1001434,C100341,P1093,W106,2025-08-11 13:01:00,4,Completed,79938.44
O1001435,C100590,P1024,W101,2025-11-06 14:44:00,3,Completed,56852.85
O1001436,C100103,P1017,W108,2025-03-04 08:19:00,4,Completed,17057.24
O1001437,C100046,P1100,W105,2025-01-26 11:03:00,3,Shipped,60213.21
O1001438,C100417,P1056,W106,2025-07-18 14:05:00,4,Completed,86182.48
O1001439,C100969,P1003,W106,2025-10-23 18:02:00,2,Completed,18561.08
O1001440,C100574,P1011,W103,2025-10-07 16:21:00,1,Completed,21776.79
O1001441,C100579,P1048,W106,2025-07-12 11:38:00,1,Processing,14921.68
O1001442,C100610,P1062,W104,2025-07-10 16:20:00,4,Completed,38684.96
O1001443,C100861,P1025,W106,2025-08-11 11:07:00,4,Completed,42503.24
O1001444,C100836,P1037,W101,2025-11-13 15:46:00,2,Shipped,17419.24
O1001445,C100025,P1074,W102,2025-11-04 15:33:00,2,Shipped,16749.88
O1001446,C100542,P1097,W108,2025-02-10 11:09:00,1,Completed,18018.5
O1001447,C100547,P1050,W106,2025-08-06 10:48:00,4,Completed,59305.6
O1001448,C100224,P1042,W102,2025-05-20 15:16:00,2,Completed,35921.04
O1001449,C100976,P1037,W102,2025-10-19 16:13:00,2,Completed,17419.24
O1001450,C100262,P1014,W105,2025-07-04 21:43:00,1,Completed,14168.78
O1001451,C100834,P1006,W101,2025-12-28 14:56:00,1,Completed,3111.6
O1001452,C100101,P1084,W104,2025-06-07 14:13:00,4,Completed,46569.24
O1001453,C100602,P1004,W103,2025-09-05 14:39:00,1,Completed,17625.81
O1001454,C100736,P1083,W102,2025-02-09 20:14:00,1,Completed,3506.3
O1001455,C100505,P1025,W103,2025-12-07 12:17:00,4,Completed,42503.24
O1001456,C100106,P1070,W103,2025-02-26 13:20:00,3,Completed,34863.39
O1001457,C100124,P1096,W101,2025-05-19 13:09:00,1,Completed,3702.38
O1001458,C100606,P1075,W106,2025-11-02 16:43:00,2,Completed,26789.84
O1001459,C100863,P1073,W103,2025-12-20 17:47:00,3,Shipped,28877.13
O1001460,C100597,P1027,W101,2025-06-26 14:44:00,1,Completed,13032.23
O1001461,C100101,P1060,W101,2025-06-26 11:41:00,4,Processing,19572.52
O1001462,C100786,P1065,W108,2025-01-18 17:38:00,4,Cancelled,35230.92
O1001463,C100460,P1043,W101,2025-12-24 11:51:00,4,Completed,42894.08
O1001464,C100075,P1004,W108,2025-01-07 20:33:00,3,Shipped,52877.43
O1001465,C100368,P1092,W102,2025-01-10 16:44:00,4,Completed,27463.64
O1001466,C100203,P1020,W101,2025-06-22 14:10:00,2,Completed,38682.62
O1001467,C100987,P1098,W105,2025-01-02 11:15:00,3,Completed,2304.51
O1001468,C100910,P1094,W107,2025-03-01 18:36:00,3,Completed,73030.5
O1001469,C100107,P1002,W101,2025-08-18 16:32:00,3,Completed,42678.96
O1001470,C100573,P1074,W103,2025-09-15 20:21:00,4,Processing,33499.76
O1001471,C100008,P1064,W107,2025-04-19 17:53:00,1,Completed,4924.33
O1001472,C100458,P1024,W101,2025-10-18 19:03:00,2,Shipped,37901.9
O1001473,C100156,P1082,W102,2025-08-10 09:17:00,4,Cancelled,61618.28
O1001474,C100748,P1012,W103,2025-03-25 08:20:00,1,Shipped,15674.49
O1001475,C100073,P1025,W107,2025-09-18 17:13:00,2,Completed,21251.62
O1001476,C100903,P1095,W107,2025-08-05 08:00:00,4,Completed,82662.88
O1001477,C100232,P1075,W106,2025-10-24 20:28:00,3,Completed,40184.76
O1001478,C100264,P1012,W106,2025-02-26 20:21:00,2,Completed,31348.98
O1001479,C100886,P1015,W101,2025-03-26 16:11:00,2,Completed,13084.58
O1001480,C100902,P1026,W102,2025-04-21 18:12:00,1,Completed,9723.28
O1001481,C100096,P1008,W108,2025-05-05 13:54:00,3,Processing,13529.01
O1001482,C100109,P1019,W106,2025-11-21 21:24:00,1,Completed,14293.32
O1001483,C100854,P1058,W102,2025-09-25 08:30:00,1,Completed,12781.46
O1001484,C100978,P1001,W106,2025-07-18 12:05:00,1,Completed,9305.38
O1001485,C100489,P1029,W106,2025-07-17 17:46:00,4,Completed,23699.4
O1001486,C100165,P1032,W106,2025-11-20 19:01:00,4,Processing,38975.24
O1001487,C100153,P1098,W108,2025-06-13 11:23:00,1,Shipped,768.17
O1001488,C100267,P1098,W105,2025-03-24 19:13:00,4,Completed,3072.68
O1001489,C100686,P1085,W101,2025-02-19 14:27:00,4,Completed,21900.48
O1001490,C100097,P1035,W107,2025-05-01 20:00:00,3,Shipped,30334.2
O1001491,C100642,P1053,W101,2025-08-27 11:44:00,1,Completed,19180.93
O1001492,C100804,P1051,W106,2025-06-21 17:41:00,3,Completed,56429.67
O1001493,C100144,P1087,W107,2025-06-03 10:54:00,3,Completed,16388.4
O1001494,C100985,P1075,W102,2025-06-25 09:56:00,4,Completed,53579.68
O1001495,C100988,P1091,W107,2025-12-22 17:52:00,2,Processing,44638.48
O1001496,C100297,P1056,W107,2025-12-31 17:31:00,3,Completed,64636.86
O1001497,C100113,P1092,W106,2025-02-28 12:06:00,4,Completed,27463.64
O1001498,C100326,P1075,W103,2025-02-11 16:27:00,3,Processing,40184.76
O1001499,C100259,P1074,W102,2025-03-31 21:10:00,3,Completed,25124.82
O1001500,C100279,P1067,W106,2025-11-07 12:40:00,4,Completed,73781.48
O1001501,C100925,P1034,W102,2025-06-17 15:01:00,2,Completed,24995.6
O1001502,C100155,P1061,W106,2025-11-12 10:55:00,1,Cancelled,18641.49
O1001503,C100318,P1036,W102,2025-08-25 15:15:00,4,Cancelled,35803.36
O1001504,C100788,P1065,W103,2025-07-21 20:23:00,1,Completed,8807.73
O1001505,C100058,P1026,W105,2025-04-13 16:54:00,3,Shipped,29169.84
O1001506,C100061,P1080,W102,2025-05-06 09:59:00,4,Shipped,25260.76
O1001507,C100302,P1058,W107,2025-02-23 18:22:00,4,Completed,51125.84
O1001508,C100968,P1072,W106,2025-07-09 13:54:00,3,Completed,31449.57
O1001509,C100840,P1023,W101,2025-04-13 08:15:00,2,Processing,9299.36
O1001510,C100928,P1080,W107,2025-04-17 16:43:00,1,Completed,6315.19
O1001511,C100864,P1081,W106,2025-01-15 12:11:00,1,Completed,14536.25
O1001512,C100119,P1015,W107,2025-10-19 21:36:00,2,Completed,13084.58
O1001513,C100401,P1036,W105,2025-12-09 21:56:00,4,Completed,35803.36
O1001514,C100530,P1068,W106,2025-07-01 17:23:00,3,Completed,5108.85
O1001515,C100167,P1088,W104,2025-07-15 16:50:00,2,Completed,28686.7
O1001516,C100993,P1074,W102,2025-12-04 12:16:00,2,Completed,16749.88
O1001517,C100604,P1048,W102,2025-07-06 08:59:00,2,Cancelled,29843.36
O1001518,C100853,P1030,W103,2025-08-16 08:50:00,4,Completed,23599.28
O1001519,C100259,P1091,W103,2025-06-06 14:29:00,2,Completed,44638.48
O1001520,C100716,P1088,W107,2025-07-07 12:26:00,4,Completed,57373.4
O1001521,C100106,P1090,W105,2025-07-10 21:26:00,1,Completed,10360.38
O1001522,C100023,P1031,W104,2025-09-17 12:05:00,2,Shipped,3058.4
O1001523,C100641,P1044,W106,2025-08-09 11:00:00,3,Completed,59568.9
O1001524,C100069,P1025,W106,2025-07-03 19:28:00,3,Completed,31877.43
O1001525,C100277,P1096,W108,2025-01-28 19:41:00,1,Completed,3702.38
O1001526,C100795,P1087,W103,2025-11-27 13:16:00,3,Shipped,16388.4
O1001527,C100498,P1018,W102,2025-11-21 09:08:00,4,Shipped,85083.52
O1001528,C100377,P1025,W101,2025-03-09 09:22:00,1,Completed,10625.81
O1001529,C100291,P1056,W102,2025-04-18 15:17:00,2,Shipped,43091.24
O1001530,C100669,P1042,W105,2025-12-22 20:10:00,2,Shipped,35921.04
O1001531,C100955,P1046,W107,2025-04-28 13:24:00,2,Processing,40803.74
O1001532,C100740,P1037,W105,2025-10-24 08:15:00,2,Cancelled,17419.24
O1001533,C100359,P1068,W108,2025-10-14 13:14:00,4,Shipped,6811.8
O1001534,C100423,P1090,W106,2025-11-11 08:02:00,4,Completed,41441.52
O1001535,C100104,P1092,W108,2025-01-06 13:55:00,3,Completed,20597.73
O1001536,C100144,P1046,W103,2025-06-26 14:38:00,4,Shipped,81607.48
O1001537,C100269,P1083,W103,2025-07-26 18:13:00,4,Processing,14025.2
O1001538,C100387,P1070,W107,2025-11-02 08:58:00,1,Completed,11621.13
O1001539,C100991,P1020,W106,2025-03-23 14:43:00,2,Completed,38682.62
O1001540,C100872,P1080,W104,2025-04-22 10:28:00,4,Completed,25260.76
O1001541,C100114,P1036,W108,2025-03-07 14:31:00,2,Completed,17901.68
O1001542,C100332,P1063,W107,2025-10-06 21:47:00,3,Completed,21503.34
O1001543,C100057,P1073,W103,2025-12-31 18:22:00,2,Completed,19251.42
O1001544,C100063,P1095,W105,2025-02-21 19:49:00,1,Completed,20665.72
O1001545,C100375,P1095,W104,2025-03-27 08:32:00,3,Completed,61997.16
O1001546,C100960,P1081,W104,2025-04-23 18:41:00,2,Completed,29072.5
O1001547,C100186,P1051,W107,2025-11-21 20:07:00,4,Completed,75239.56
O1001548,C100681,P1041,W106,2025-06-12 17:23:00,4,Shipped,51584.32
O1001549,C100393,P1045,W101,2025-04-13 18:56:00,1,Completed,5902.0
O1001550,C100541,P1096,W105,2025-04-28 08:40:00,2,Completed,7404.76
O1001551,C100870,P1021,W106,2025-08-07 18:20:00,2,Completed,37050.24
O1001552,C100830,P1053,W105,2025-05-22 19:42:00,3,Completed,57542.79
O1001553,C100829,P1068,W103,2025-02-21 11:13:00,2,Completed,3405.9
O1001554,C100412,P1003,W106,2025-10-27 14:35:00,3,Completed,27841.62
O1001555,C100049,P1064,W108,2025-06-04 13:55:00,4,Cancelled,19697.32
O1001556,C100986,P1027,W101,2025-04-04 09:22:00,3,Completed,39096.69
O1001557,C100994,P1029,W105,2025-09-23 09:47:00,1,Completed,5924.85
O1001558,C100858,P1063,W108,2025-09-30 12:12:00,2,Processing,14335.56
O1001559,C100478,P1001,W104,2025-02-26 09:31:00,4,Shipped,37221.52
O1001560,C100281,P1016,W103,2025-01-27 15:01:00,2,Completed,18858.22
O1001561,C100175,P1046,W102,2025-01-17 08:46:00,4,Shipped,81607.48
O1001562,C100372,P1059,W102,2025-10-07 08:11:00,4,Completed,9984.48
O1001563,C100335,P1011,W104,2025-08-17 16:48:00,2,Shipped,43553.58
O1001564,C100276,P1037,W107,2025-10-17 11:32:00,2,Completed,17419.24
O1001565,C100951,P1031,W102,2025-08-17 13:17:00,1,Completed,1529.2
O1001566,C100660,P1054,W102,2025-05-27 12:42:00,1,Processing,13325.54
O1001567,C100224,P1031,W108,2025-08-04 14:34:00,2,Shipped,3058.4
O1001568,C100640,P1001,W108,2025-09-21 14:29:00,2,Completed,18610.76
O1001569,C100706,P1054,W102,2025-05-26 09:51:00,2,Completed,26651.08
O1001570,C100523,P1085,W104,2025-12-01 08:01:00,3,Shipped,16425.36
O1001571,C100947,P1059,W104,2025-11-25 14:12:00,1,Completed,2496.12
O1001572,C100966,P1037,W103,2025-10-20 15:54:00,2,Completed,17419.24
O1001573,C100433,P1049,W102,2025-12-29 18:45:00,4,Completed,55953.04
O1001574,C100473,P1015,W101,2025-05-23 10:46:00,3,Cancelled,19626.87
O1001575,C100218,P1024,W105,2025-02-11 09:10:00,1,Completed,18950.95
O1001576,C100784,P1044,W101,2025-06-26 16:21:00,1,Completed,19856.3
O1001577,C100932,P1060,W105,2025-09-30 20:37:00,4,Completed,19572.52
O1001578,C100659,P1049,W101,2025-10-12 11:20:00,3,Completed,41964.78
O1001579,C100202,P1097,W102,2025-05-22 09:12:00,4,Completed,72074.0
O1001580,C100519,P1064,W101,2025-04-17 13:38:00,4,Completed,19697.32
O1001581,C100795,P1003,W104,2025-06-12 15:51:00,2,Completed,18561.08
O1001582,C100043,P1053,W103,2025-10-21 16:43:00,3,Processing,57542.79
O1001583,C100591,P1059,W103,2025-01-23 09:34:00,2,Completed,4992.24
O1001584,C100658,P1005,W103,2025-04-30 17:11:00,3,Completed,2575.71
O1001585,C100537,P1039,W108,2025-03-25 12:48:00,3,Completed,55752.0
O1001586,C100643,P1088,W104,2025-10-22 08:25:00,3,Processing,43030.05
O1001587,C100896,P1036,W107,2025-06-21 20:54:00,4,Completed,35803.36
O1001588,C100125,P1046,W102,2025-02-01 15:29:00,3,Completed,61205.61
O1001589,C100571,P1023,W104,2025-04-06 12:16:00,1,Completed,4649.68
O1001590,C100796,P1008,W101,2025-01-17 19:25:00,2,Completed,9019.34
O1001591,C100822,P1032,W103,2025-06-23 19:09:00,3,Completed,29231.43
O1001592,C100467,P1078,W101,2025-12-31 10:53:00,3,Completed,51859.05
O1001593,C100998,P1099,W101,2025-07-27 21:26:00,4,Shipped,35516.64
O1001594,C100325,P1067,W102,2025-11-14 15:26:00,2,Completed,36890.74
O1001595,C100441,P1084,W102,2025-09-29 11:40:00,4,Shipped,46569.24
O1001596,C100824,P1065,W103,2025-11-19 14:15:00,2,Cancelled,17615.46
O1001597,C100440,P1066,W106,2025-04-24 10:37:00,1,Shipped,19641.89
O1001598,C100344,P1043,W102,2025-12-14 19:53:00,2,Completed,21447.04
O1001599,C100556,P1007,W105,2025-03-29 11:45:00,1,Completed,14767.73
O1001600,C100622,P1042,W103,2025-06-09 14:08:00,2,Completed,35921.04
O1001601,C100970,P1087,W104,2025-09-06 08:57:00,1,Completed,5462.8
O1001602,C100618,P1054,W108,2025-04-15 21:12:00,1,Completed,13325.54
O1001603,C100186,P1077,W104,2025-04-07 12:14:00,3,Completed,31557.15
O1001604,C100053,P1006,W103,2025-02-17 17:08:00,3,Processing,9334.8
O1001605,C100968,P1021,W102,2025-01-02 12:56:00,1,Shipped,18525.12
O1001606,C100423,P1030,W102,2025-07-02 15:51:00,3,Completed,17699.46
O1001607,C100202,P1036,W107,2025-12-27 15:50:00,3,Shipped,26852.52
O1001608,C100223,P1099,W106,2025-03-22 12:05:00,1,Completed,8879.16
O1001609,C100107,P1047,W103,2025-06-10 14:03:00,3,Shipped,41234.04
O1001610,C100200,P1067,W104,2025-12-08 16:21:00,2,Completed,36890.74
O1001611,C100781,P1065,W105,2025-10-09 11:02:00,4,Completed,35230.92
O1001612,C100655,P1042,W101,2025-01-02 09:50:00,3,Completed,53881.56
O1001613,C100600,P1097,W108,2025-07-02 10:29:00,1,Shipped,18018.5
O1001614,C100012,P1023,W107,2025-02-22 13:49:00,3,Shipped,13949.04
O1001615,C100673,P1004,W105,2025-04-01 10:59:00,1,Cancelled,17625.81
O1001616,C100970,P1075,W106,2025-03-31 11:58:00,3,Shipped,40184.76
O1001617,C100924,P1066,W101,2025-08-12 17:36:00,2,Completed,39283.78
O1001618,C100396,P1027,W108,2025-03-14 17:23:00,2,Completed,26064.46
O1001619,C100601,P1087,W106,2025-04-02 21:12:00,3,Completed,16388.4
O1001620,C100299,P1017,W108,2025-03-24 18:41:00,4,Completed,17057.24
O1001621,C100889,P1026,W107,2025-05-11 13:56:00,3,Completed,29169.84
O1001622,C100920,P1016,W105,2025-08-28 21:00:00,1,Completed,9429.11
O1001623,C100224,P1019,W103,2025-05-26 20:53:00,2,Completed,28586.64
O1001624,C100487,P1073,W106,2025-04-30 11:06:00,3,Shipped,28877.13
O1001625,C100237,P1071,W105,2025-07-08 10:24:00,1,Completed,11389.19
O1001626,C100615,P1065,W104,2025-08-13 20:23:00,2,Completed,17615.46
O1001627,C100293,P1087,W106,2025-01-06 20:27:00,2,Completed,10925.6
O1001628,C100696,P1007,W108,2025-11-21 19:50:00,2,Completed,29535.46
O1001629,C100982,P1063,W102,2025-12-01 14:26:00,4,Completed,28671.12
O1001630,C100872,P1012,W105,2025-08-08 20:04:00,4,Completed,62697.96
O1001631,C100183,P1096,W107,2025-07-29 18:45:00,4,Shipped,14809.52
O1001632,C100130,P1064,W103,2025-09-11 18:21:00,4,Completed,19697.32
O1001633,C100815,P1076,W103,2025-06-10 16:25:00,4,Completed,40164.12
O1001634,C100082,P1058,W101,2025-05-14 11:44:00,1,Processing,12781.46
O1001635,C100401,P1039,W103,2025-05-09 18:27:00,2,Shipped,37168.0
O1001636,C100994,P1069,W105,2025-02-28 20:17:00,1,Completed,13608.64
O1001637,C100449,P1084,W108,2025-11-04 20:22:00,4,Completed,46569.24
O1001638,C100009,P1018,W105,2025-04-28 16:23:00,4,Completed,85083.52
O1001639,C100976,P1088,W103,2025-04-14 08:33:00,1,Completed,14343.35
O1001640,C100709,P1073,W107,2025-12-18 18:22:00,1,Completed,9625.71
O1001641,C100331,P1009,W102,2025-07-04 11:32:00,1,Completed,12381.82
O1001642,C100612,P1094,W102,2025-08-15 10:52:00,4,Processing,97374.0
O1001643,C100613,P1019,W105,2025-03-31 09:06:00,4,Completed,57173.28
O1001644,C100553,P1061,W107,2025-04-12 10:12:00,2,Shipped,37282.98
O1001645,C100961,P1013,W102,2025-09-23 14:51:00,1,Completed,9488.96
O1001646,C100786,P1020,W101,2025-06-14 11:52:00,2,Completed,38682.62
O1001647,C100260,P1065,W106,2025-02-23 13:20:00,3,Shipped,26423.19
O1001648,C100993,P1068,W105,2025-11-01 15:09:00,1,Completed,1702.95
O1001649,C100963,P1069,W106,2025-05-28 15:22:00,2,Completed,27217.28
O1001650,C100047,P1035,W104,2025-09-01 13:49:00,3,Completed,30334.2
O1001651,C100298,P1083,W101,2025-05-05 14:20:00,4,Completed,14025.2
O1001652,C100615,P1005,W103,2025-07-24 20:25:00,1,Completed,858.57
O1001653,C100879,P1086,W104,2025-10-11 11:57:00,1,Completed,16625.41
O1001654,C100717,P1031,W104,2025-11-20 08:10:00,2,Completed,3058.4
O1001655,C100575,P1063,W108,2025-03-17 19:12:00,2,Completed,14335.56
O1001656,C100306,P1091,W102,2025-09-03 09:07:00,4,Completed,89276.96
O1001657,C100097,P1026,W103,2025-11-30 18:50:00,4,Completed,38893.12
O1001658,C100893,P1042,W102,2025-08-23 12:33:00,2,Completed,35921.04
O1001659,C100533,P1083,W105,2025-02-22 19:46:00,2,Completed,7012.6
O1001660,C100457,P1087,W107,2025-03-11 10:20:00,3,Completed,16388.4
O1001661,C100980,P1024,W108,2025-03-16 10:18:00,4,Completed,75803.8
O1001662,C100165,P1051,W102,2025-02-08 13:41:00,1,Processing,18809.89
O1001663,C100254,P1034,W104,2025-10-03 13:51:00,2,Processing,24995.6
O1001664,C100855,P1052,W106,2025-12-19 18:02:00,3,Shipped,28851.03
O1001665,C100285,P1038,W101,2025-07-08 17:03:00,4,Completed,18212.76
O1001666,C100943,P1001,W106,2025-08-07 21:54:00,2,Completed,18610.76
O1001667,C100858,P1093,W102,2025-10-10 17:28:00,2,Completed,39969.22
O1001668,C100100,P1064,W101,2025-06-01 10:49:00,3,Processing,14772.99
O1001669,C100458,P1047,W101,2025-06-22 09:14:00,2,Processing,27489.36
O1001670,C100752,P1011,W108,2025-08-03 11:43:00,4,Completed,87107.16
O1001671,C100490,P1008,W106,2025-04-22 21:46:00,3,Completed,13529.01
O1001672,C100216,P1048,W107,2025-01-23 18:45:00,4,Completed,59686.72
O1001673,C100046,P1065,W106,2025-07-27 18:22:00,3,Completed,26423.19
O1001674,C100007,P1027,W107,2025-10-28 11:48:00,4,Completed,52128.92
O1001675,C100179,P1075,W104,2025-01-27 14:33:00,4,Completed,53579.68
O1001676,C100261,P1040,W107,2025-03-21 17:51:00,1,Completed,4393.32
O1001677,C100302,P1002,W101,2025-04-06 21:15:00,4,Shipped,56905.28
O1001678,C100855,P1054,W105,2025-10-21 16:10:00,1,Shipped,13325.54
O1001679,C100509,P1019,W107,2025-07-04 08:17:00,2,Shipped,28586.64
O1001680,C100142,P1002,W108,2025-07-15 19:58:00,1,Completed,14226.32
O1001681,C100084,P1014,W103,2025-08-24 21:04:00,1,Completed,14168.78
O1001682,C100131,P1029,W102,2025-04-11 08:28:00,3,Completed,17774.55
O1001683,C100314,P1052,W106,2025-09-18 13:29:00,1,Completed,9617.01
O1001684,C100740,P1099,W101,2025-01-12 21:42:00,1,Cancelled,8879.16
O1001685,C100050,P1022,W107,2025-02-11 21:21:00,2,Completed,44740.96
O1001686,C100407,P1006,W106,2025-10-25 21:29:00,4,Completed,12446.4
O1001687,C100448,P1020,W106,2025-08-29 21:39:00,4,Completed,77365.24
O1001688,C100149,P1032,W103,2025-03-06 08:18:00,4,Completed,38975.24
O1001689,C100059,P1021,W101,2025-06-10 10:06:00,1,Completed,18525.12
O1001690,C100231,P1033,W105,2025-01-19 14:59:00,1,Completed,19025.5
O1001691,C100152,P1097,W103,2025-09-03 16:26:00,2,Completed,36037.0
O1001692,C100795,P1038,W104,2025-10-03 13:37:00,2,Completed,9106.38
O1001693,C100917,P1064,W102,2025-04-12 11:45:00,1,Completed,4924.33
O1001694,C100624,P1069,W103,2025-05-08 11:33:00,3,Completed,40825.92
O1001695,C100759,P1014,W107,2025-03-28 16:26:00,2,Shipped,28337.56
O1001696,C100761,P1025,W108,2025-05-23 21:41:00,2,Completed,21251.62
O1001697,C100878,P1042,W103,2025-04-10 19:34:00,1,Completed,17960.52
O1001698,C100098,P1047,W102,2025-04-01 10:26:00,2,Completed,27489.36
O1001699,C100998,P1002,W101,2025-06-07 10:04:00,2,Completed,28452.64
O1001700,C100459,P1065,W102,2025-11-10 11:41:00,1,Completed,8807.73
O1001701,C100543,P1031,W101,2025-10-06 18:15:00,4,Completed,6116.8
O1001702,C100798,P1033,W106,2025-04-19 08:06:00,4,Processing,76102.0
O1001703,C100494,P1061,W106,2025-12-11 17:51:00,4,Completed,74565.96
O1001704,C100266,P1095,W107,2025-03-18 16:07:00,3,Completed,61997.16
O1001705,C100020,P1087,W103,2025-11-29 17:14:00,3,Shipped,16388.4
O1001706,C100170,P1098,W107,2025-04-23 20:03:00,1,Completed,768.17
O1001707,C100085,P1042,W102,2025-07-17 16:16:00,2,Completed,35921.04
O1001708,C100382,P1012,W102,2025-03-16 16:42:00,1,Completed,15674.49
O1001709,C100779,P1022,W108,2025-10-06 14:43:00,3,Completed,67111.44
O1001710,C100334,P1035,W108,2025-04-26 17:07:00,4,Completed,40445.6
O1001711,C100598,P1031,W105,2025-11-15 13:19:00,3,Cancelled,4587.6
O1001712,C100186,P1021,W105,2025-01-31 08:55:00,1,Completed,18525.12
O1001713,C100591,P1016,W106,2025-07-03 08:21:00,3,Completed,28287.33
O1001714,C100954,P1019,W107,2025-02-27 18:00:00,4,Processing,57173.28
O1001715,C100316,P1066,W102,2025-11-21 16:55:00,1,Completed,19641.89
O1001716,C100484,P1050,W101,2025-06-02 13:43:00,3,Completed,44479.2
O1001717,C100963,P1004,W102,2025-09-04 18:26:00,2,Cancelled,35251.62
O1001718,C100609,P1057,W103,2025-11-18 14:37:00,4,Completed,37890.08
O1001719,C100400,P1085,W102,2025-07-15 11:34:00,3,Shipped,16425.36
O1001720,C100122,P1043,W105,2025-01-21 16:11:00,4,Completed,42894.08
O1001721,C100938,P1032,W102,2025-03-22 13:17:00,3,Completed,29231.43
O1001722,C100611,P1028,W105,2025-03-19 21:39:00,4,Processing,25364.6
O1001723,C100057,P1038,W106,2025-11-30 18:05:00,2,Completed,9106.38
O1001724,C100556,P1028,W101,2025-11-28 18:28:00,3,Shipped,19023.45
O1001725,C100969,P1093,W103,2025-06-24 17:37:00,2,Shipped,39969.22
O1001726,C100932,P1100,W105,2025-11-21 17:34:00,3,Completed,60213.21
O1001727,C100196,P1035,W101,2025-03-31 18:49:00,3,Processing,30334.2
O1001728,C100413,P1093,W106,2025-09-05 14:02:00,1,Processing,19984.61
O1001729,C100987,P1086,W107,2025-05-24 19:30:00,4,Shipped,66501.64
O1001730,C100783,P1008,W103,2025-03-29 08:28:00,3,Completed,13529.01
O1001731,C100561,P1050,W101,2025-04-02 17:19:00,2,Completed,29652.8
O1001732,C100305,P1066,W105,2025-06-03 15:32:00,3,Completed,58925.67
O1001733,C100763,P1043,W107,2025-05-04 08:06:00,3,Completed,32170.56
O1001734,C100579,P1046,W103,2025-03-19 17:15:00,2,Processing,40803.74
O1001735,C100524,P1050,W107,2025-05-02 08:01:00,3,Cancelled,44479.2
O1001736,C100927,P1069,W107,2025-02-16 17:51:00,3,Completed,40825.92
O1001737,C100378,P1030,W103,2025-12-20 15:20:00,4,Completed,23599.28
O1001738,C100626,P1060,W105,2025-05-19 16:30:00,1,Processing,4893.13
O1001739,C100044,P1025,W101,2025-02-09 16:32:00,1,Completed,10625.81
O1001740,C100712,P1089,W105,2025-07-30 12:12:00,2,Completed,12620.74
O1001741,C100548,P1009,W108,2025-11-19 16:42:00,4,Completed,49527.28
O1001742,C100876,P1007,W108,2025-05-12 11:05:00,1,Completed,14767.73
O1001743,C100333,P1004,W102,2025-11-05 18:37:00,4,Processing,70503.24
O1001744,C100926,P1035,W106,2025-08-11 09:15:00,2,Completed,20222.8
O1001745,C100576,P1061,W101,2025-09-27 09:59:00,1,Completed,18641.49
O1001746,C100209,P1099,W103,2025-04-19 17:50:00,2,Shipped,17758.32
O1001747,C100161,P1046,W107,2025-01-14 08:48:00,4,Shipped,81607.48
O1001748,C100196,P1019,W106,2025-05-07 21:35:00,4,Processing,57173.28
O1001749,C100302,P1037,W104,2025-12-04 08:25:00,3,Shipped,26128.86
O1001750,C100551,P1013,W108,2025-10-16 15:21:00,3,Completed,28466.88
O1001751,C100869,P1048,W107,2025-10-14 21:46:00,4,Processing,59686.72
O1001752,C100996,P1073,W101,2025-11-17 17:25:00,4,Completed,38502.84
O1001753,C100679,P1004,W101,2025-05-17 16:51:00,4,Completed,70503.24
O1001754,C100491,P1078,W106,2025-04-28 17:41:00,4,Completed,69145.4
O1001755,C100614,P1023,W108,2025-12-04 17:53:00,4,Completed,18598.72
O1001756,C100331,P1068,W102,2025-07-28 10:15:00,1,Completed,1702.95
O1001757,C100245,P1082,W105,2025-04-19 12:19:00,1,Processing,15404.57
O1001758,C100538,P1078,W107,2025-04-12 10:41:00,3,Completed,51859.05
O1001759,C100828,P1067,W107,2025-11-17 10:57:00,4,Completed,73781.48
O1001760,C100065,P1070,W106,2025-01-20 10:54:00,2,Cancelled,23242.26
O1001761,C100111,P1019,W108,2025-01-23 16:55:00,4,Shipped,57173.28
O1001762,C100178,P1014,W108,2025-09-27 21:03:00,4,Shipped,56675.12
O1001763,C100210,P1039,W107,2025-01-01 15:49:00,1,Completed,18584.0
O1001764,C100149,P1061,W106,2025-03-04 08:13:00,2,Completed,37282.98
O1001765,C100131,P1062,W108,2025-12-28 17:41:00,1,Completed,9671.24
O1001766,C100028,P1078,W101,2025-06-05 15:34:00,1,Shipped,17286.35
O1001767,C100349,P1031,W101,2025-09-23 18:52:00,3,Processing,4587.6
O1001768,C100723,P1087,W105,2025-06-27 13:16:00,1,Completed,5462.8
O1001769,C100157,P1045,W106,2025-02-03 14:00:00,3,Completed,17706.0
O1001770,C100326,P1025,W108,2025-03-09 17:13:00,3,Completed,31877.43
O1001771,C100974,P1074,W106,2025-10-05 17:54:00,2,Completed,16749.88
O1001772,C100169,P1013,W102,2025-02-04 11:05:00,1,Completed,9488.96
O1001773,C100988,P1041,W108,2025-08-06 16:12:00,1,Completed,12896.08
O1001774,C100513,P1079,W101,2025-05-08 21:27:00,2,Completed,28695.12
O1001775,C100725,P1078,W101,2025-05-16 08:54:00,1,Completed,17286.35
O1001776,C100324,P1026,W106,2025-12-14 12:38:00,4,Completed,38893.12
O1001777,C100325,P1017,W108,2025-08-10 15:28:00,1,Completed,4264.31
O1001778,C100394,P1004,W105,2025-08-13 20:57:00,1,Completed,17625.81
O1001779,C100128,P1009,W102,2025-05-08 21:33:00,1,Completed,12381.82
O1001780,C100316,P1083,W101,2025-05-20 16:14:00,3,Completed,10518.9
O1001781,C100895,P1079,W108,2025-09-08 15:39:00,3,Completed,43042.68
O1001782,C100004,P1051,W103,2025-01-15 13:48:00,3,Processing,56429.67
O1001783,C100573,P1058,W106,2025-03-28 14:14:00,2,Completed,25562.92
O1001784,C100689,P1033,W103,2025-08-08 18:16:00,2,Shipped,38051.0
O1001785,C100142,P1020,W102,2025-08-16 15:37:00,3,Completed,58023.93
O1001786,C100111,P1002,W106,2025-02-03 15:44:00,1,Completed,14226.32
O1001787,C100553,P1068,W106,2025-10-15 19:48:00,2,Completed,3405.9
O1001788,C100220,P1004,W104,2025-07-18 09:56:00,1,Completed,17625.81
O1001789,C100979,P1011,W105,2025-03-28 21:24:00,2,Completed,43553.58
O1001790,C100191,P1080,W104,2025-10-02 17:51:00,4,Completed,25260.76
O1001791,C100131,P1059,W105,2025-12-28 16:12:00,4,Completed,9984.48
O1001792,C100332,P1049,W107,2025-06-04 16:06:00,3,Processing,41964.78
O1001793,C100332,P1022,W106,2025-04-14 16:04:00,3,Completed,67111.44
O1001794,C100161,P1015,W103,2025-04-20 15:55:00,2,Completed,13084.58
O1001795,C100665,P1047,W102,2025-08-05 12:54:00,3,Completed,41234.04
O1001796,C100347,P1036,W106,2025-01-18 18:20:00,4,Completed,35803.36
O1001797,C100528,P1054,W106,2025-06-26 11:32:00,3,Shipped,39976.62
O1001798,C100244,P1017,W103,2025-01-10 17:08:00,1,Completed,4264.31
O1001799,C100097,P1024,W107,2025-01-15 15:22:00,3,Completed,56852.85
O1001800,C100062,P1012,W104,2025-06-06 13:07:00,1,Completed,15674.49
O1001801,C100053,P1043,W103,2025-09-30 19:15:00,2,Completed,21447.04
O1001802,C100871,P1028,W105,2025-11-19 12:27:00,1,Cancelled,6341.15
O1001803,C100265,P1023,W102,2025-02-01 17:14:00,1,Completed,4649.68
O1001804,C100306,P1055,W106,2025-03-31 11:30:00,4,Completed,43580.28
O1001805,C100580,P1050,W108,2025-06-03 10:48:00,3,Completed,44479.2
O1001806,C100096,P1022,W108,2025-07-29 16:03:00,2,Completed,44740.96
O1001807,C100601,P1070,W104,2025-12-27 21:39:00,2,Completed,23242.26
O1001808,C100522,P1035,W103,2025-09-07 12:11:00,3,Completed,30334.2
O1001809,C100792,P1035,W104,2025-07-16 09:36:00,3,Completed,30334.2
O1001810,C100124,P1048,W101,2025-01-23 09:41:00,1,Completed,14921.68
O1001811,C100018,P1014,W106,2025-01-30 14:53:00,2,Shipped,28337.56
O1001812,C100774,P1043,W104,2025-02-25 18:57:00,4,Completed,42894.08
O1001813,C100371,P1059,W101,2025-08-30 17:58:00,3,Shipped,7488.36
O1001814,C100062,P1013,W105,2025-05-01 10:55:00,4,Completed,37955.84
O1001815,C100557,P1057,W106,2025-03-29 19:41:00,3,Completed,28417.56
O1001816,C100465,P1004,W102,2025-09-02 10:18:00,2,Cancelled,35251.62
O1001817,C100951,P1061,W104,2025-10-25 15:49:00,3,Completed,55924.47
O1001818,C100944,P1004,W108,2025-06-10 19:53:00,1,Completed,17625.81
O1001819,C100539,P1018,W106,2025-11-18 19:18:00,3,Completed,63812.64
O1001820,C100159,P1036,W107,2025-09-25 17:49:00,3,Completed,26852.52
O1001821,C100748,P1062,W104,2025-09-19 12:38:00,2,Completed,19342.48
O1001822,C100202,P1072,W104,2025-11-13 18:43:00,2,Completed,20966.38
O1001823,C100838,P1047,W104,2025-03-09 13:24:00,1,Completed,13744.68
O1001824,C100601,P1014,W104,2025-10-04 12:54:00,1,Completed,14168.78
O1001825,C100355,P1039,W102,2025-12-16 15:27:00,1,Completed,18584.0
O1001826,C100980,P1079,W101,2025-12-29 16:38:00,3,Completed,43042.68
O1001827,C100515,P1010,W107,2025-07-30 10:55:00,1,Shipped,7847.31
O1001828,C100386,P1072,W105,2025-10-03 21:03:00,3,Completed,31449.57
O1001829,C100189,P1039,W105,2025-11-21 20:08:00,1,Completed,18584.0
O1001830,C100649,P1001,W105,2025-11-08 11:57:00,4,Completed,37221.52
O1001831,C100270,P1070,W104,2025-11-24 11:23:00,3,Shipped,34863.39
O1001832,C100153,P1003,W108,2025-10-31 08:57:00,2,Completed,18561.08
O1001833,C100119,P1037,W104,2025-05-20 13:41:00,3,Processing,26128.86
O1001834,C100642,P1020,W105,2025-09-24 10:23:00,1,Shipped,19341.31
O1001835,C100922,P1059,W105,2025-05-30 21:01:00,3,Completed,7488.36
O1001836,C100253,P1006,W102,2025-10-20 20:33:00,3,Shipped,9334.8
O1001837,C100218,P1010,W102,2025-10-23 19:36:00,2,Completed,15694.62
O1001838,C100614,P1054,W102,2025-12-08 11:56:00,3,Completed,39976.62
O1001839,C100143,P1100,W103,2025-08-03 17:39:00,4,Cancelled,80284.28
O1001840,C100089,P1004,W102,2025-06-23 14:52:00,2,Shipped,35251.62
O1001841,C100638,P1047,W102,2025-03-02 11:49:00,2,Completed,27489.36
O1001842,C100525,P1081,W108,2025-08-21 15:29:00,2,Shipped,29072.5
O1001843,C100029,P1030,W103,2025-07-26 10:18:00,3,Completed,17699.46
O1001844,C100238,P1050,W107,2025-07-07 21:26:00,1,Shipped,14826.4
O1001845,C100199,P1084,W104,2025-09-04 10:17:00,4,Processing,46569.24
O1001846,C100682,P1073,W107,2025-11-07 12:13:00,2,Shipped,19251.42
O1001847,C100666,P1030,W107,2025-02-24 11:05:00,4,Completed,23599.28
O1001848,C100748,P1076,W107,2025-06-07 15:17:00,4,Completed,40164.12
O1001849,C100100,P1068,W103,2025-09-21 17:24:00,1,Processing,1702.95
O1001850,C100849,P1051,W101,2025-10-27 21:24:00,1,Completed,18809.89
O1001851,C100210,P1045,W103,2025-10-12 13:26:00,1,Processing,5902.0
O1001852,C100993,P1093,W106,2025-10-19 10:49:00,3,Completed,59953.83
O1001853,C100872,P1088,W106,2025-11-09 08:18:00,2,Completed,28686.7
O1001854,C100460,P1100,W106,2025-12-18 16:22:00,1,Completed,20071.07
O1001855,C100786,P1068,W108,2025-08-10 21:42:00,3,Completed,5108.85
O1001856,C100671,P1036,W102,2025-04-01 08:53:00,2,Completed,17901.68
O1001857,C100774,P1011,W104,2025-07-25 21:56:00,4,Completed,87107.16
O1001858,C100019,P1013,W104,2025-09-17 11:40:00,4,Processing,37955.84
O1001859,C100084,P1096,W102,2025-02-06 20:43:00,4,Completed,14809.52
O1001860,C100906,P1037,W106,2025-10-04 08:58:00,3,Completed,26128.86
O1001861,C100782,P1012,W101,2025-07-18 20:29:00,3,Completed,47023.47
O1001862,C100616,P1023,W108,2025-12-08 12:37:00,1,Completed,4649.68
O1001863,C100313,P1003,W101,2025-03-19 11:50:00,4,Completed,37122.16
O1001864,C100422,P1054,W101,2025-11-28 10:53:00,2,Shipped,26651.08
O1001865,C100394,P1060,W102,2025-06-13 09:52:00,1,Completed,4893.13
O1001866,C100435,P1038,W108,2025-07-29 19:10:00,1,Completed,4553.19
O1001867,C100629,P1075,W107,2025-08-29 08:58:00,2,Completed,26789.84
O1001868,C100758,P1049,W108,2025-07-31 14:29:00,2,Completed,27976.52
O1001869,C100384,P1096,W107,2025-11-26 21:16:00,1,Completed,3702.38
O1001870,C100834,P1077,W108,2025-03-03 13:40:00,4,Completed,42076.2
O1001871,C100091,P1008,W104,2025-09-24 19:34:00,2,Completed,9019.34
O1001872,C100808,P1028,W101,2025-12-22 17:41:00,2,Shipped,12682.3
O1001873,C100677,P1076,W104,2025-03-22 19:08:00,3,Completed,30123.09
O1001874,C100511,P1054,W102,2025-04-04 21:15:00,2,Completed,26651.08
O1001875,C100376,P1076,W102,2025-06-23 09:22:00,4,Completed,40164.12
O1001876,C100372,P1034,W106,2025-09-22 12:13:00,3,Completed,37493.4
O1001877,C100361,P1004,W102,2025-12-17 12:30:00,3,Processing,52877.43
O1001878,C100946,P1079,W103,2025-10-18 08:56:00,4,Completed,57390.24
O1001879,C100027,P1079,W104,2025-10-17 09:29:00,1,Completed,14347.56
O1001880,C100635,P1064,W101,2025-06-11 09:32:00,1,Completed,4924.33
O1001881,C100990,P1041,W106,2025-08-24 21:17:00,3,Completed,38688.24
O1001882,C100544,P1001,W107,2025-03-19 20:00:00,3,Completed,27916.14
O1001883,C100640,P1073,W105,2025-06-19 16:14:00,1,Completed,9625.71
O1001884,C100599,P1067,W101,2025-03-10 19:50:00,1,Completed,18445.37
O1001885,C100506,P1067,W107,2025-01-10 12:48:00,4,Shipped,73781.48
O1001886,C100630,P1018,W104,2025-11-09 14:39:00,1,Completed,21270.88
O1001887,C100904,P1074,W103,2025-10-21 20:22:00,2,Completed,16749.88
O1001888,C100714,P1073,W108,2025-07-06 10:04:00,1,Completed,9625.71
O1001889,C100850,P1086,W107,2025-01-06 10:02:00,2,Completed,33250.82
O1001890,C100554,P1057,W104,2025-02-02 15:22:00,3,Completed,28417.56
O1001891,C100774,P1074,W104,2025-02-10 11:32:00,3,Shipped,25124.82
O1001892,C100876,P1041,W108,2025-09-19 17:21:00,1,Shipped,12896.08
O1001893,C100212,P1070,W102,2025-03-16 16:54:00,1,Completed,11621.13
O1001894,C100860,P1070,W104,2025-04-02 12:39:00,4,Completed,46484.52
O1001895,C100687,P1078,W105,2025-11-11 09:37:00,2,Completed,34572.7
O1001896,C100443,P1086,W103,2025-11-16 09:09:00,2,Completed,33250.82
O1001897,C100775,P1001,W103,2025-10-06 14:12:00,4,Shipped,37221.52
O1001898,C100169,P1078,W101,2025-04-23 12:30:00,4,Shipped,69145.4
O1001899,C100699,P1080,W103,2025-07-31 08:28:00,2,Shipped,12630.38
O1001900,C100577,P1055,W103,2025-03-15 17:40:00,1,Completed,10895.07
O1001901,C100889,P1052,W107,2025-11-10 21:24:00,2,Cancelled,19234.02
O1001902,C100621,P1073,W103,2025-01-31 21:41:00,2,Cancelled,19251.42
O1001903,C100526,P1046,W102,2025-09-29 09:38:00,3,Completed,61205.61
O1001904,C100524,P1042,W107,2025-07-06 10:39:00,3,Completed,53881.56
O1001905,C100555,P1081,W103,2025-10-04 14:02:00,2,Shipped,29072.5
O1001906,C100891,P1079,W108,2025-06-14 20:48:00,2,Completed,28695.12
O1001907,C100786,P1021,W101,2025-02-27 16:02:00,3,Completed,55575.36
O1001908,C100094,P1083,W101,2025-10-02 14:23:00,3,Completed,10518.9
O1001909,C100533,P1033,W108,2025-08-19 20:57:00,3,Completed,57076.5
O1001910,C100288,P1014,W101,2025-06-19 17:17:00,4,Shipped,56675.12
O1001911,C100165,P1088,W101,2025-05-17 21:47:00,3,Shipped,43030.05
O1001912,C100866,P1024,W106,2025-05-06 20:05:00,3,Processing,56852.85
O1001913,C100858,P1021,W103,2025-06-25 21:58:00,2,Completed,37050.24
O1001914,C100940,P1027,W104,2025-04-06 15:48:00,4,Shipped,52128.92
O1001915,C100394,P1050,W104,2025-04-14 13:14:00,1,Completed,14826.4
O1001916,C100426,P1017,W103,2025-04-12 08:51:00,1,Completed,4264.31
O1001917,C100779,P1016,W104,2025-01-05 18:13:00,3,Processing,28287.33
O1001918,C100193,P1040,W103,2025-12-05 11:43:00,3,Shipped,13179.96
O1001919,C100055,P1022,W102,2025-03-28 08:09:00,2,Completed,44740.96
O1001920,C100421,P1020,W102,2025-03-02 19:14:00,3,Completed,58023.93
O1001921,C100630,P1092,W101,2025-02-25 13:56:00,1,Completed,6865.91
O1001922,C100457,P1060,W105,2025-12-27 15:44:00,3,Completed,14679.39
O1001923,C100212,P1002,W105,2025-06-24 18:58:00,2,Completed,28452.64
O1001924,C100520,P1011,W101,2025-04-30 12:36:00,3,Completed,65330.37
O1001925,C100943,P1082,W104,2025-05-28 19:26:00,2,Shipped,30809.14
O1001926,C100275,P1027,W106,2025-02-02 16:09:00,3,Completed,39096.69
O1001927,C100401,P1016,W101,2025-04-25 15:56:00,1,Completed,9429.11
O1001928,C100313,P1067,W103,2025-04-01 11:45:00,4,Completed,73781.48
O1001929,C100294,P1084,W108,2025-10-21 19:02:00,2,Completed,23284.62
O1001930,C100656,P1040,W104,2025-01-22 11:22:00,1,Completed,4393.32
O1001931,C100375,P1075,W101,2025-06-05 16:40:00,4,Completed,53579.68
O1001932,C100622,P1043,W105,2025-10-16 19:35:00,1,Completed,10723.52
O1001933,C100020,P1011,W104,2025-11-01 09:37:00,3,Completed,65330.37
O1001934,C100663,P1080,W102,2025-07-07 13:36:00,1,Completed,6315.19
O1001935,C100106,P1092,W101,2025-03-23 17:29:00,4,Shipped,27463.64
O1001936,C100378,P1099,W108,2025-05-04 11:50:00,1,Completed,8879.16
O1001937,C100873,P1011,W107,2025-03-23 08:23:00,2,Completed,43553.58
O1001938,C100337,P1057,W106,2025-08-30 13:43:00,3,Completed,28417.56
O1001939,C100699,P1063,W101,2025-04-17 14:57:00,4,Completed,28671.12
O1001940,C100352,P1008,W107,2025-08-19 20:53:00,2,Completed,9019.34
O1001941,C100903,P1096,W104,2025-08-28 19:18:00,2,Processing,7404.76
O1001942,C100952,P1011,W104,2025-12-10 10:31:00,2,Completed,43553.58
O1001943,C100910,P1027,W108,2025-05-16 11:52:00,4,Completed,52128.92
O1001944,C100396,P1097,W104,2025-12-17 10:35:00,4,Completed,72074.0
O1001945,C100318,P1056,W102,2025-05-27 20:45:00,1,Shipped,21545.62
O1001946,C100607,P1068,W102,2025-09-06 12:57:00,4,Completed,6811.8
O1001947,C100817,P1050,W108,2025-08-30 20:28:00,4,Completed,59305.6
O1001948,C100523,P1076,W105,2025-10-26 08:50:00,3,Completed,30123.09
O1001949,C100739,P1009,W105,2025-06-21 15:49:00,2,Shipped,24763.64
O1001950,C100877,P1068,W105,2025-10-17 09:02:00,2,Completed,3405.9
O1001951,C100753,P1007,W102,2025-05-10 15:45:00,4,Processing,59070.92
O1001952,C100370,P1018,W104,2025-06-29 08:09:00,2,Shipped,42541.76
O1001953,C100250,P1051,W108,2025-07-02 10:11:00,2,Completed,37619.78
O1001954,C100435,P1045,W102,2025-09-15 10:02:00,2,Completed,11804.0
O1001955,C100576,P1016,W108,2025-08-14 17:55:00,1,Processing,9429.11
O1001956,C100843,P1080,W103,2025-01-29 16:57:00,2,Completed,12630.38
O1001957,C100301,P1031,W103,2025-10-23 15:49:00,1,Completed,1529.2
O1001958,C100161,P1087,W101,2025-10-04 10:44:00,1,Completed,5462.8
O1001959,C100316,P1002,W106,2025-02-08 11:43:00,2,Completed,28452.64
O1001960,C100595,P1024,W103,2025-12-18 13:17:00,4,Completed,75803.8
O1001961,C100233,P1030,W104,2025-08-30 21:42:00,4,Shipped,23599.28
O1001962,C100400,P1060,W105,2025-02-01 17:52:00,2,Completed,9786.26
O1001963,C100257,P1041,W106,2025-06-29 08:26:00,4,Completed,51584.32
O1001964,C100986,P1016,W108,2025-11-02 08:26:00,1,Completed,9429.11
O1001965,C100513,P1058,W105,2025-04-13 12:52:00,3,Completed,38344.38
O1001966,C100722,P1096,W102,2025-12-07 10:55:00,3,Completed,11107.14
O1001967,C100521,P1014,W106,2025-06-02 13:41:00,2,Completed,28337.56
O1001968,C100011,P1026,W101,2025-03-24 21:56:00,2,Cancelled,19446.56
O1001969,C100264,P1048,W107,2025-05-11 10:44:00,3,Shipped,44765.04
O1001970,C100840,P1073,W103,2025-07-11 16:21:00,2,Completed,19251.42
O1001971,C100512,P1014,W106,2025-09-09 14:45:00,3,Completed,42506.34
O1001972,C100704,P1024,W102,2025-12-05 17:14:00,1,Completed,18950.95
O1001973,C100762,P1024,W104,2025-03-13 15:39:00,3,Completed,56852.85
O1001974,C100561,P1062,W106,2025-12-17 15:13:00,1,Shipped,9671.24
O1001975,C100578,P1009,W105,2025-07-12 11:51:00,2,Processing,24763.64
O1001976,C100237,P1066,W101,2025-02-16 21:31:00,3,Cancelled,58925.67
O1001977,C100250,P1043,W101,2025-12-05 11:44:00,4,Completed,42894.08
O1001978,C100150,P1033,W108,2025-05-08 10:01:00,2,Completed,38051.0
O1001979,C100298,P1087,W105,2025-08-15 09:20:00,1,Completed,5462.8
O1001980,C100629,P1082,W107,2025-09-12 08:56:00,1,Completed,15404.57
O1001981,C100929,P1081,W101,2025-01-05 12:56:00,3,Completed,43608.75
O1001982,C100440,P1089,W104,2025-03-22 19:25:00,4,Processing,25241.48
O1001983,C100603,P1024,W105,2025-09-08 10:09:00,4,Shipped,75803.8
O1001984,C100862,P1086,W108,2025-04-29 08:03:00,4,Shipped,66501.64
O1001985,C100678,P1018,W106,2025-01-04 15:25:00,2,Completed,42541.76
O1001986,C100263,P1034,W106,2025-01-09 15:51:00,2,Completed,24995.6
O1001987,C100282,P1056,W103,2025-10-29 15:53:00,4,Completed,86182.48
O1001988,C100638,P1075,W108,2025-02-26 08:01:00,4,Completed,53579.68
O1001989,C100288,P1058,W103,2025-02-06 10:50:00,2,Completed,25562.92
O1001990,C100249,P1056,W103,2025-07-25 12:52:00,2,Completed,43091.24
O1001991,C100592,P1038,W106,2025-02-13 18:21:00,1,Completed,4553.19
O1001992,C100637,P1060,W108,2025-08-27 17:06:00,1,Completed,4893.13
O1001993,C100254,P1048,W107,2025-07-18 19:24:00,3,Processing,44765.04
O1001994,C100049,P1048,W102,2025-08-25 15:39:00,3,Shipped,44765.04
O1001995,C100769,P1059,W107,2025-06-29 13:38:00,3,Completed,7488.36
O1001996,C100392,P1061,W103,2025-10-12 15:50:00,2,Completed,37282.98
O1001997,C100634,P1033,W102,2025-08-24 13:23:00,1,Completed,19025.5
O1001998,C100173,P1014,W108,2025-06-01 10:12:00,2,Shipped,28337.56
O1001999,C100315,P1030,W108,2025-01-06 16:03:00,4,Completed,23599.28
O1002000,C100606,P1041,W103,2025-04-10 12:07:00,4,Completed,51584.32
O1002001,C100125,P1017,W101,2025-02-17 11:42:00,1,Shipped,4264.31
O1002002,C100317,P1018,W102,2025-01-06 17:56:00,2,Completed,42541.76
O1002003,C100719,P1096,W105,2025-04-10 08:55:00,3,Shipped,11107.14
O1002004,C100772,P1029,W101,2025-03-17 08:19:00,1,Processing,5924.85
O1002005,C100353,P1074,W102,2025-01-29 12:59:00,2,Shipped,16749.88
O1002006,C100115,P1013,W102,2025-04-25 16:20:00,1,Processing,9488.96
O1002007,C100027,P1098,W108,2025-07-04 19:45:00,2,Shipped,1536.34
O1002008,C100557,P1022,W103,2025-03-07 15:14:00,4,Completed,89481.92
O1002009,C100694,P1040,W104,2025-04-10 11:37:00,4,Completed,17573.28
O1002010,C100594,P1079,W104,2025-01-08 12:48:00,1,Completed,14347.56
O1002011,C100406,P1021,W101,2025-01-19 13:17:00,3,Completed,55575.36
O1002012,C100023,P1055,W105,2025-02-27 12:41:00,4,Completed,43580.28
O1002013,C100227,P1079,W108,2025-06-15 17:21:00,4,Completed,57390.24
O1002014,C100036,P1003,W107,2025-09-01 19:11:00,1,Completed,9280.54
O1002015,C100463,P1003,W103,2025-10-15 17:55:00,2,Shipped,18561.08
O1002016,C100309,P1079,W101,2025-08-18 13:20:00,4,Completed,57390.24
O1002017,C100071,P1027,W107,2025-08-14 12:01:00,4,Completed,52128.92
O1002018,C100610,P1091,W107,2025-12-08 09:07:00,2,Completed,44638.48
O1002019,C100371,P1093,W108,2025-04-04 19:10:00,2,Completed,39969.22
O1002020,C100963,P1089,W105,2025-10-19 21:28:00,1,Completed,6310.37
O1002021,C100418,P1100,W104,2025-12-08 08:46:00,4,Completed,80284.28
O1002022,C100091,P1083,W107,2025-07-27 09:49:00,1,Shipped,3506.3
O1002023,C100706,P1039,W106,2025-11-03 11:00:00,2,Completed,37168.0
O1002024,C100704,P1100,W107,2025-02-20 19:09:00,1,Completed,20071.07
O1002025,C100930,P1035,W103,2025-11-17 11:01:00,4,Completed,40445.6
O1002026,C100693,P1059,W108,2025-07-25 08:11:00,1,Shipped,2496.12
O1002027,C100362,P1001,W101,2025-03-22 12:42:00,3,Completed,27916.14
O1002028,C100670,P1097,W101,2025-01-23 13:06:00,1,Completed,18018.5
O1002029,C100799,P1060,W106,2025-09-20 13:32:00,2,Completed,9786.26
O1002030,C100517,P1095,W105,2025-06-07 15:12:00,3,Completed,61997.16
O1002031,C100795,P1036,W105,2025-04-24 11:23:00,3,Completed,26852.52
O1002032,C100967,P1032,W108,2025-05-23 08:25:00,3,Completed,29231.43
O1002033,C100755,P1053,W107,2025-12-28 09:30:00,2,Completed,38361.86
O1002034,C100502,P1087,W106,2025-06-06 18:16:00,2,Completed,10925.6
O1002035,C100493,P1055,W102,2025-01-29 17:14:00,4,Shipped,43580.28
O1002036,C100839,P1080,W101,2025-04-13 11:38:00,3,Completed,18945.57
O1002037,C100873,P1022,W102,2025-02-23 21:10:00,3,Completed,67111.44
O1002038,C100263,P1078,W105,2025-09-08 15:34:00,4,Completed,69145.4
O1002039,C100010,P1074,W106,2025-10-20 19:09:00,1,Completed,8374.94
O1002040,C100807,P1090,W107,2025-11-03 19:05:00,4,Cancelled,41441.52
O1002041,C100237,P1006,W101,2025-08-20 12:12:00,4,Completed,12446.4
O1002042,C100997,P1039,W103,2025-10-08 16:16:00,2,Shipped,37168.0
O1002043,C100037,P1009,W103,2025-06-02 16:18:00,1,Completed,12381.82
O1002044,C100911,P1041,W106,2025-08-18 14:22:00,2,Completed,25792.16
O1002045,C100679,P1076,W101,2025-02-09 16:53:00,2,Shipped,20082.06
O1002046,C100305,P1065,W107,2025-07-16 12:42:00,4,Shipped,35230.92
O1002047,C100035,P1076,W101,2025-07-23 09:22:00,2,Shipped,20082.06
O1002048,C100847,P1074,W105,2025-01-12 08:37:00,4,Completed,33499.76
O1002049,C100120,P1100,W108,2025-07-20 14:15:00,1,Completed,20071.07
O1002050,C100096,P1088,W102,2025-09-21 20:46:00,4,Completed,57373.4
O1002051,C100791,P1059,W106,2025-05-15 11:00:00,4,Completed,9984.48
O1002052,C100678,P1088,W105,2025-07-18 16:17:00,3,Completed,43030.05
O1002053,C100128,P1005,W107,2025-04-15 10:17:00,1,Completed,858.57
O1002054,C100343,P1073,W105,2025-04-09 16:50:00,3,Completed,28877.13
O1002055,C100667,P1053,W107,2025-02-17 10:34:00,4,Shipped,76723.72
O1002056,C100659,P1096,W104,2025-04-30 14:10:00,4,Cancelled,14809.52
O1002057,C100363,P1051,W102,2025-10-21 19:18:00,2,Completed,37619.78
O1002058,C100413,P1018,W106,2025-12-08 13:13:00,2,Completed,42541.76
O1002059,C100080,P1073,W108,2025-08-21 21:04:00,2,Completed,19251.42
O1002060,C100010,P1096,W104,2025-08-16 08:39:00,1,Completed,3702.38
O1002061,C100968,P1002,W107,2025-08-13 09:10:00,3,Completed,42678.96
O1002062,C100232,P1007,W108,2025-06-23 10:21:00,4,Processing,59070.92
O1002063,C100928,P1067,W106,2025-06-04 11:24:00,2,Completed,36890.74
O1002064,C100043,P1056,W107,2025-08-15 13:57:00,4,Completed,86182.48
O1002065,C100990,P1055,W105,2025-10-14 20:47:00,1,Completed,10895.07
O1002066,C100428,P1010,W107,2025-06-01 11:23:00,1,Completed,7847.31
O1002067,C100807,P1058,W103,2025-07-26 12:59:00,4,Shipped,51125.84
O1002068,C100841,P1057,W105,2025-06-21 08:37:00,1,Shipped,9472.52
O1002069,C100352,P1085,W101,2025-04-15 18:00:00,2,Completed,10950.24
O1002070,C100738,P1040,W102,2025-04-16 15:38:00,4,Completed,17573.28
O1002071,C100335,P1035,W105,2025-01-29 08:37:00,2,Processing,20222.8
O1002072,C100789,P1009,W106,2025-06-10 14:29:00,2,Completed,24763.64
O1002073,C100959,P1057,W101,2025-09-18 11:03:00,1,Completed,9472.52
O1002074,C100808,P1065,W101,2025-09-08 13:53:00,3,Completed,26423.19
O1002075,C100728,P1029,W101,2025-12-26 11:58:00,2,Completed,11849.7
O1002076,C100372,P1074,W105,2025-01-15 18:58:00,1,Completed,8374.94
O1002077,C100109,P1094,W103,2025-10-05 08:48:00,2,Completed,48687.0
O1002078,C100507,P1018,W101,2025-10-18 16:23:00,1,Completed,21270.88
O1002079,C100130,P1058,W107,2025-06-09 19:06:00,4,Completed,51125.84
O1002080,C100509,P1070,W105,2025-04-14 08:01:00,3,Completed,34863.39
O1002081,C100870,P1002,W101,2025-05-11 20:39:00,4,Shipped,56905.28
O1002082,C100114,P1018,W106,2025-09-07 18:40:00,4,Shipped,85083.52
O1002083,C100901,P1040,W108,2025-11-11 11:54:00,4,Completed,17573.28
O1002084,C100599,P1014,W104,2025-08-23 14:45:00,3,Completed,42506.34
O1002085,C100047,P1036,W108,2025-07-07 17:31:00,1,Completed,8950.84
O1002086,C100721,P1015,W104,2025-08-27 15:14:00,1,Shipped,6542.29
O1002087,C100001,P1090,W101,2025-01-26 18:35:00,1,Completed,10360.38
O1002088,C100611,P1060,W101,2025-08-10 20:27:00,1,Processing,4893.13
O1002089,C100508,P1033,W101,2025-01-16 13:00:00,4,Processing,76102.0
O1002090,C100746,P1078,W103,2025-12-17 09:31:00,1,Completed,17286.35
O1002091,C100377,P1002,W104,2025-11-21 14:02:00,1,Completed,14226.32
O1002092,C100119,P1060,W104,2025-07-05 16:23:00,4,Completed,19572.52
O1002093,C100388,P1069,W104,2025-05-17 18:51:00,2,Completed,27217.28
O1002094,C100762,P1081,W107,2025-09-25 11:57:00,2,Completed,29072.5
O1002095,C100954,P1023,W101,2025-08-21 20:59:00,2,Completed,9299.36
O1002096,C100209,P1060,W108,2025-09-15 08:30:00,4,Shipped,19572.52
O1002097,C100352,P1077,W102,2025-07-08 16:07:00,2,Completed,21038.1
O1002098,C100877,P1080,W108,2025-03-28 14:07:00,4,Completed,25260.76
O1002099,C100314,P1018,W102,2025-01-27 17:43:00,4,Completed,85083.52
O1002100,C100245,P1098,W101,2025-04-14 11:58:00,2,Completed,1536.34
O1002101,C100832,P1028,W101,2025-07-13 21:02:00,3,Completed,19023.45
O1002102,C100492,P1040,W103,2025-06-04 08:01:00,1,Completed,4393.32
O1002103,C100584,P1020,W108,2025-07-04 19:25:00,4,Completed,77365.24
O1002104,C100488,P1015,W104,2025-04-12 14:54:00,4,Completed,26169.16
O1002105,C100603,P1026,W102,2025-12-09 15:13:00,1,Completed,9723.28
O1002106,C100269,P1014,W106,2025-05-14 12:21:00,1,Shipped,14168.78
O1002107,C100732,P1074,W105,2025-11-05 13:29:00,1,Completed,8374.94
O1002108,C100362,P1060,W106,2025-05-23 14:04:00,4,Shipped,19572.52
O1002109,C100524,P1040,W106,2025-06-11 12:21:00,1,Completed,4393.32
O1002110,C100186,P1055,W107,2025-08-09 08:09:00,2,Completed,21790.14
O1002111,C100012,P1061,W102,2025-04-07 13:36:00,2,Completed,37282.98
O1002112,C100571,P1019,W104,2025-03-22 13:37:00,2,Completed,28586.64
O1002113,C100139,P1030,W106,2025-05-19 18:06:00,1,Completed,5899.82
O1002114,C100914,P1089,W105,2025-10-21 14:35:00,2,Shipped,12620.74
O1002115,C100960,P1002,W108,2025-02-22 15:41:00,4,Completed,56905.28
O1002116,C100317,P1096,W108,2025-06-09 14:31:00,2,Completed,7404.76
O1002117,C100289,P1097,W107,2025-09-03 13:56:00,4,Completed,72074.0
O1002118,C100509,P1026,W102,2025-09-15 18:02:00,3,Completed,29169.84
O1002119,C100205,P1033,W105,2025-06-08 17:27:00,4,Completed,76102.0
O1002120,C100862,P1021,W107,2025-01-30 21:52:00,3,Completed,55575.36
O1002121,C100102,P1057,W103,2025-01-06 14:57:00,2,Completed,18945.04
O1002122,C100453,P1022,W106,2025-06-21 08:23:00,2,Shipped,44740.96
O1002123,C100189,P1080,W102,2025-10-23 16:11:00,2,Completed,12630.38
O1002124,C100832,P1039,W102,2025-01-11 13:32:00,3,Completed,55752.0
O1002125,C100145,P1097,W102,2025-11-20 09:20:00,2,Completed,36037.0
O1002126,C100447,P1086,W108,2025-09-04 19:59:00,2,Completed,33250.82
O1002127,C100834,P1041,W108,2025-01-03 16:51:00,2,Shipped,25792.16
O1002128,C100441,P1060,W107,2025-05-06 16:45:00,4,Shipped,19572.52
O1002129,C100185,P1003,W103,2025-03-22 16:54:00,3,Completed,27841.62
O1002130,C100158,P1007,W107,2025-12-13 21:46:00,4,Completed,59070.92
O1002131,C100605,P1051,W102,2025-07-22 17:37:00,4,Completed,75239.56
O1002132,C100125,P1048,W102,2025-04-29 17:59:00,3,Shipped,44765.04
O1002133,C100356,P1040,W103,2025-04-12 18:30:00,1,Completed,4393.32
O1002134,C100612,P1010,W102,2025-07-25 18:08:00,4,Completed,31389.24
O1002135,C100380,P1084,W106,2025-01-02 17:51:00,2,Completed,23284.62
O1002136,C100828,P1041,W106,2025-04-04 09:03:00,2,Shipped,25792.16
O1002137,C100688,P1048,W101,2025-03-02 13:38:00,2,Cancelled,29843.36
O1002138,C100136,P1041,W101,2025-08-15 11:51:00,1,Completed,12896.08
O1002139,C100818,P1050,W104,2025-09-02 20:28:00,3,Completed,44479.2
O1002140,C100911,P1065,W101,2025-06-20 16:10:00,1,Completed,8807.73
O1002141,C100203,P1077,W107,2025-02-21 15:13:00,3,Completed,31557.15
O1002142,C100359,P1055,W104,2025-05-16 15:18:00,4,Completed,43580.28
O1002143,C100396,P1017,W104,2025-11-04 17:33:00,2,Completed,8528.62
O1002144,C100426,P1088,W101,2025-03-16 18:40:00,2,Shipped,28686.7
O1002145,C100464,P1029,W106,2025-03-01 10:49:00,3,Processing,17774.55
O1002146,C100895,P1002,W106,2025-02-10 21:54:00,4,Shipped,56905.28
O1002147,C100652,P1004,W107,2025-10-26 18:40:00,1,Completed,17625.81
O1002148,C100897,P1078,W105,2025-02-13 10:53:00,2,Completed,34572.7
O1002149,C100351,P1039,W103,2025-08-01 16:28:00,2,Completed,37168.0
O1002150,C100525,P1003,W101,2025-12-31 13:59:00,1,Completed,9280.54
O1002151,C100107,P1082,W103,2025-08-23 13:16:00,1,Completed,15404.57
O1002152,C100277,P1031,W105,2025-05-31 20:08:00,3,Shipped,4587.6
O1002153,C100584,P1098,W101,2025-03-17 11:59:00,4,Completed,3072.68
O1002154,C100172,P1088,W101,2025-01-01 19:44:00,3,Completed,43030.05
O1002155,C100961,P1005,W102,2025-02-26 16:54:00,1,Completed,858.57
O1002156,C100272,P1070,W101,2025-12-14 19:26:00,2,Completed,23242.26
O1002157,C100162,P1061,W101,2025-02-22 18:26:00,4,Completed,74565.96
O1002158,C100781,P1018,W104,2025-01-08 16:41:00,4,Completed,85083.52
O1002159,C100091,P1035,W106,2025-10-25 10:39:00,1,Completed,10111.4
O1002160,C100325,P1050,W104,2025-06-02 21:54:00,3,Completed,44479.2
O1002161,C100199,P1015,W101,2025-05-11 16:59:00,3,Completed,19626.87
O1002162,C100695,P1073,W103,2025-09-19 13:00:00,2,Cancelled,19251.42
O1002163,C100844,P1028,W101,2025-07-10 11:35:00,2,Shipped,12682.3
O1002164,C100196,P1094,W105,2025-11-30 09:37:00,3,Completed,73030.5
O1002165,C100417,P1081,W102,2025-06-20 12:25:00,4,Shipped,58145.0
O1002166,C100479,P1064,W104,2025-09-18 09:51:00,2,Completed,9848.66
O1002167,C100691,P1012,W108,2025-11-17 20:25:00,4,Processing,62697.96
O1002168,C100353,P1003,W105,2025-06-19 14:05:00,4,Completed,37122.16
O1002169,C100523,P1015,W107,2025-04-14 16:45:00,1,Completed,6542.29
O1002170,C100504,P1050,W103,2025-12-22 19:16:00,2,Completed,29652.8
O1002171,C100012,P1079,W108,2025-03-24 21:27:00,2,Cancelled,28695.12
O1002172,C100570,P1016,W106,2025-01-15 14:20:00,3,Processing,28287.33
O1002173,C100568,P1071,W105,2025-07-31 08:43:00,1,Completed,11389.19
O1002174,C100991,P1005,W105,2025-12-27 16:33:00,2,Completed,1717.14
O1002175,C100511,P1027,W105,2025-02-01 21:15:00,1,Completed,13032.23
O1002176,C100900,P1060,W102,2025-11-07 13:00:00,1,Shipped,4893.13
O1002177,C100350,P1083,W103,2025-10-31 09:25:00,2,Completed,7012.6
O1002178,C100696,P1078,W106,2025-12-06 18:00:00,3,Completed,51859.05
O1002179,C100902,P1054,W104,2025-06-03 16:41:00,2,Completed,26651.08
O1002180,C100154,P1004,W107,2025-04-03 10:08:00,2,Completed,35251.62
O1002181,C100568,P1030,W105,2025-07-06 08:03:00,2,Completed,11799.64
O1002182,C100920,P1079,W101,2025-02-21 15:16:00,3,Shipped,43042.68
O1002183,C100557,P1009,W106,2025-11-04 10:04:00,3,Processing,37145.46
O1002184,C100893,P1071,W105,2025-08-31 10:35:00,3,Completed,34167.57
O1002185,C100420,P1071,W103,2025-06-26 12:19:00,1,Processing,11389.19
O1002186,C100887,P1076,W107,2025-07-08 14:33:00,1,Completed,10041.03
O1002187,C100629,P1022,W103,2025-09-17 19:27:00,2,Completed,44740.96
O1002188,C100480,P1025,W101,2025-07-10 14:01:00,1,Completed,10625.81
O1002189,C100215,P1020,W101,2025-11-03 19:42:00,3,Completed,58023.93
O1002190,C100171,P1040,W108,2025-12-04 16:27:00,3,Cancelled,13179.96
O1002191,C100289,P1053,W104,2025-12-13 13:29:00,2,Completed,38361.86
O1002192,C100755,P1012,W104,2025-08-15 15:08:00,2,Completed,31348.98
O1002193,C100469,P1057,W103,2025-09-29 09:58:00,1,Completed,9472.52
O1002194,C100389,P1024,W106,2025-04-24 21:39:00,2,Completed,37901.9
O1002195,C100467,P1057,W105,2025-01-14 12:13:00,2,Completed,18945.04
O1002196,C100345,P1031,W108,2025-05-27 20:36:00,1,Completed,1529.2
O1002197,C100808,P1096,W108,2025-11-15 17:01:00,3,Shipped,11107.14
O1002198,C100391,P1032,W108,2025-02-18 12:07:00,2,Completed,19487.62
O1002199,C100473,P1088,W103,2025-07-19 14:48:00,3,Completed,43030.05
O1002200,C100560,P1018,W105,2025-03-12 09:41:00,3,Completed,63812.64
O1002201,C100647,P1009,W103,2025-06-06 16:37:00,1,Completed,12381.82
O1002202,C100334,P1019,W106,2025-02-22 08:54:00,4,Completed,57173.28
O1002203,C100074,P1042,W106,2025-09-26 16:56:00,1,Completed,17960.52
O1002204,C100690,P1091,W103,2025-10-23 10:46:00,3,Shipped,66957.72
O1002205,C100561,P1018,W107,2025-10-04 09:48:00,4,Completed,85083.52
O1002206,C100648,P1079,W103,2025-09-15 11:06:00,3,Shipped,43042.68
O1002207,C100544,P1070,W108,2025-03-27 09:15:00,3,Processing,34863.39
O1002208,C100509,P1035,W107,2025-07-13 20:26:00,2,Completed,20222.8
O1002209,C100949,P1034,W101,2025-02-08 21:06:00,1,Completed,12497.8
O1002210,C100054,P1095,W104,2025-05-17 20:56:00,3,Completed,61997.16
O1002211,C100093,P1072,W104,2025-07-04 18:03:00,4,Completed,41932.76
O1002212,C100937,P1024,W107,2025-09-02 11:13:00,4,Completed,75803.8
O1002213,C100887,P1092,W106,2025-02-05 18:37:00,1,Completed,6865.91
O1002214,C100412,P1041,W101,2025-10-24 18:37:00,1,Completed,12896.08
O1002215,C100541,P1008,W107,2025-06-17 11:18:00,4,Completed,18038.68
O1002216,C100450,P1082,W102,2025-11-18 19:42:00,3,Completed,46213.71
O1002217,C100998,P1087,W103,2025-07-12 21:57:00,2,Completed,10925.6
O1002218,C100457,P1045,W102,2025-07-19 13:17:00,1,Shipped,5902.0
O1002219,C100760,P1071,W102,2025-09-10 16:14:00,2,Shipped,22778.38
O1002220,C100366,P1024,W105,2025-10-27 20:12:00,1,Shipped,18950.95
O1002221,C100382,P1086,W101,2025-02-27 11:40:00,1,Completed,16625.41
O1002222,C100675,P1037,W101,2025-07-06 21:50:00,1,Completed,8709.62
O1002223,C100400,P1027,W107,2025-01-11 12:14:00,4,Completed,52128.92
O1002224,C100014,P1051,W103,2025-06-23 21:32:00,1,Completed,18809.89
O1002225,C100173,P1027,W106,2025-10-24 11:16:00,3,Completed,39096.69
O1002226,C100874,P1063,W108,2025-11-12 18:23:00,2,Shipped,14335.56
O1002227,C100367,P1075,W101,2025-04-14 15:21:00,4,Processing,53579.68
O1002228,C100103,P1041,W107,2025-05-22 13:12:00,1,Cancelled,12896.08
O1002229,C100940,P1079,W101,2025-07-21 14:08:00,4,Completed,57390.24
O1002230,C101000,P1044,W107,2025-05-25 11:10:00,1,Completed,19856.3
O1002231,C100500,P1098,W103,2025-03-06 17:24:00,4,Completed,3072.68
O1002232,C100629,P1027,W102,2025-04-22 21:54:00,1,Shipped,13032.23
O1002233,C100755,P1071,W102,2025-05-28 16:12:00,1,Completed,11389.19
O1002234,C100067,P1054,W103,2025-07-09 11:51:00,1,Shipped,13325.54
O1002235,C100297,P1095,W106,2025-12-03 17:22:00,4,Processing,82662.88
O1002236,C100563,P1022,W106,2025-07-18 14:08:00,2,Completed,44740.96
O1002237,C100550,P1020,W106,2025-05-22 20:53:00,2,Completed,38682.62
O1002238,C100332,P1087,W101,2025-08-30 11:41:00,4,Shipped,21851.2
O1002239,C100002,P1091,W108,2025-10-10 15:15:00,2,Completed,44638.48
O1002240,C100954,P1075,W104,2025-06-07 14:56:00,3,Completed,40184.76
O1002241,C100615,P1048,W101,2025-06-28 20:24:00,2,Completed,29843.36
O1002242,C100756,P1042,W108,2025-03-21 09:32:00,1,Completed,17960.52
O1002243,C100438,P1067,W107,2025-11-12 16:38:00,4,Cancelled,73781.48
O1002244,C100508,P1075,W101,2025-11-13 19:19:00,2,Completed,26789.84
O1002245,C100445,P1028,W104,2025-03-05 13:03:00,4,Completed,25364.6
O1002246,C100430,P1001,W108,2025-05-07 15:04:00,2,Processing,18610.76
O1002247,C100671,P1008,W106,2025-04-10 12:07:00,4,Completed,18038.68
O1002248,C100996,P1035,W102,2025-12-03 13:52:00,1,Shipped,10111.4
O1002249,C100778,P1069,W106,2025-01-24 21:18:00,3,Processing,40825.92
O1002250,C100668,P1045,W102,2025-03-17 13:05:00,2,Completed,11804.0
O1002251,C100013,P1062,W103,2025-04-25 10:49:00,4,Completed,38684.96
O1002252,C100514,P1047,W102,2025-07-24 16:07:00,2,Completed,27489.36
O1002253,C100956,P1026,W106,2025-04-01 14:34:00,4,Completed,38893.12
O1002254,C100398,P1075,W108,2025-07-15 18:55:00,2,Completed,26789.84
O1002255,C100550,P1073,W101,2025-09-30 08:30:00,2,Completed,19251.42
O1002256,C100325,P1097,W105,2025-10-30 20:38:00,3,Completed,54055.5
O1002257,C100192,P1083,W102,2025-02-06 17:49:00,3,Shipped,10518.9
O1002258,C100706,P1038,W107,2025-02-20 19:46:00,2,Completed,9106.38
O1002259,C100314,P1071,W102,2025-02-04 13:42:00,1,Completed,11389.19
O1002260,C100588,P1036,W103,2025-11-29 14:14:00,1,Completed,8950.84
O1002261,C100594,P1088,W102,2025-08-27 12:40:00,3,Completed,43030.05
O1002262,C100849,P1062,W107,2025-07-13 19:40:00,1,Completed,9671.24
O1002263,C100939,P1084,W101,2025-10-16 08:59:00,3,Completed,34926.93
O1002264,C100554,P1029,W105,2025-08-02 15:24:00,4,Processing,23699.4
O1002265,C100051,P1002,W101,2025-03-27 11:38:00,4,Shipped,56905.28
O1002266,C100583,P1015,W105,2025-07-06 16:56:00,3,Completed,19626.87
O1002267,C100885,P1054,W107,2025-09-14 21:29:00,2,Shipped,26651.08
O1002268,C100478,P1097,W107,2025-01-14 17:26:00,3,Completed,54055.5
O1002269,C100565,P1063,W101,2025-08-10 08:37:00,1,Completed,7167.78
O1002270,C100763,P1081,W107,2025-07-01 13:35:00,4,Completed,58145.0
O1002271,C100440,P1047,W103,2025-01-26 08:26:00,1,Shipped,13744.68
O1002272,C100415,P1096,W106,2025-04-07 14:48:00,3,Cancelled,11107.14
O1002273,C100483,P1095,W108,2025-06-13 10:26:00,2,Completed,41331.44
O1002274,C100852,P1022,W101,2025-05-06 17:41:00,1,Completed,22370.48
O1002275,C100488,P1087,W103,2025-04-16 15:28:00,1,Completed,5462.8
O1002276,C100328,P1002,W107,2025-08-25 12:18:00,3,Completed,42678.96
O1002277,C100597,P1060,W102,2025-05-28 20:00:00,3,Completed,14679.39
O1002278,C100693,P1044,W103,2025-07-01 18:27:00,1,Completed,19856.3
O1002279,C100913,P1031,W105,2025-10-19 16:46:00,1,Completed,1529.2
O1002280,C100893,P1094,W108,2025-02-04 12:57:00,3,Completed,73030.5
O1002281,C100784,P1067,W103,2025-05-12 11:48:00,3,Shipped,55336.11
O1002282,C100770,P1014,W104,2025-01-27 16:11:00,2,Completed,28337.56
O1002283,C100450,P1014,W107,2025-12-05 19:03:00,1,Completed,14168.78
O1002284,C100343,P1012,W101,2025-03-09 19:43:00,1,Completed,15674.49
O1002285,C100563,P1031,W103,2025-10-27 18:52:00,1,Completed,1529.2
O1002286,C100707,P1007,W103,2025-03-11 08:19:00,1,Shipped,14767.73
O1002287,C100519,P1027,W104,2025-04-29 21:47:00,3,Completed,39096.69
O1002288,C100207,P1077,W105,2025-08-11 11:21:00,2,Shipped,21038.1
O1002289,C100015,P1088,W102,2025-10-31 08:08:00,1,Completed,14343.35
O1002290,C100059,P1079,W104,2025-03-06 15:51:00,3,Shipped,43042.68
O1002291,C100427,P1050,W108,2025-03-19 14:22:00,3,Completed,44479.2
O1002292,C100792,P1070,W107,2025-11-18 09:29:00,1,Completed,11621.13
O1002293,C100790,P1095,W108,2025-04-28 11:00:00,3,Completed,61997.16
O1002294,C100809,P1006,W106,2025-03-18 10:52:00,1,Shipped,3111.6
O1002295,C100710,P1091,W105,2025-09-29 14:09:00,3,Completed,66957.72
O1002296,C100023,P1073,W102,2025-02-03 18:29:00,2,Completed,19251.42
O1002297,C100884,P1039,W102,2025-11-13 17:32:00,1,Completed,18584.0
O1002298,C100948,P1045,W105,2025-11-16 08:21:00,4,Shipped,23608.0
O1002299,C100850,P1044,W104,2025-11-09 10:25:00,1,Completed,19856.3
O1002300,C100446,P1016,W107,2025-04-18 16:32:00,4,Completed,37716.44
O1002301,C100215,P1024,W101,2025-02-11 19:14:00,2,Shipped,37901.9
O1002302,C100906,P1030,W108,2025-06-05 08:28:00,3,Completed,17699.46
O1002303,C100186,P1001,W102,2025-05-03 12:42:00,3,Completed,27916.14
O1002304,C100789,P1051,W104,2025-12-17 09:37:00,2,Processing,37619.78
O1002305,C100966,P1048,W103,2025-08-19 14:47:00,3,Completed,44765.04
O1002306,C100901,P1033,W108,2025-12-11 13:27:00,2,Completed,38051.0
O1002307,C100522,P1018,W106,2025-10-02 10:26:00,3,Completed,63812.64
O1002308,C100834,P1097,W101,2025-09-18 21:30:00,1,Completed,18018.5
O1002309,C100831,P1068,W107,2025-02-10 18:40:00,2,Shipped,3405.9
O1002310,C100974,P1048,W106,2025-01-26 15:38:00,1,Completed,14921.68
O1002311,C100361,P1073,W101,2025-01-17 18:43:00,2,Completed,19251.42
O1002312,C100630,P1038,W107,2025-08-05 12:22:00,1,Completed,4553.19
O1002313,C100818,P1022,W101,2025-03-15 21:05:00,2,Completed,44740.96
O1002314,C100228,P1068,W104,2025-12-28 13:45:00,4,Completed,6811.8
O1002315,C100226,P1078,W102,2025-02-18 13:24:00,2,Completed,34572.7
O1002316,C100390,P1066,W101,2025-12-12 15:57:00,2,Cancelled,39283.78
O1002317,C100361,P1057,W105,2025-09-01 16:05:00,4,Completed,37890.08
O1002318,C100752,P1001,W106,2025-02-08 16:40:00,1,Completed,9305.38
O1002319,C100936,P1064,W104,2025-01-22 19:39:00,3,Shipped,14772.99
O1002320,C100157,P1062,W103,2025-05-25 11:45:00,3,Completed,29013.72
O1002321,C100326,P1042,W105,2025-05-04 17:53:00,2,Completed,35921.04
O1002322,C100930,P1025,W102,2025-04-26 10:45:00,2,Processing,21251.62
O1002323,C100595,P1098,W101,2025-07-12 11:21:00,3,Shipped,2304.51
O1002324,C100206,P1038,W102,2025-02-17 14:56:00,2,Completed,9106.38
O1002325,C100604,P1028,W101,2025-02-17 15:20:00,2,Completed,12682.3
O1002326,C100876,P1071,W107,2025-09-11 17:01:00,3,Completed,34167.57
O1002327,C100374,P1049,W105,2025-12-28 09:56:00,2,Completed,27976.52
O1002328,C100484,P1056,W102,2025-04-10 19:25:00,4,Completed,86182.48
O1002329,C100614,P1065,W105,2025-12-07 15:47:00,2,Completed,17615.46
O1002330,C100841,P1037,W104,2025-05-06 16:17:00,3,Shipped,26128.86
O1002331,C100565,P1016,W101,2025-05-03 18:27:00,3,Completed,28287.33
O1002332,C100959,P1017,W108,2025-02-02 17:41:00,4,Shipped,17057.24
O1002333,C100755,P1094,W108,2025-06-04 14:00:00,2,Completed,48687.0
O1002334,C100423,P1051,W107,2025-07-01 14:46:00,1,Completed,18809.89
O1002335,C100488,P1042,W107,2025-08-31 11:15:00,2,Completed,35921.04
O1002336,C100697,P1032,W105,2025-02-27 15:56:00,3,Completed,29231.43
O1002337,C100071,P1073,W107,2025-03-10 10:50:00,2,Completed,19251.42
O1002338,C100227,P1092,W105,2025-06-07 16:53:00,4,Completed,27463.64
O1002339,C100239,P1077,W102,2025-01-26 13:50:00,1,Shipped,10519.05
O1002340,C100801,P1054,W102,2025-02-22 11:18:00,2,Shipped,26651.08
O1002341,C100823,P1048,W107,2025-08-18 14:39:00,4,Completed,59686.72
O1002342,C100820,P1087,W104,2025-12-15 21:04:00,4,Completed,21851.2
O1002343,C100106,P1086,W106,2025-07-29 15:52:00,1,Processing,16625.41
O1002344,C100296,P1040,W102,2025-02-22 12:50:00,4,Completed,17573.28
O1002345,C100313,P1097,W104,2025-12-28 14:18:00,2,Completed,36037.0
O1002346,C100025,P1083,W101,2025-07-10 16:27:00,3,Shipped,10518.9
O1002347,C100258,P1085,W102,2025-09-19 10:08:00,1,Completed,5475.12
O1002348,C100432,P1006,W101,2025-03-13 15:51:00,1,Completed,3111.6
O1002349,C100886,P1014,W102,2025-07-31 08:28:00,3,Completed,42506.34
O1002350,C100171,P1030,W105,2025-01-28 19:56:00,2,Completed,11799.64
O1002351,C100861,P1077,W101,2025-08-17 16:32:00,1,Completed,10519.05
O1002352,C100819,P1008,W102,2025-03-15 09:35:00,3,Completed,13529.01
O1002353,C100159,P1009,W106,2025-11-28 14:31:00,1,Shipped,12381.82
O1002354,C100262,P1004,W102,2025-01-20 20:22:00,4,Completed,70503.24
O1002355,C100459,P1020,W105,2025-08-27 21:30:00,1,Completed,19341.31
O1002356,C100944,P1092,W107,2025-02-20 09:55:00,1,Completed,6865.91
O1002357,C100785,P1073,W107,2025-09-08 11:47:00,2,Completed,19251.42
O1002358,C100972,P1072,W101,2025-06-30 10:01:00,2,Completed,20966.38
O1002359,C100313,P1030,W102,2025-12-20 13:09:00,3,Completed,17699.46
O1002360,C100909,P1063,W106,2025-08-26 20:04:00,1,Cancelled,7167.78
O1002361,C100957,P1078,W103,2025-05-16 17:53:00,4,Completed,69145.4
O1002362,C100600,P1054,W104,2025-02-01 11:35:00,2,Shipped,26651.08
O1002363,C100155,P1086,W104,2025-08-06 12:33:00,3,Completed,49876.23
O1002364,C100268,P1057,W105,2025-06-10 16:33:00,4,Completed,37890.08
O1002365,C100129,P1033,W104,2025-01-20 16:21:00,4,Shipped,76102.0
O1002366,C100808,P1064,W101,2025-08-01 14:29:00,3,Completed,14772.99
O1002367,C100314,P1095,W101,2025-03-18 13:53:00,1,Shipped,20665.72
O1002368,C100702,P1083,W101,2025-03-27 21:04:00,3,Completed,10518.9
O1002369,C100268,P1050,W103,2025-01-04 15:02:00,2,Completed,29652.8
O1002370,C100978,P1060,W107,2025-05-16 18:56:00,3,Completed,14679.39
O1002371,C100774,P1098,W108,2025-03-21 21:26:00,1,Completed,768.17
O1002372,C100378,P1075,W104,2025-01-27 12:41:00,3,Completed,40184.76
O1002373,C100477,P1051,W101,2025-06-08 18:54:00,4,Processing,75239.56
O1002374,C100059,P1029,W101,2025-03-22 19:23:00,3,Shipped,17774.55
O1002375,C100137,P1091,W107,2025-02-18 11:04:00,4,Shipped,89276.96
O1002376,C100999,P1098,W103,2025-06-20 11:09:00,1,Completed,768.17
O1002377,C100816,P1008,W108,2025-01-24 10:15:00,3,Completed,13529.01
O1002378,C100839,P1004,W105,2025-12-28 16:37:00,1,Shipped,17625.81
O1002379,C100644,P1012,W108,2025-06-21 18:39:00,1,Completed,15674.49
O1002380,C100222,P1039,W102,2025-12-30 18:31:00,4,Completed,74336.0
O1002381,C100106,P1016,W107,2025-11-18 13:25:00,1,Completed,9429.11
O1002382,C100726,P1089,W105,2025-12-24 17:50:00,2,Processing,12620.74
O1002383,C100332,P1092,W104,2025-07-18 08:25:00,1,Shipped,6865.91
O1002384,C100001,P1019,W105,2025-06-04 17:11:00,2,Completed,28586.64
O1002385,C100023,P1083,W103,2025-09-20 14:38:00,1,Processing,3506.3
O1002386,C100558,P1015,W105,2025-01-30 19:37:00,2,Shipped,13084.58
O1002387,C100841,P1079,W107,2025-11-03 21:32:00,3,Completed,43042.68
O1002388,C100363,P1037,W107,2025-04-29 15:47:00,3,Completed,26128.86
O1002389,C101000,P1005,W108,2025-01-03 16:42:00,4,Completed,3434.28
O1002390,C100382,P1043,W104,2025-03-28 20:59:00,1,Completed,10723.52
O1002391,C100734,P1083,W107,2025-03-30 12:48:00,2,Completed,7012.6
O1002392,C100245,P1094,W108,2025-01-06 10:01:00,3,Completed,73030.5
O1002393,C100608,P1013,W101,2025-09-02 15:05:00,1,Completed,9488.96
O1002394,C100275,P1084,W104,2025-02-04 12:58:00,1,Completed,11642.31
O1002395,C100779,P1030,W106,2025-11-06 16:53:00,2,Completed,11799.64
O1002396,C100455,P1047,W104,2025-06-15 18:57:00,4,Shipped,54978.72
O1002397,C100042,P1011,W101,2025-09-20 15:03:00,3,Completed,65330.37
O1002398,C100249,P1098,W106,2025-05-04 12:18:00,3,Shipped,2304.51
O1002399,C100353,P1080,W104,2025-02-18 15:54:00,3,Cancelled,18945.57
O1002400,C100467,P1065,W105,2025-03-07 14:12:00,4,Shipped,35230.92
O1002401,C100271,P1073,W101,2025-08-24 10:35:00,3,Completed,28877.13
O1002402,C100578,P1088,W101,2025-09-19 18:49:00,3,Shipped,43030.05
O1002403,C100964,P1015,W105,2025-04-08 12:39:00,2,Shipped,13084.58
O1002404,C100712,P1025,W108,2025-05-11 15:32:00,4,Shipped,42503.24
O1002405,C100312,P1004,W106,2025-12-11 20:43:00,1,Completed,17625.81
O1002406,C100678,P1049,W108,2025-11-07 10:37:00,2,Completed,27976.52
O1002407,C100967,P1050,W107,2025-05-31 13:58:00,2,Completed,29652.8
O1002408,C100242,P1003,W103,2025-03-29 10:26:00,1,Completed,9280.54
O1002409,C100233,P1067,W101,2025-04-20 14:06:00,3,Completed,55336.11
O1002410,C100040,P1001,W105,2025-07-16 12:13:00,4,Completed,37221.52
O1002411,C100843,P1080,W105,2025-07-26 20:49:00,1,Shipped,6315.19
O1002412,C100833,P1071,W107,2025-03-09 12:14:00,4,Completed,45556.76
O1002413,C100414,P1082,W105,2025-01-25 16:35:00,4,Completed,61618.28
O1002414,C100873,P1012,W108,2025-06-30 09:54:00,4,Completed,62697.96
O1002415,C100652,P1088,W107,2025-10-19 14:23:00,1,Completed,14343.35
O1002416,C100979,P1055,W105,2025-02-25 19:41:00,4,Completed,43580.28
O1002417,C100923,P1087,W105,2025-05-30 17:24:00,2,Processing,10925.6
O1002418,C100960,P1070,W101,2025-02-28 11:57:00,3,Completed,34863.39
O1002419,C100393,P1066,W107,2025-03-30 21:36:00,2,Completed,39283.78
O1002420,C100634,P1004,W106,2025-08-12 19:13:00,3,Completed,52877.43
O1002421,C100168,P1070,W108,2025-04-15 13:38:00,3,Completed,34863.39
O1002422,C100895,P1045,W101,2025-04-07 21:37:00,4,Completed,23608.0
O1002423,C100319,P1085,W102,2025-12-30 10:37:00,2,Cancelled,10950.24
O1002424,C100449,P1069,W106,2025-03-04 12:38:00,1,Completed,13608.64
O1002425,C100595,P1008,W104,2025-03-11 21:01:00,3,Completed,13529.01
O1002426,C100788,P1089,W105,2025-12-06 21:34:00,4,Shipped,25241.48
O1002427,C100732,P1007,W104,2025-07-20 19:31:00,1,Completed,14767.73
O1002428,C100956,P1030,W106,2025-01-16 10:40:00,4,Completed,23599.28
O1002429,C100713,P1022,W106,2025-06-05 11:03:00,4,Processing,89481.92
O1002430,C100797,P1098,W102,2025-07-26 17:03:00,3,Completed,2304.51
O1002431,C100573,P1016,W107,2025-04-03 08:46:00,4,Completed,37716.44
O1002432,C100416,P1085,W104,2025-07-20 21:52:00,2,Processing,10950.24
O1002433,C100914,P1023,W105,2025-08-25 21:10:00,1,Completed,4649.68
O1002434,C100378,P1066,W105,2025-04-02 19:19:00,3,Completed,58925.67
O1002435,C100621,P1010,W106,2025-10-24 21:33:00,3,Completed,23541.93
O1002436,C100292,P1040,W103,2025-06-15 11:12:00,4,Completed,17573.28
O1002437,C100483,P1063,W101,2025-12-18 20:20:00,1,Completed,7167.78
O1002438,C100368,P1072,W102,2025-02-02 11:36:00,1,Shipped,10483.19
O1002439,C100259,P1088,W108,2025-04-29 09:41:00,3,Cancelled,43030.05
O1002440,C100821,P1082,W102,2025-09-21 11:40:00,2,Completed,30809.14
O1002441,C100768,P1052,W102,2025-11-23 18:50:00,1,Processing,9617.01
O1002442,C100702,P1031,W107,2025-03-22 21:12:00,3,Completed,4587.6
O1002443,C100084,P1027,W102,2025-12-24 16:34:00,1,Completed,13032.23
O1002444,C100250,P1100,W104,2025-03-12 11:26:00,4,Completed,80284.28
O1002445,C100219,P1061,W103,2025-06-01 16:24:00,2,Completed,37282.98
O1002446,C100712,P1091,W106,2025-04-25 15:08:00,3,Completed,66957.72
O1002447,C100893,P1044,W105,2025-06-04 15:15:00,3,Completed,59568.9
O1002448,C100380,P1049,W105,2025-11-26 12:53:00,3,Processing,41964.78
O1002449,C100331,P1083,W105,2025-09-25 09:56:00,2,Completed,7012.6
O1002450,C100558,P1073,W107,2025-10-18 13:03:00,1,Shipped,9625.71
O1002451,C100988,P1021,W105,2025-04-03 20:27:00,3,Completed,55575.36
O1002452,C100371,P1053,W105,2025-12-12 13:42:00,2,Completed,38361.86
O1002453,C100279,P1022,W108,2025-06-08 08:17:00,4,Completed,89481.92
O1002454,C100522,P1077,W101,2025-08-26 12:49:00,4,Completed,42076.2
O1002455,C100916,P1003,W107,2025-09-12 14:27:00,1,Completed,9280.54
O1002456,C100730,P1083,W102,2025-08-30 16:23:00,2,Completed,7012.6
O1002457,C100519,P1093,W103,2025-08-08 16:58:00,2,Completed,39969.22
O1002458,C100732,P1003,W101,2025-06-25 13:57:00,2,Completed,18561.08
O1002459,C100016,P1064,W105,2025-08-25 10:00:00,3,Completed,14772.99
O1002460,C100754,P1008,W107,2025-11-27 14:10:00,2,Completed,9019.34
O1002461,C100098,P1037,W104,2025-05-23 08:02:00,1,Completed,8709.62
O1002462,C100392,P1034,W106,2025-07-06 15:05:00,2,Processing,24995.6
O1002463,C100350,P1052,W104,2025-03-07 14:13:00,4,Completed,38468.04
O1002464,C100691,P1092,W107,2025-05-10 12:59:00,2,Completed,13731.82
O1002465,C100241,P1047,W108,2025-10-09 17:15:00,2,Completed,27489.36
O1002466,C100239,P1040,W106,2025-08-22 18:33:00,4,Shipped,17573.28
O1002467,C100885,P1010,W103,2025-03-19 11:41:00,1,Completed,7847.31
O1002468,C100478,P1089,W107,2025-07-19 15:02:00,2,Completed,12620.74
O1002469,C100742,P1032,W101,2025-10-24 15:08:00,1,Completed,9743.81
O1002470,C100584,P1047,W108,2025-02-15 15:07:00,3,Completed,41234.04
O1002471,C100620,P1010,W107,2025-01-23 13:38:00,4,Completed,31389.24
O1002472,C100687,P1029,W106,2025-05-24 10:56:00,2,Shipped,11849.7
O1002473,C100668,P1056,W105,2025-08-28 10:24:00,4,Completed,86182.48
O1002474,C100912,P1091,W103,2025-04-25 08:25:00,4,Completed,89276.96
O1002475,C100785,P1033,W104,2025-10-27 08:43:00,3,Completed,57076.5
O1002476,C100305,P1057,W101,2025-11-06 19:19:00,1,Completed,9472.52
O1002477,C100170,P1088,W103,2025-07-14 08:58:00,1,Completed,14343.35
O1002478,C100846,P1037,W105,2025-05-19 19:58:00,1,Completed,8709.62
O1002479,C100373,P1030,W103,2025-01-16 20:33:00,2,Completed,11799.64
O1002480,C100312,P1005,W107,2025-10-27 11:22:00,2,Completed,1717.14
O1002481,C100112,P1091,W107,2025-11-23 14:12:00,1,Completed,22319.24
O1002482,C100552,P1012,W105,2025-06-11 13:02:00,4,Completed,62697.96
O1002483,C100513,P1022,W103,2025-07-08 13:30:00,3,Completed,67111.44
O1002484,C100829,P1014,W103,2025-10-03 13:00:00,3,Shipped,42506.34
O1002485,C100749,P1071,W105,2025-09-11 12:47:00,3,Completed,34167.57
O1002486,C100724,P1037,W106,2025-02-19 17:34:00,3,Completed,26128.86
O1002487,C100539,P1071,W102,2025-09-03 13:46:00,4,Completed,45556.76
O1002488,C100863,P1061,W104,2025-12-04 10:37:00,2,Processing,37282.98
O1002489,C100984,P1002,W104,2025-10-02 13:18:00,1,Completed,14226.32
O1002490,C100815,P1031,W103,2025-06-25 21:42:00,2,Completed,3058.4
O1002491,C100348,P1001,W102,2025-07-10 21:49:00,1,Completed,9305.38
O1002492,C100277,P1007,W107,2025-04-05 08:51:00,4,Shipped,59070.92
O1002493,C100002,P1048,W104,2025-08-30 16:03:00,3,Processing,44765.04
O1002494,C100993,P1027,W105,2025-03-30 21:37:00,2,Completed,26064.46
O1002495,C100733,P1009,W101,2025-05-05 10:42:00,1,Cancelled,12381.82
O1002496,C100937,P1041,W103,2025-04-07 08:57:00,3,Completed,38688.24
O1002497,C100788,P1046,W102,2025-05-03 10:58:00,3,Shipped,61205.61
O1002498,C100431,P1100,W103,2025-05-14 12:26:00,4,Completed,80284.28
O1002499,C100146,P1067,W107,2025-01-31 21:05:00,1,Processing,18445.37
O1002500,C100048,P1040,W105,2025-09-19 11:30:00,3,Shipped,13179.96
O1002501,C100793,P1048,W108,2025-06-10 12:38:00,2,Shipped,29843.36
O1002502,C100304,P1009,W104,2025-12-13 11:38:00,1,Completed,12381.82
O1002503,C100380,P1039,W107,2025-03-08 13:28:00,1,Completed,18584.0
O1002504,C100837,P1059,W102,2025-09-02 21:55:00,2,Completed,4992.24
O1002505,C100482,P1003,W107,2025-03-07 09:10:00,3,Completed,27841.62
O1002506,C100951,P1092,W105,2025-07-19 14:25:00,1,Completed,6865.91
O1002507,C100547,P1052,W101,2025-06-29 16:35:00,4,Completed,38468.04
O1002508,C100832,P1079,W106,2025-06-13 09:40:00,4,Completed,57390.24
O1002509,C100126,P1028,W104,2025-08-27 08:37:00,4,Completed,25364.6
O1002510,C100397,P1084,W101,2025-10-30 21:45:00,4,Shipped,46569.24
O1002511,C100184,P1037,W107,2025-04-26 11:46:00,2,Completed,17419.24
O1002512,C100057,P1093,W105,2025-11-07 11:23:00,2,Completed,39969.22
O1002513,C100992,P1053,W105,2025-03-09 12:52:00,1,Completed,19180.93
O1002514,C100518,P1064,W105,2025-04-17 09:00:00,4,Completed,19697.32
O1002515,C100354,P1021,W101,2025-04-24 10:03:00,4,Completed,74100.48
O1002516,C100377,P1100,W103,2025-12-14 08:20:00,1,Completed,20071.07
O1002517,C100241,P1020,W106,2025-02-13 15:29:00,4,Completed,77365.24
O1002518,C100123,P1004,W103,2025-05-25 14:29:00,1,Completed,17625.81
O1002519,C100914,P1044,W108,2025-06-04 11:50:00,4,Cancelled,79425.2
O1002520,C100106,P1084,W103,2025-10-20 20:51:00,1,Completed,11642.31
O1002521,C100385,P1093,W104,2025-06-27 12:16:00,3,Completed,59953.83
O1002522,C100154,P1086,W104,2025-12-19 08:14:00,4,Processing,66501.64
O1002523,C100930,P1056,W101,2025-09-28 09:23:00,4,Processing,86182.48
O1002524,C100206,P1092,W107,2025-09-14 18:09:00,1,Completed,6865.91
O1002525,C100394,P1050,W102,2025-10-02 15:27:00,1,Completed,14826.4
O1002526,C100754,P1048,W104,2025-02-28 11:38:00,1,Completed,14921.68
O1002527,C100571,P1019,W108,2025-06-13 11:27:00,4,Completed,57173.28
O1002528,C100382,P1079,W108,2025-08-02 11:04:00,1,Completed,14347.56
O1002529,C100564,P1032,W102,2025-03-18 13:54:00,2,Completed,19487.62
O1002530,C100437,P1020,W104,2025-02-13 17:51:00,2,Completed,38682.62
O1002531,C100290,P1037,W105,2025-02-19 16:56:00,2,Completed,17419.24
O1002532,C100599,P1061,W106,2025-10-16 18:28:00,2,Shipped,37282.98
O1002533,C100366,P1028,W103,2025-08-28 08:34:00,2,Completed,12682.3
O1002534,C100961,P1036,W105,2025-04-13 15:49:00,1,Cancelled,8950.84
O1002535,C100464,P1034,W107,2025-09-27 18:42:00,2,Completed,24995.6
O1002536,C100757,P1060,W107,2025-09-11 10:49:00,4,Cancelled,19572.52
O1002537,C100235,P1072,W107,2025-10-26 16:09:00,1,Shipped,10483.19
O1002538,C100646,P1068,W108,2025-11-29 08:05:00,4,Completed,6811.8
O1002539,C100560,P1015,W107,2025-11-19 20:44:00,2,Completed,13084.58
O1002540,C100744,P1035,W105,2025-03-08 18:19:00,2,Completed,20222.8
O1002541,C100462,P1065,W108,2025-10-08 16:43:00,2,Shipped,17615.46
O1002542,C100720,P1022,W104,2025-05-24 16:23:00,4,Completed,89481.92
O1002543,C100059,P1007,W106,2025-05-28 17:22:00,4,Completed,59070.92
O1002544,C100691,P1033,W108,2025-08-25 13:54:00,4,Shipped,76102.0
O1002545,C100754,P1068,W101,2025-08-08 21:32:00,1,Completed,1702.95
O1002546,C100497,P1067,W108,2025-06-03 10:59:00,4,Completed,73781.48
O1002547,C100035,P1013,W107,2025-12-31 19:20:00,3,Processing,28466.88
O1002548,C100567,P1068,W108,2025-03-05 18:40:00,1,Shipped,1702.95
O1002549,C100782,P1020,W107,2025-02-05 19:43:00,2,Completed,38682.62
O1002550,C100462,P1075,W102,2025-01-11 08:59:00,4,Completed,53579.68
O1002551,C100095,P1057,W103,2025-10-25 14:13:00,3,Completed,28417.56
O1002552,C100395,P1013,W101,2025-05-29 16:59:00,3,Completed,28466.88
O1002553,C100995,P1036,W105,2025-06-09 16:39:00,2,Completed,17901.68
O1002554,C100271,P1082,W104,2025-08-25 17:38:00,1,Processing,15404.57
O1002555,C100530,P1044,W104,2025-06-08 16:52:00,4,Completed,79425.2
O1002556,C100356,P1069,W106,2025-07-29 11:07:00,4,Completed,54434.56
O1002557,C100713,P1075,W107,2025-01-22 19:35:00,2,Completed,26789.84
O1002558,C100429,P1004,W101,2025-02-27 14:45:00,1,Processing,17625.81
O1002559,C100385,P1094,W108,2025-12-07 21:35:00,3,Completed,73030.5
O1002560,C100580,P1034,W103,2025-06-14 15:16:00,4,Completed,49991.2
O1002561,C100572,P1080,W107,2025-03-03 15:31:00,1,Completed,6315.19
O1002562,C100500,P1047,W105,2025-05-15 16:16:00,3,Completed,41234.04
O1002563,C100259,P1058,W104,2025-05-03 20:11:00,4,Completed,51125.84
O1002564,C100108,P1037,W102,2025-04-11 20:36:00,2,Completed,17419.24
O1002565,C100691,P1086,W102,2025-04-18 16:11:00,1,Completed,16625.41
O1002566,C100340,P1012,W106,2025-09-24 15:38:00,1,Completed,15674.49
O1002567,C100613,P1090,W103,2025-02-08 08:45:00,1,Completed,10360.38
O1002568,C100377,P1021,W102,2025-04-24 08:56:00,4,Shipped,74100.48
O1002569,C100854,P1089,W101,2025-06-20 18:18:00,2,Completed,12620.74
O1002570,C100707,P1003,W107,2025-07-17 12:49:00,1,Cancelled,9280.54
O1002571,C100404,P1002,W104,2025-11-18 14:06:00,4,Completed,56905.28
O1002572,C100333,P1010,W103,2025-12-03 16:47:00,4,Completed,31389.24
O1002573,C100750,P1055,W103,2025-04-19 11:06:00,1,Completed,10895.07
O1002574,C100008,P1027,W105,2025-07-16 12:39:00,3,Completed,39096.69
O1002575,C100058,P1060,W104,2025-01-09 08:36:00,2,Completed,9786.26
O1002576,C100085,P1082,W105,2025-08-14 18:45:00,1,Completed,15404.57
O1002577,C100346,P1003,W103,2025-02-25 15:07:00,1,Cancelled,9280.54
O1002578,C100497,P1053,W103,2025-01-27 10:39:00,3,Completed,57542.79
O1002579,C100293,P1074,W107,2025-09-03 16:20:00,4,Completed,33499.76
O1002580,C100189,P1043,W104,2025-03-07 10:00:00,4,Completed,42894.08
O1002581,C100313,P1093,W108,2025-06-24 18:55:00,3,Completed,59953.83
O1002582,C100495,P1067,W107,2025-02-06 11:14:00,4,Completed,73781.48
O1002583,C100298,P1004,W106,2025-09-30 11:47:00,1,Shipped,17625.81
O1002584,C100575,P1055,W105,2025-10-07 20:15:00,1,Processing,10895.07
O1002585,C100383,P1039,W107,2025-07-29 18:24:00,1,Processing,18584.0
O1002586,C100934,P1014,W101,2025-11-02 17:31:00,1,Completed,14168.78
O1002587,C100993,P1096,W104,2025-06-09 16:25:00,4,Completed,14809.52
O1002588,C100656,P1023,W106,2025-03-10 15:16:00,1,Completed,4649.68
O1002589,C100555,P1009,W101,2025-02-25 10:41:00,2,Completed,24763.64
O1002590,C100032,P1023,W102,2025-03-22 12:12:00,4,Completed,18598.72
O1002591,C100623,P1083,W101,2025-03-15 21:28:00,4,Completed,14025.2
O1002592,C100381,P1060,W104,2025-04-28 20:51:00,1,Completed,4893.13
O1002593,C100290,P1082,W105,2025-03-20 18:10:00,1,Shipped,15404.57
O1002594,C100794,P1047,W104,2025-08-04 20:26:00,1,Shipped,13744.68
O1002595,C100043,P1012,W101,2025-02-24 19:15:00,1,Processing,15674.49
O1002596,C100261,P1039,W104,2025-08-15 13:35:00,2,Completed,37168.0
O1002597,C100775,P1020,W108,2025-05-02 18:01:00,2,Shipped,38682.62
O1002598,C100925,P1056,W101,2025-09-08 18:32:00,4,Completed,86182.48
O1002599,C100515,P1027,W107,2025-07-07 09:56:00,2,Completed,26064.46
O1002600,C100530,P1098,W103,2025-11-27 20:47:00,2,Completed,1536.34
O1002601,C100968,P1038,W101,2025-06-10 14:54:00,2,Completed,9106.38
O1002602,C100093,P1032,W101,2025-04-18 12:23:00,3,Completed,29231.43
O1002603,C100481,P1099,W101,2025-08-04 14:38:00,2,Shipped,17758.32
O1002604,C100242,P1053,W104,2025-08-29 12:36:00,1,Completed,19180.93
O1002605,C100477,P1018,W104,2025-06-10 12:39:00,2,Processing,42541.76
O1002606,C100907,P1049,W105,2025-07-24 15:38:00,3,Completed,41964.78
O1002607,C100597,P1026,W101,2025-06-21 21:58:00,2,Shipped,19446.56
O1002608,C100992,P1072,W106,2025-04-22 13:43:00,3,Processing,31449.57
O1002609,C100506,P1058,W106,2025-04-25 11:00:00,2,Completed,25562.92
O1002610,C100864,P1074,W101,2025-11-28 18:39:00,4,Shipped,33499.76
O1002611,C100170,P1095,W106,2025-09-04 12:07:00,4,Completed,82662.88
O1002612,C100321,P1073,W101,2025-02-04 15:31:00,3,Completed,28877.13
O1002613,C100274,P1035,W104,2025-12-18 11:32:00,4,Completed,40445.6
O1002614,C100769,P1021,W106,2025-09-17 10:57:00,1,Completed,18525.12
O1002615,C100514,P1053,W107,2025-01-19 11:31:00,3,Completed,57542.79
O1002616,C100223,P1045,W105,2025-09-23 12:59:00,2,Completed,11804.0
O1002617,C100173,P1032,W104,2025-08-04 21:22:00,4,Completed,38975.24
O1002618,C100385,P1082,W107,2025-12-01 17:23:00,1,Completed,15404.57
O1002619,C100154,P1091,W102,2025-06-28 17:44:00,1,Cancelled,22319.24
O1002620,C100698,P1039,W102,2025-07-09 08:44:00,1,Processing,18584.0
O1002621,C100849,P1069,W104,2025-04-25 08:09:00,3,Completed,40825.92
O1002622,C100969,P1099,W101,2025-04-28 12:47:00,4,Completed,35516.64
O1002623,C100236,P1002,W101,2025-08-14 20:25:00,4,Completed,56905.28
O1002624,C100440,P1037,W103,2025-10-30 08:13:00,2,Completed,17419.24
O1002625,C100504,P1074,W102,2025-11-22 18:43:00,1,Completed,8374.94
O1002626,C100496,P1050,W106,2025-10-09 19:29:00,4,Shipped,59305.6
O1002627,C100454,P1080,W105,2025-08-11 11:53:00,3,Completed,18945.57
O1002628,C100221,P1048,W104,2025-07-02 09:38:00,1,Completed,14921.68
O1002629,C100112,P1007,W104,2025-05-04 10:08:00,3,Completed,44303.19
O1002630,C100404,P1044,W101,2025-10-08 09:04:00,4,Processing,79425.2
O1002631,C100093,P1041,W104,2025-04-27 19:48:00,4,Completed,51584.32
O1002632,C100064,P1085,W101,2025-04-08 19:00:00,4,Completed,21900.48
O1002633,C100525,P1015,W103,2025-11-13 17:25:00,4,Completed,26169.16
O1002634,C100859,P1016,W106,2025-08-04 09:15:00,3,Completed,28287.33
O1002635,C100541,P1015,W108,2025-05-10 21:18:00,3,Completed,19626.87
O1002636,C100024,P1057,W103,2025-11-12 17:34:00,1,Completed,9472.52
O1002637,C100841,P1100,W103,2025-12-18 19:35:00,3,Completed,60213.21
O1002638,C100684,P1062,W106,2025-04-27 13:19:00,4,Completed,38684.96
O1002639,C100304,P1082,W108,2025-07-10 10:46:00,4,Cancelled,61618.28
O1002640,C100274,P1086,W103,2025-06-26 19:30:00,4,Completed,66501.64
O1002641,C100900,P1061,W107,2025-09-14 08:43:00,1,Processing,18641.49
O1002642,C100477,P1061,W103,2025-12-14 10:33:00,1,Completed,18641.49
O1002643,C100142,P1025,W106,2025-07-20 10:09:00,4,Processing,42503.24
O1002644,C100282,P1097,W102,2025-10-19 09:10:00,4,Shipped,72074.0
O1002645,C100265,P1079,W103,2025-08-06 15:42:00,3,Completed,43042.68
O1002646,C100401,P1088,W108,2025-11-20 11:11:00,4,Completed,57373.4
O1002647,C100346,P1099,W104,2025-05-28 21:31:00,3,Completed,26637.48
O1002648,C100547,P1035,W101,2025-05-21 21:02:00,1,Shipped,10111.4
O1002649,C100324,P1015,W107,2025-06-04 10:21:00,3,Completed,19626.87
O1002650,C100641,P1086,W102,2025-12-30 19:36:00,2,Completed,33250.82
O1002651,C100493,P1048,W101,2025-08-12 08:32:00,4,Shipped,59686.72
O1002652,C100941,P1096,W107,2025-02-25 12:00:00,2,Shipped,7404.76
O1002653,C100829,P1070,W103,2025-01-15 17:14:00,1,Completed,11621.13
O1002654,C100333,P1026,W102,2025-07-09 10:53:00,2,Processing,19446.56
O1002655,C100043,P1036,W108,2025-10-22 09:05:00,2,Completed,17901.68
O1002656,C100585,P1062,W103,2025-06-24 10:11:00,4,Shipped,38684.96
O1002657,C100339,P1040,W106,2025-07-24 17:13:00,1,Completed,4393.32
O1002658,C100902,P1029,W103,2025-10-19 11:05:00,4,Completed,23699.4
O1002659,C100406,P1021,W105,2025-07-08 11:26:00,1,Completed,18525.12
O1002660,C100291,P1065,W106,2025-11-28 10:52:00,1,Shipped,8807.73
O1002661,C100340,P1004,W107,2025-08-21 20:20:00,2,Completed,35251.62
O1002662,C100866,P1010,W104,2025-09-24 20:26:00,3,Completed,23541.93
O1002663,C100113,P1005,W105,2025-10-13 19:16:00,4,Completed,3434.28
O1002664,C100958,P1074,W107,2025-08-17 08:16:00,3,Completed,25124.82
O1002665,C100234,P1003,W107,2025-01-19 11:30:00,1,Completed,9280.54
O1002666,C100848,P1042,W106,2025-06-06 20:19:00,2,Completed,35921.04
O1002667,C100545,P1013,W104,2025-02-21 15:45:00,4,Shipped,37955.84
O1002668,C100570,P1059,W105,2025-07-06 08:34:00,3,Completed,7488.36
O1002669,C100205,P1004,W108,2025-02-22 11:29:00,1,Completed,17625.81
O1002670,C100723,P1003,W102,2025-07-05 19:34:00,3,Completed,27841.62
O1002671,C100649,P1042,W106,2025-05-06 20:18:00,3,Completed,53881.56
O1002672,C100482,P1070,W107,2025-01-08 13:57:00,2,Completed,23242.26
O1002673,C100458,P1011,W104,2025-02-15 10:07:00,3,Completed,65330.37
O1002674,C100598,P1050,W107,2025-07-03 09:04:00,2,Completed,29652.8
O1002675,C100472,P1082,W104,2025-01-29 11:09:00,1,Completed,15404.57
O1002676,C100975,P1063,W107,2025-11-09 19:11:00,4,Completed,28671.12
O1002677,C100042,P1076,W106,2025-10-04 19:34:00,2,Completed,20082.06
O1002678,C100252,P1032,W101,2025-09-16 11:35:00,2,Completed,19487.62
O1002679,C100851,P1095,W107,2025-03-04 21:40:00,1,Completed,20665.72
O1002680,C100793,P1015,W106,2025-10-18 20:17:00,2,Completed,13084.58
O1002681,C100348,P1061,W102,2025-08-20 21:49:00,3,Processing,55924.47
O1002682,C100507,P1044,W106,2025-05-23 18:31:00,4,Cancelled,79425.2
O1002683,C100028,P1004,W105,2025-01-01 16:01:00,4,Completed,70503.24
O1002684,C100177,P1095,W108,2025-07-13 21:44:00,4,Completed,82662.88
O1002685,C100945,P1071,W103,2025-10-18 17:38:00,4,Completed,45556.76
O1002686,C100644,P1023,W103,2025-01-13 19:38:00,3,Completed,13949.04
O1002687,C100039,P1006,W101,2025-01-20 13:38:00,4,Completed,12446.4
O1002688,C100793,P1068,W107,2025-05-20 11:22:00,2,Cancelled,3405.9
O1002689,C100404,P1055,W108,2025-07-06 16:01:00,3,Completed,32685.21
O1002690,C100569,P1005,W106,2025-06-23 13:43:00,3,Completed,2575.71
O1002691,C100857,P1099,W103,2025-06-05 12:54:00,2,Completed,17758.32
O1002692,C100838,P1072,W108,2025-04-04 17:45:00,3,Completed,31449.57
O1002693,C100137,P1047,W103,2025-01-22 16:32:00,3,Completed,41234.04
O1002694,C100366,P1024,W106,2025-01-12 12:25:00,2,Processing,37901.9
O1002695,C100273,P1028,W105,2025-02-06 11:22:00,4,Completed,25364.6
O1002696,C100914,P1046,W107,2025-09-09 15:39:00,1,Completed,20401.87
O1002697,C100781,P1006,W108,2025-10-14 12:34:00,2,Completed,6223.2
O1002698,C100649,P1037,W103,2025-06-08 11:19:00,2,Shipped,17419.24
O1002699,C100059,P1022,W101,2025-01-29 11:06:00,4,Completed,89481.92
O1002700,C100804,P1012,W102,2025-06-01 17:16:00,3,Completed,47023.47
O1002701,C100561,P1013,W106,2025-12-26 13:48:00,4,Shipped,37955.84
O1002702,C100273,P1035,W103,2025-04-02 12:47:00,4,Cancelled,40445.6
O1002703,C100443,P1039,W102,2025-06-29 09:36:00,2,Completed,37168.0
O1002704,C100447,P1036,W107,2025-07-16 08:46:00,3,Shipped,26852.52
O1002705,C100297,P1069,W106,2025-05-01 17:43:00,1,Completed,13608.64
O1002706,C100910,P1053,W102,2025-06-09 21:32:00,1,Completed,19180.93
O1002707,C100918,P1020,W106,2025-06-22 12:32:00,2,Completed,38682.62
O1002708,C100051,P1098,W106,2025-06-23 19:48:00,2,Completed,1536.34
O1002709,C100936,P1074,W108,2025-09-19 16:25:00,3,Processing,25124.82
O1002710,C100404,P1048,W108,2025-08-01 12:15:00,3,Completed,44765.04
O1002711,C100800,P1005,W108,2025-01-20 15:56:00,1,Completed,858.57
O1002712,C100781,P1092,W108,2025-01-03 09:48:00,2,Completed,13731.82
O1002713,C100599,P1075,W107,2025-05-30 12:43:00,2,Completed,26789.84
O1002714,C100744,P1047,W106,2025-11-28 18:17:00,1,Processing,13744.68
O1002715,C100682,P1017,W105,2025-01-14 19:54:00,3,Shipped,12792.93
O1002716,C100852,P1011,W107,2025-01-26 11:05:00,4,Completed,87107.16
O1002717,C100424,P1029,W108,2025-09-05 20:45:00,4,Completed,23699.4
O1002718,C100740,P1024,W101,2025-06-14 16:28:00,4,Completed,75803.8
O1002719,C100980,P1021,W102,2025-03-26 11:12:00,4,Cancelled,74100.48
O1002720,C100948,P1041,W104,2025-03-17 18:54:00,4,Completed,51584.32
O1002721,C100148,P1005,W103,2025-08-31 20:20:00,1,Completed,858.57
O1002722,C100499,P1033,W105,2025-07-11 11:48:00,2,Completed,38051.0
O1002723,C100511,P1088,W103,2025-08-21 09:28:00,3,Processing,43030.05
O1002724,C100625,P1087,W107,2025-04-13 11:59:00,4,Completed,21851.2
O1002725,C100648,P1001,W108,2025-07-12 18:35:00,2,Shipped,18610.76
O1002726,C100848,P1068,W103,2025-11-10 08:51:00,3,Completed,5108.85
O1002727,C100533,P1100,W107,2025-04-26 12:02:00,4,Completed,80284.28
O1002728,C100702,P1058,W101,2025-05-25 12:28:00,3,Completed,38344.38
O1002729,C100900,P1040,W107,2025-03-01 08:14:00,1,Shipped,4393.32
O1002730,C100103,P1050,W106,2025-08-22 16:21:00,1,Completed,14826.4
O1002731,C100643,P1022,W106,2025-01-12 19:17:00,2,Processing,44740.96
O1002732,C100367,P1040,W104,2025-04-01 10:10:00,1,Completed,4393.32
O1002733,C100906,P1094,W101,2025-09-18 20:24:00,3,Processing,73030.5
O1002734,C100553,P1062,W107,2025-01-08 21:20:00,1,Completed,9671.24
O1002735,C100603,P1044,W101,2025-12-28 20:11:00,4,Completed,79425.2
O1002736,C100755,P1013,W104,2025-05-28 18:06:00,4,Completed,37955.84
O1002737,C100243,P1091,W102,2025-05-26 14:16:00,4,Shipped,89276.96
O1002738,C100544,P1017,W107,2025-07-15 10:51:00,3,Completed,12792.93
O1002739,C100773,P1073,W105,2025-08-22 20:46:00,1,Completed,9625.71
O1002740,C100778,P1031,W105,2025-06-17 15:25:00,4,Completed,6116.8
O1002741,C100228,P1028,W103,2025-11-19 14:19:00,1,Shipped,6341.15
O1002742,C100838,P1018,W107,2025-12-18 13:28:00,3,Completed,63812.64
O1002743,C100163,P1038,W102,2025-03-15 11:03:00,4,Completed,18212.76
O1002744,C100266,P1068,W106,2025-09-15 13:21:00,1,Completed,1702.95
O1002745,C100857,P1042,W108,2025-04-20 19:10:00,2,Completed,35921.04
O1002746,C100617,P1003,W103,2025-12-30 15:50:00,2,Completed,18561.08
O1002747,C100543,P1027,W106,2025-04-03 13:32:00,1,Shipped,13032.23
O1002748,C100558,P1017,W103,2025-04-18 09:30:00,1,Shipped,4264.31
O1002749,C100970,P1041,W108,2025-09-18 13:48:00,4,Completed,51584.32
O1002750,C100228,P1091,W108,2025-10-16 11:00:00,4,Completed,89276.96
O1002751,C100300,P1097,W103,2025-02-16 13:34:00,1,Completed,18018.5
O1002752,C100490,P1100,W102,2025-07-22 10:05:00,2,Shipped,40142.14
O1002753,C100846,P1012,W101,2025-05-07 21:16:00,2,Processing,31348.98
O1002754,C100549,P1049,W106,2025-08-12 10:26:00,1,Completed,13988.26
O1002755,C100726,P1005,W108,2025-07-23 09:44:00,1,Processing,858.57
O1002756,C100818,P1050,W102,2025-12-26 17:10:00,3,Completed,44479.2
O1002757,C100893,P1058,W107,2025-12-07 12:48:00,2,Processing,25562.92
O1002758,C100461,P1078,W107,2025-08-27 21:56:00,4,Processing,69145.4
O1002759,C100458,P1034,W104,2025-09-05 13:39:00,2,Completed,24995.6
O1002760,C100081,P1004,W102,2025-11-25 17:06:00,3,Processing,52877.43
O1002761,C100081,P1046,W106,2025-03-08 19:40:00,2,Completed,40803.74
O1002762,C100488,P1043,W105,2025-09-22 21:47:00,1,Completed,10723.52
O1002763,C100750,P1063,W107,2025-10-09 19:20:00,3,Shipped,21503.34
O1002764,C100838,P1010,W105,2025-02-16 16:04:00,3,Completed,23541.93
O1002765,C100409,P1062,W101,2025-11-18 19:24:00,3,Completed,29013.72
O1002766,C100572,P1041,W102,2025-09-13 11:57:00,1,Completed,12896.08
O1002767,C100813,P1074,W104,2025-05-07 20:10:00,3,Completed,25124.82
O1002768,C100319,P1099,W104,2025-06-26 20:12:00,3,Completed,26637.48
O1002769,C100159,P1023,W103,2025-06-28 13:22:00,2,Shipped,9299.36
O1002770,C100921,P1076,W108,2025-12-02 08:56:00,3,Processing,30123.09
O1002771,C100547,P1013,W103,2025-12-20 17:35:00,1,Shipped,9488.96
O1002772,C100156,P1099,W106,2025-10-22 09:26:00,1,Completed,8879.16
O1002773,C100252,P1049,W103,2025-08-27 08:14:00,1,Processing,13988.26
O1002774,C100327,P1075,W108,2025-02-08 21:16:00,2,Completed,26789.84
O1002775,C100202,P1078,W108,2025-11-30 15:56:00,4,Shipped,69145.4
O1002776,C100438,P1061,W107,2025-02-18 17:06:00,1,Completed,18641.49
O1002777,C100813,P1039,W107,2025-03-02 20:19:00,2,Completed,37168.0
O1002778,C100738,P1076,W106,2025-01-26 21:00:00,2,Completed,20082.06
O1002779,C100918,P1048,W105,2025-12-12 21:23:00,4,Completed,59686.72
O1002780,C100836,P1066,W105,2025-06-30 09:51:00,3,Cancelled,58925.67
O1002781,C100312,P1062,W101,2025-03-28 12:32:00,1,Completed,9671.24
O1002782,C100059,P1047,W108,2025-01-30 18:45:00,2,Processing,27489.36
O1002783,C100152,P1012,W108,2025-05-31 08:24:00,3,Completed,47023.47
O1002784,C100793,P1030,W105,2025-09-22 11:17:00,1,Completed,5899.82
O1002785,C100341,P1094,W107,2025-12-30 15:12:00,1,Completed,24343.5
O1002786,C100721,P1053,W104,2025-07-21 12:48:00,3,Processing,57542.79
O1002787,C100458,P1064,W101,2025-08-10 10:25:00,4,Completed,19697.32
O1002788,C100895,P1026,W107,2025-11-02 20:35:00,3,Completed,29169.84
O1002789,C100509,P1071,W105,2025-11-26 14:16:00,1,Processing,11389.19
O1002790,C100901,P1049,W108,2025-04-13 13:45:00,4,Shipped,55953.04
O1002791,C100251,P1022,W102,2025-12-29 17:12:00,1,Shipped,22370.48
O1002792,C100778,P1015,W104,2025-07-09 17:23:00,4,Completed,26169.16
O1002793,C100524,P1040,W106,2025-12-06 14:53:00,2,Completed,8786.64
O1002794,C100191,P1057,W102,2025-02-12 20:25:00,2,Completed,18945.04
O1002795,C100234,P1029,W108,2025-02-05 12:08:00,4,Completed,23699.4
O1002796,C100314,P1025,W105,2025-11-19 20:11:00,2,Completed,21251.62
O1002797,C100155,P1027,W102,2025-09-03 20:09:00,3,Shipped,39096.69
O1002798,C100937,P1030,W106,2025-03-05 08:07:00,3,Processing,17699.46
O1002799,C100213,P1074,W108,2025-11-23 18:33:00,1,Completed,8374.94
O1002800,C100599,P1050,W103,2025-02-07 10:12:00,4,Shipped,59305.6
O1002801,C100571,P1047,W105,2025-09-07 14:47:00,2,Completed,27489.36
O1002802,C100539,P1017,W106,2025-03-16 20:51:00,2,Completed,8528.62
O1002803,C100628,P1055,W102,2025-01-26 10:44:00,2,Shipped,21790.14
O1002804,C100916,P1097,W105,2025-10-22 15:52:00,4,Completed,72074.0
O1002805,C100968,P1075,W105,2025-11-06 18:53:00,3,Completed,40184.76
O1002806,C100875,P1045,W103,2025-02-08 14:43:00,3,Processing,17706.0
O1002807,C100460,P1031,W103,2025-02-03 09:05:00,3,Completed,4587.6
O1002808,C100728,P1036,W106,2025-08-13 08:54:00,2,Completed,17901.68
O1002809,C100186,P1003,W107,2025-01-11 15:15:00,3,Completed,27841.62
O1002810,C100883,P1003,W104,2025-09-30 08:21:00,4,Completed,37122.16
O1002811,C100196,P1078,W102,2025-12-01 08:12:00,1,Completed,17286.35
O1002812,C100114,P1085,W107,2025-10-02 21:20:00,1,Completed,5475.12
O1002813,C100829,P1097,W102,2025-03-26 15:27:00,1,Completed,18018.5
O1002814,C100758,P1063,W101,2025-03-11 14:38:00,4,Shipped,28671.12
O1002815,C100139,P1093,W103,2025-09-06 09:24:00,3,Processing,59953.83
O1002816,C100966,P1042,W107,2025-01-23 19:00:00,2,Completed,35921.04
O1002817,C100112,P1026,W107,2025-07-16 15:08:00,1,Shipped,9723.28
O1002818,C100049,P1025,W103,2025-06-13 11:04:00,3,Completed,31877.43
O1002819,C100956,P1024,W105,2025-09-29 18:32:00,3,Completed,56852.85
O1002820,C100224,P1075,W108,2025-03-15 11:19:00,3,Completed,40184.76
O1002821,C100235,P1001,W106,2025-10-06 15:02:00,3,Completed,27916.14
O1002822,C100794,P1095,W107,2025-09-13 15:50:00,1,Cancelled,20665.72
O1002823,C100608,P1078,W101,2025-03-29 11:54:00,3,Shipped,51859.05
O1002824,C100521,P1039,W102,2025-05-11 20:15:00,3,Processing,55752.0
O1002825,C100989,P1071,W101,2025-01-25 17:50:00,2,Completed,22778.38
O1002826,C100087,P1014,W108,2025-06-14 12:02:00,2,Completed,28337.56
O1002827,C100926,P1044,W103,2025-04-06 10:11:00,3,Completed,59568.9
O1002828,C100268,P1011,W104,2025-02-11 12:36:00,2,Completed,43553.58
O1002829,C100623,P1012,W105,2025-07-24 14:30:00,4,Shipped,62697.96
O1002830,C100325,P1001,W105,2025-07-27 15:42:00,1,Shipped,9305.38
O1002831,C100294,P1080,W101,2025-02-01 13:36:00,1,Processing,6315.19
O1002832,C100322,P1075,W108,2025-03-09 08:33:00,4,Processing,53579.68
O1002833,C100560,P1090,W104,2025-01-31 17:27:00,3,Completed,31081.14
O1002834,C100878,P1099,W108,2025-09-05 13:18:00,4,Processing,35516.64
O1002835,C100113,P1097,W107,2025-05-04 12:41:00,1,Processing,18018.5
O1002836,C100663,P1100,W106,2025-01-26 15:47:00,1,Completed,20071.07
O1002837,C100861,P1002,W106,2025-03-11 19:41:00,4,Completed,56905.28
O1002838,C100735,P1079,W108,2025-12-23 08:04:00,4,Completed,57390.24
O1002839,C100981,P1073,W103,2025-04-04 21:27:00,4,Completed,38502.84
O1002840,C100014,P1017,W103,2025-09-07 16:55:00,4,Completed,17057.24
O1002841,C100363,P1014,W106,2025-06-20 15:39:00,1,Processing,14168.78
O1002842,C100428,P1098,W102,2025-03-08 08:42:00,1,Cancelled,768.17
O1002843,C100536,P1089,W107,2025-04-23 17:57:00,2,Processing,12620.74
O1002844,C100318,P1033,W101,2025-01-06 18:04:00,4,Completed,76102.0
O1002845,C100254,P1008,W108,2025-09-30 15:50:00,3,Completed,13529.01
O1002846,C100852,P1034,W103,2025-05-03 19:13:00,1,Completed,12497.8
O1002847,C100233,P1001,W101,2025-07-02 19:44:00,3,Completed,27916.14
O1002848,C100954,P1069,W105,2025-02-25 19:44:00,4,Completed,54434.56
O1002849,C100038,P1039,W103,2025-10-28 12:34:00,1,Processing,18584.0
O1002850,C100424,P1005,W103,2025-03-21 17:25:00,3,Shipped,2575.71
O1002851,C100610,P1098,W104,2025-07-26 08:48:00,3,Shipped,2304.51
O1002852,C100974,P1083,W105,2025-11-15 15:51:00,4,Completed,14025.2
O1002853,C100765,P1091,W102,2025-09-18 10:02:00,3,Completed,66957.72
O1002854,C100015,P1100,W101,2025-08-09 12:18:00,2,Completed,40142.14
O1002855,C100749,P1002,W104,2025-11-21 17:28:00,4,Completed,56905.28
O1002856,C100326,P1078,W103,2025-03-06 13:56:00,2,Processing,34572.7
O1002857,C100860,P1079,W105,2025-12-18 20:05:00,3,Completed,43042.68
O1002858,C100775,P1079,W106,2025-07-23 09:13:00,4,Completed,57390.24
O1002859,C100192,P1027,W105,2025-05-30 21:36:00,3,Processing,39096.69
O1002860,C100361,P1040,W101,2025-04-04 17:53:00,3,Completed,13179.96
O1002861,C100822,P1093,W108,2025-09-29 14:01:00,4,Completed,79938.44
O1002862,C100921,P1007,W106,2025-12-23 08:20:00,3,Processing,44303.19
O1002863,C100604,P1065,W101,2025-09-09 08:35:00,2,Shipped,17615.46
O1002864,C100219,P1080,W107,2025-01-12 13:47:00,3,Shipped,18945.57
O1002865,C100390,P1080,W108,2025-06-21 16:00:00,2,Completed,12630.38
O1002866,C100796,P1060,W105,2025-09-25 15:05:00,3,Completed,14679.39
O1002867,C100599,P1077,W107,2025-05-26 12:09:00,1,Completed,10519.05
O1002868,C100202,P1091,W108,2025-10-10 17:06:00,1,Completed,22319.24
O1002869,C100286,P1077,W108,2025-09-16 16:35:00,2,Completed,21038.1
O1002870,C100198,P1012,W108,2025-01-25 12:48:00,1,Completed,15674.49
O1002871,C100470,P1025,W102,2025-07-23 12:33:00,3,Completed,31877.43
O1002872,C100446,P1031,W101,2025-03-04 14:11:00,1,Completed,1529.2
O1002873,C100542,P1035,W106,2025-06-27 18:24:00,2,Completed,20222.8
O1002874,C100945,P1037,W106,2025-05-21 16:13:00,1,Completed,8709.62
O1002875,C100652,P1022,W105,2025-10-22 09:46:00,4,Processing,89481.92
O1002876,C100586,P1069,W102,2025-11-13 20:55:00,4,Completed,54434.56
O1002877,C100367,P1012,W108,2025-06-18 10:49:00,1,Completed,15674.49
O1002878,C100636,P1079,W104,2025-07-16 17:24:00,2,Completed,28695.12
O1002879,C100956,P1066,W106,2025-08-17 08:14:00,4,Completed,78567.56
O1002880,C100010,P1097,W105,2025-08-28 11:33:00,2,Completed,36037.0
O1002881,C100350,P1001,W108,2025-08-20 15:54:00,4,Completed,37221.52
O1002882,C100057,P1030,W106,2025-10-13 19:51:00,1,Completed,5899.82
O1002883,C100204,P1090,W106,2025-12-25 15:52:00,2,Completed,20720.76
O1002884,C100067,P1050,W107,2025-10-30 08:46:00,4,Completed,59305.6
O1002885,C100593,P1057,W101,2025-02-19 21:22:00,1,Completed,9472.52
O1002886,C100820,P1003,W106,2025-06-23 11:48:00,1,Completed,9280.54
O1002887,C100941,P1077,W105,2025-06-18 13:06:00,3,Completed,31557.15
O1002888,C100237,P1026,W107,2025-07-05 09:30:00,1,Completed,9723.28
O1002889,C100700,P1097,W102,2025-07-12 17:44:00,2,Completed,36037.0
O1002890,C100329,P1038,W105,2025-09-20 14:15:00,4,Processing,18212.76
O1002891,C100316,P1019,W103,2025-06-03 11:04:00,4,Completed,57173.28
O1002892,C100610,P1060,W101,2025-04-07 16:55:00,1,Completed,4893.13
O1002893,C100680,P1048,W105,2025-06-17 10:44:00,2,Completed,29843.36
O1002894,C100584,P1048,W101,2025-11-08 15:26:00,4,Completed,59686.72
O1002895,C100100,P1095,W101,2025-04-24 17:17:00,2,Completed,41331.44
O1002896,C100411,P1037,W105,2025-01-08 19:21:00,2,Processing,17419.24
O1002897,C100286,P1040,W108,2025-12-23 17:43:00,3,Completed,13179.96
O1002898,C100005,P1063,W106,2025-03-13 15:56:00,4,Completed,28671.12
O1002899,C100041,P1018,W101,2025-08-09 08:28:00,1,Shipped,21270.88
O1002900,C100450,P1083,W101,2025-10-20 11:15:00,1,Completed,3506.3
O1002901,C100101,P1023,W104,2025-04-11 16:05:00,1,Completed,4649.68
O1002902,C100739,P1025,W104,2025-05-05 15:30:00,2,Processing,21251.62
O1002903,C100057,P1002,W101,2025-04-13 15:28:00,2,Completed,28452.64
O1002904,C100236,P1035,W103,2025-02-24 18:17:00,2,Completed,20222.8
O1002905,C100986,P1059,W102,2025-02-25 20:40:00,2,Processing,4992.24
O1002906,C100709,P1071,W105,2025-03-10 15:02:00,3,Completed,34167.57
O1002907,C100558,P1090,W106,2025-06-17 09:53:00,2,Shipped,20720.76
O1002908,C100016,P1078,W104,2025-07-13 14:11:00,4,Completed,69145.4
O1002909,C100044,P1033,W105,2025-01-06 11:32:00,2,Completed,38051.0
O1002910,C100909,P1083,W102,2025-11-05 15:24:00,1,Completed,3506.3
O1002911,C100800,P1020,W107,2025-09-04 16:15:00,4,Shipped,77365.24
O1002912,C100951,P1021,W101,2025-01-26 15:40:00,3,Completed,55575.36
O1002913,C100809,P1036,W105,2025-11-04 16:08:00,1,Completed,8950.84
O1002914,C100003,P1054,W103,2025-01-12 12:20:00,1,Completed,13325.54
O1002915,C100806,P1021,W104,2025-07-24 10:28:00,1,Completed,18525.12
O1002916,C100458,P1091,W105,2025-06-19 19:57:00,4,Completed,89276.96
O1002917,C100693,P1028,W106,2025-07-03 13:37:00,3,Processing,19023.45
O1002918,C100414,P1040,W108,2025-12-16 10:54:00,4,Completed,17573.28
O1002919,C100722,P1061,W105,2025-12-05 21:56:00,2,Completed,37282.98
O1002920,C100842,P1043,W102,2025-04-12 08:27:00,1,Completed,10723.52
O1002921,C100975,P1041,W105,2025-07-31 12:50:00,2,Completed,25792.16
O1002922,C100541,P1099,W105,2025-12-17 18:22:00,1,Completed,8879.16
O1002923,C100280,P1044,W107,2025-09-24 13:45:00,1,Completed,19856.3
O1002924,C100612,P1012,W105,2025-11-21 19:47:00,4,Processing,62697.96
O1002925,C100500,P1074,W107,2025-06-08 13:01:00,2,Completed,16749.88
O1002926,C100203,P1071,W106,2025-04-14 16:59:00,4,Completed,45556.76
O1002927,C100725,P1022,W105,2025-07-06 13:59:00,3,Completed,67111.44
O1002928,C100078,P1086,W103,2025-10-26 14:33:00,3,Completed,49876.23
O1002929,C100404,P1040,W103,2025-12-06 14:58:00,4,Shipped,17573.28
O1002930,C100693,P1016,W101,2025-09-08 21:39:00,2,Shipped,18858.22
O1002931,C100922,P1018,W105,2025-09-15 18:38:00,2,Completed,42541.76
O1002932,C100621,P1072,W108,2025-07-06 13:11:00,4,Shipped,41932.76
O1002933,C100980,P1022,W101,2025-04-27 13:49:00,4,Completed,89481.92
O1002934,C100833,P1047,W108,2025-06-04 13:40:00,2,Completed,27489.36
O1002935,C100237,P1074,W107,2025-07-01 18:18:00,4,Completed,33499.76
O1002936,C100845,P1086,W104,2025-10-25 16:16:00,4,Shipped,66501.64
O1002937,C100337,P1049,W103,2025-07-22 15:28:00,1,Completed,13988.26
O1002938,C100632,P1091,W105,2025-10-17 14:01:00,4,Completed,89276.96
O1002939,C100201,P1031,W107,2025-01-10 13:34:00,1,Processing,1529.2
O1002940,C100539,P1088,W101,2025-10-04 15:46:00,4,Completed,57373.4
O1002941,C100680,P1026,W104,2025-07-05 19:38:00,4,Completed,38893.12
O1002942,C100915,P1007,W101,2025-12-31 21:31:00,4,Completed,59070.92
O1002943,C100944,P1073,W106,2025-06-22 08:51:00,2,Completed,19251.42
O1002944,C100802,P1076,W101,2025-06-24 11:19:00,4,Completed,40164.12
O1002945,C100559,P1093,W103,2025-02-16 17:35:00,3,Completed,59953.83
O1002946,C100883,P1093,W106,2025-10-22 10:04:00,1,Completed,19984.61
O1002947,C100107,P1011,W107,2025-09-14 16:32:00,4,Completed,87107.16
O1002948,C100996,P1063,W102,2025-11-11 13:55:00,4,Shipped,28671.12
O1002949,C100204,P1071,W105,2025-02-03 10:40:00,2,Shipped,22778.38
O1002950,C100404,P1061,W102,2025-03-19 15:03:00,1,Completed,18641.49
O1002951,C100908,P1002,W105,2025-11-17 15:07:00,3,Completed,42678.96
O1002952,C100717,P1005,W101,2025-01-16 17:59:00,2,Completed,1717.14
O1002953,C100850,P1068,W107,2025-07-05 19:33:00,3,Shipped,5108.85
O1002954,C100689,P1086,W101,2025-05-28 21:22:00,2,Processing,33250.82
O1002955,C100602,P1018,W105,2025-12-09 14:08:00,1,Shipped,21270.88
O1002956,C100175,P1005,W104,2025-11-09 17:38:00,1,Shipped,858.57
O1002957,C100997,P1041,W102,2025-11-24 19:01:00,3,Processing,38688.24
O1002958,C100637,P1032,W105,2025-04-16 21:49:00,2,Completed,19487.62
O1002959,C100669,P1099,W102,2025-08-03 17:06:00,1,Completed,8879.16
O1002960,C100429,P1093,W105,2025-09-13 11:26:00,3,Completed,59953.83
O1002961,C100953,P1056,W106,2025-12-20 12:47:00,4,Completed,86182.48
O1002962,C100451,P1095,W104,2025-01-03 10:55:00,1,Shipped,20665.72
O1002963,C100191,P1023,W103,2025-12-23 10:46:00,1,Completed,4649.68
O1002964,C100181,P1100,W104,2025-05-10 12:17:00,2,Completed,40142.14
O1002965,C100699,P1045,W108,2025-02-16 14:58:00,4,Completed,23608.0
O1002966,C100745,P1048,W107,2025-08-13 19:01:00,2,Completed,29843.36
O1002967,C100206,P1006,W101,2025-10-13 12:04:00,4,Completed,12446.4
O1002968,C100698,P1018,W103,2025-02-17 10:36:00,3,Completed,63812.64
O1002969,C100998,P1020,W101,2025-01-15 09:46:00,4,Completed,77365.24
O1002970,C100533,P1049,W102,2025-11-24 10:44:00,3,Completed,41964.78
O1002971,C100971,P1019,W107,2025-12-07 14:03:00,2,Completed,28586.64
O1002972,C100157,P1011,W107,2025-02-27 13:45:00,3,Completed,65330.37
O1002973,C100403,P1061,W104,2025-11-26 13:35:00,1,Completed,18641.49
O1002974,C100557,P1088,W106,2025-11-29 12:26:00,4,Cancelled,57373.4
O1002975,C100359,P1007,W103,2025-12-31 14:20:00,1,Completed,14767.73
O1002976,C100101,P1057,W104,2025-03-20 17:03:00,3,Completed,28417.56
O1002977,C100459,P1097,W107,2025-07-31 08:37:00,3,Processing,54055.5
O1002978,C100340,P1041,W103,2025-12-29 20:27:00,1,Processing,12896.08
O1002979,C100204,P1019,W103,2025-11-26 12:16:00,2,Completed,28586.64
O1002980,C100373,P1008,W102,2025-08-09 09:56:00,3,Completed,13529.01
O1002981,C100419,P1094,W102,2025-03-13 10:26:00,4,Shipped,97374.0
O1002982,C100884,P1041,W101,2025-01-31 15:39:00,2,Completed,25792.16
O1002983,C100492,P1011,W107,2025-04-05 15:17:00,1,Shipped,21776.79
O1002984,C100416,P1087,W107,2025-01-24 09:14:00,1,Completed,5462.8
O1002985,C100390,P1081,W104,2025-03-13 14:59:00,3,Processing,43608.75
O1002986,C100599,P1071,W105,2025-01-28 11:06:00,4,Processing,45556.76
O1002987,C100276,P1009,W102,2025-10-06 20:45:00,2,Shipped,24763.64
O1002988,C100875,P1009,W101,2025-08-04 12:19:00,1,Processing,12381.82
O1002989,C100419,P1022,W105,2025-07-09 21:59:00,1,Completed,22370.48
O1002990,C100426,P1016,W102,2025-10-23 16:06:00,4,Completed,37716.44
O1002991,C100064,P1054,W107,2025-05-30 21:30:00,3,Completed,39976.62
O1002992,C100884,P1040,W103,2025-05-28 15:46:00,1,Completed,4393.32
O1002993,C100472,P1077,W106,2025-03-17 09:45:00,2,Completed,21038.1
O1002994,C100137,P1011,W103,2025-06-12 17:00:00,3,Completed,65330.37
O1002995,C100172,P1073,W102,2025-03-05 14:41:00,3,Completed,28877.13
O1002996,C100365,P1094,W105,2025-08-04 19:27:00,2,Completed,48687.0
O1002997,C100781,P1014,W102,2025-12-31 13:28:00,3,Shipped,42506.34
O1002998,C100095,P1066,W104,2025-07-14 10:37:00,4,Processing,78567.56
O1002999,C100121,P1051,W103,2025-04-20 09:35:00,4,Completed,75239.56
O1003000,C100561,P1010,W108,2025-09-09 18:24:00,4,Shipped,31389.24
O1003001,C100500,P1030,W105,2025-10-27 11:15:00,2,Completed,11799.64
O1003002,C100958,P1079,W106,2025-06-22 17:20:00,1,Completed,14347.56
O1003003,C100753,P1087,W105,2025-04-02 09:52:00,2,Processing,10925.6
O1003004,C100657,P1037,W108,2025-09-18 09:06:00,1,Completed,8709.62
O1003005,C100336,P1011,W104,2025-03-10 17:56:00,3,Completed,65330.37
O1003006,C100627,P1025,W107,2025-12-31 12:49:00,3,Processing,31877.43
O1003007,C100585,P1085,W108,2025-04-27 15:56:00,2,Completed,10950.24
O1003008,C100279,P1057,W108,2025-05-08 08:23:00,1,Completed,9472.52
O1003009,C100371,P1044,W106,2025-09-23 10:37:00,3,Completed,59568.9
O1003010,C100932,P1002,W108,2025-01-05 09:15:00,1,Completed,14226.32
O1003011,C100539,P1079,W106,2025-03-16 11:55:00,2,Completed,28695.12
O1003012,C100472,P1047,W103,2025-02-15 11:58:00,4,Shipped,54978.72
O1003013,C100797,P1055,W102,2025-05-23 13:14:00,4,Completed,43580.28
O1003014,C100268,P1085,W102,2025-07-22 11:24:00,3,Completed,16425.36
O1003015,C100220,P1057,W105,2025-03-07 14:23:00,2,Completed,18945.04
O1003016,C100988,P1093,W102,2025-05-06 20:36:00,1,Completed,19984.61
O1003017,C100804,P1056,W102,2025-10-09 09:12:00,3,Completed,64636.86
O1003018,C100424,P1035,W106,2025-12-10 20:30:00,2,Cancelled,20222.8
O1003019,C100947,P1093,W103,2025-01-06 13:46:00,3,Shipped,59953.83
O1003020,C100372,P1065,W106,2025-08-18 16:05:00,1,Completed,8807.73
O1003021,C100676,P1077,W108,2025-01-10 17:24:00,4,Completed,42076.2
O1003022,C100035,P1023,W101,2025-07-09 18:17:00,4,Shipped,18598.72
O1003023,C100698,P1068,W106,2025-11-18 21:12:00,2,Completed,3405.9
O1003024,C100179,P1057,W107,2025-10-19 21:59:00,1,Completed,9472.52
O1003025,C100242,P1011,W102,2025-03-26 09:22:00,2,Completed,43553.58
O1003026,C100810,P1026,W107,2025-04-05 13:44:00,2,Completed,19446.56
O1003027,C100206,P1092,W105,2025-10-13 15:32:00,4,Processing,27463.64
O1003028,C100483,P1058,W106,2025-10-27 15:18:00,1,Completed,12781.46
O1003029,C100921,P1078,W101,2025-04-13 21:52:00,1,Completed,17286.35
O1003030,C100955,P1018,W104,2025-01-02 17:06:00,4,Completed,85083.52
O1003031,C100444,P1022,W103,2025-06-12 13:38:00,1,Processing,22370.48
O1003032,C100084,P1095,W102,2025-08-15 20:53:00,1,Completed,20665.72
O1003033,C100287,P1043,W107,2025-06-11 18:13:00,4,Shipped,42894.08
O1003034,C100616,P1089,W105,2025-12-08 19:09:00,3,Shipped,18931.11
O1003035,C100337,P1081,W108,2025-10-24 16:47:00,2,Processing,29072.5
O1003036,C100720,P1034,W102,2025-10-15 08:54:00,2,Completed,24995.6
O1003037,C100993,P1095,W106,2025-01-08 21:35:00,3,Shipped,61997.16
O1003038,C100622,P1078,W105,2025-11-08 17:58:00,4,Completed,69145.4
O1003039,C100625,P1013,W106,2025-10-03 10:05:00,2,Processing,18977.92
O1003040,C100530,P1010,W103,2025-05-25 11:31:00,1,Completed,7847.31
O1003041,C100187,P1013,W106,2025-08-04 12:46:00,1,Completed,9488.96
O1003042,C100579,P1075,W102,2025-10-28 11:34:00,4,Completed,53579.68
O1003043,C100932,P1015,W107,2025-11-27 16:41:00,4,Shipped,26169.16
O1003044,C100690,P1029,W104,2025-07-21 15:39:00,4,Completed,23699.4
O1003045,C100753,P1044,W104,2025-01-16 10:58:00,3,Completed,59568.9
O1003046,C100864,P1014,W105,2025-08-14 17:44:00,1,Shipped,14168.78
O1003047,C100388,P1034,W101,2025-09-06 12:00:00,1,Completed,12497.8
O1003048,C100337,P1068,W103,2025-01-22 10:13:00,1,Completed,1702.95
O1003049,C100970,P1098,W102,2025-10-26 21:23:00,2,Completed,1536.34
O1003050,C100460,P1047,W108,2025-03-15 12:24:00,4,Processing,54978.72
O1003051,C100734,P1075,W104,2025-11-22 11:15:00,3,Completed,40184.76
O1003052,C100636,P1054,W101,2025-07-21 18:01:00,2,Completed,26651.08
O1003053,C100124,P1047,W101,2025-04-28 18:41:00,3,Processing,41234.04
O1003054,C100315,P1053,W108,2025-01-22 10:07:00,4,Shipped,76723.72
O1003055,C100327,P1096,W102,2025-01-07 08:46:00,2,Completed,7404.76
O1003056,C100179,P1006,W101,2025-09-28 19:53:00,4,Completed,12446.4
O1003057,C100780,P1052,W102,2025-05-18 15:03:00,1,Completed,9617.01
O1003058,C100967,P1006,W102,2025-11-03 14:23:00,2,Completed,6223.2
O1003059,C100967,P1088,W101,2025-03-26 13:53:00,1,Completed,14343.35
O1003060,C100195,P1061,W108,2025-12-02 16:12:00,1,Processing,18641.49
O1003061,C100450,P1005,W101,2025-12-10 17:25:00,1,Completed,858.57
O1003062,C100233,P1063,W106,2025-02-07 09:07:00,2,Completed,14335.56
O1003063,C100063,P1044,W107,2025-08-25 11:42:00,3,Completed,59568.9
O1003064,C100619,P1005,W106,2025-12-09 21:21:00,3,Processing,2575.71
O1003065,C100860,P1098,W102,2025-04-28 10:20:00,2,Completed,1536.34
O1003066,C100078,P1038,W106,2025-01-25 20:42:00,2,Completed,9106.38
O1003067,C100642,P1003,W103,2025-11-16 13:37:00,1,Completed,9280.54
O1003068,C100035,P1062,W104,2025-06-23 10:39:00,3,Cancelled,29013.72
O1003069,C100844,P1038,W103,2025-01-10 16:19:00,4,Completed,18212.76
O1003070,C100065,P1066,W107,2025-11-03 17:17:00,3,Completed,58925.67
O1003071,C100436,P1017,W105,2025-09-05 12:53:00,4,Processing,17057.24
O1003072,C100124,P1083,W102,2025-01-26 19:06:00,4,Completed,14025.2
O1003073,C100413,P1043,W104,2025-04-05 08:53:00,4,Completed,42894.08
O1003074,C100430,P1043,W107,2025-01-07 09:42:00,1,Completed,10723.52
O1003075,C100540,P1081,W108,2025-12-15 16:42:00,1,Completed,14536.25
O1003076,C100830,P1055,W108,2025-01-10 16:05:00,2,Completed,21790.14
O1003077,C100997,P1001,W102,2025-10-18 17:47:00,1,Completed,9305.38
O1003078,C100342,P1058,W107,2025-07-06 19:54:00,1,Completed,12781.46
O1003079,C100924,P1065,W105,2025-08-01 21:01:00,1,Processing,8807.73
O1003080,C100428,P1032,W106,2025-10-24 15:05:00,1,Shipped,9743.81
O1003081,C100119,P1019,W104,2025-11-23 15:01:00,2,Completed,28586.64
O1003082,C100601,P1006,W106,2025-02-16 20:55:00,2,Completed,6223.2
O1003083,C100723,P1085,W103,2025-01-07 21:27:00,4,Completed,21900.48
O1003084,C100303,P1001,W105,2025-02-15 08:40:00,4,Cancelled,37221.52
O1003085,C100590,P1059,W102,2025-09-07 15:04:00,1,Completed,2496.12
O1003086,C100433,P1084,W104,2025-07-27 20:52:00,2,Completed,23284.62
O1003087,C100146,P1036,W104,2025-01-31 08:42:00,3,Shipped,26852.52
O1003088,C100387,P1021,W107,2025-03-27 21:40:00,2,Completed,37050.24
O1003089,C100428,P1072,W106,2025-07-16 18:29:00,2,Completed,20966.38
O1003090,C100342,P1064,W106,2025-09-24 10:10:00,3,Completed,14772.99
O1003091,C100916,P1002,W103,2025-05-06 16:58:00,2,Processing,28452.64
O1003092,C100389,P1058,W104,2025-12-13 14:01:00,3,Shipped,38344.38
O1003093,C100627,P1001,W104,2025-12-29 12:40:00,1,Completed,9305.38
O1003094,C100012,P1040,W107,2025-10-07 16:41:00,2,Completed,8786.64
O1003095,C100314,P1031,W102,2025-06-15 18:17:00,2,Shipped,3058.4
O1003096,C100887,P1084,W101,2025-11-17 20:30:00,2,Completed,23284.62
O1003097,C100893,P1098,W105,2025-09-23 13:50:00,2,Completed,1536.34
O1003098,C100978,P1070,W107,2025-07-09 10:14:00,2,Shipped,23242.26
O1003099,C100057,P1074,W106,2025-06-11 20:05:00,4,Shipped,33499.76
O1003100,C100863,P1003,W107,2025-10-31 12:40:00,1,Completed,9280.54
O1003101,C100268,P1007,W104,2025-07-23 18:37:00,4,Completed,59070.92
O1003102,C100006,P1078,W102,2025-03-08 19:10:00,2,Shipped,34572.7
O1003103,C100093,P1043,W106,2025-12-31 08:49:00,3,Completed,32170.56
O1003104,C100751,P1051,W101,2025-01-25 13:44:00,1,Completed,18809.89
O1003105,C100592,P1070,W108,2025-09-11 09:11:00,4,Completed,46484.52
O1003106,C100574,P1035,W106,2025-08-28 16:28:00,3,Completed,30334.2
O1003107,C100882,P1069,W105,2025-08-02 19:07:00,4,Completed,54434.56
O1003108,C100095,P1073,W102,2025-01-19 15:50:00,4,Shipped,38502.84
O1003109,C100083,P1025,W103,2025-06-29 12:32:00,4,Processing,42503.24
O1003110,C100933,P1069,W108,2025-11-22 21:37:00,2,Completed,27217.28
O1003111,C100607,P1017,W101,2025-03-29 09:11:00,2,Completed,8528.62
O1003112,C100777,P1032,W101,2025-09-10 09:58:00,1,Cancelled,9743.81
O1003113,C100525,P1079,W103,2025-11-10 13:07:00,3,Completed,43042.68
O1003114,C100146,P1099,W102,2025-12-14 21:16:00,4,Completed,35516.64
O1003115,C100523,P1007,W106,2025-07-08 20:31:00,3,Completed,44303.19
O1003116,C100965,P1065,W101,2025-04-25 15:53:00,3,Completed,26423.19
O1003117,C100118,P1057,W107,2025-09-13 21:19:00,2,Completed,18945.04
O1003118,C100127,P1061,W107,2025-06-27 20:39:00,3,Shipped,55924.47
O1003119,C100347,P1079,W102,2025-08-17 16:13:00,2,Completed,28695.12
O1003120,C100455,P1007,W105,2025-09-28 09:39:00,4,Completed,59070.92
O1003121,C100629,P1074,W106,2025-09-17 20:35:00,3,Shipped,25124.82
O1003122,C100159,P1028,W107,2025-03-30 16:58:00,3,Completed,19023.45
O1003123,C100934,P1016,W106,2025-10-03 09:58:00,3,Completed,28287.33
O1003124,C100151,P1045,W108,2025-07-17 19:45:00,3,Processing,17706.0
O1003125,C100201,P1003,W101,2025-12-06 13:34:00,2,Completed,18561.08
O1003126,C100968,P1064,W105,2025-08-29 19:00:00,2,Completed,9848.66
O1003127,C100377,P1057,W107,2025-11-22 11:39:00,2,Completed,18945.04
O1003128,C100573,P1052,W102,2025-12-24 08:08:00,4,Completed,38468.04
O1003129,C100435,P1004,W102,2025-12-29 14:21:00,1,Completed,17625.81
O1003130,C100260,P1077,W101,2025-09-29 14:19:00,3,Processing,31557.15
O1003131,C100507,P1004,W108,2025-08-07 20:05:00,4,Completed,70503.24
O1003132,C100777,P1027,W107,2025-02-13 09:36:00,1,Completed,13032.23
O1003133,C100012,P1040,W101,2025-05-21 20:46:00,3,Processing,13179.96
O1003134,C100876,P1071,W102,2025-06-23 10:08:00,3,Completed,34167.57
O1003135,C100185,P1041,W104,2025-10-12 21:04:00,2,Shipped,25792.16
O1003136,C100918,P1082,W108,2025-08-03 17:53:00,1,Shipped,15404.57
O1003137,C100963,P1094,W107,2025-06-10 13:02:00,3,Completed,73030.5
O1003138,C100933,P1077,W108,2025-02-23 21:23:00,3,Completed,31557.15
O1003139,C100651,P1004,W107,2025-09-19 13:01:00,4,Completed,70503.24
O1003140,C100906,P1078,W106,2025-06-07 16:52:00,1,Shipped,17286.35
O1003141,C100860,P1021,W103,2025-01-14 08:13:00,4,Completed,74100.48
O1003142,C100639,P1089,W105,2025-04-14 09:25:00,3,Shipped,18931.11
O1003143,C100892,P1098,W104,2025-11-18 12:56:00,2,Shipped,1536.34
O1003144,C100343,P1009,W108,2025-02-13 11:24:00,2,Completed,24763.64
O1003145,C100835,P1010,W104,2025-05-29 11:11:00,4,Processing,31389.24
O1003146,C100926,P1070,W107,2025-07-06 13:18:00,3,Completed,34863.39
O1003147,C100636,P1015,W102,2025-01-31 16:31:00,3,Completed,19626.87
O1003148,C100123,P1097,W106,2025-03-02 09:45:00,3,Completed,54055.5
O1003149,C100215,P1055,W104,2025-12-10 18:31:00,2,Completed,21790.14
O1003150,C100169,P1058,W104,2025-08-04 19:52:00,2,Completed,25562.92
O1003151,C100534,P1087,W107,2025-03-18 19:41:00,4,Completed,21851.2
O1003152,C100434,P1022,W104,2025-03-03 10:43:00,2,Completed,44740.96
O1003153,C100828,P1056,W101,2025-06-05 20:19:00,1,Processing,21545.62
O1003154,C100284,P1100,W104,2025-09-22 09:48:00,2,Shipped,40142.14
O1003155,C100166,P1003,W108,2025-09-24 09:29:00,1,Completed,9280.54
O1003156,C100616,P1018,W108,2025-03-13 18:09:00,3,Cancelled,63812.64
O1003157,C100139,P1015,W105,2025-09-22 18:38:00,3,Shipped,19626.87
O1003158,C100906,P1034,W106,2025-11-24 09:46:00,4,Shipped,49991.2
O1003159,C100082,P1013,W103,2025-03-24 13:49:00,3,Completed,28466.88
O1003160,C100492,P1018,W107,2025-01-10 13:44:00,2,Completed,42541.76
O1003161,C100949,P1086,W105,2025-12-16 18:07:00,3,Completed,49876.23
O1003162,C100554,P1047,W101,2025-07-10 15:13:00,3,Completed,41234.04
O1003163,C100809,P1036,W108,2025-10-11 16:24:00,3,Completed,26852.52
O1003164,C100424,P1042,W107,2025-04-27 09:07:00,4,Completed,71842.08
O1003165,C100755,P1098,W101,2025-04-20 21:40:00,1,Completed,768.17
O1003166,C100708,P1050,W104,2025-03-24 15:46:00,3,Completed,44479.2
O1003167,C100514,P1047,W106,2025-03-21 17:21:00,4,Completed,54978.72
O1003168,C100101,P1093,W106,2025-06-22 14:43:00,2,Completed,39969.22
O1003169,C100971,P1004,W102,2025-02-08 11:26:00,2,Completed,35251.62
O1003170,C100049,P1048,W101,2025-11-04 17:21:00,2,Shipped,29843.36
O1003171,C100357,P1075,W108,2025-07-06 12:02:00,2,Processing,26789.84
O1003172,C100642,P1052,W108,2025-12-01 11:04:00,4,Shipped,38468.04
O1003173,C100770,P1087,W106,2025-07-03 15:44:00,2,Shipped,10925.6
O1003174,C100535,P1089,W106,2025-04-21 12:59:00,2,Completed,12620.74
O1003175,C100402,P1034,W106,2025-07-07 20:31:00,3,Completed,37493.4
O1003176,C100408,P1082,W104,2025-02-26 17:14:00,2,Completed,30809.14
O1003177,C100976,P1025,W106,2025-10-28 13:13:00,3,Processing,31877.43
O1003178,C100334,P1024,W103,2025-09-20 08:29:00,3,Completed,56852.85
O1003179,C100855,P1098,W101,2025-02-23 12:46:00,1,Completed,768.17
O1003180,C100052,P1002,W103,2025-08-01 09:37:00,1,Shipped,14226.32
O1003181,C100660,P1036,W103,2025-07-16 11:04:00,1,Completed,8950.84
O1003182,C100681,P1063,W103,2025-03-15 11:58:00,3,Completed,21503.34
O1003183,C100676,P1042,W104,2025-02-14 17:08:00,4,Shipped,71842.08
O1003184,C100422,P1085,W102,2025-10-05 09:29:00,4,Completed,21900.48
O1003185,C100691,P1026,W104,2025-04-07 10:16:00,3,Processing,29169.84
O1003186,C100446,P1056,W104,2025-07-09 08:33:00,4,Completed,86182.48
O1003187,C100594,P1013,W102,2025-04-01 20:50:00,4,Completed,37955.84
O1003188,C100894,P1022,W104,2025-08-27 21:49:00,3,Completed,67111.44
O1003189,C100673,P1018,W106,2025-01-18 12:10:00,2,Completed,42541.76
O1003190,C100738,P1075,W104,2025-05-12 14:22:00,4,Completed,53579.68
O1003191,C100969,P1021,W101,2025-07-19 12:12:00,3,Completed,55575.36
O1003192,C100220,P1067,W106,2025-06-10 15:28:00,4,Completed,73781.48
O1003193,C100588,P1035,W105,2025-08-12 15:42:00,1,Completed,10111.4
O1003194,C100658,P1057,W104,2025-03-07 11:34:00,4,Completed,37890.08
O1003195,C100696,P1088,W101,2025-06-11 17:01:00,2,Completed,28686.7
O1003196,C100133,P1087,W101,2025-10-04 08:06:00,4,Completed,21851.2
O1003197,C100761,P1002,W101,2025-05-02 17:01:00,2,Completed,28452.64
O1003198,C100195,P1079,W107,2025-02-27 18:30:00,4,Completed,57390.24
O1003199,C100410,P1096,W103,2025-11-06 08:44:00,3,Cancelled,11107.14
O1003200,C100715,P1067,W104,2025-10-12 18:07:00,1,Completed,18445.37
O1003201,C100264,P1019,W106,2025-09-06 18:19:00,1,Shipped,14293.32
O1003202,C100126,P1067,W106,2025-10-19 21:36:00,1,Completed,18445.37
O1003203,C100676,P1064,W101,2025-10-12 19:17:00,2,Completed,9848.66
O1003204,C100281,P1067,W108,2025-09-30 08:17:00,1,Completed,18445.37
O1003205,C100827,P1043,W103,2025-07-05 09:08:00,3,Completed,32170.56
O1003206,C100899,P1053,W107,2025-01-08 09:55:00,3,Shipped,57542.79
O1003207,C100350,P1066,W107,2025-08-06 16:08:00,3,Processing,58925.67
O1003208,C100739,P1047,W105,2025-04-10 17:58:00,4,Completed,54978.72
O1003209,C100225,P1078,W102,2025-10-10 17:12:00,4,Completed,69145.4
O1003210,C100930,P1071,W105,2025-06-20 12:37:00,4,Shipped,45556.76
O1003211,C100246,P1031,W102,2025-11-27 10:48:00,3,Completed,4587.6
O1003212,C100882,P1062,W107,2025-08-06 08:53:00,4,Completed,38684.96
O1003213,C100787,P1076,W107,2025-07-20 13:14:00,4,Completed,40164.12
O1003214,C100313,P1049,W107,2025-12-02 12:12:00,4,Completed,55953.04
O1003215,C100825,P1072,W107,2025-06-23 12:15:00,2,Completed,20966.38
O1003216,C100633,P1013,W102,2025-05-18 09:13:00,3,Completed,28466.88
O1003217,C100670,P1039,W101,2025-05-16 12:04:00,4,Completed,74336.0
O1003218,C100379,P1071,W106,2025-11-16 19:43:00,2,Completed,22778.38
O1003219,C100235,P1090,W105,2025-10-04 11:22:00,3,Completed,31081.14
O1003220,C100698,P1065,W107,2025-03-01 20:16:00,3,Completed,26423.19
O1003221,C100053,P1067,W106,2025-06-29 09:12:00,1,Completed,18445.37
O1003222,C100349,P1035,W107,2025-05-16 16:54:00,1,Completed,10111.4
O1003223,C100142,P1071,W103,2025-08-25 09:30:00,3,Completed,34167.57
O1003224,C100002,P1036,W101,2025-01-20 13:23:00,4,Completed,35803.36
O1003225,C100008,P1006,W101,2025-09-18 21:21:00,3,Completed,9334.8
O1003226,C100094,P1025,W104,2025-09-29 18:45:00,3,Completed,31877.43
O1003227,C100940,P1062,W101,2025-03-24 15:11:00,1,Completed,9671.24
O1003228,C100772,P1097,W105,2025-02-24 16:50:00,1,Completed,18018.5
O1003229,C100990,P1050,W104,2025-08-18 17:14:00,3,Completed,44479.2
O1003230,C100085,P1087,W103,2025-04-04 19:05:00,3,Completed,16388.4
O1003231,C100998,P1078,W105,2025-12-10 16:18:00,1,Completed,17286.35
O1003232,C100600,P1057,W106,2025-10-10 15:09:00,3,Completed,28417.56
O1003233,C100795,P1081,W101,2025-12-15 09:03:00,1,Completed,14536.25
O1003234,C100858,P1041,W104,2025-07-15 21:25:00,4,Cancelled,51584.32
O1003235,C100263,P1045,W108,2025-12-09 15:55:00,1,Completed,5902.0
O1003236,C100742,P1074,W103,2025-01-06 12:03:00,4,Completed,33499.76
O1003237,C100648,P1064,W107,2025-04-16 09:53:00,1,Completed,4924.33
O1003238,C100414,P1053,W103,2025-01-01 16:27:00,2,Processing,38361.86
O1003239,C100492,P1044,W103,2025-09-05 18:57:00,4,Completed,79425.2
O1003240,C100209,P1098,W107,2025-07-06 19:18:00,4,Completed,3072.68
O1003241,C100186,P1007,W103,2025-04-15 20:24:00,2,Completed,29535.46
O1003242,C100923,P1006,W107,2025-04-22 20:30:00,1,Completed,3111.6
O1003243,C100732,P1048,W106,2025-08-23 16:43:00,1,Processing,14921.68
O1003244,C100567,P1004,W107,2025-03-07 21:15:00,2,Completed,35251.62
O1003245,C100695,P1035,W107,2025-07-07 09:02:00,3,Shipped,30334.2
O1003246,C100406,P1057,W108,2025-08-12 13:31:00,2,Cancelled,18945.04
O1003247,C100250,P1041,W105,2025-03-29 14:46:00,4,Completed,51584.32
O1003248,C100943,P1021,W108,2025-03-25 17:47:00,4,Shipped,74100.48
O1003249,C100990,P1029,W101,2025-05-10 12:11:00,2,Completed,11849.7
O1003250,C100216,P1061,W104,2025-08-05 12:03:00,4,Completed,74565.96
O1003251,C100802,P1096,W104,2025-04-03 20:38:00,2,Completed,7404.76
O1003252,C100443,P1079,W101,2025-05-19 17:05:00,1,Completed,14347.56
O1003253,C100708,P1055,W107,2025-07-18 16:53:00,4,Completed,43580.28
O1003254,C100109,P1014,W107,2025-03-10 10:34:00,3,Completed,42506.34
O1003255,C100480,P1025,W106,2025-07-27 15:00:00,2,Completed,21251.62
O1003256,C100125,P1045,W106,2025-02-20 13:54:00,4,Completed,23608.0
O1003257,C100815,P1025,W105,2025-02-22 16:41:00,4,Completed,42503.24
O1003258,C100399,P1069,W104,2025-03-28 20:52:00,4,Completed,54434.56
O1003259,C100264,P1037,W106,2025-04-15 11:53:00,4,Completed,34838.48
O1003260,C100700,P1084,W108,2025-01-11 19:21:00,2,Completed,23284.62
O1003261,C100955,P1027,W103,2025-12-17 16:52:00,3,Completed,39096.69
O1003262,C100339,P1050,W103,2025-04-23 14:57:00,1,Cancelled,14826.4
O1003263,C100718,P1072,W101,2025-10-21 21:18:00,3,Cancelled,31449.57
O1003264,C100690,P1021,W108,2025-11-26 10:03:00,2,Completed,37050.24
O1003265,C100490,P1077,W105,2025-10-20 17:29:00,4,Completed,42076.2
O1003266,C100806,P1059,W105,2025-10-31 13:34:00,4,Completed,9984.48
O1003267,C100128,P1065,W103,2025-02-06 17:32:00,2,Completed,17615.46
O1003268,C100878,P1046,W101,2025-05-16 09:56:00,2,Completed,40803.74
O1003269,C100405,P1094,W107,2025-09-30 18:18:00,1,Cancelled,24343.5
O1003270,C100045,P1078,W107,2025-07-30 08:57:00,3,Completed,51859.05
O1003271,C100990,P1020,W103,2025-01-03 12:53:00,2,Completed,38682.62
O1003272,C100774,P1056,W107,2025-07-27 20:41:00,4,Completed,86182.48
O1003273,C100817,P1091,W105,2025-10-21 16:51:00,4,Processing,89276.96
O1003274,C100148,P1028,W106,2025-10-30 14:52:00,2,Shipped,12682.3
O1003275,C100751,P1054,W102,2025-05-21 12:38:00,3,Completed,39976.62
O1003276,C100699,P1076,W105,2025-03-28 09:15:00,3,Completed,30123.09
O1003277,C100903,P1028,W102,2025-04-23 09:33:00,4,Shipped,25364.6
O1003278,C100372,P1052,W102,2025-04-19 18:02:00,4,Completed,38468.04
O1003279,C100928,P1056,W103,2025-05-07 11:50:00,2,Completed,43091.24
O1003280,C100708,P1018,W102,2025-04-21 09:02:00,2,Completed,42541.76
O1003281,C100254,P1018,W108,2025-06-16 14:08:00,3,Shipped,63812.64
O1003282,C100214,P1057,W101,2025-01-15 13:32:00,2,Completed,18945.04
O1003283,C100904,P1018,W108,2025-04-11 21:24:00,1,Completed,21270.88
O1003284,C100645,P1095,W102,2025-04-25 11:13:00,2,Completed,41331.44
O1003285,C100119,P1053,W107,2025-02-25 11:44:00,2,Completed,38361.86
O1003286,C100126,P1071,W103,2025-11-17 10:18:00,3,Completed,34167.57
O1003287,C100828,P1040,W108,2025-09-04 10:38:00,3,Completed,13179.96
O1003288,C100170,P1030,W105,2025-11-29 15:28:00,1,Completed,5899.82
O1003289,C100219,P1049,W104,2025-07-24 11:07:00,1,Completed,13988.26
O1003290,C100615,P1072,W102,2025-02-10 18:04:00,1,Completed,10483.19
O1003291,C100864,P1040,W104,2025-11-27 19:26:00,4,Completed,17573.28
O1003292,C100337,P1029,W105,2025-06-17 14:49:00,2,Completed,11849.7
O1003293,C100666,P1015,W108,2025-09-07 11:21:00,3,Completed,19626.87
O1003294,C100704,P1055,W103,2025-05-20 19:29:00,3,Cancelled,32685.21
O1003295,C100601,P1068,W101,2025-06-30 21:31:00,2,Completed,3405.9
O1003296,C100686,P1053,W103,2025-06-28 20:50:00,4,Completed,76723.72
O1003297,C100228,P1026,W102,2025-04-14 20:52:00,1,Completed,9723.28
O1003298,C100622,P1025,W108,2025-07-22 19:18:00,3,Completed,31877.43
O1003299,C100004,P1038,W102,2025-09-25 18:20:00,2,Completed,9106.38
O1003300,C100731,P1035,W108,2025-01-08 21:23:00,4,Shipped,40445.6
O1003301,C100793,P1021,W101,2025-02-17 12:45:00,1,Completed,18525.12
O1003302,C100794,P1095,W107,2025-11-04 21:00:00,4,Completed,82662.88
O1003303,C100030,P1033,W104,2025-07-27 08:17:00,4,Completed,76102.0
O1003304,C100912,P1026,W101,2025-12-22 19:39:00,3,Completed,29169.84
O1003305,C100435,P1061,W105,2025-08-09 12:40:00,2,Completed,37282.98
O1003306,C100081,P1081,W106,2025-08-27 12:05:00,3,Completed,43608.75
O1003307,C100535,P1047,W107,2025-11-25 17:27:00,1,Completed,13744.68
O1003308,C100572,P1067,W102,2025-08-30 10:26:00,1,Completed,18445.37
O1003309,C100403,P1010,W105,2025-05-01 21:54:00,3,Completed,23541.93
O1003310,C100749,P1054,W105,2025-07-12 18:10:00,2,Shipped,26651.08
O1003311,C100544,P1007,W104,2025-03-27 08:16:00,2,Completed,29535.46
O1003312,C100217,P1014,W108,2025-05-03 19:50:00,2,Processing,28337.56
O1003313,C100621,P1060,W104,2025-09-06 09:30:00,3,Completed,14679.39
O1003314,C100264,P1021,W104,2025-02-24 19:31:00,3,Shipped,55575.36
O1003315,C100119,P1004,W105,2025-09-03 19:22:00,3,Completed,52877.43
O1003316,C100267,P1018,W108,2025-08-02 17:00:00,4,Shipped,85083.52
O1003317,C100906,P1078,W107,2025-04-23 16:24:00,4,Completed,69145.4
O1003318,C100573,P1059,W106,2025-01-17 19:37:00,2,Completed,4992.24
O1003319,C100318,P1039,W101,2025-09-15 19:54:00,1,Completed,18584.0
O1003320,C100367,P1098,W103,2025-10-28 17:54:00,1,Processing,768.17
O1003321,C100860,P1039,W101,2025-09-24 10:23:00,3,Completed,55752.0
O1003322,C100667,P1088,W101,2025-06-03 17:18:00,4,Shipped,57373.4
O1003323,C100774,P1035,W107,2025-08-27 10:49:00,2,Shipped,20222.8
O1003324,C100611,P1003,W107,2025-06-01 08:39:00,4,Completed,37122.16
O1003325,C100993,P1012,W101,2025-05-11 10:07:00,2,Shipped,31348.98
O1003326,C100658,P1028,W104,2025-04-30 14:26:00,4,Completed,25364.6
O1003327,C100401,P1019,W103,2025-03-18 21:29:00,2,Completed,28586.64
O1003328,C100253,P1016,W101,2025-12-20 08:28:00,1,Completed,9429.11
O1003329,C100047,P1039,W104,2025-09-01 09:02:00,3,Shipped,55752.0
O1003330,C100768,P1098,W101,2025-03-05 09:17:00,3,Completed,2304.51
O1003331,C100933,P1021,W106,2025-11-12 10:40:00,2,Completed,37050.24
O1003332,C100665,P1024,W108,2025-02-25 15:34:00,2,Completed,37901.9
O1003333,C100488,P1100,W104,2025-08-05 19:29:00,3,Shipped,60213.21
O1003334,C100131,P1021,W102,2025-03-02 08:39:00,3,Completed,55575.36
O1003335,C100644,P1084,W104,2025-05-12 19:15:00,1,Completed,11642.31
O1003336,C100201,P1063,W108,2025-08-29 20:47:00,3,Completed,21503.34
O1003337,C100623,P1093,W102,2025-12-31 09:06:00,2,Completed,39969.22
O1003338,C100301,P1056,W106,2025-12-29 14:18:00,4,Completed,86182.48
O1003339,C100866,P1060,W101,2025-11-23 19:24:00,2,Shipped,9786.26
O1003340,C100937,P1023,W103,2025-03-27 17:47:00,1,Completed,4649.68
O1003341,C100235,P1058,W104,2025-02-04 10:35:00,1,Completed,12781.46
O1003342,C100327,P1068,W104,2025-11-27 10:04:00,4,Shipped,6811.8
O1003343,C100923,P1099,W102,2025-12-03 14:14:00,3,Completed,26637.48
O1003344,C100020,P1010,W107,2025-04-12 19:51:00,1,Shipped,7847.31
O1003345,C100517,P1016,W106,2025-01-07 21:16:00,3,Completed,28287.33
O1003346,C100142,P1002,W104,2025-08-25 14:41:00,1,Completed,14226.32
O1003347,C100433,P1080,W104,2025-01-28 15:24:00,4,Completed,25260.76
O1003348,C100033,P1009,W101,2025-01-15 15:49:00,4,Processing,49527.28
O1003349,C100141,P1092,W106,2025-12-09 14:51:00,4,Completed,27463.64
O1003350,C100403,P1037,W102,2025-06-30 17:04:00,2,Completed,17419.24
O1003351,C100061,P1029,W103,2025-02-10 11:49:00,1,Completed,5924.85
O1003352,C100798,P1098,W107,2025-08-27 15:33:00,2,Shipped,1536.34
O1003353,C100579,P1073,W106,2025-05-15 16:34:00,3,Completed,28877.13
O1003354,C100451,P1055,W106,2025-07-15 15:53:00,2,Completed,21790.14
O1003355,C100473,P1089,W103,2025-11-25 21:38:00,2,Completed,12620.74
O1003356,C100839,P1076,W105,2025-03-28 18:25:00,1,Completed,10041.03
O1003357,C100846,P1064,W101,2025-08-24 18:16:00,3,Completed,14772.99
O1003358,C100048,P1033,W102,2025-10-30 19:17:00,1,Processing,19025.5
O1003359,C100686,P1099,W107,2025-06-04 15:23:00,4,Completed,35516.64
O1003360,C100470,P1072,W104,2025-12-21 12:17:00,4,Completed,41932.76
O1003361,C100783,P1095,W106,2025-06-13 15:30:00,3,Processing,61997.16
O1003362,C100788,P1097,W107,2025-06-17 20:54:00,1,Cancelled,18018.5
O1003363,C100709,P1055,W108,2025-11-19 20:18:00,3,Processing,32685.21
O1003364,C100675,P1036,W101,2025-08-21 12:57:00,4,Shipped,35803.36
O1003365,C100212,P1095,W105,2025-11-14 14:45:00,3,Cancelled,61997.16
O1003366,C100853,P1100,W108,2025-10-16 11:48:00,4,Completed,80284.28
O1003367,C100701,P1013,W102,2025-09-18 08:10:00,4,Shipped,37955.84
O1003368,C100274,P1064,W107,2025-03-30 12:21:00,4,Completed,19697.32
O1003369,C100233,P1061,W105,2025-05-26 09:24:00,1,Completed,18641.49
O1003370,C100501,P1075,W103,2025-11-12 13:01:00,4,Completed,53579.68
O1003371,C100343,P1098,W107,2025-08-13 08:45:00,4,Completed,3072.68
O1003372,C100677,P1026,W107,2025-04-13 12:26:00,3,Shipped,29169.84
O1003373,C100407,P1098,W102,2025-04-30 18:00:00,1,Processing,768.17
O1003374,C100169,P1065,W106,2025-10-11 19:48:00,2,Completed,17615.46
O1003375,C100396,P1009,W108,2025-03-07 20:25:00,4,Shipped,49527.28
O1003376,C100816,P1052,W106,2025-02-10 15:51:00,4,Shipped,38468.04
O1003377,C100831,P1014,W105,2025-10-07 15:38:00,1,Completed,14168.78
O1003378,C100312,P1096,W102,2025-04-16 21:32:00,2,Shipped,7404.76
O1003379,C100796,P1077,W104,2025-10-07 15:46:00,3,Completed,31557.15
O1003380,C100094,P1091,W108,2025-07-14 09:10:00,1,Completed,22319.24
O1003381,C100985,P1061,W107,2025-12-31 21:06:00,1,Completed,18641.49
O1003382,C100766,P1040,W104,2025-07-11 16:35:00,3,Processing,13179.96
O1003383,C100041,P1043,W103,2025-11-13 17:19:00,3,Completed,32170.56
O1003384,C100706,P1095,W107,2025-11-07 09:20:00,1,Completed,20665.72
O1003385,C100495,P1016,W108,2025-03-19 14:34:00,2,Completed,18858.22
O1003386,C100884,P1089,W103,2025-12-30 14:25:00,3,Shipped,18931.11
O1003387,C100240,P1043,W107,2025-09-30 19:24:00,4,Processing,42894.08
O1003388,C100893,P1060,W103,2025-02-09 13:21:00,4,Completed,19572.52
O1003389,C100871,P1067,W107,2025-01-03 12:48:00,2,Shipped,36890.74
O1003390,C100279,P1009,W108,2025-04-10 17:31:00,3,Completed,37145.46
O1003391,C100433,P1015,W106,2025-01-06 08:13:00,3,Completed,19626.87
O1003392,C100642,P1017,W104,2025-05-11 18:26:00,1,Completed,4264.31
O1003393,C100241,P1078,W103,2025-12-30 08:06:00,3,Completed,51859.05
O1003394,C101000,P1008,W101,2025-06-24 11:19:00,1,Completed,4509.67
O1003395,C100191,P1062,W101,2025-01-09 14:57:00,1,Completed,9671.24
O1003396,C100244,P1011,W107,2025-06-30 10:42:00,2,Completed,43553.58
O1003397,C100501,P1077,W106,2025-03-21 08:29:00,2,Processing,21038.1
O1003398,C100473,P1098,W102,2025-11-09 13:52:00,1,Processing,768.17
O1003399,C100051,P1042,W105,2025-02-03 17:54:00,1,Completed,17960.52
O1003400,C100911,P1022,W108,2025-10-09 11:23:00,3,Shipped,67111.44
O1003401,C100241,P1045,W106,2025-06-12 11:50:00,1,Cancelled,5902.0
O1003402,C100104,P1070,W108,2025-01-07 17:28:00,4,Completed,46484.52
O1003403,C100520,P1073,W101,2025-09-03 21:16:00,1,Completed,9625.71
O1003404,C100929,P1064,W101,2025-06-16 15:14:00,3,Completed,14772.99
O1003405,C100003,P1059,W106,2025-10-09 15:49:00,1,Shipped,2496.12
O1003406,C100489,P1064,W105,2025-08-14 19:34:00,3,Completed,14772.99
O1003407,C100911,P1022,W106,2025-10-15 08:55:00,1,Shipped,22370.48
O1003408,C100894,P1021,W108,2025-06-18 21:44:00,2,Completed,37050.24
O1003409,C100171,P1094,W101,2025-01-03 14:39:00,3,Completed,73030.5
O1003410,C100622,P1058,W108,2025-02-17 13:17:00,1,Shipped,12781.46
O1003411,C100836,P1087,W101,2025-06-17 16:39:00,1,Completed,5462.8
O1003412,C100672,P1063,W105,2025-05-26 20:46:00,3,Processing,21503.34
O1003413,C100658,P1046,W107,2025-10-17 21:07:00,3,Completed,61205.61
O1003414,C100773,P1058,W106,2025-05-31 18:52:00,2,Completed,25562.92
O1003415,C100454,P1070,W102,2025-11-10 14:46:00,1,Shipped,11621.13
O1003416,C100068,P1019,W105,2025-03-10 10:05:00,2,Completed,28586.64
O1003417,C100640,P1047,W108,2025-05-21 10:39:00,1,Completed,13744.68
O1003418,C100628,P1073,W102,2025-10-04 19:42:00,3,Completed,28877.13
O1003419,C100852,P1009,W108,2025-02-15 09:45:00,2,Completed,24763.64
O1003420,C100924,P1008,W106,2025-04-28 14:44:00,2,Completed,9019.34
O1003421,C100338,P1017,W101,2025-10-02 13:42:00,2,Completed,8528.62
O1003422,C100957,P1060,W103,2025-08-03 17:55:00,1,Completed,4893.13
O1003423,C100010,P1024,W107,2025-10-11 12:48:00,4,Completed,75803.8
O1003424,C100969,P1044,W103,2025-07-08 17:50:00,2,Processing,39712.6
O1003425,C100138,P1014,W108,2025-11-10 15:06:00,3,Completed,42506.34
O1003426,C100646,P1026,W104,2025-11-17 20:24:00,2,Completed,19446.56
O1003427,C100684,P1002,W103,2025-12-22 10:36:00,1,Completed,14226.32
O1003428,C100634,P1081,W107,2025-02-14 18:39:00,3,Shipped,43608.75
O1003429,C100991,P1047,W107,2025-08-04 18:06:00,3,Completed,41234.04
O1003430,C100553,P1018,W102,2025-02-11 19:32:00,1,Completed,21270.88
O1003431,C100132,P1053,W107,2025-03-25 14:51:00,4,Processing,76723.72
O1003432,C100608,P1094,W103,2025-04-20 12:29:00,4,Processing,97374.0
O1003433,C100291,P1083,W108,2025-08-24 15:14:00,4,Processing,14025.2
O1003434,C100613,P1089,W101,2025-06-07 21:37:00,2,Completed,12620.74
O1003435,C100381,P1041,W106,2025-11-12 10:43:00,3,Completed,38688.24
O1003436,C100043,P1037,W102,2025-04-19 17:15:00,1,Completed,8709.62
O1003437,C100638,P1032,W106,2025-08-14 11:08:00,3,Completed,29231.43
O1003438,C100089,P1031,W108,2025-10-06 18:49:00,1,Completed,1529.2
O1003439,C100328,P1092,W106,2025-12-24 13:55:00,4,Completed,27463.64
O1003440,C100620,P1014,W104,2025-03-31 20:01:00,4,Completed,56675.12
O1003441,C100882,P1086,W107,2025-09-25 10:17:00,1,Completed,16625.41
O1003442,C100315,P1092,W102,2025-01-31 09:43:00,3,Shipped,20597.73
O1003443,C100299,P1085,W105,2025-07-18 21:18:00,3,Completed,16425.36
O1003444,C100302,P1063,W108,2025-06-01 12:42:00,4,Shipped,28671.12
O1003445,C100576,P1086,W103,2025-12-16 09:11:00,2,Completed,33250.82
O1003446,C100194,P1004,W101,2025-10-10 19:42:00,4,Completed,70503.24
O1003447,C100528,P1082,W104,2025-12-05 13:47:00,2,Processing,30809.14
O1003448,C100802,P1052,W104,2025-11-07 20:54:00,2,Completed,19234.02
O1003449,C100081,P1096,W107,2025-05-30 14:07:00,3,Processing,11107.14
O1003450,C100965,P1009,W107,2025-09-25 18:35:00,3,Shipped,37145.46
O1003451,C100532,P1094,W103,2025-01-12 16:06:00,1,Cancelled,24343.5
O1003452,C100628,P1058,W107,2025-07-23 14:45:00,3,Completed,38344.38
O1003453,C100618,P1011,W102,2025-01-18 14:48:00,2,Completed,43553.58
O1003454,C100946,P1051,W102,2025-09-22 11:30:00,4,Completed,75239.56
O1003455,C100665,P1004,W105,2025-12-19 18:18:00,4,Shipped,70503.24
O1003456,C100884,P1009,W106,2025-09-06 15:21:00,2,Completed,24763.64
O1003457,C100286,P1054,W107,2025-11-03 08:01:00,4,Completed,53302.16
O1003458,C100218,P1082,W105,2025-03-27 13:33:00,4,Cancelled,61618.28
O1003459,C100644,P1011,W102,2025-12-29 13:41:00,3,Completed,65330.37
O1003460,C100154,P1027,W106,2025-07-21 20:23:00,3,Completed,39096.69
O1003461,C100112,P1040,W104,2025-09-04 13:58:00,4,Shipped,17573.28
O1003462,C100212,P1055,W103,2025-10-09 15:56:00,4,Completed,43580.28
O1003463,C100271,P1001,W103,2025-08-22 09:09:00,2,Completed,18610.76
O1003464,C100097,P1064,W107,2025-04-26 13:29:00,1,Completed,4924.33
O1003465,C100729,P1050,W102,2025-08-12 11:58:00,3,Completed,44479.2
O1003466,C100583,P1097,W105,2025-08-27 14:58:00,2,Completed,36037.0
O1003467,C100201,P1031,W101,2025-11-09 20:34:00,2,Shipped,3058.4
O1003468,C100283,P1050,W106,2025-06-25 21:04:00,1,Completed,14826.4
O1003469,C100930,P1009,W102,2025-07-03 12:01:00,3,Completed,37145.46
O1003470,C100913,P1092,W108,2025-07-03 16:35:00,4,Cancelled,27463.64
O1003471,C100124,P1084,W108,2025-02-11 21:21:00,3,Shipped,34926.93
O1003472,C100614,P1036,W107,2025-02-02 11:12:00,1,Completed,8950.84
O1003473,C100324,P1047,W103,2025-01-08 14:08:00,1,Processing,13744.68
O1003474,C100360,P1086,W107,2025-09-01 15:00:00,3,Completed,49876.23
O1003475,C100600,P1030,W102,2025-06-02 08:02:00,1,Completed,5899.82
O1003476,C100985,P1024,W103,2025-11-12 14:31:00,1,Processing,18950.95
O1003477,C100583,P1025,W102,2025-09-14 09:41:00,1,Completed,10625.81
O1003478,C100954,P1071,W101,2025-02-21 12:20:00,1,Completed,11389.19
O1003479,C100821,P1022,W103,2025-02-06 09:36:00,2,Shipped,44740.96
O1003480,C100779,P1009,W105,2025-05-14 18:18:00,2,Completed,24763.64
O1003481,C100791,P1017,W107,2025-12-03 19:41:00,1,Completed,4264.31
O1003482,C100792,P1099,W101,2025-01-18 11:45:00,4,Shipped,35516.64
O1003483,C100256,P1088,W104,2025-03-10 08:33:00,4,Completed,57373.4
O1003484,C100978,P1096,W106,2025-01-11 14:53:00,2,Completed,7404.76
O1003485,C100919,P1028,W102,2025-05-31 09:36:00,2,Completed,12682.3
O1003486,C100601,P1045,W106,2025-12-28 14:10:00,4,Completed,23608.0
O1003487,C100712,P1050,W105,2025-09-07 15:36:00,4,Completed,59305.6
O1003488,C100881,P1053,W105,2025-06-30 14:32:00,4,Shipped,76723.72
O1003489,C100153,P1003,W101,2025-02-22 15:18:00,3,Completed,27841.62
O1003490,C100065,P1060,W102,2025-05-10 15:56:00,4,Completed,19572.52
O1003491,C100996,P1004,W108,2025-07-11 10:17:00,3,Completed,52877.43
O1003492,C100555,P1028,W108,2025-04-11 17:33:00,3,Completed,19023.45
O1003493,C100723,P1030,W104,2025-09-15 17:21:00,1,Cancelled,5899.82
O1003494,C100503,P1068,W105,2025-12-24 10:00:00,3,Completed,5108.85
O1003495,C100518,P1090,W105,2025-03-17 14:04:00,2,Completed,20720.76
O1003496,C100038,P1070,W105,2025-04-03 12:02:00,3,Cancelled,34863.39
O1003497,C100290,P1044,W106,2025-02-16 13:33:00,3,Completed,59568.9
O1003498,C100087,P1053,W105,2025-09-22 18:49:00,1,Completed,19180.93
O1003499,C100433,P1052,W102,2025-06-18 16:21:00,2,Completed,19234.02
O1003500,C100022,P1015,W101,2025-04-14 20:42:00,3,Completed,19626.87
O1003501,C100803,P1096,W107,2025-03-22 15:58:00,1,Completed,3702.38
O1003502,C100295,P1092,W106,2025-01-26 08:37:00,4,Completed,27463.64
O1003503,C100742,P1025,W102,2025-06-23 17:57:00,4,Shipped,42503.24
O1003504,C100054,P1012,W101,2025-09-07 09:01:00,1,Completed,15674.49
O1003505,C100034,P1017,W102,2025-03-27 12:47:00,1,Completed,4264.31
O1003506,C100424,P1063,W105,2025-01-01 21:04:00,1,Completed,7167.78
O1003507,C100789,P1003,W105,2025-06-22 21:51:00,2,Shipped,18561.08
O1003508,C100813,P1011,W102,2025-09-04 10:04:00,3,Processing,65330.37
O1003509,C100545,P1065,W102,2025-05-06 21:47:00,1,Completed,8807.73
O1003510,C100614,P1015,W102,2025-04-02 21:42:00,4,Completed,26169.16
O1003511,C100689,P1007,W104,2025-02-26 20:17:00,2,Completed,29535.46
O1003512,C100674,P1003,W102,2025-09-30 19:35:00,2,Shipped,18561.08
O1003513,C100742,P1071,W104,2025-11-11 09:03:00,3,Processing,34167.57
O1003514,C100032,P1037,W101,2025-10-08 09:41:00,4,Completed,34838.48
O1003515,C100429,P1029,W108,2025-07-09 16:35:00,1,Completed,5924.85
O1003516,C100840,P1064,W108,2025-09-22 09:26:00,2,Shipped,9848.66
O1003517,C100440,P1018,W103,2025-05-25 11:30:00,2,Shipped,42541.76
O1003518,C100147,P1053,W107,2025-01-09 21:40:00,2,Completed,38361.86
O1003519,C100666,P1049,W105,2025-05-15 20:44:00,2,Completed,27976.52
O1003520,C100303,P1068,W101,2025-09-14 11:34:00,4,Completed,6811.8
O1003521,C100512,P1063,W103,2025-08-25 15:32:00,1,Completed,7167.78
O1003522,C100517,P1068,W101,2025-12-28 15:32:00,2,Shipped,3405.9
O1003523,C100697,P1022,W106,2025-12-31 11:40:00,2,Completed,44740.96
O1003524,C100930,P1015,W107,2025-03-30 11:18:00,3,Shipped,19626.87
O1003525,C100694,P1054,W105,2025-01-04 14:07:00,4,Completed,53302.16
O1003526,C100999,P1006,W101,2025-04-11 16:24:00,4,Completed,12446.4
O1003527,C100019,P1046,W102,2025-11-16 19:15:00,2,Completed,40803.74
O1003528,C100783,P1063,W104,2025-10-24 19:45:00,2,Completed,14335.56
O1003529,C100418,P1083,W102,2025-02-06 08:17:00,4,Completed,14025.2
O1003530,C100730,P1066,W101,2025-02-28 17:11:00,1,Completed,19641.89
O1003531,C100086,P1100,W103,2025-07-25 16:37:00,1,Shipped,20071.07
O1003532,C100528,P1056,W105,2025-08-30 08:39:00,4,Cancelled,86182.48
O1003533,C100030,P1045,W101,2025-12-25 19:41:00,4,Completed,23608.0
O1003534,C100666,P1025,W108,2025-10-03 16:19:00,3,Completed,31877.43
O1003535,C100217,P1068,W104,2025-03-19 18:03:00,2,Shipped,3405.9
O1003536,C100145,P1082,W102,2025-01-14 17:15:00,4,Completed,61618.28
O1003537,C100080,P1033,W101,2025-08-20 12:40:00,4,Completed,76102.0
O1003538,C100270,P1008,W108,2025-07-22 10:48:00,4,Shipped,18038.68
O1003539,C100960,P1002,W105,2025-12-03 13:17:00,4,Completed,56905.28
O1003540,C100985,P1064,W107,2025-07-30 18:40:00,3,Completed,14772.99
O1003541,C100081,P1067,W107,2025-07-02 16:54:00,2,Completed,36890.74
O1003542,C100980,P1013,W108,2025-04-21 16:46:00,2,Completed,18977.92
O1003543,C100588,P1003,W108,2025-02-01 09:49:00,3,Completed,27841.62
O1003544,C100323,P1066,W107,2025-11-16 08:08:00,2,Completed,39283.78
O1003545,C100943,P1040,W107,2025-10-29 17:20:00,4,Completed,17573.28
O1003546,C100242,P1042,W107,2025-03-01 21:18:00,1,Completed,17960.52
O1003547,C100182,P1027,W103,2025-09-14 13:01:00,1,Completed,13032.23
O1003548,C100230,P1072,W105,2025-05-13 14:14:00,2,Shipped,20966.38
O1003549,C100146,P1075,W108,2025-06-09 21:24:00,1,Processing,13394.92
O1003550,C100485,P1006,W107,2025-11-06 11:15:00,4,Shipped,12446.4
O1003551,C100141,P1009,W101,2025-11-04 15:18:00,4,Completed,49527.28
O1003552,C100224,P1056,W101,2025-03-11 09:12:00,4,Completed,86182.48
O1003553,C100372,P1061,W102,2025-04-23 11:41:00,2,Completed,37282.98
O1003554,C100649,P1015,W106,2025-10-27 13:14:00,4,Completed,26169.16
O1003555,C100859,P1016,W104,2025-12-01 17:35:00,1,Completed,9429.11
O1003556,C100075,P1069,W106,2025-01-29 12:18:00,4,Completed,54434.56
O1003557,C100631,P1046,W102,2025-11-01 14:26:00,1,Completed,20401.87
O1003558,C100104,P1012,W101,2025-06-28 12:10:00,1,Completed,15674.49
O1003559,C100991,P1061,W107,2025-08-04 09:58:00,4,Shipped,74565.96
O1003560,C100277,P1008,W103,2025-01-28 19:06:00,3,Completed,13529.01
O1003561,C100857,P1024,W101,2025-09-06 17:25:00,2,Shipped,37901.9
O1003562,C100778,P1072,W102,2025-09-05 17:02:00,1,Cancelled,10483.19
O1003563,C100325,P1023,W103,2025-08-30 16:09:00,2,Processing,9299.36
O1003564,C100324,P1007,W104,2025-10-16 09:51:00,3,Shipped,44303.19
O1003565,C100318,P1096,W108,2025-12-12 15:12:00,1,Shipped,3702.38
O1003566,C100471,P1023,W102,2025-11-07 17:54:00,4,Completed,18598.72
O1003567,C100443,P1052,W105,2025-09-29 14:55:00,3,Shipped,28851.03
O1003568,C100657,P1083,W103,2025-12-25 18:07:00,4,Completed,14025.2
O1003569,C100465,P1099,W104,2025-09-04 12:36:00,1,Cancelled,8879.16
O1003570,C100789,P1081,W103,2025-09-03 15:11:00,4,Completed,58145.0
O1003571,C100467,P1034,W103,2025-07-17 13:19:00,4,Completed,49991.2
O1003572,C100308,P1086,W105,2025-10-08 21:56:00,2,Shipped,33250.82
O1003573,C100327,P1002,W105,2025-01-27 10:30:00,3,Shipped,42678.96
O1003574,C100731,P1033,W102,2025-07-04 11:58:00,3,Completed,57076.5
O1003575,C100141,P1020,W102,2025-06-05 17:32:00,4,Completed,77365.24
O1003576,C100287,P1053,W102,2025-11-30 08:49:00,2,Completed,38361.86
O1003577,C100312,P1090,W108,2025-01-27 15:10:00,4,Completed,41441.52
O1003578,C100645,P1078,W103,2025-08-23 08:24:00,3,Processing,51859.05
O1003579,C100130,P1100,W105,2025-03-09 15:23:00,1,Completed,20071.07
O1003580,C100451,P1014,W104,2025-11-19 12:29:00,2,Shipped,28337.56
O1003581,C100675,P1076,W103,2025-11-07 10:39:00,1,Completed,10041.03
O1003582,C100927,P1073,W101,2025-03-27 14:58:00,4,Completed,38502.84
O1003583,C100438,P1046,W104,2025-11-15 12:38:00,2,Completed,40803.74
O1003584,C100983,P1010,W108,2025-07-01 09:05:00,2,Completed,15694.62
O1003585,C100608,P1011,W108,2025-12-21 15:27:00,2,Shipped,43553.58
O1003586,C100775,P1092,W103,2025-09-24 15:55:00,3,Completed,20597.73
O1003587,C100243,P1030,W105,2025-01-13 17:15:00,4,Completed,23599.28
O1003588,C100916,P1064,W103,2025-03-15 20:36:00,4,Completed,19697.32
O1003589,C100260,P1095,W108,2025-05-28 17:50:00,4,Cancelled,82662.88
O1003590,C100137,P1050,W105,2025-03-19 19:09:00,2,Completed,29652.8
O1003591,C100080,P1021,W108,2025-02-18 17:04:00,3,Completed,55575.36
O1003592,C100655,P1049,W107,2025-12-23 17:24:00,3,Completed,41964.78
O1003593,C100629,P1023,W103,2025-11-14 19:06:00,2,Completed,9299.36
O1003594,C100199,P1019,W104,2025-06-08 17:15:00,4,Completed,57173.28
O1003595,C100879,P1082,W105,2025-03-20 15:01:00,4,Completed,61618.28
O1003596,C100277,P1035,W102,2025-03-08 18:13:00,4,Completed,40445.6
O1003597,C100610,P1069,W107,2025-12-01 21:30:00,4,Completed,54434.56
O1003598,C100523,P1073,W105,2025-05-01 14:55:00,1,Completed,9625.71
O1003599,C100593,P1055,W102,2025-01-05 11:09:00,1,Completed,10895.07
O1003600,C100742,P1055,W104,2025-05-26 13:37:00,3,Completed,32685.21
O1003601,C100928,P1019,W107,2025-06-15 08:11:00,3,Completed,42879.96
O1003602,C100722,P1053,W104,2025-08-16 12:17:00,2,Shipped,38361.86
O1003603,C100908,P1076,W106,2025-05-04 20:25:00,1,Completed,10041.03
O1003604,C100870,P1020,W108,2025-12-03 09:23:00,2,Completed,38682.62
O1003605,C100359,P1024,W103,2025-08-23 20:25:00,1,Completed,18950.95
O1003606,C100560,P1070,W108,2025-12-27 15:52:00,1,Completed,11621.13
O1003607,C100199,P1099,W104,2025-05-14 12:27:00,1,Shipped,8879.16
O1003608,C100927,P1040,W105,2025-08-26 14:36:00,3,Completed,13179.96
O1003609,C100968,P1083,W107,2025-05-14 20:18:00,3,Processing,10518.9
O1003610,C100888,P1019,W101,2025-09-13 09:39:00,2,Completed,28586.64
O1003611,C100743,P1057,W106,2025-09-30 15:55:00,3,Completed,28417.56
O1003612,C100850,P1095,W105,2025-04-28 11:45:00,3,Processing,61997.16
O1003613,C100795,P1045,W106,2025-12-09 15:34:00,1,Completed,5902.0
O1003614,C100230,P1051,W108,2025-11-09 19:01:00,2,Completed,37619.78
O1003615,C100264,P1016,W104,2025-11-23 20:53:00,1,Completed,9429.11
O1003616,C100532,P1053,W108,2025-03-21 11:34:00,1,Completed,19180.93
O1003617,C100421,P1059,W105,2025-09-20 17:17:00,1,Shipped,2496.12
O1003618,C100737,P1099,W102,2025-02-08 13:57:00,4,Completed,35516.64
O1003619,C100737,P1021,W106,2025-02-08 15:02:00,4,Processing,74100.48
O1003620,C100977,P1037,W102,2025-12-22 10:15:00,1,Processing,8709.62
O1003621,C100789,P1065,W108,2025-02-25 19:59:00,4,Completed,35230.92
O1003622,C100012,P1095,W102,2025-11-12 10:22:00,2,Processing,41331.44
O1003623,C100341,P1024,W104,2025-06-07 08:33:00,1,Completed,18950.95
O1003624,C100328,P1070,W107,2025-04-21 18:35:00,1,Processing,11621.13
O1003625,C100634,P1088,W101,2025-01-27 13:40:00,4,Completed,57373.4
O1003626,C100343,P1064,W104,2025-09-04 08:56:00,2,Completed,9848.66
O1003627,C100979,P1043,W105,2025-09-21 17:31:00,3,Completed,32170.56
O1003628,C100289,P1024,W103,2025-06-20 11:59:00,2,Completed,37901.9
O1003629,C100438,P1029,W106,2025-10-23 21:39:00,2,Shipped,11849.7
O1003630,C100818,P1006,W103,2025-04-28 21:43:00,4,Completed,12446.4
O1003631,C100368,P1016,W103,2025-07-21 15:42:00,4,Completed,37716.44
O1003632,C100046,P1044,W103,2025-04-15 14:39:00,3,Processing,59568.9
O1003633,C100333,P1015,W105,2025-08-01 14:13:00,4,Completed,26169.16
O1003634,C100360,P1002,W108,2025-02-19 16:29:00,1,Completed,14226.32
O1003635,C100613,P1070,W102,2025-06-23 20:43:00,4,Cancelled,46484.52
O1003636,C100712,P1008,W104,2025-07-20 16:58:00,1,Completed,4509.67
O1003637,C100549,P1015,W102,2025-07-23 09:23:00,1,Completed,6542.29
O1003638,C100407,P1060,W102,2025-06-13 10:44:00,4,Completed,19572.52
O1003639,C100503,P1093,W108,2025-08-23 16:48:00,2,Completed,39969.22
O1003640,C100145,P1073,W106,2025-07-06 13:10:00,1,Completed,9625.71
O1003641,C100182,P1004,W108,2025-04-14 14:42:00,1,Completed,17625.81
O1003642,C100611,P1017,W106,2025-03-20 13:36:00,1,Completed,4264.31
O1003643,C100866,P1075,W106,2025-08-25 16:20:00,4,Completed,53579.68
O1003644,C100523,P1074,W106,2025-12-09 11:13:00,1,Shipped,8374.94
O1003645,C100061,P1040,W106,2025-10-02 09:01:00,4,Completed,17573.28
O1003646,C100982,P1095,W107,2025-08-22 11:16:00,4,Completed,82662.88
O1003647,C100325,P1089,W103,2025-12-03 17:21:00,1,Completed,6310.37
O1003648,C100749,P1075,W101,2025-11-25 16:30:00,3,Shipped,40184.76
O1003649,C100898,P1075,W104,2025-07-04 19:19:00,3,Completed,40184.76
O1003650,C100987,P1079,W101,2025-02-09 09:31:00,2,Shipped,28695.12
O1003651,C100117,P1015,W101,2025-08-20 09:58:00,3,Completed,19626.87
O1003652,C100187,P1071,W101,2025-08-16 09:48:00,1,Completed,11389.19
O1003653,C100646,P1094,W101,2025-04-12 15:52:00,4,Completed,97374.0
O1003654,C100762,P1023,W106,2025-11-07 16:01:00,4,Completed,18598.72
O1003655,C100835,P1002,W105,2025-11-14 10:13:00,1,Completed,14226.32
O1003656,C100552,P1037,W108,2025-05-01 14:17:00,1,Completed,8709.62
O1003657,C100159,P1027,W103,2025-06-24 08:43:00,2,Completed,26064.46
O1003658,C100713,P1095,W103,2025-03-13 16:34:00,2,Shipped,41331.44
O1003659,C100669,P1045,W104,2025-03-07 15:58:00,4,Completed,23608.0
O1003660,C100468,P1067,W107,2025-04-07 08:22:00,4,Processing,73781.48
O1003661,C100638,P1099,W108,2025-05-14 09:14:00,1,Processing,8879.16
O1003662,C100213,P1079,W106,2025-04-10 17:52:00,1,Completed,14347.56
O1003663,C100811,P1075,W105,2025-02-25 20:35:00,3,Completed,40184.76
O1003664,C100046,P1097,W108,2025-06-13 19:53:00,2,Completed,36037.0
O1003665,C100839,P1069,W102,2025-08-16 15:56:00,4,Completed,54434.56
O1003666,C100839,P1024,W104,2025-04-29 15:20:00,3,Completed,56852.85
O1003667,C100688,P1073,W102,2025-07-14 19:19:00,2,Completed,19251.42
O1003668,C100815,P1033,W102,2025-04-10 19:46:00,3,Completed,57076.5
O1003669,C100913,P1034,W104,2025-09-14 20:41:00,2,Completed,24995.6
O1003670,C100163,P1065,W107,2025-08-25 13:35:00,2,Processing,17615.46
O1003671,C100545,P1032,W103,2025-12-17 14:39:00,3,Completed,29231.43
O1003672,C100646,P1003,W107,2025-01-20 09:06:00,2,Completed,18561.08
O1003673,C100943,P1100,W105,2025-11-08 10:27:00,3,Completed,60213.21
O1003674,C100738,P1058,W106,2025-05-05 13:17:00,2,Processing,25562.92
O1003675,C100595,P1068,W102,2025-01-25 19:20:00,3,Shipped,5108.85
O1003676,C100558,P1081,W107,2025-09-09 14:14:00,2,Completed,29072.5
O1003677,C100144,P1064,W102,2025-03-04 16:13:00,3,Shipped,14772.99
O1003678,C100318,P1062,W103,2025-03-06 20:07:00,2,Completed,19342.48
O1003679,C100434,P1080,W107,2025-12-24 14:39:00,1,Completed,6315.19
O1003680,C100881,P1030,W106,2025-03-22 12:41:00,2,Completed,11799.64
O1003681,C100862,P1083,W103,2025-07-19 18:13:00,2,Shipped,7012.6
O1003682,C100643,P1073,W103,2025-03-15 12:24:00,2,Completed,19251.42
O1003683,C100106,P1019,W104,2025-02-15 13:26:00,2,Completed,28586.64
O1003684,C100721,P1015,W104,2025-01-01 20:25:00,2,Completed,13084.58
O1003685,C100459,P1088,W101,2025-01-06 14:07:00,2,Processing,28686.7
O1003686,C100653,P1090,W102,2025-06-22 11:30:00,2,Cancelled,20720.76
O1003687,C100434,P1100,W102,2025-06-08 19:41:00,2,Completed,40142.14
O1003688,C100722,P1011,W102,2025-01-15 16:59:00,3,Completed,65330.37
O1003689,C100218,P1090,W103,2025-05-08 18:44:00,2,Completed,20720.76
O1003690,C100146,P1087,W101,2025-04-10 12:34:00,3,Cancelled,16388.4
O1003691,C100220,P1077,W106,2025-07-28 18:56:00,2,Completed,21038.1
O1003692,C100923,P1050,W106,2025-12-30 21:19:00,4,Completed,59305.6
O1003693,C100076,P1051,W102,2025-09-10 10:17:00,2,Completed,37619.78
O1003694,C100286,P1043,W108,2025-12-02 10:39:00,3,Completed,32170.56
O1003695,C100343,P1003,W105,2025-03-12 15:53:00,2,Completed,18561.08
O1003696,C100837,P1051,W103,2025-03-20 18:08:00,3,Completed,56429.67
O1003697,C100360,P1024,W102,2025-10-02 08:00:00,3,Shipped,56852.85
O1003698,C100894,P1021,W104,2025-04-24 15:42:00,1,Shipped,18525.12
O1003699,C100989,P1006,W108,2025-11-06 09:46:00,3,Completed,9334.8
O1003700,C100652,P1046,W101,2025-06-19 21:42:00,4,Completed,81607.48
O1003701,C100344,P1005,W101,2025-03-15 18:10:00,2,Completed,1717.14
O1003702,C100599,P1085,W104,2025-11-05 21:55:00,3,Completed,16425.36
O1003703,C100670,P1089,W108,2025-07-20 11:03:00,1,Completed,6310.37
O1003704,C100110,P1081,W103,2025-10-20 19:06:00,4,Completed,58145.0
O1003705,C100834,P1031,W106,2025-06-15 13:20:00,4,Completed,6116.8
O1003706,C100437,P1017,W105,2025-02-16 09:26:00,4,Cancelled,17057.24
O1003707,C100846,P1051,W102,2025-09-06 14:43:00,3,Completed,56429.67
O1003708,C100612,P1068,W108,2025-02-15 14:33:00,1,Completed,1702.95
O1003709,C100861,P1003,W102,2025-08-31 15:00:00,2,Completed,18561.08
O1003710,C100082,P1086,W105,2025-06-02 19:57:00,4,Shipped,66501.64
O1003711,C100043,P1044,W106,2025-10-16 11:54:00,1,Completed,19856.3
O1003712,C100112,P1082,W106,2025-11-14 16:56:00,3,Completed,46213.71
O1003713,C100875,P1008,W107,2025-05-29 10:47:00,1,Completed,4509.67
O1003714,C100994,P1043,W106,2025-11-18 20:18:00,3,Completed,32170.56
O1003715,C100999,P1046,W106,2025-02-10 14:24:00,3,Completed,61205.61
O1003716,C100333,P1005,W102,2025-02-09 19:11:00,2,Completed,1717.14
O1003717,C100265,P1071,W103,2025-12-29 11:45:00,3,Completed,34167.57
O1003718,C100350,P1094,W103,2025-07-29 12:22:00,2,Completed,48687.0
O1003719,C100818,P1055,W103,2025-06-14 21:45:00,3,Completed,32685.21
O1003720,C100252,P1040,W101,2025-02-26 10:43:00,4,Completed,17573.28
O1003721,C100548,P1064,W101,2025-04-16 15:51:00,2,Cancelled,9848.66
O1003722,C100647,P1037,W104,2025-09-08 12:30:00,1,Completed,8709.62
O1003723,C100362,P1036,W106,2025-10-27 13:27:00,4,Shipped,35803.36
O1003724,C100474,P1076,W108,2025-12-01 17:44:00,3,Completed,30123.09
O1003725,C100666,P1060,W108,2025-05-29 18:56:00,2,Completed,9786.26
O1003726,C100791,P1027,W104,2025-06-15 14:44:00,1,Completed,13032.23
O1003727,C100190,P1041,W108,2025-03-01 16:55:00,1,Cancelled,12896.08
O1003728,C100513,P1084,W104,2025-01-31 08:36:00,2,Completed,23284.62
O1003729,C100155,P1053,W104,2025-06-09 11:16:00,4,Completed,76723.72
O1003730,C100016,P1008,W102,2025-07-31 18:23:00,3,Completed,13529.01
O1003731,C100646,P1086,W106,2025-02-08 17:19:00,2,Completed,33250.82
O1003732,C100483,P1075,W103,2025-05-30 08:37:00,4,Completed,53579.68
O1003733,C100260,P1027,W104,2025-08-23 20:28:00,2,Completed,26064.46
O1003734,C100056,P1097,W108,2025-10-23 13:43:00,4,Completed,72074.0
O1003735,C100946,P1096,W105,2025-12-09 12:15:00,2,Completed,7404.76
O1003736,C100827,P1100,W103,2025-05-05 14:28:00,3,Completed,60213.21
O1003737,C100936,P1038,W106,2025-05-23 13:31:00,2,Shipped,9106.38
O1003738,C100114,P1093,W106,2025-11-16 15:02:00,3,Completed,59953.83
O1003739,C100015,P1081,W105,2025-09-11 10:17:00,1,Completed,14536.25
O1003740,C100217,P1088,W101,2025-04-10 09:56:00,4,Completed,57373.4
O1003741,C100101,P1055,W102,2025-09-08 21:51:00,2,Completed,21790.14
O1003742,C100460,P1028,W102,2025-02-27 18:28:00,3,Shipped,19023.45
O1003743,C100646,P1023,W108,2025-06-13 13:03:00,3,Cancelled,13949.04
O1003744,C100196,P1097,W103,2025-04-22 19:53:00,3,Completed,54055.5
O1003745,C100397,P1051,W104,2025-12-29 19:08:00,3,Completed,56429.67
O1003746,C100540,P1093,W108,2025-01-13 17:46:00,4,Completed,79938.44
O1003747,C100318,P1056,W108,2025-11-09 18:05:00,4,Completed,86182.48
O1003748,C100461,P1054,W102,2025-04-13 21:18:00,4,Completed,53302.16
O1003749,C100591,P1008,W107,2025-01-14 19:40:00,1,Shipped,4509.67
O1003750,C100953,P1041,W106,2025-08-29 11:36:00,4,Completed,51584.32
O1003751,C100311,P1056,W105,2025-09-05 18:10:00,3,Completed,64636.86
O1003752,C100089,P1011,W102,2025-02-21 10:15:00,3,Processing,65330.37
O1003753,C100869,P1017,W106,2025-01-14 15:02:00,4,Completed,17057.24
O1003754,C100577,P1060,W105,2025-02-10 08:56:00,3,Completed,14679.39
O1003755,C100473,P1025,W104,2025-05-30 10:22:00,4,Completed,42503.24
O1003756,C100721,P1071,W105,2025-02-18 18:06:00,3,Completed,34167.57
O1003757,C100982,P1047,W102,2025-09-14 13:12:00,1,Completed,13744.68
O1003758,C100128,P1041,W105,2025-01-29 10:16:00,3,Completed,38688.24
O1003759,C100861,P1012,W102,2025-10-15 21:42:00,2,Completed,31348.98
O1003760,C100637,P1041,W103,2025-11-16 21:08:00,3,Shipped,38688.24
O1003761,C100586,P1055,W104,2025-09-19 11:12:00,2,Completed,21790.14
O1003762,C100865,P1058,W102,2025-12-11 16:22:00,1,Completed,12781.46
O1003763,C100305,P1028,W108,2025-12-09 12:06:00,3,Completed,19023.45
O1003764,C100788,P1003,W108,2025-01-17 19:15:00,1,Completed,9280.54
O1003765,C100571,P1094,W104,2025-05-05 17:37:00,1,Completed,24343.5
O1003766,C100936,P1096,W105,2025-10-05 14:05:00,2,Completed,7404.76
O1003767,C100468,P1091,W103,2025-05-04 21:01:00,3,Completed,66957.72
O1003768,C100721,P1029,W102,2025-09-27 18:17:00,1,Completed,5924.85
O1003769,C100498,P1061,W108,2025-10-10 10:07:00,2,Completed,37282.98
O1003770,C100394,P1015,W104,2025-12-30 14:12:00,2,Completed,13084.58
O1003771,C100376,P1091,W108,2025-05-01 19:36:00,4,Shipped,89276.96
O1003772,C100921,P1001,W101,2025-05-07 15:32:00,1,Completed,9305.38
O1003773,C100838,P1048,W101,2025-01-09 09:23:00,4,Shipped,59686.72
O1003774,C100226,P1086,W104,2025-04-15 18:49:00,1,Completed,16625.41
O1003775,C100866,P1073,W107,2025-04-13 14:44:00,3,Completed,28877.13
O1003776,C100584,P1087,W104,2025-06-15 11:20:00,4,Completed,21851.2
O1003777,C100105,P1050,W107,2025-06-03 19:25:00,4,Completed,59305.6
O1003778,C100766,P1010,W102,2025-11-09 20:22:00,3,Completed,23541.93
O1003779,C100163,P1001,W107,2025-10-10 16:13:00,2,Completed,18610.76
O1003780,C100873,P1016,W104,2025-09-23 18:01:00,4,Completed,37716.44
O1003781,C100455,P1006,W103,2025-01-02 11:22:00,4,Completed,12446.4
O1003782,C100917,P1045,W106,2025-06-22 18:27:00,1,Completed,5902.0
O1003783,C100484,P1006,W107,2025-09-24 20:39:00,2,Completed,6223.2
O1003784,C100085,P1019,W108,2025-03-31 11:20:00,2,Completed,28586.64
O1003785,C100767,P1042,W101,2025-06-05 21:12:00,4,Completed,71842.08
O1003786,C100727,P1074,W106,2025-09-23 09:15:00,1,Completed,8374.94
O1003787,C100303,P1068,W103,2025-10-18 14:14:00,1,Completed,1702.95
O1003788,C100205,P1006,W105,2025-11-08 09:01:00,1,Completed,3111.6
O1003789,C100864,P1091,W104,2025-06-06 14:15:00,4,Completed,89276.96
O1003790,C100780,P1055,W107,2025-05-26 17:03:00,1,Completed,10895.07
O1003791,C100298,P1035,W104,2025-05-20 20:11:00,2,Shipped,20222.8
O1003792,C100701,P1039,W103,2025-09-02 10:06:00,3,Completed,55752.0
O1003793,C100241,P1085,W104,2025-06-03 20:25:00,2,Completed,10950.24
O1003794,C100182,P1047,W106,2025-05-27 21:59:00,1,Completed,13744.68
O1003795,C100664,P1025,W107,2025-03-03 08:55:00,2,Shipped,21251.62
O1003796,C100833,P1043,W101,2025-06-24 21:27:00,4,Shipped,42894.08
O1003797,C100919,P1007,W105,2025-03-28 20:41:00,2,Completed,29535.46
O1003798,C100462,P1016,W101,2025-07-11 08:24:00,3,Processing,28287.33
O1003799,C100144,P1032,W105,2025-11-21 08:53:00,2,Completed,19487.62
O1003800,C100544,P1023,W105,2025-10-11 18:09:00,1,Processing,4649.68
O1003801,C100681,P1035,W107,2025-06-24 13:52:00,1,Completed,10111.4
O1003802,C100972,P1007,W102,2025-12-23 11:39:00,4,Completed,59070.92
O1003803,C100113,P1062,W107,2025-12-24 13:39:00,4,Completed,38684.96
O1003804,C100657,P1012,W106,2025-06-12 12:46:00,3,Completed,47023.47
O1003805,C100513,P1022,W106,2025-10-06 21:39:00,4,Completed,89481.92
O1003806,C100589,P1098,W106,2025-05-05 11:21:00,2,Completed,1536.34
O1003807,C100093,P1001,W105,2025-11-17 09:14:00,4,Completed,37221.52
O1003808,C100017,P1028,W101,2025-05-17 19:37:00,3,Completed,19023.45
O1003809,C100607,P1051,W107,2025-04-05 19:45:00,4,Cancelled,75239.56
O1003810,C100200,P1031,W104,2025-02-18 20:30:00,3,Cancelled,4587.6
O1003811,C100614,P1033,W101,2025-11-04 21:35:00,4,Completed,76102.0
O1003812,C100027,P1013,W105,2025-04-19 08:33:00,3,Completed,28466.88
O1003813,C100802,P1043,W108,2025-10-24 18:45:00,4,Completed,42894.08
O1003814,C100334,P1076,W106,2025-02-01 11:46:00,4,Completed,40164.12
O1003815,C100452,P1059,W102,2025-07-02 13:54:00,4,Cancelled,9984.48
O1003816,C100345,P1093,W107,2025-06-06 14:16:00,2,Shipped,39969.22
O1003817,C100419,P1070,W107,2025-06-10 21:47:00,1,Completed,11621.13
O1003818,C100531,P1079,W103,2025-03-03 15:18:00,2,Completed,28695.12
O1003819,C100646,P1044,W105,2025-01-27 11:07:00,3,Shipped,59568.9
O1003820,C100690,P1062,W107,2025-05-07 09:13:00,4,Cancelled,38684.96
O1003821,C100991,P1058,W102,2025-06-21 16:14:00,4,Cancelled,51125.84
O1003822,C100180,P1082,W103,2025-10-17 19:37:00,3,Completed,46213.71
O1003823,C100872,P1051,W104,2025-06-18 17:56:00,3,Completed,56429.67
O1003824,C100602,P1041,W101,2025-03-31 21:04:00,4,Cancelled,51584.32
O1003825,C100310,P1008,W102,2025-04-06 08:35:00,1,Completed,4509.67
O1003826,C100917,P1086,W105,2025-08-12 13:38:00,4,Completed,66501.64
O1003827,C100707,P1044,W103,2025-06-09 16:33:00,3,Completed,59568.9
O1003828,C100186,P1080,W102,2025-11-25 20:00:00,3,Completed,18945.57
O1003829,C100175,P1068,W103,2025-06-10 12:22:00,2,Shipped,3405.9
O1003830,C100660,P1001,W101,2025-07-26 17:28:00,3,Processing,27916.14
O1003831,C100730,P1066,W106,2025-01-24 10:54:00,4,Processing,78567.56
O1003832,C100046,P1049,W103,2025-03-12 16:17:00,2,Completed,27976.52
O1003833,C100629,P1024,W106,2025-11-07 18:51:00,1,Cancelled,18950.95
O1003834,C100532,P1027,W107,2025-05-06 19:28:00,1,Completed,13032.23
O1003835,C100970,P1064,W104,2025-06-03 14:19:00,1,Completed,4924.33
O1003836,C100742,P1009,W108,2025-08-04 14:37:00,2,Completed,24763.64
O1003837,C100910,P1061,W102,2025-01-22 20:20:00,1,Shipped,18641.49
O1003838,C100035,P1085,W108,2025-07-04 15:40:00,2,Processing,10950.24
O1003839,C100765,P1009,W103,2025-05-07 12:54:00,3,Shipped,37145.46
O1003840,C100334,P1001,W103,2025-02-24 11:50:00,3,Processing,27916.14
O1003841,C100554,P1007,W108,2025-06-02 17:57:00,3,Completed,44303.19
O1003842,C100878,P1074,W104,2025-06-13 17:58:00,3,Shipped,25124.82
O1003843,C100870,P1085,W106,2025-03-10 15:31:00,1,Completed,5475.12
O1003844,C100226,P1099,W107,2025-07-18 10:13:00,4,Shipped,35516.64
O1003845,C100241,P1003,W104,2025-09-30 10:15:00,2,Shipped,18561.08
O1003846,C100723,P1049,W103,2025-04-08 11:24:00,1,Completed,13988.26
O1003847,C100879,P1005,W104,2025-12-19 08:10:00,4,Completed,3434.28
O1003848,C100613,P1038,W104,2025-08-12 14:43:00,2,Completed,9106.38
O1003849,C100055,P1031,W104,2025-10-10 13:48:00,2,Processing,3058.4
O1003850,C100164,P1061,W102,2025-01-26 13:23:00,2,Completed,37282.98
O1003851,C100750,P1091,W108,2025-10-08 21:05:00,3,Completed,66957.72
O1003852,C100742,P1081,W105,2025-05-03 11:21:00,3,Processing,43608.75
O1003853,C100897,P1007,W107,2025-09-17 19:19:00,1,Completed,14767.73
O1003854,C100533,P1025,W106,2025-10-21 10:41:00,1,Completed,10625.81
O1003855,C100428,P1028,W103,2025-04-02 16:33:00,4,Shipped,25364.6
O1003856,C100113,P1026,W103,2025-04-05 20:03:00,2,Completed,19446.56
O1003857,C100782,P1036,W108,2025-01-22 19:43:00,4,Completed,35803.36
O1003858,C100950,P1061,W101,2025-08-09 16:16:00,3,Shipped,55924.47
O1003859,C100046,P1074,W103,2025-10-10 10:54:00,3,Completed,25124.82
O1003860,C100492,P1094,W106,2025-05-30 13:17:00,2,Completed,48687.0
O1003861,C100356,P1071,W105,2025-02-28 13:56:00,4,Completed,45556.76
O1003862,C100746,P1030,W105,2025-04-26 19:50:00,3,Shipped,17699.46
O1003863,C100764,P1019,W101,2025-05-28 13:17:00,4,Completed,57173.28
O1003864,C100218,P1038,W102,2025-12-01 19:33:00,2,Shipped,9106.38
O1003865,C100953,P1080,W105,2025-02-15 21:19:00,3,Completed,18945.57
O1003866,C100138,P1100,W103,2025-05-06 09:33:00,2,Completed,40142.14
O1003867,C100782,P1040,W104,2025-08-21 21:05:00,4,Completed,17573.28
O1003868,C100742,P1018,W108,2025-03-28 15:56:00,4,Completed,85083.52
O1003869,C100163,P1001,W106,2025-11-19 16:24:00,2,Shipped,18610.76
O1003870,C100674,P1008,W106,2025-11-28 12:16:00,1,Completed,4509.67
O1003871,C100271,P1064,W102,2025-05-19 12:40:00,1,Completed,4924.33
O1003872,C100275,P1059,W105,2025-09-30 15:34:00,2,Shipped,4992.24
O1003873,C100087,P1065,W108,2025-10-03 10:47:00,1,Completed,8807.73
O1003874,C100747,P1003,W106,2025-09-06 18:03:00,4,Processing,37122.16
O1003875,C100808,P1044,W107,2025-03-10 17:20:00,2,Completed,39712.6
O1003876,C100505,P1019,W108,2025-01-19 08:07:00,1,Completed,14293.32
O1003877,C100776,P1034,W108,2025-05-07 10:57:00,3,Completed,37493.4
O1003878,C100349,P1063,W103,2025-02-17 15:11:00,2,Completed,14335.56
O1003879,C100566,P1028,W103,2025-04-17 18:23:00,1,Shipped,6341.15
O1003880,C100787,P1066,W103,2025-08-21 12:05:00,2,Completed,39283.78
O1003881,C100431,P1029,W107,2025-08-03 20:24:00,3,Shipped,17774.55
O1003882,C100617,P1052,W104,2025-03-18 15:28:00,3,Completed,28851.03
O1003883,C100146,P1046,W107,2025-01-07 15:32:00,1,Completed,20401.87
O1003884,C100508,P1039,W107,2025-03-24 09:32:00,3,Completed,55752.0
O1003885,C100851,P1013,W106,2025-06-16 16:47:00,4,Processing,37955.84
O1003886,C100774,P1058,W101,2025-10-12 19:26:00,3,Processing,38344.38
O1003887,C100301,P1100,W106,2025-05-14 10:57:00,4,Completed,80284.28
O1003888,C100545,P1065,W102,2025-04-15 15:36:00,4,Completed,35230.92
O1003889,C100620,P1075,W105,2025-07-21 08:05:00,2,Processing,26789.84
O1003890,C100939,P1081,W102,2025-01-27 10:57:00,2,Completed,29072.5
O1003891,C100829,P1004,W101,2025-03-24 08:59:00,2,Completed,35251.62
O1003892,C100819,P1080,W106,2025-01-14 18:46:00,2,Processing,12630.38
O1003893,C100753,P1025,W104,2025-07-11 21:56:00,1,Completed,10625.81
O1003894,C100359,P1067,W106,2025-06-11 08:31:00,4,Processing,73781.48
O1003895,C100378,P1099,W104,2025-08-01 17:49:00,3,Completed,26637.48
O1003896,C100465,P1090,W103,2025-08-14 16:17:00,1,Completed,10360.38
O1003897,C100427,P1042,W101,2025-05-25 17:49:00,4,Completed,71842.08
O1003898,C100958,P1084,W103,2025-11-14 15:01:00,4,Completed,46569.24
O1003899,C100876,P1062,W108,2025-12-02 21:52:00,3,Processing,29013.72
O1003900,C100896,P1014,W107,2025-02-10 08:33:00,4,Completed,56675.12
O1003901,C100608,P1024,W104,2025-12-02 10:05:00,4,Processing,75803.8
O1003902,C100192,P1096,W101,2025-03-13 11:29:00,4,Completed,14809.52
O1003903,C100144,P1092,W108,2025-04-01 18:57:00,4,Cancelled,27463.64
O1003904,C100275,P1090,W106,2025-07-13 09:04:00,1,Completed,10360.38
O1003905,C100652,P1039,W101,2025-01-11 09:43:00,1,Completed,18584.0
O1003906,C100365,P1033,W102,2025-05-13 18:15:00,3,Completed,57076.5
O1003907,C100656,P1081,W102,2025-03-13 13:51:00,3,Completed,43608.75
O1003908,C100880,P1003,W108,2025-06-26 17:52:00,4,Completed,37122.16
O1003909,C100335,P1090,W108,2025-10-25 13:07:00,3,Processing,31081.14
O1003910,C100928,P1061,W104,2025-12-04 09:15:00,2,Processing,37282.98
O1003911,C100512,P1064,W102,2025-03-19 16:21:00,4,Completed,19697.32
O1003912,C100803,P1044,W106,2025-07-18 09:31:00,3,Completed,59568.9
O1003913,C100060,P1098,W103,2025-06-23 14:42:00,3,Completed,2304.51
O1003914,C100276,P1075,W101,2025-06-01 20:19:00,2,Shipped,26789.84
O1003915,C100931,P1006,W103,2025-08-19 10:33:00,4,Completed,12446.4
O1003916,C100888,P1053,W103,2025-12-28 10:48:00,1,Completed,19180.93
O1003917,C100571,P1086,W101,2025-05-28 21:16:00,4,Completed,66501.64
O1003918,C100033,P1008,W106,2025-01-24 12:15:00,4,Processing,18038.68
O1003919,C100060,P1074,W103,2025-12-01 13:12:00,3,Completed,25124.82
O1003920,C100423,P1025,W105,2025-12-07 17:34:00,4,Completed,42503.24
O1003921,C100899,P1051,W105,2025-04-28 09:47:00,4,Completed,75239.56
O1003922,C100378,P1089,W107,2025-07-03 08:51:00,1,Cancelled,6310.37
O1003923,C100885,P1050,W107,2025-11-11 19:48:00,1,Completed,14826.4
O1003924,C100536,P1004,W105,2025-07-03 21:16:00,1,Processing,17625.81
O1003925,C100135,P1003,W107,2025-06-25 21:49:00,2,Processing,18561.08
O1003926,C100561,P1074,W105,2025-12-03 08:19:00,3,Completed,25124.82
O1003927,C100365,P1094,W101,2025-10-30 15:25:00,1,Completed,24343.5
O1003928,C100226,P1030,W107,2025-07-05 19:53:00,1,Shipped,5899.82
O1003929,C100676,P1094,W107,2025-02-28 19:49:00,3,Completed,73030.5
O1003930,C100205,P1046,W104,2025-06-10 13:03:00,3,Completed,61205.61
O1003931,C100906,P1006,W104,2025-09-04 14:51:00,2,Completed,6223.2
O1003932,C100804,P1054,W108,2025-04-10 10:06:00,3,Shipped,39976.62
O1003933,C100783,P1098,W104,2025-07-16 09:56:00,3,Completed,2304.51
O1003934,C100077,P1026,W103,2025-08-29 13:17:00,2,Completed,19446.56
O1003935,C100961,P1097,W106,2025-02-01 11:13:00,1,Completed,18018.5
O1003936,C100494,P1066,W103,2025-07-27 21:37:00,4,Completed,78567.56
O1003937,C100733,P1040,W104,2025-09-27 09:07:00,3,Completed,13179.96
O1003938,C100192,P1070,W107,2025-03-20 15:24:00,1,Completed,11621.13
O1003939,C100769,P1041,W102,2025-07-20 15:47:00,1,Processing,12896.08
O1003940,C100320,P1009,W101,2025-09-16 08:49:00,2,Cancelled,24763.64
O1003941,C100708,P1088,W103,2025-01-17 14:10:00,1,Completed,14343.35
O1003942,C100278,P1038,W102,2025-08-24 21:10:00,4,Completed,18212.76
O1003943,C100933,P1057,W103,2025-04-05 09:32:00,4,Shipped,37890.08
O1003944,C100709,P1075,W101,2025-05-26 10:00:00,1,Completed,13394.92
O1003945,C100453,P1009,W105,2025-08-25 10:18:00,1,Completed,12381.82
O1003946,C100457,P1073,W105,2025-01-02 08:45:00,2,Completed,19251.42
O1003947,C100001,P1037,W103,2025-01-07 20:23:00,4,Completed,34838.48
O1003948,C100300,P1055,W106,2025-06-13 08:38:00,3,Completed,32685.21
O1003949,C100790,P1046,W102,2025-12-13 11:56:00,4,Completed,81607.48
O1003950,C100832,P1078,W101,2025-01-03 19:34:00,1,Completed,17286.35
O1003951,C101000,P1019,W104,2025-10-15 21:56:00,1,Completed,14293.32
O1003952,C100086,P1011,W102,2025-01-28 10:08:00,2,Completed,43553.58
O1003953,C100251,P1042,W107,2025-06-28 13:02:00,4,Completed,71842.08
O1003954,C100767,P1012,W103,2025-06-07 10:30:00,4,Completed,62697.96
O1003955,C100362,P1025,W104,2025-06-20 10:41:00,2,Completed,21251.62
O1003956,C100249,P1066,W103,2025-01-30 21:13:00,2,Completed,39283.78
O1003957,C100282,P1082,W104,2025-10-03 12:43:00,1,Completed,15404.57
O1003958,C100919,P1070,W101,2025-04-11 16:33:00,2,Completed,23242.26
O1003959,C100858,P1032,W108,2025-10-09 10:11:00,3,Completed,29231.43
O1003960,C100006,P1082,W102,2025-08-28 11:59:00,1,Completed,15404.57
O1003961,C100841,P1041,W104,2025-07-21 13:03:00,4,Completed,51584.32
O1003962,C100557,P1019,W107,2025-04-23 16:12:00,3,Completed,42879.96
O1003963,C100845,P1076,W104,2025-08-27 20:36:00,2,Completed,20082.06
O1003964,C100623,P1052,W106,2025-12-31 11:24:00,2,Completed,19234.02
O1003965,C100689,P1038,W101,2025-12-03 17:01:00,2,Completed,9106.38
O1003966,C100578,P1067,W103,2025-12-01 14:55:00,4,Completed,73781.48
O1003967,C100735,P1073,W107,2025-03-22 19:07:00,3,Completed,28877.13
O1003968,C100816,P1023,W103,2025-08-02 12:41:00,1,Shipped,4649.68
O1003969,C100509,P1012,W104,2025-05-26 13:55:00,2,Completed,31348.98
O1003970,C100113,P1052,W101,2025-12-19 16:43:00,4,Completed,38468.04
O1003971,C100094,P1006,W105,2025-12-13 14:12:00,2,Completed,6223.2
O1003972,C100416,P1064,W103,2025-11-13 18:37:00,4,Completed,19697.32
O1003973,C100474,P1044,W107,2025-03-01 08:11:00,3,Shipped,59568.9
O1003974,C100864,P1022,W104,2025-04-27 12:52:00,4,Completed,89481.92
O1003975,C100034,P1060,W107,2025-09-17 10:26:00,3,Completed,14679.39
O1003976,C100889,P1038,W108,2025-10-01 10:00:00,3,Completed,13659.57
O1003977,C100056,P1039,W107,2025-05-08 08:44:00,2,Cancelled,37168.0
O1003978,C100499,P1022,W106,2025-02-19 12:58:00,1,Processing,22370.48
O1003979,C100423,P1068,W105,2025-02-19 11:02:00,4,Completed,6811.8
O1003980,C100558,P1091,W104,2025-09-07 18:36:00,2,Completed,44638.48
O1003981,C100043,P1062,W101,2025-06-15 15:01:00,1,Completed,9671.24
O1003982,C100764,P1024,W102,2025-06-29 19:01:00,2,Shipped,37901.9
O1003983,C100135,P1084,W104,2025-10-25 20:23:00,2,Completed,23284.62
O1003984,C100780,P1013,W106,2025-01-07 18:59:00,1,Completed,9488.96
O1003985,C100567,P1029,W101,2025-10-03 13:53:00,4,Shipped,23699.4
O1003986,C100889,P1004,W108,2025-04-11 21:38:00,2,Completed,35251.62
O1003987,C100979,P1085,W108,2025-12-06 13:23:00,2,Shipped,10950.24
O1003988,C100844,P1005,W101,2025-12-15 19:32:00,3,Shipped,2575.71
O1003989,C100453,P1055,W101,2025-07-03 10:25:00,3,Shipped,32685.21
O1003990,C100415,P1020,W107,2025-04-26 21:33:00,2,Completed,38682.62
O1003991,C100663,P1022,W102,2025-03-27 12:14:00,4,Completed,89481.92
O1003992,C100650,P1061,W102,2025-03-08 16:46:00,4,Completed,74565.96
O1003993,C100791,P1081,W102,2025-12-31 12:57:00,2,Shipped,29072.5
O1003994,C100484,P1002,W106,2025-03-10 11:12:00,3,Shipped,42678.96
O1003995,C100463,P1016,W102,2025-06-12 12:36:00,1,Shipped,9429.11
O1003996,C100118,P1029,W102,2025-06-24 16:30:00,2,Cancelled,11849.7
O1003997,C100169,P1095,W104,2025-09-05 09:33:00,2,Completed,41331.44
O1003998,C100822,P1006,W105,2025-11-04 10:46:00,2,Processing,6223.2
O1003999,C100990,P1018,W108,2025-07-23 20:52:00,4,Completed,85083.52
O1004000,C100602,P1041,W102,2025-10-04 09:11:00,3,Cancelled,38688.24
O1004001,C100345,P1033,W103,2025-07-26 18:06:00,2,Processing,38051.0
O1004002,C100059,P1005,W105,2025-06-09 12:13:00,2,Completed,1717.14
O1004003,C100044,P1055,W104,2025-02-27 12:28:00,3,Completed,32685.21
O1004004,C100677,P1061,W105,2025-03-18 13:04:00,1,Completed,18641.49
O1004005,C100642,P1018,W102,2025-06-07 13:21:00,1,Shipped,21270.88
O1004006,C100284,P1069,W105,2025-01-17 17:55:00,3,Completed,40825.92
O1004007,C100189,P1006,W108,2025-04-26 19:15:00,2,Completed,6223.2
O1004008,C100070,P1074,W106,2025-06-18 13:04:00,3,Completed,25124.82
O1004009,C100683,P1026,W106,2025-06-22 10:24:00,4,Completed,38893.12
O1004010,C100607,P1023,W101,2025-10-25 08:02:00,2,Cancelled,9299.36
O1004011,C100334,P1020,W108,2025-12-20 18:08:00,3,Completed,58023.93
O1004012,C100733,P1087,W106,2025-09-24 20:50:00,2,Completed,10925.6
O1004013,C100846,P1051,W106,2025-01-30 08:28:00,4,Shipped,75239.56
O1004014,C100518,P1070,W102,2025-05-30 16:15:00,1,Completed,11621.13
O1004015,C100263,P1021,W105,2025-09-24 11:03:00,3,Completed,55575.36
O1004016,C100006,P1006,W106,2025-08-06 10:57:00,2,Completed,6223.2
O1004017,C100796,P1004,W105,2025-06-17 19:35:00,4,Processing,70503.24
O1004018,C100577,P1045,W101,2025-06-09 11:31:00,1,Processing,5902.0
O1004019,C100348,P1033,W101,2025-05-29 12:15:00,1,Completed,19025.5
O1004020,C100007,P1077,W104,2025-07-31 09:44:00,4,Completed,42076.2
O1004021,C100815,P1079,W106,2025-03-07 20:39:00,3,Completed,43042.68
O1004022,C100927,P1032,W104,2025-07-08 20:41:00,3,Completed,29231.43
O1004023,C100482,P1044,W106,2025-03-17 20:47:00,4,Completed,79425.2
O1004024,C100268,P1039,W108,2025-09-06 11:13:00,2,Completed,37168.0
O1004025,C100620,P1068,W108,2025-11-12 10:37:00,1,Completed,1702.95
O1004026,C100872,P1063,W106,2025-07-05 21:10:00,4,Processing,28671.12
O1004027,C100588,P1066,W106,2025-05-22 16:34:00,1,Completed,19641.89
O1004028,C100013,P1006,W101,2025-12-10 11:42:00,3,Completed,9334.8
O1004029,C100196,P1034,W101,2025-08-29 08:39:00,2,Cancelled,24995.6
O1004030,C100098,P1097,W106,2025-06-06 19:11:00,1,Completed,18018.5
O1004031,C100412,P1035,W107,2025-01-11 19:13:00,4,Shipped,40445.6
O1004032,C100452,P1018,W102,2025-01-06 08:08:00,4,Completed,85083.52
O1004033,C100536,P1020,W105,2025-03-22 14:41:00,1,Processing,19341.31
O1004034,C100759,P1003,W103,2025-03-28 14:45:00,4,Completed,37122.16
O1004035,C100113,P1079,W101,2025-09-21 14:29:00,4,Processing,57390.24
O1004036,C100943,P1001,W104,2025-07-02 13:10:00,3,Shipped,27916.14
O1004037,C100264,P1060,W104,2025-12-31 12:35:00,4,Completed,19572.52
O1004038,C100522,P1040,W107,2025-07-17 12:41:00,1,Completed,4393.32
O1004039,C100211,P1010,W107,2025-11-26 20:53:00,1,Shipped,7847.31
O1004040,C100356,P1089,W108,2025-07-21 21:53:00,4,Completed,25241.48
O1004041,C100833,P1075,W101,2025-05-11 09:33:00,2,Completed,26789.84
O1004042,C100045,P1082,W108,2025-09-18 18:05:00,1,Completed,15404.57
O1004043,C100484,P1094,W105,2025-06-14 16:01:00,4,Completed,97374.0
O1004044,C100584,P1092,W102,2025-04-11 11:34:00,2,Completed,13731.82
O1004045,C100570,P1071,W106,2025-06-22 10:36:00,4,Completed,45556.76
O1004046,C100381,P1054,W101,2025-08-31 18:32:00,4,Completed,53302.16
O1004047,C100378,P1070,W104,2025-05-18 13:06:00,2,Completed,23242.26
O1004048,C100910,P1045,W107,2025-09-14 09:48:00,4,Completed,23608.0
O1004049,C100241,P1019,W108,2025-12-24 21:34:00,2,Cancelled,28586.64
O1004050,C100481,P1039,W103,2025-05-31 20:57:00,3,Completed,55752.0
O1004051,C100365,P1047,W102,2025-04-18 13:51:00,2,Completed,27489.36
O1004052,C100766,P1005,W105,2025-05-27 13:58:00,1,Completed,858.57
O1004053,C100806,P1085,W102,2025-11-02 13:53:00,1,Shipped,5475.12
O1004054,C100849,P1091,W108,2025-03-07 10:40:00,2,Completed,44638.48
O1004055,C100085,P1042,W103,2025-12-22 09:28:00,3,Completed,53881.56
O1004056,C100099,P1050,W102,2025-06-01 11:49:00,4,Completed,59305.6
O1004057,C100376,P1085,W102,2025-11-04 13:24:00,1,Completed,5475.12
O1004058,C100441,P1046,W103,2025-10-15 10:10:00,3,Shipped,61205.61
O1004059,C100064,P1069,W106,2025-10-14 08:29:00,3,Completed,40825.92
O1004060,C100894,P1052,W107,2025-11-28 21:01:00,4,Shipped,38468.04
O1004061,C100897,P1028,W106,2025-03-09 20:17:00,4,Completed,25364.6
O1004062,C100425,P1080,W106,2025-08-05 12:16:00,1,Completed,6315.19
O1004063,C100770,P1020,W103,2025-02-06 16:36:00,1,Completed,19341.31
O1004064,C100566,P1023,W108,2025-04-20 09:59:00,4,Completed,18598.72
O1004065,C100658,P1070,W108,2025-01-15 20:58:00,3,Cancelled,34863.39
O1004066,C100874,P1071,W106,2025-09-07 19:22:00,1,Completed,11389.19
O1004067,C100093,P1096,W107,2025-08-10 10:27:00,4,Completed,14809.52
O1004068,C100233,P1072,W103,2025-09-28 10:59:00,2,Completed,20966.38
O1004069,C100429,P1003,W104,2025-03-06 12:39:00,2,Shipped,18561.08
O1004070,C100895,P1085,W107,2025-05-02 09:19:00,4,Shipped,21900.48
O1004071,C100592,P1042,W104,2025-09-04 12:51:00,4,Completed,71842.08
O1004072,C100398,P1001,W107,2025-10-29 17:21:00,2,Completed,18610.76
O1004073,C100029,P1058,W107,2025-11-20 18:09:00,3,Completed,38344.38
O1004074,C100594,P1018,W108,2025-01-27 08:06:00,3,Completed,63812.64
O1004075,C100270,P1042,W103,2025-05-27 12:55:00,1,Completed,17960.52
O1004076,C100329,P1048,W104,2025-01-04 19:39:00,3,Completed,44765.04
O1004077,C100996,P1008,W104,2025-10-26 20:11:00,1,Completed,4509.67
O1004078,C100528,P1086,W105,2025-02-14 15:52:00,4,Completed,66501.64
O1004079,C100139,P1052,W106,2025-10-28 18:17:00,4,Completed,38468.04
O1004080,C100050,P1097,W103,2025-02-26 11:27:00,1,Completed,18018.5
O1004081,C100389,P1047,W102,2025-01-06 20:09:00,3,Completed,41234.04
O1004082,C100066,P1060,W103,2025-11-17 14:37:00,1,Cancelled,4893.13
O1004083,C100429,P1082,W107,2025-06-10 17:41:00,1,Completed,15404.57
O1004084,C100415,P1022,W108,2025-06-05 11:40:00,3,Completed,67111.44
O1004085,C100880,P1091,W101,2025-08-25 10:25:00,4,Processing,89276.96
O1004086,C100335,P1019,W108,2025-04-11 15:27:00,4,Cancelled,57173.28
O1004087,C100277,P1100,W101,2025-09-10 15:18:00,2,Shipped,40142.14
O1004088,C100616,P1064,W105,2025-06-06 16:00:00,4,Completed,19697.32
O1004089,C100640,P1052,W102,2025-04-10 19:18:00,3,Completed,28851.03
O1004090,C100038,P1022,W108,2025-05-25 18:48:00,2,Completed,44740.96
O1004091,C100084,P1057,W107,2025-01-03 12:13:00,2,Shipped,18945.04
O1004092,C100168,P1056,W103,2025-04-21 14:31:00,3,Completed,64636.86
O1004093,C100777,P1099,W106,2025-08-04 09:11:00,2,Completed,17758.32
O1004094,C100210,P1084,W107,2025-02-20 19:00:00,2,Completed,23284.62
O1004095,C100993,P1049,W102,2025-02-13 09:53:00,2,Completed,27976.52
O1004096,C100441,P1039,W106,2025-08-28 08:58:00,2,Completed,37168.0
O1004097,C100934,P1039,W103,2025-06-06 15:17:00,2,Completed,37168.0
O1004098,C100247,P1038,W106,2025-02-19 20:53:00,1,Completed,4553.19
O1004099,C100424,P1002,W105,2025-09-30 13:16:00,4,Shipped,56905.28
O1004100,C100138,P1004,W106,2025-10-11 10:35:00,2,Processing,35251.62
O1004101,C100847,P1076,W106,2025-01-13 10:34:00,2,Completed,20082.06
O1004102,C100598,P1026,W106,2025-03-15 19:42:00,1,Completed,9723.28
O1004103,C100076,P1042,W101,2025-05-16 17:14:00,3,Processing,53881.56
O1004104,C100744,P1070,W107,2025-09-24 14:55:00,2,Completed,23242.26
O1004105,C100888,P1061,W102,2025-01-28 20:59:00,1,Completed,18641.49
O1004106,C100686,P1037,W104,2025-10-22 09:27:00,2,Completed,17419.24
O1004107,C100809,P1076,W105,2025-04-27 16:37:00,4,Completed,40164.12
O1004108,C100277,P1016,W107,2025-02-15 13:02:00,4,Completed,37716.44
O1004109,C100433,P1048,W106,2025-11-12 11:16:00,4,Completed,59686.72
O1004110,C100855,P1011,W102,2025-02-01 20:51:00,1,Completed,21776.79
O1004111,C100609,P1054,W103,2025-02-17 21:23:00,3,Completed,39976.62
O1004112,C100612,P1010,W102,2025-12-13 19:41:00,4,Completed,31389.24
O1004113,C100768,P1095,W105,2025-07-09 10:04:00,3,Completed,61997.16
O1004114,C100615,P1066,W106,2025-06-19 18:06:00,4,Completed,78567.56
O1004115,C100127,P1025,W106,2025-09-08 13:01:00,1,Shipped,10625.81
O1004116,C100213,P1062,W107,2025-08-19 13:19:00,2,Completed,19342.48
O1004117,C100779,P1035,W106,2025-08-12 10:42:00,2,Completed,20222.8
O1004118,C100243,P1052,W108,2025-01-09 16:14:00,3,Completed,28851.03
O1004119,C100666,P1017,W108,2025-07-21 20:00:00,1,Completed,4264.31
O1004120,C100475,P1051,W103,2025-04-12 11:14:00,2,Shipped,37619.78
O1004121,C100621,P1011,W103,2025-10-22 15:31:00,3,Completed,65330.37
O1004122,C100238,P1016,W101,2025-07-04 17:04:00,1,Shipped,9429.11
O1004123,C100311,P1059,W103,2025-02-15 16:49:00,2,Completed,4992.24
O1004124,C100689,P1051,W105,2025-11-20 11:39:00,3,Processing,56429.67
O1004125,C100172,P1030,W106,2025-04-14 08:24:00,1,Completed,5899.82
O1004126,C100309,P1006,W108,2025-04-10 19:36:00,3,Completed,9334.8
O1004127,C100999,P1043,W105,2025-12-08 16:21:00,2,Completed,21447.04
O1004128,C100152,P1093,W108,2025-10-10 17:51:00,2,Completed,39969.22
O1004129,C100578,P1071,W105,2025-11-10 15:26:00,2,Completed,22778.38
O1004130,C100152,P1006,W107,2025-08-30 13:24:00,4,Processing,12446.4
O1004131,C100708,P1094,W107,2025-11-29 11:31:00,3,Processing,73030.5
O1004132,C100128,P1043,W104,2025-02-12 17:13:00,3,Completed,32170.56
O1004133,C100574,P1058,W107,2025-08-07 19:38:00,4,Shipped,51125.84
O1004134,C100440,P1001,W107,2025-04-18 12:33:00,2,Shipped,18610.76
O1004135,C100692,P1032,W103,2025-05-26 08:20:00,1,Processing,9743.81
O1004136,C100004,P1079,W102,2025-03-28 10:10:00,1,Completed,14347.56
O1004137,C100517,P1034,W101,2025-03-16 16:06:00,2,Completed,24995.6
O1004138,C100543,P1017,W108,2025-06-11 11:17:00,4,Processing,17057.24
O1004139,C100241,P1010,W104,2025-12-02 19:23:00,2,Completed,15694.62
O1004140,C100299,P1093,W105,2025-08-20 11:48:00,4,Completed,79938.44
O1004141,C100707,P1082,W103,2025-05-08 14:54:00,3,Completed,46213.71
O1004142,C100553,P1005,W104,2025-06-08 11:10:00,3,Completed,2575.71
O1004143,C100579,P1093,W104,2025-07-13 14:21:00,1,Completed,19984.61
O1004144,C100936,P1083,W105,2025-03-31 17:29:00,4,Completed,14025.2
O1004145,C100406,P1036,W102,2025-07-10 19:08:00,4,Completed,35803.36
O1004146,C100870,P1066,W107,2025-09-11 18:21:00,3,Completed,58925.67
O1004147,C100975,P1026,W104,2025-03-30 15:06:00,4,Completed,38893.12
O1004148,C100577,P1025,W102,2025-08-02 14:23:00,1,Completed,10625.81
O1004149,C100212,P1072,W101,2025-09-16 12:33:00,2,Completed,20966.38
O1004150,C100419,P1021,W101,2025-07-09 21:49:00,4,Completed,74100.48
O1004151,C100047,P1036,W103,2025-04-17 18:16:00,3,Completed,26852.52
O1004152,C100699,P1036,W106,2025-07-22 20:28:00,3,Processing,26852.52
O1004153,C100274,P1016,W107,2025-10-17 18:21:00,2,Completed,18858.22
O1004154,C100924,P1083,W108,2025-03-22 09:13:00,3,Completed,10518.9
O1004155,C100654,P1068,W103,2025-07-29 11:42:00,2,Completed,3405.9
O1004156,C100490,P1087,W106,2025-09-06 14:26:00,3,Completed,16388.4
O1004157,C100187,P1053,W103,2025-04-28 12:24:00,1,Completed,19180.93
O1004158,C100100,P1018,W102,2025-05-22 20:43:00,3,Shipped,63812.64
O1004159,C100673,P1028,W105,2025-11-21 14:53:00,4,Completed,25364.6
O1004160,C100767,P1036,W106,2025-05-13 11:05:00,1,Completed,8950.84
O1004161,C100267,P1095,W107,2025-08-07 16:22:00,2,Completed,41331.44
O1004162,C100011,P1024,W101,2025-02-24 13:17:00,3,Completed,56852.85
O1004163,C100320,P1070,W106,2025-12-04 09:47:00,1,Completed,11621.13
O1004164,C100765,P1013,W103,2025-08-06 21:15:00,1,Shipped,9488.96
O1004165,C100581,P1096,W103,2025-10-05 21:14:00,1,Completed,3702.38
O1004166,C100085,P1065,W101,2025-08-08 18:51:00,1,Completed,8807.73
O1004167,C100115,P1044,W102,2025-05-10 12:23:00,4,Completed,79425.2
O1004168,C100107,P1035,W104,2025-05-05 19:39:00,1,Completed,10111.4
O1004169,C100759,P1036,W102,2025-09-13 12:02:00,3,Completed,26852.52
O1004170,C100782,P1023,W103,2025-11-10 20:18:00,2,Completed,9299.36
O1004171,C100408,P1060,W105,2025-02-16 20:22:00,3,Completed,14679.39
O1004172,C100690,P1087,W101,2025-11-05 10:23:00,4,Completed,21851.2
O1004173,C100021,P1025,W108,2025-10-30 12:24:00,4,Completed,42503.24
O1004174,C100562,P1075,W103,2025-02-09 17:47:00,1,Shipped,13394.92
O1004175,C100273,P1057,W107,2025-02-09 11:16:00,1,Shipped,9472.52
O1004176,C100821,P1078,W106,2025-09-11 19:14:00,2,Completed,34572.7
O1004177,C100489,P1077,W107,2025-11-04 17:30:00,4,Completed,42076.2
O1004178,C100852,P1004,W103,2025-05-24 11:10:00,4,Completed,70503.24
O1004179,C100563,P1003,W102,2025-08-22 18:51:00,3,Completed,27841.62
O1004180,C100458,P1092,W102,2025-12-31 08:36:00,4,Completed,27463.64
O1004181,C100947,P1016,W102,2025-04-28 13:22:00,1,Completed,9429.11
O1004182,C100997,P1058,W105,2025-03-24 10:29:00,3,Completed,38344.38
O1004183,C100456,P1076,W105,2025-12-28 08:00:00,4,Completed,40164.12
O1004184,C100358,P1051,W107,2025-04-13 18:22:00,4,Completed,75239.56
O1004185,C100647,P1001,W108,2025-06-22 10:08:00,3,Completed,27916.14
O1004186,C100172,P1002,W107,2025-06-11 17:43:00,3,Shipped,42678.96
O1004187,C100387,P1067,W103,2025-07-10 09:03:00,1,Completed,18445.37
O1004188,C100846,P1090,W104,2025-04-09 20:29:00,3,Processing,31081.14
O1004189,C100897,P1035,W108,2025-09-05 21:41:00,1,Shipped,10111.4
O1004190,C100416,P1055,W106,2025-09-10 12:26:00,2,Processing,21790.14
O1004191,C100391,P1094,W104,2025-03-15 14:48:00,1,Completed,24343.5
O1004192,C100875,P1083,W107,2025-06-25 16:42:00,2,Shipped,7012.6
O1004193,C100203,P1055,W102,2025-01-21 16:15:00,1,Completed,10895.07
O1004194,C100062,P1066,W106,2025-03-22 08:22:00,2,Completed,39283.78
O1004195,C100073,P1097,W108,2025-12-27 21:42:00,1,Completed,18018.5
O1004196,C100112,P1080,W105,2025-07-04 21:05:00,4,Completed,25260.76
O1004197,C100880,P1042,W105,2025-08-16 14:48:00,3,Processing,53881.56
O1004198,C100041,P1070,W101,2025-11-21 15:45:00,3,Completed,34863.39
O1004199,C100333,P1033,W105,2025-09-18 10:22:00,3,Completed,57076.5
O1004200,C100603,P1093,W103,2025-10-17 18:28:00,4,Completed,79938.44
O1004201,C100610,P1010,W108,2025-09-17 15:12:00,3,Completed,23541.93
O1004202,C100832,P1023,W103,2025-07-02 11:58:00,3,Shipped,13949.04
O1004203,C100981,P1035,W103,2025-08-19 12:17:00,1,Processing,10111.4
O1004204,C100403,P1021,W104,2025-04-16 09:08:00,3,Completed,55575.36
O1004205,C100234,P1060,W106,2025-11-22 19:02:00,2,Completed,9786.26
O1004206,C100091,P1072,W108,2025-03-07 08:52:00,1,Completed,10483.19
O1004207,C100892,P1090,W103,2025-11-19 15:53:00,2,Completed,20720.76
O1004208,C100374,P1051,W102,2025-11-17 19:24:00,2,Completed,37619.78
O1004209,C100899,P1063,W107,2025-02-21 08:43:00,1,Shipped,7167.78
O1004210,C100349,P1060,W105,2025-09-17 10:07:00,3,Completed,14679.39
O1004211,C100757,P1001,W104,2025-12-28 18:40:00,4,Completed,37221.52
O1004212,C100644,P1071,W108,2025-07-28 19:32:00,1,Completed,11389.19
O1004213,C100714,P1003,W104,2025-05-05 09:08:00,1,Completed,9280.54
O1004214,C100653,P1055,W105,2025-11-17 11:42:00,4,Completed,43580.28
O1004215,C100307,P1100,W108,2025-07-07 16:29:00,3,Completed,60213.21
O1004216,C100104,P1079,W102,2025-02-14 15:34:00,1,Processing,14347.56
O1004217,C100011,P1051,W108,2025-04-01 15:14:00,2,Completed,37619.78
O1004218,C100421,P1032,W108,2025-09-07 11:40:00,1,Processing,9743.81
O1004219,C100892,P1084,W104,2025-06-16 15:32:00,4,Completed,46569.24
O1004220,C100643,P1086,W103,2025-03-21 08:42:00,3,Completed,49876.23
O1004221,C100675,P1037,W102,2025-10-19 20:13:00,1,Completed,8709.62
O1004222,C100259,P1011,W101,2025-02-14 15:35:00,1,Completed,21776.79
O1004223,C100487,P1059,W108,2025-03-21 13:13:00,3,Completed,7488.36
O1004224,C100408,P1064,W104,2025-06-19 13:08:00,3,Completed,14772.99
O1004225,C100137,P1094,W106,2025-01-15 13:10:00,3,Completed,73030.5
O1004226,C100614,P1090,W102,2025-05-22 14:05:00,1,Shipped,10360.38
O1004227,C100364,P1023,W103,2025-11-29 10:41:00,4,Shipped,18598.72
O1004228,C100403,P1026,W107,2025-12-10 16:25:00,1,Shipped,9723.28
O1004229,C100597,P1100,W106,2025-11-15 10:34:00,1,Shipped,20071.07
O1004230,C100031,P1033,W102,2025-04-29 12:23:00,3,Cancelled,57076.5
O1004231,C100937,P1046,W101,2025-01-24 20:11:00,3,Completed,61205.61
O1004232,C100223,P1031,W107,2025-10-25 15:53:00,2,Cancelled,3058.4
O1004233,C100680,P1040,W101,2025-05-17 20:38:00,3,Completed,13179.96
O1004234,C100777,P1057,W101,2025-10-01 17:12:00,3,Completed,28417.56
O1004235,C100154,P1030,W103,2025-02-13 18:58:00,2,Completed,11799.64
O1004236,C100249,P1042,W108,2025-09-01 09:15:00,1,Completed,17960.52
O1004237,C100413,P1036,W106,2025-08-03 15:03:00,3,Completed,26852.52
O1004238,C100818,P1011,W101,2025-12-02 12:54:00,3,Completed,65330.37
O1004239,C100636,P1079,W108,2025-02-07 08:14:00,4,Shipped,57390.24
O1004240,C100467,P1090,W108,2025-05-29 09:15:00,2,Shipped,20720.76
O1004241,C100850,P1050,W106,2025-12-28 10:39:00,2,Completed,29652.8
O1004242,C100473,P1021,W101,2025-05-23 08:05:00,1,Completed,18525.12
O1004243,C100886,P1065,W101,2025-08-29 14:07:00,2,Completed,17615.46
O1004244,C100771,P1054,W107,2025-02-28 08:43:00,3,Completed,39976.62
O1004245,C100173,P1056,W107,2025-09-23 19:32:00,2,Completed,43091.24
O1004246,C100384,P1060,W107,2025-04-11 16:17:00,3,Completed,14679.39
O1004247,C100026,P1072,W104,2025-07-28 21:28:00,1,Completed,10483.19
O1004248,C100239,P1005,W105,2025-11-18 09:10:00,4,Completed,3434.28
O1004249,C100023,P1010,W102,2025-08-30 09:07:00,4,Completed,31389.24
O1004250,C100106,P1010,W101,2025-06-23 20:09:00,4,Completed,31389.24
O1004251,C100005,P1016,W102,2025-03-11 13:29:00,3,Completed,28287.33
O1004252,C100672,P1098,W105,2025-05-05 18:37:00,3,Completed,2304.51
O1004253,C100410,P1074,W104,2025-11-06 10:39:00,1,Completed,8374.94
O1004254,C100470,P1067,W105,2025-03-20 08:07:00,1,Processing,18445.37
O1004255,C100765,P1070,W104,2025-08-28 14:58:00,2,Completed,23242.26
O1004256,C100810,P1004,W105,2025-06-27 16:01:00,4,Completed,70503.24
O1004257,C100533,P1022,W108,2025-04-28 09:33:00,1,Completed,22370.48
O1004258,C100458,P1080,W106,2025-09-19 08:08:00,3,Cancelled,18945.57
O1004259,C100650,P1047,W108,2025-05-13 10:58:00,4,Completed,54978.72
O1004260,C100415,P1051,W108,2025-04-15 09:31:00,4,Shipped,75239.56
O1004261,C100443,P1076,W105,2025-07-13 21:56:00,3,Shipped,30123.09
O1004262,C100299,P1008,W108,2025-10-04 21:50:00,3,Cancelled,13529.01
O1004263,C100190,P1080,W102,2025-11-12 08:13:00,1,Shipped,6315.19
O1004264,C100200,P1069,W105,2025-08-18 14:23:00,1,Completed,13608.64
O1004265,C100656,P1041,W101,2025-08-30 13:22:00,2,Completed,25792.16
O1004266,C100831,P1050,W101,2025-10-15 08:22:00,4,Cancelled,59305.6
O1004267,C100424,P1008,W102,2025-04-09 17:19:00,1,Completed,4509.67
O1004268,C100096,P1021,W102,2025-04-02 19:54:00,4,Shipped,74100.48
O1004269,C100611,P1025,W104,2025-06-26 16:33:00,2,Processing,21251.62
O1004270,C100903,P1088,W106,2025-08-19 20:50:00,1,Completed,14343.35
O1004271,C100528,P1012,W108,2025-08-24 16:55:00,1,Completed,15674.49
O1004272,C100027,P1030,W108,2025-02-26 15:40:00,3,Completed,17699.46
O1004273,C100082,P1014,W102,2025-10-12 21:16:00,1,Completed,14168.78
O1004274,C100523,P1029,W104,2025-05-13 17:52:00,3,Completed,17774.55
O1004275,C100862,P1002,W104,2025-11-17 18:42:00,4,Completed,56905.28
O1004276,C100059,P1028,W101,2025-09-22 18:55:00,3,Cancelled,19023.45
O1004277,C100754,P1073,W101,2025-12-25 08:26:00,2,Processing,19251.42
O1004278,C100780,P1077,W103,2025-08-19 18:17:00,4,Completed,42076.2
O1004279,C100052,P1038,W107,2025-07-12 18:28:00,1,Shipped,4553.19
O1004280,C100212,P1071,W104,2025-03-10 14:55:00,1,Completed,11389.19
O1004281,C100004,P1062,W104,2025-05-26 15:54:00,1,Completed,9671.24
O1004282,C100566,P1091,W108,2025-11-10 19:39:00,1,Processing,22319.24
O1004283,C100175,P1081,W104,2025-05-20 09:59:00,4,Processing,58145.0
O1004284,C100917,P1023,W106,2025-01-20 15:22:00,1,Completed,4649.68
O1004285,C100092,P1059,W108,2025-03-31 18:47:00,1,Completed,2496.12
O1004286,C100650,P1079,W101,2025-08-06 11:37:00,4,Completed,57390.24
O1004287,C100787,P1031,W105,2025-08-18 11:41:00,4,Shipped,6116.8
O1004288,C100179,P1058,W103,2025-12-26 08:03:00,1,Completed,12781.46
O1004289,C100253,P1041,W101,2025-12-07 12:22:00,2,Completed,25792.16
O1004290,C100797,P1031,W101,2025-07-13 13:01:00,3,Shipped,4587.6
O1004291,C100093,P1020,W106,2025-07-22 21:20:00,2,Completed,38682.62
O1004292,C100442,P1004,W106,2025-10-20 09:09:00,4,Completed,70503.24
O1004293,C100251,P1075,W105,2025-01-18 17:02:00,1,Completed,13394.92
O1004294,C100014,P1082,W106,2025-08-06 08:53:00,4,Completed,61618.28
O1004295,C100452,P1066,W106,2025-06-23 19:11:00,3,Completed,58925.67
O1004296,C100487,P1025,W101,2025-10-13 14:34:00,1,Completed,10625.81
O1004297,C100348,P1002,W101,2025-10-20 13:57:00,3,Completed,42678.96
O1004298,C100813,P1064,W103,2025-08-28 21:12:00,1,Completed,4924.33
O1004299,C100097,P1020,W105,2025-08-28 18:29:00,4,Completed,77365.24
O1004300,C100430,P1055,W108,2025-09-10 09:28:00,4,Completed,43580.28
O1004301,C100181,P1098,W108,2025-07-31 11:43:00,1,Shipped,768.17
O1004302,C100759,P1001,W107,2025-03-25 11:49:00,3,Shipped,27916.14
O1004303,C100557,P1058,W103,2025-04-14 16:32:00,2,Completed,25562.92
O1004304,C100706,P1100,W105,2025-09-28 19:37:00,1,Completed,20071.07
O1004305,C100108,P1034,W101,2025-08-14 16:55:00,3,Completed,37493.4
O1004306,C100457,P1082,W104,2025-03-28 13:37:00,1,Completed,15404.57
O1004307,C100051,P1083,W101,2025-11-17 18:27:00,1,Completed,3506.3
O1004308,C100324,P1049,W108,2025-12-24 18:37:00,4,Completed,55953.04
O1004309,C100946,P1031,W104,2025-08-17 09:07:00,2,Shipped,3058.4
O1004310,C100727,P1069,W106,2025-03-25 15:35:00,4,Completed,54434.56
O1004311,C100079,P1062,W101,2025-12-09 17:57:00,3,Processing,29013.72
O1004312,C100369,P1048,W108,2025-03-28 16:27:00,3,Completed,44765.04
O1004313,C100871,P1020,W105,2025-06-07 11:25:00,2,Completed,38682.62
O1004314,C100171,P1075,W101,2025-11-10 10:15:00,2,Completed,26789.84
O1004315,C100758,P1022,W103,2025-07-10 12:04:00,1,Shipped,22370.48
O1004316,C100321,P1014,W102,2025-03-30 12:55:00,3,Completed,42506.34
O1004317,C100478,P1007,W101,2025-01-30 20:54:00,3,Completed,44303.19
O1004318,C100877,P1045,W101,2025-05-12 16:42:00,1,Completed,5902.0
O1004319,C100673,P1013,W106,2025-09-03 19:42:00,2,Completed,18977.92
O1004320,C100284,P1034,W107,2025-09-18 08:22:00,4,Shipped,49991.2
O1004321,C100009,P1025,W106,2025-03-23 18:58:00,2,Shipped,21251.62
O1004322,C100235,P1046,W106,2025-02-27 10:38:00,2,Completed,40803.74
O1004323,C100418,P1078,W101,2025-09-14 15:55:00,1,Completed,17286.35
O1004324,C100134,P1046,W102,2025-02-28 13:24:00,1,Shipped,20401.87
O1004325,C100883,P1056,W101,2025-01-24 20:05:00,4,Completed,86182.48
O1004326,C100056,P1015,W108,2025-06-27 17:26:00,2,Processing,13084.58
O1004327,C100541,P1012,W106,2025-07-28 14:26:00,2,Completed,31348.98
O1004328,C100977,P1098,W108,2025-03-30 15:08:00,1,Processing,768.17
O1004329,C100335,P1062,W108,2025-03-19 17:53:00,4,Processing,38684.96
O1004330,C100537,P1002,W102,2025-03-28 18:03:00,2,Completed,28452.64
O1004331,C100074,P1057,W105,2025-05-06 16:01:00,3,Completed,28417.56
O1004332,C100730,P1002,W106,2025-01-04 18:10:00,3,Completed,42678.96
O1004333,C100978,P1008,W106,2025-01-05 19:02:00,2,Completed,9019.34
O1004334,C100773,P1038,W106,2025-05-16 08:26:00,2,Completed,9106.38
O1004335,C100150,P1066,W104,2025-01-08 13:08:00,1,Completed,19641.89
O1004336,C100353,P1063,W101,2025-04-27 20:37:00,3,Completed,21503.34
O1004337,C100724,P1080,W108,2025-08-01 12:29:00,3,Completed,18945.57
O1004338,C100799,P1018,W106,2025-01-12 19:32:00,1,Processing,21270.88
O1004339,C100404,P1020,W107,2025-08-14 15:41:00,1,Completed,19341.31
O1004340,C100962,P1054,W102,2025-08-15 11:47:00,2,Completed,26651.08
O1004341,C100204,P1087,W101,2025-07-29 12:54:00,3,Completed,16388.4
O1004342,C100742,P1073,W108,2025-08-17 14:47:00,3,Completed,28877.13
O1004343,C100497,P1067,W107,2025-10-23 09:44:00,1,Processing,18445.37
O1004344,C100712,P1010,W107,2025-01-26 12:18:00,3,Completed,23541.93
O1004345,C100597,P1088,W104,2025-03-03 17:32:00,3,Completed,43030.05
O1004346,C100433,P1099,W108,2025-04-26 20:41:00,1,Completed,8879.16
O1004347,C100816,P1059,W102,2025-09-09 21:18:00,2,Cancelled,4992.24
O1004348,C100842,P1034,W107,2025-11-15 13:21:00,4,Completed,49991.2
O1004349,C100818,P1067,W104,2025-12-02 19:07:00,2,Processing,36890.74
O1004350,C100089,P1065,W102,2025-08-01 13:32:00,1,Completed,8807.73
O1004351,C100424,P1093,W106,2025-05-30 19:17:00,4,Processing,79938.44
O1004352,C100750,P1012,W103,2025-05-31 20:46:00,1,Completed,15674.49
O1004353,C100867,P1052,W102,2025-01-22 14:14:00,1,Shipped,9617.01
O1004354,C100362,P1071,W106,2025-06-19 16:24:00,1,Completed,11389.19
O1004355,C100741,P1035,W107,2025-07-07 20:08:00,4,Completed,40445.6
O1004356,C100566,P1085,W103,2025-03-18 09:55:00,3,Completed,16425.36
O1004357,C100221,P1007,W108,2025-10-08 11:27:00,1,Completed,14767.73
O1004358,C100893,P1011,W106,2025-10-24 16:45:00,1,Completed,21776.79
O1004359,C100445,P1080,W101,2025-04-21 10:30:00,4,Completed,25260.76
O1004360,C100606,P1013,W103,2025-11-30 19:07:00,1,Processing,9488.96
O1004361,C100289,P1042,W108,2025-02-09 11:43:00,4,Completed,71842.08
O1004362,C100026,P1029,W102,2025-11-29 12:43:00,2,Completed,11849.7
O1004363,C100453,P1069,W108,2025-10-08 19:20:00,1,Completed,13608.64
O1004364,C100723,P1002,W105,2025-03-23 15:22:00,2,Shipped,28452.64
O1004365,C100328,P1036,W106,2025-08-26 19:04:00,2,Completed,17901.68
O1004366,C100930,P1099,W106,2025-04-24 16:46:00,1,Completed,8879.16
O1004367,C100751,P1037,W105,2025-10-19 15:11:00,2,Completed,17419.24
O1004368,C100643,P1060,W105,2025-02-28 15:08:00,3,Shipped,14679.39
O1004369,C100807,P1099,W105,2025-03-31 19:14:00,2,Completed,17758.32
O1004370,C100862,P1061,W106,2025-04-23 21:59:00,3,Completed,55924.47
O1004371,C100722,P1076,W106,2025-03-14 08:20:00,4,Shipped,40164.12
O1004372,C100826,P1096,W104,2025-05-02 15:05:00,1,Completed,3702.38
O1004373,C100714,P1062,W104,2025-08-08 18:57:00,3,Processing,29013.72
O1004374,C100862,P1084,W107,2025-08-20 17:00:00,1,Shipped,11642.31
O1004375,C100104,P1051,W107,2025-07-22 14:46:00,1,Processing,18809.89
O1004376,C100345,P1082,W106,2025-03-11 19:06:00,2,Completed,30809.14
O1004377,C100888,P1065,W104,2025-03-15 14:33:00,2,Completed,17615.46
O1004378,C100475,P1034,W105,2025-12-02 09:54:00,4,Completed,49991.2
O1004379,C100015,P1056,W105,2025-04-02 11:48:00,2,Completed,43091.24
O1004380,C100849,P1034,W104,2025-02-07 08:36:00,4,Completed,49991.2
O1004381,C100656,P1040,W102,2025-06-15 17:49:00,4,Completed,17573.28
O1004382,C100911,P1030,W105,2025-01-03 21:37:00,2,Completed,11799.64
O1004383,C100017,P1050,W104,2025-05-06 13:18:00,1,Completed,14826.4
O1004384,C100147,P1035,W101,2025-11-09 18:15:00,4,Completed,40445.6
O1004385,C100511,P1063,W108,2025-04-08 21:45:00,2,Completed,14335.56
O1004386,C100182,P1037,W106,2025-09-14 13:30:00,2,Completed,17419.24
O1004387,C100521,P1050,W101,2025-06-28 20:21:00,3,Completed,44479.2
O1004388,C100347,P1015,W102,2025-05-10 08:14:00,2,Completed,13084.58
O1004389,C100211,P1039,W105,2025-08-30 17:29:00,3,Shipped,55752.0
O1004390,C100771,P1036,W107,2025-08-06 10:19:00,4,Completed,35803.36
O1004391,C100039,P1097,W104,2025-04-27 18:56:00,1,Processing,18018.5
O1004392,C100875,P1045,W107,2025-03-23 08:08:00,3,Processing,17706.0
O1004393,C100154,P1003,W102,2025-12-01 19:39:00,2,Completed,18561.08
O1004394,C100581,P1031,W105,2025-03-03 13:33:00,3,Completed,4587.6
O1004395,C100992,P1073,W107,2025-12-17 11:19:00,4,Shipped,38502.84
O1004396,C100114,P1017,W107,2025-06-21 15:46:00,3,Shipped,12792.93
O1004397,C100927,P1017,W102,2025-12-30 21:51:00,2,Completed,8528.62
O1004398,C100304,P1038,W106,2025-05-09 10:14:00,4,Cancelled,18212.76
O1004399,C100742,P1036,W101,2025-07-26 12:20:00,3,Shipped,26852.52
O1004400,C100858,P1049,W102,2025-08-13 16:57:00,1,Processing,13988.26
O1004401,C100232,P1004,W108,2025-05-04 09:18:00,1,Completed,17625.81
O1004402,C100348,P1073,W106,2025-03-21 21:21:00,2,Completed,19251.42
O1004403,C100861,P1022,W102,2025-07-09 15:19:00,3,Completed,67111.44
O1004404,C100103,P1072,W108,2025-08-30 21:51:00,2,Completed,20966.38
O1004405,C100109,P1057,W108,2025-04-06 13:48:00,1,Completed,9472.52
O1004406,C100303,P1021,W101,2025-10-07 19:39:00,4,Completed,74100.48
O1004407,C100604,P1047,W101,2025-08-22 12:37:00,1,Shipped,13744.68
O1004408,C100807,P1004,W102,2025-03-02 14:12:00,1,Completed,17625.81
O1004409,C100563,P1071,W107,2025-12-09 12:51:00,2,Completed,22778.38
O1004410,C100494,P1031,W105,2025-01-17 15:39:00,1,Completed,1529.2
O1004411,C100871,P1039,W105,2025-08-27 11:07:00,3,Processing,55752.0
O1004412,C100172,P1016,W104,2025-06-10 15:02:00,2,Processing,18858.22
O1004413,C100902,P1037,W104,2025-08-27 19:45:00,4,Completed,34838.48
O1004414,C100313,P1040,W106,2025-10-10 10:10:00,1,Completed,4393.32
O1004415,C100276,P1023,W101,2025-09-08 19:06:00,2,Completed,9299.36
O1004416,C100954,P1098,W105,2025-08-26 19:57:00,3,Completed,2304.51
O1004417,C100646,P1028,W102,2025-11-03 08:29:00,3,Shipped,19023.45
O1004418,C100432,P1019,W107,2025-09-14 17:27:00,2,Cancelled,28586.64
O1004419,C100331,P1055,W102,2025-10-25 14:47:00,4,Completed,43580.28
O1004420,C100442,P1032,W101,2025-05-28 16:55:00,4,Completed,38975.24
O1004421,C100792,P1046,W104,2025-03-16 12:07:00,3,Completed,61205.61
O1004422,C100154,P1073,W104,2025-03-27 11:05:00,3,Completed,28877.13
O1004423,C100175,P1008,W105,2025-08-12 12:01:00,3,Completed,13529.01
O1004424,C100305,P1051,W107,2025-07-14 10:08:00,2,Completed,37619.78
O1004425,C100483,P1003,W106,2025-01-29 13:40:00,3,Processing,27841.62
O1004426,C100815,P1005,W103,2025-03-16 20:13:00,4,Completed,3434.28
O1004427,C100211,P1010,W106,2025-12-20 18:54:00,1,Completed,7847.31
O1004428,C100787,P1017,W105,2025-09-23 10:30:00,1,Completed,4264.31
O1004429,C100908,P1035,W102,2025-10-03 15:48:00,2,Shipped,20222.8
O1004430,C100436,P1094,W101,2025-03-13 09:01:00,3,Shipped,73030.5
O1004431,C100962,P1091,W101,2025-01-24 08:49:00,1,Shipped,22319.24
O1004432,C100894,P1011,W102,2025-04-17 16:45:00,3,Completed,65330.37
O1004433,C100798,P1100,W107,2025-11-09 12:14:00,1,Completed,20071.07
O1004434,C100381,P1064,W104,2025-07-04 17:51:00,1,Shipped,4924.33
O1004435,C100301,P1056,W104,2025-10-14 10:10:00,2,Processing,43091.24
O1004436,C100865,P1080,W104,2025-06-27 09:40:00,1,Completed,6315.19
O1004437,C100442,P1049,W103,2025-06-28 18:00:00,3,Completed,41964.78
O1004438,C100032,P1027,W106,2025-08-08 10:53:00,3,Completed,39096.69
O1004439,C100718,P1053,W101,2025-12-17 08:48:00,3,Completed,57542.79
O1004440,C100348,P1073,W105,2025-06-09 19:02:00,3,Completed,28877.13
O1004441,C100936,P1069,W108,2025-08-06 17:52:00,3,Completed,40825.92
O1004442,C100856,P1017,W108,2025-12-02 21:00:00,3,Completed,12792.93
O1004443,C100105,P1094,W103,2025-05-16 16:23:00,3,Completed,73030.5
O1004444,C100902,P1029,W107,2025-11-03 14:40:00,1,Completed,5924.85
O1004445,C100950,P1082,W102,2025-07-15 17:23:00,3,Completed,46213.71
O1004446,C100757,P1032,W102,2025-11-17 19:05:00,1,Completed,9743.81
O1004447,C100276,P1007,W103,2025-06-20 16:48:00,1,Completed,14767.73
O1004448,C100670,P1100,W101,2025-08-18 12:28:00,4,Completed,80284.28
O1004449,C100869,P1059,W103,2025-04-28 20:27:00,1,Completed,2496.12
O1004450,C100816,P1022,W107,2025-08-20 17:50:00,1,Completed,22370.48
O1004451,C100432,P1001,W107,2025-04-30 20:16:00,2,Completed,18610.76
O1004452,C100708,P1013,W103,2025-08-11 15:48:00,4,Completed,37955.84
O1004453,C100386,P1017,W103,2025-10-15 14:17:00,4,Completed,17057.24
O1004454,C100255,P1093,W103,2025-06-08 19:48:00,3,Shipped,59953.83
O1004455,C100673,P1018,W101,2025-06-06 16:33:00,1,Shipped,21270.88
O1004456,C100467,P1017,W102,2025-04-28 18:51:00,3,Completed,12792.93
O1004457,C100225,P1084,W108,2025-09-24 20:27:00,4,Completed,46569.24
O1004458,C100661,P1088,W106,2025-08-05 11:58:00,2,Completed,28686.7
O1004459,C100322,P1021,W106,2025-07-08 10:42:00,2,Processing,37050.24
O1004460,C100588,P1066,W103,2025-01-10 10:05:00,4,Completed,78567.56
O1004461,C100362,P1054,W107,2025-02-10 16:23:00,1,Completed,13325.54
O1004462,C100886,P1058,W102,2025-01-03 19:18:00,4,Completed,51125.84
O1004463,C100851,P1032,W108,2025-11-07 21:40:00,2,Completed,19487.62
O1004464,C100474,P1076,W105,2025-11-07 08:27:00,3,Completed,30123.09
O1004465,C100711,P1089,W103,2025-01-25 08:01:00,2,Completed,12620.74
O1004466,C100178,P1073,W107,2025-01-17 17:30:00,3,Completed,28877.13
O1004467,C100998,P1091,W104,2025-10-13 11:46:00,4,Completed,89276.96
O1004468,C100215,P1012,W103,2025-07-11 14:39:00,2,Completed,31348.98
O1004469,C100867,P1066,W106,2025-04-23 09:06:00,1,Shipped,19641.89
O1004470,C100847,P1100,W106,2025-08-13 09:03:00,1,Completed,20071.07
O1004471,C100179,P1054,W105,2025-03-28 15:23:00,4,Completed,53302.16
O1004472,C100009,P1095,W104,2025-03-14 17:38:00,4,Completed,82662.88
O1004473,C100738,P1035,W103,2025-05-15 20:24:00,3,Completed,30334.2
O1004474,C100870,P1090,W104,2025-11-23 14:45:00,1,Shipped,10360.38
O1004475,C100717,P1094,W107,2025-10-08 17:02:00,4,Completed,97374.0
O1004476,C100056,P1063,W103,2025-03-11 20:02:00,2,Completed,14335.56
O1004477,C100646,P1071,W108,2025-07-25 14:02:00,1,Shipped,11389.19
O1004478,C100392,P1053,W102,2025-11-19 10:55:00,2,Shipped,38361.86
O1004479,C100916,P1032,W102,2025-12-14 19:33:00,4,Shipped,38975.24
O1004480,C100801,P1054,W103,2025-10-06 08:01:00,4,Completed,53302.16
O1004481,C100799,P1097,W101,2025-02-17 11:51:00,3,Completed,54055.5
O1004482,C100408,P1002,W108,2025-03-29 09:49:00,3,Cancelled,42678.96
O1004483,C100323,P1021,W103,2025-03-21 17:00:00,4,Completed,74100.48
O1004484,C100823,P1050,W101,2025-02-25 11:46:00,3,Processing,44479.2
O1004485,C100116,P1034,W105,2025-03-05 12:49:00,2,Completed,24995.6
O1004486,C100101,P1063,W108,2025-04-26 17:07:00,1,Shipped,7167.78
O1004487,C100063,P1037,W108,2025-07-22 12:08:00,1,Completed,8709.62
O1004488,C100512,P1066,W101,2025-05-26 13:04:00,1,Processing,19641.89
O1004489,C100076,P1011,W107,2025-06-03 14:59:00,4,Shipped,87107.16
O1004490,C100583,P1034,W103,2025-03-31 09:39:00,1,Shipped,12497.8
O1004491,C100168,P1070,W107,2025-02-25 21:05:00,1,Processing,11621.13
O1004492,C100891,P1048,W105,2025-12-31 21:44:00,4,Shipped,59686.72
O1004493,C100433,P1072,W106,2025-08-07 17:58:00,2,Completed,20966.38
O1004494,C100094,P1064,W107,2025-03-25 09:30:00,1,Completed,4924.33
O1004495,C100694,P1033,W108,2025-10-23 14:36:00,4,Shipped,76102.0
O1004496,C100339,P1043,W102,2025-10-31 12:58:00,4,Shipped,42894.08
O1004497,C100262,P1097,W106,2025-12-19 10:19:00,3,Completed,54055.5
O1004498,C100660,P1097,W102,2025-02-28 20:16:00,1,Completed,18018.5
O1004499,C100956,P1004,W108,2025-08-22 13:48:00,3,Processing,52877.43
O1004500,C100980,P1071,W106,2025-12-24 17:08:00,4,Completed,45556.76
O1004501,C100436,P1050,W102,2025-10-22 17:40:00,4,Completed,59305.6
O1004502,C100849,P1001,W103,2025-03-24 12:28:00,3,Completed,27916.14
O1004503,C100210,P1064,W108,2025-11-22 12:52:00,4,Shipped,19697.32
O1004504,C100847,P1003,W106,2025-06-03 21:35:00,4,Completed,37122.16
O1004505,C100943,P1032,W102,2025-06-28 19:32:00,1,Completed,9743.81
O1004506,C100518,P1070,W107,2025-07-23 15:00:00,3,Completed,34863.39
O1004507,C100524,P1082,W106,2025-10-09 15:28:00,3,Completed,46213.71
O1004508,C100565,P1042,W101,2025-02-13 08:06:00,4,Shipped,71842.08
O1004509,C100074,P1081,W103,2025-07-16 10:51:00,3,Completed,43608.75
O1004510,C100859,P1084,W107,2025-10-26 08:05:00,3,Completed,34926.93
O1004511,C100738,P1045,W103,2025-07-20 19:16:00,3,Completed,17706.0
O1004512,C100870,P1018,W101,2025-04-11 21:10:00,2,Completed,42541.76
O1004513,C100116,P1066,W105,2025-01-21 10:16:00,2,Processing,39283.78
O1004514,C100803,P1002,W108,2025-07-20 11:56:00,4,Shipped,56905.28
O1004515,C100363,P1090,W105,2025-09-14 12:55:00,4,Completed,41441.52
O1004516,C100819,P1039,W108,2025-07-20 19:22:00,3,Completed,55752.0
O1004517,C100994,P1077,W101,2025-12-24 13:42:00,2,Shipped,21038.1
O1004518,C100880,P1074,W106,2025-08-08 08:36:00,1,Completed,8374.94
O1004519,C100916,P1048,W106,2025-07-05 16:12:00,2,Completed,29843.36
O1004520,C100114,P1098,W108,2025-01-21 10:03:00,2,Processing,1536.34
O1004521,C100329,P1080,W105,2025-07-23 17:01:00,4,Shipped,25260.76
O1004522,C100293,P1089,W107,2025-03-03 19:59:00,3,Completed,18931.11
O1004523,C100514,P1010,W102,2025-09-22 08:56:00,2,Completed,15694.62
O1004524,C100977,P1049,W101,2025-02-28 21:55:00,4,Completed,55953.04
O1004525,C100686,P1096,W106,2025-11-27 17:17:00,2,Shipped,7404.76
O1004526,C100545,P1082,W101,2025-04-21 08:43:00,4,Completed,61618.28
O1004527,C100805,P1046,W107,2025-06-08 11:04:00,3,Completed,61205.61
O1004528,C100177,P1008,W101,2025-02-22 10:20:00,2,Completed,9019.34
O1004529,C100661,P1029,W106,2025-03-18 20:22:00,4,Completed,23699.4
O1004530,C100504,P1058,W104,2025-12-03 18:07:00,3,Completed,38344.38
O1004531,C100204,P1065,W106,2025-04-14 13:13:00,4,Processing,35230.92
O1004532,C100646,P1093,W105,2025-07-07 15:24:00,1,Completed,19984.61
O1004533,C100841,P1010,W104,2025-12-25 12:52:00,2,Completed,15694.62
O1004534,C100829,P1040,W104,2025-08-16 13:41:00,2,Completed,8786.64
O1004535,C100844,P1028,W105,2025-01-16 16:56:00,3,Completed,19023.45
O1004536,C100813,P1097,W106,2025-05-11 10:43:00,4,Completed,72074.0
O1004537,C100469,P1017,W106,2025-05-22 18:38:00,1,Completed,4264.31
O1004538,C100050,P1023,W104,2025-04-11 21:14:00,1,Completed,4649.68
O1004539,C100966,P1030,W103,2025-03-30 21:38:00,3,Completed,17699.46
O1004540,C100454,P1011,W101,2025-07-03 10:24:00,2,Completed,43553.58
O1004541,C100633,P1065,W107,2025-05-18 13:45:00,3,Completed,26423.19
O1004542,C100021,P1053,W102,2025-04-18 11:42:00,1,Cancelled,19180.93
O1004543,C100889,P1056,W104,2025-05-31 16:53:00,3,Cancelled,64636.86
O1004544,C100889,P1091,W108,2025-05-06 12:32:00,1,Completed,22319.24
O1004545,C100929,P1044,W107,2025-03-25 13:31:00,4,Completed,79425.2
O1004546,C100174,P1032,W103,2025-06-15 09:56:00,1,Completed,9743.81
O1004547,C100843,P1038,W104,2025-12-10 15:50:00,1,Completed,4553.19
O1004548,C100625,P1081,W103,2025-07-04 15:30:00,1,Shipped,14536.25
O1004549,C100147,P1053,W106,2025-08-07 15:43:00,1,Completed,19180.93
O1004550,C100571,P1017,W102,2025-12-26 12:46:00,2,Completed,8528.62
O1004551,C100477,P1069,W108,2025-08-12 18:34:00,3,Completed,40825.92
O1004552,C100626,P1075,W108,2025-03-23 16:30:00,4,Shipped,53579.68
O1004553,C100084,P1025,W103,2025-05-26 10:28:00,4,Completed,42503.24
O1004554,C100564,P1056,W102,2025-06-28 13:09:00,1,Completed,21545.62
O1004555,C100678,P1057,W105,2025-06-23 17:14:00,2,Completed,18945.04
O1004556,C100716,P1018,W106,2025-02-24 09:37:00,4,Completed,85083.52
O1004557,C100770,P1001,W106,2025-02-08 12:55:00,1,Completed,9305.38
O1004558,C100627,P1072,W101,2025-05-08 20:12:00,3,Completed,31449.57
O1004559,C100702,P1062,W106,2025-11-30 14:11:00,2,Completed,19342.48
O1004560,C100091,P1072,W101,2025-09-19 15:08:00,1,Completed,10483.19
O1004561,C100798,P1038,W103,2025-11-04 17:32:00,1,Completed,4553.19
O1004562,C100367,P1052,W106,2025-03-05 12:30:00,2,Processing,19234.02
O1004563,C100548,P1099,W108,2025-06-01 19:34:00,1,Shipped,8879.16
O1004564,C100547,P1023,W106,2025-08-01 08:13:00,1,Completed,4649.68
O1004565,C100977,P1066,W102,2025-06-08 14:37:00,3,Shipped,58925.67
O1004566,C100326,P1014,W106,2025-06-02 16:22:00,4,Shipped,56675.12
O1004567,C100385,P1007,W101,2025-05-12 11:20:00,3,Shipped,44303.19
O1004568,C100761,P1096,W102,2025-01-19 18:57:00,3,Completed,11107.14
O1004569,C100635,P1013,W101,2025-11-09 09:06:00,1,Completed,9488.96
O1004570,C100318,P1066,W108,2025-12-07 17:06:00,2,Completed,39283.78
O1004571,C100345,P1052,W103,2025-01-30 16:52:00,3,Completed,28851.03
O1004572,C100829,P1081,W105,2025-05-31 19:01:00,1,Completed,14536.25
O1004573,C100836,P1055,W107,2025-07-09 10:53:00,3,Completed,32685.21
O1004574,C100147,P1070,W108,2025-10-14 10:10:00,1,Shipped,11621.13
O1004575,C100400,P1090,W108,2025-12-27 16:07:00,2,Cancelled,20720.76
O1004576,C100770,P1083,W102,2025-06-01 21:36:00,3,Completed,10518.9
O1004577,C100119,P1073,W104,2025-10-01 18:59:00,4,Completed,38502.84
O1004578,C100184,P1017,W104,2025-12-09 10:57:00,1,Completed,4264.31
O1004579,C100159,P1017,W107,2025-10-31 13:42:00,3,Shipped,12792.93
O1004580,C100529,P1050,W103,2025-04-17 11:44:00,3,Completed,44479.2
O1004581,C100451,P1066,W102,2025-10-26 18:55:00,1,Shipped,19641.89
O1004582,C100321,P1067,W107,2025-05-31 15:10:00,3,Shipped,55336.11
O1004583,C100136,P1079,W104,2025-01-07 14:07:00,1,Completed,14347.56
O1004584,C100638,P1011,W106,2025-10-04 08:04:00,3,Shipped,65330.37
O1004585,C100808,P1018,W104,2025-11-01 16:52:00,1,Completed,21270.88
O1004586,C100213,P1015,W104,2025-05-06 14:11:00,1,Completed,6542.29
O1004587,C100667,P1055,W101,2025-06-14 08:33:00,1,Processing,10895.07
O1004588,C100796,P1064,W101,2025-05-13 10:44:00,2,Completed,9848.66
O1004589,C100558,P1012,W101,2025-02-12 18:10:00,1,Completed,15674.49
O1004590,C100574,P1087,W102,2025-12-30 18:29:00,2,Completed,10925.6
O1004591,C100167,P1031,W103,2025-01-09 14:54:00,4,Completed,6116.8
O1004592,C100958,P1067,W101,2025-07-22 18:36:00,4,Completed,73781.48
O1004593,C100957,P1076,W102,2025-01-06 18:20:00,4,Completed,40164.12
O1004594,C100712,P1004,W107,2025-09-09 16:37:00,2,Completed,35251.62
O1004595,C100903,P1087,W107,2025-11-25 10:55:00,1,Completed,5462.8
O1004596,C100608,P1098,W103,2025-08-23 13:54:00,2,Completed,1536.34
O1004597,C100662,P1096,W108,2025-08-10 19:25:00,1,Completed,3702.38
O1004598,C100830,P1014,W101,2025-10-30 12:20:00,1,Completed,14168.78
O1004599,C100039,P1040,W101,2025-12-22 17:14:00,2,Shipped,8786.64
O1004600,C100220,P1024,W103,2025-11-11 19:35:00,3,Completed,56852.85
O1004601,C100204,P1046,W103,2025-03-26 15:27:00,4,Completed,81607.48
O1004602,C100633,P1098,W101,2025-07-25 15:05:00,3,Shipped,2304.51
O1004603,C100243,P1077,W107,2025-10-26 10:37:00,2,Completed,21038.1
O1004604,C100391,P1078,W108,2025-04-18 14:57:00,3,Completed,51859.05
O1004605,C100494,P1043,W103,2025-09-04 08:35:00,4,Completed,42894.08
O1004606,C100744,P1094,W103,2025-01-09 09:35:00,3,Completed,73030.5
O1004607,C100518,P1093,W106,2025-11-17 15:35:00,4,Completed,79938.44
O1004608,C100025,P1081,W108,2025-08-13 11:03:00,4,Shipped,58145.0
O1004609,C100687,P1082,W103,2025-09-29 12:51:00,3,Completed,46213.71
O1004610,C100428,P1066,W106,2025-10-29 13:02:00,4,Shipped,78567.56
O1004611,C100114,P1010,W101,2025-03-21 14:37:00,2,Shipped,15694.62
O1004612,C100652,P1029,W105,2025-06-14 17:47:00,2,Completed,11849.7
O1004613,C100271,P1077,W108,2025-11-10 14:14:00,1,Shipped,10519.05
O1004614,C100461,P1033,W104,2025-03-02 19:50:00,1,Completed,19025.5
O1004615,C100968,P1018,W106,2025-10-28 14:45:00,3,Cancelled,63812.64
O1004616,C100238,P1095,W106,2025-04-16 21:54:00,4,Completed,82662.88
O1004617,C100886,P1049,W106,2025-07-30 21:59:00,1,Completed,13988.26
O1004618,C100465,P1087,W106,2025-07-06 13:59:00,3,Completed,16388.4
O1004619,C100933,P1029,W108,2025-09-08 18:43:00,1,Completed,5924.85
O1004620,C100850,P1036,W101,2025-11-02 14:20:00,4,Shipped,35803.36
O1004621,C100833,P1035,W108,2025-05-08 20:15:00,3,Completed,30334.2
O1004622,C100207,P1038,W108,2025-03-04 18:43:00,2,Shipped,9106.38
O1004623,C100791,P1044,W108,2025-06-04 12:44:00,2,Completed,39712.6
O1004624,C100368,P1030,W103,2025-08-12 12:29:00,4,Cancelled,23599.28
O1004625,C100911,P1082,W105,2025-10-01 20:19:00,2,Completed,30809.14
O1004626,C100991,P1033,W103,2025-10-02 15:34:00,1,Completed,19025.5
O1004627,C100612,P1045,W107,2025-05-05 17:43:00,3,Completed,17706.0
O1004628,C100913,P1087,W104,2025-12-08 17:28:00,3,Processing,16388.4
O1004629,C100534,P1044,W103,2025-01-31 10:19:00,3,Shipped,59568.9
O1004630,C100034,P1002,W106,2025-02-12 11:18:00,2,Completed,28452.64
O1004631,C100874,P1001,W101,2025-01-10 20:36:00,2,Processing,18610.76
O1004632,C100531,P1044,W104,2025-12-05 11:54:00,1,Completed,19856.3
O1004633,C100045,P1065,W102,2025-03-07 20:09:00,4,Completed,35230.92
O1004634,C100066,P1095,W103,2025-08-08 12:59:00,1,Completed,20665.72
O1004635,C100724,P1014,W104,2025-10-24 19:51:00,2,Completed,28337.56
O1004636,C100924,P1055,W101,2025-10-07 16:05:00,1,Completed,10895.07
O1004637,C100698,P1029,W107,2025-12-13 09:23:00,1,Completed,5924.85
O1004638,C100442,P1046,W104,2025-01-20 11:47:00,1,Completed,20401.87
O1004639,C100307,P1045,W103,2025-05-29 21:20:00,2,Completed,11804.0
O1004640,C100419,P1032,W102,2025-07-04 10:54:00,4,Completed,38975.24
O1004641,C100323,P1002,W108,2025-09-12 11:11:00,1,Completed,14226.32
O1004642,C100273,P1008,W107,2025-08-16 10:05:00,4,Completed,18038.68
O1004643,C100129,P1053,W104,2025-07-24 16:32:00,3,Completed,57542.79
O1004644,C100569,P1023,W103,2025-04-22 19:19:00,4,Completed,18598.72
O1004645,C100219,P1033,W104,2025-02-08 21:06:00,3,Completed,57076.5
O1004646,C100145,P1010,W108,2025-06-07 20:24:00,4,Shipped,31389.24
O1004647,C100276,P1005,W102,2025-04-05 20:22:00,3,Completed,2575.71
O1004648,C100799,P1013,W106,2025-07-22 20:39:00,4,Completed,37955.84
O1004649,C100573,P1038,W108,2025-10-18 15:56:00,1,Cancelled,4553.19
O1004650,C100492,P1017,W107,2025-07-21 19:30:00,4,Shipped,17057.24
O1004651,C100592,P1024,W107,2025-08-01 16:53:00,1,Completed,18950.95
O1004652,C100567,P1031,W108,2025-01-16 09:55:00,1,Shipped,1529.2
O1004653,C100498,P1030,W101,2025-08-24 08:20:00,3,Completed,17699.46
O1004654,C100841,P1002,W102,2025-06-10 09:22:00,2,Completed,28452.64
O1004655,C100731,P1012,W102,2025-02-15 12:50:00,1,Completed,15674.49
O1004656,C100186,P1096,W105,2025-03-20 14:59:00,4,Completed,14809.52
O1004657,C100818,P1067,W104,2025-10-12 16:56:00,3,Processing,55336.11
O1004658,C100176,P1013,W101,2025-12-01 15:17:00,2,Completed,18977.92
O1004659,C100079,P1029,W105,2025-07-05 13:07:00,2,Completed,11849.7
O1004660,C100421,P1039,W101,2025-12-23 18:15:00,3,Completed,55752.0
O1004661,C100393,P1091,W104,2025-03-07 20:03:00,2,Completed,44638.48
O1004662,C100787,P1088,W103,2025-04-20 11:07:00,3,Completed,43030.05
O1004663,C100696,P1078,W108,2025-12-06 11:39:00,1,Completed,17286.35
O1004664,C100059,P1011,W106,2025-03-05 21:01:00,2,Processing,43553.58
O1004665,C100499,P1050,W105,2025-08-29 21:35:00,1,Completed,14826.4
O1004666,C100796,P1049,W107,2025-03-22 12:20:00,2,Completed,27976.52
O1004667,C100734,P1064,W102,2025-05-01 15:07:00,2,Completed,9848.66
O1004668,C100501,P1085,W103,2025-06-24 16:05:00,3,Completed,16425.36
O1004669,C100616,P1033,W107,2025-05-12 16:53:00,4,Completed,76102.0
O1004670,C100562,P1056,W106,2025-11-16 20:05:00,3,Completed,64636.86
O1004671,C100232,P1027,W101,2025-12-22 09:28:00,4,Completed,52128.92
O1004672,C100565,P1022,W102,2025-07-02 15:19:00,2,Completed,44740.96
O1004673,C100676,P1032,W102,2025-07-11 11:01:00,2,Shipped,19487.62
O1004674,C100057,P1074,W101,2025-01-21 18:32:00,3,Completed,25124.82
O1004675,C100696,P1044,W106,2025-03-27 16:21:00,1,Completed,19856.3
O1004676,C100250,P1069,W101,2025-01-15 18:29:00,2,Completed,27217.28
O1004677,C100008,P1070,W107,2025-11-09 20:40:00,4,Processing,46484.52
O1004678,C100756,P1037,W105,2025-03-24 19:03:00,2,Shipped,17419.24
O1004679,C100390,P1096,W107,2025-05-05 19:57:00,4,Completed,14809.52
O1004680,C100413,P1005,W104,2025-11-04 19:21:00,3,Shipped,2575.71
O1004681,C100625,P1090,W108,2025-09-18 16:45:00,1,Completed,10360.38
O1004682,C100561,P1001,W103,2025-08-15 13:29:00,2,Completed,18610.76
O1004683,C100621,P1039,W105,2025-01-15 12:42:00,2,Completed,37168.0
O1004684,C100945,P1083,W101,2025-07-25 13:05:00,4,Completed,14025.2
O1004685,C100652,P1069,W107,2025-07-24 16:30:00,2,Completed,27217.28
O1004686,C100047,P1033,W105,2025-04-27 19:14:00,2,Completed,38051.0
O1004687,C100223,P1089,W102,2025-09-29 13:08:00,3,Completed,18931.11
O1004688,C100450,P1014,W107,2025-12-06 16:06:00,4,Processing,56675.12
O1004689,C100473,P1068,W108,2025-04-05 13:47:00,3,Processing,5108.85
O1004690,C100362,P1052,W101,2025-05-01 16:30:00,4,Completed,38468.04
O1004691,C100185,P1021,W107,2025-04-28 19:27:00,1,Completed,18525.12
O1004692,C100107,P1093,W106,2025-11-01 13:46:00,4,Completed,79938.44
O1004693,C100145,P1077,W103,2025-01-29 13:33:00,1,Completed,10519.05
O1004694,C100951,P1001,W106,2025-11-24 10:49:00,4,Shipped,37221.52
O1004695,C100396,P1009,W107,2025-10-10 14:58:00,3,Completed,37145.46
O1004696,C100962,P1006,W104,2025-06-26 14:23:00,3,Processing,9334.8
O1004697,C100335,P1042,W106,2025-08-01 10:14:00,1,Completed,17960.52
O1004698,C100312,P1042,W101,2025-11-23 21:34:00,3,Completed,53881.56
O1004699,C100490,P1073,W108,2025-10-08 20:02:00,1,Completed,9625.71
O1004700,C100947,P1068,W108,2025-04-12 12:04:00,3,Shipped,5108.85
O1004701,C100564,P1002,W102,2025-01-19 21:13:00,2,Completed,28452.64
O1004702,C100036,P1048,W104,2025-08-29 11:48:00,1,Completed,14921.68
O1004703,C100272,P1079,W102,2025-02-23 13:51:00,2,Completed,28695.12
O1004704,C100981,P1090,W104,2025-02-02 09:49:00,1,Completed,10360.38
O1004705,C100155,P1030,W103,2025-12-25 16:34:00,1,Completed,5899.82
O1004706,C100836,P1005,W107,2025-06-22 14:44:00,1,Cancelled,858.57
O1004707,C100929,P1016,W106,2025-08-26 11:44:00,2,Completed,18858.22
O1004708,C100215,P1035,W107,2025-03-21 12:02:00,3,Completed,30334.2
O1004709,C100559,P1045,W107,2025-02-07 21:05:00,3,Completed,17706.0
O1004710,C100600,P1036,W106,2025-01-23 17:37:00,1,Completed,8950.84
O1004711,C100794,P1010,W102,2025-05-10 10:08:00,2,Shipped,15694.62
O1004712,C100799,P1035,W107,2025-01-02 09:53:00,3,Completed,30334.2
O1004713,C100061,P1029,W107,2025-06-03 08:58:00,1,Cancelled,5924.85
O1004714,C100320,P1049,W101,2025-04-29 11:27:00,1,Completed,13988.26
O1004715,C100941,P1008,W101,2025-07-12 18:20:00,1,Shipped,4509.67
O1004716,C100354,P1080,W107,2025-08-04 08:51:00,1,Completed,6315.19
O1004717,C100246,P1042,W104,2025-04-23 11:29:00,1,Processing,17960.52
O1004718,C100629,P1032,W103,2025-06-16 08:34:00,3,Completed,29231.43
O1004719,C100196,P1091,W104,2025-01-29 17:05:00,4,Completed,89276.96
O1004720,C100148,P1075,W107,2025-04-21 19:23:00,4,Completed,53579.68
O1004721,C100798,P1014,W103,2025-12-24 15:24:00,3,Completed,42506.34
O1004722,C100119,P1015,W103,2025-12-28 20:40:00,2,Shipped,13084.58
O1004723,C100892,P1001,W104,2025-06-27 17:38:00,4,Completed,37221.52
O1004724,C100250,P1057,W101,2025-12-09 18:41:00,4,Shipped,37890.08
O1004725,C100107,P1036,W101,2025-07-02 12:23:00,2,Completed,17901.68
O1004726,C100742,P1038,W104,2025-02-15 20:06:00,1,Completed,4553.19
O1004727,C100177,P1051,W101,2025-11-13 16:50:00,2,Completed,37619.78
O1004728,C100367,P1054,W107,2025-06-01 09:12:00,2,Completed,26651.08
O1004729,C100352,P1001,W104,2025-08-12 09:09:00,3,Completed,27916.14
O1004730,C100508,P1011,W105,2025-08-25 20:34:00,1,Processing,21776.79
O1004731,C100474,P1079,W103,2025-04-23 11:51:00,3,Completed,43042.68
O1004732,C100196,P1096,W107,2025-09-25 14:31:00,2,Completed,7404.76
O1004733,C100235,P1084,W104,2025-07-02 18:38:00,2,Completed,23284.62
O1004734,C100195,P1091,W101,2025-05-14 18:45:00,1,Completed,22319.24
O1004735,C100056,P1047,W104,2025-04-19 08:22:00,3,Shipped,41234.04
O1004736,C100651,P1083,W102,2025-09-30 16:37:00,1,Processing,3506.3
O1004737,C100471,P1089,W105,2025-04-02 20:47:00,4,Completed,25241.48
O1004738,C100109,P1090,W105,2025-02-15 12:53:00,3,Completed,31081.14
O1004739,C100332,P1015,W104,2025-11-18 15:35:00,4,Completed,26169.16
O1004740,C100668,P1015,W104,2025-05-02 11:42:00,3,Completed,19626.87
O1004741,C100286,P1041,W105,2025-08-22 18:05:00,4,Completed,51584.32
O1004742,C100401,P1051,W106,2025-09-19 09:39:00,1,Processing,18809.89
O1004743,C100744,P1096,W108,2025-11-02 15:16:00,1,Completed,3702.38
O1004744,C100672,P1032,W108,2025-08-17 13:46:00,4,Shipped,38975.24
O1004745,C100701,P1084,W101,2025-09-16 16:58:00,3,Completed,34926.93
O1004746,C100382,P1089,W106,2025-11-02 14:55:00,3,Shipped,18931.11
O1004747,C100484,P1097,W101,2025-12-11 21:44:00,2,Shipped,36037.0
O1004748,C100847,P1019,W104,2025-01-18 21:45:00,2,Shipped,28586.64
O1004749,C100873,P1025,W106,2025-09-29 11:58:00,3,Completed,31877.43
O1004750,C100056,P1022,W105,2025-03-05 08:31:00,2,Completed,44740.96
O1004751,C100839,P1074,W107,2025-11-22 14:53:00,1,Completed,8374.94
O1004752,C100894,P1069,W108,2025-01-18 16:15:00,2,Completed,27217.28
O1004753,C100943,P1041,W108,2025-04-01 18:31:00,2,Completed,25792.16
O1004754,C100269,P1009,W106,2025-03-12 15:20:00,4,Cancelled,49527.28
O1004755,C100502,P1053,W106,2025-08-09 16:12:00,2,Completed,38361.86
O1004756,C100043,P1074,W107,2025-01-02 08:19:00,2,Completed,16749.88
O1004757,C100110,P1048,W102,2025-01-07 18:40:00,3,Completed,44765.04
O1004758,C100563,P1027,W103,2025-07-04 12:36:00,1,Completed,13032.23
O1004759,C100207,P1060,W103,2025-12-21 13:22:00,3,Completed,14679.39
O1004760,C100225,P1067,W106,2025-07-12 13:55:00,1,Completed,18445.37
O1004761,C100297,P1060,W103,2025-06-12 09:00:00,4,Completed,19572.52
O1004762,C100460,P1088,W102,2025-08-29 14:55:00,2,Shipped,28686.7
O1004763,C100153,P1032,W107,2025-07-21 13:20:00,2,Completed,19487.62
O1004764,C100803,P1061,W106,2025-05-21 11:16:00,2,Processing,37282.98
O1004765,C100669,P1086,W105,2025-08-03 11:26:00,2,Completed,33250.82
O1004766,C100792,P1022,W108,2025-01-02 08:28:00,3,Completed,67111.44
O1004767,C100927,P1029,W107,2025-03-31 20:25:00,3,Shipped,17774.55
O1004768,C100601,P1005,W108,2025-09-03 12:06:00,4,Shipped,3434.28
O1004769,C100362,P1038,W103,2025-05-05 20:14:00,4,Completed,18212.76
O1004770,C100978,P1005,W101,2025-01-20 19:42:00,2,Completed,1717.14
O1004771,C100566,P1075,W103,2025-02-15 14:24:00,3,Completed,40184.76
O1004772,C100464,P1009,W107,2025-11-13 19:18:00,2,Completed,24763.64
O1004773,C100417,P1070,W108,2025-05-01 10:57:00,4,Completed,46484.52
O1004774,C100040,P1058,W101,2025-01-09 10:31:00,1,Completed,12781.46
O1004775,C100956,P1099,W107,2025-09-24 20:35:00,4,Completed,35516.64
O1004776,C100820,P1035,W104,2025-07-13 17:02:00,2,Cancelled,20222.8
O1004777,C100700,P1035,W107,2025-06-14 17:38:00,3,Shipped,30334.2
O1004778,C100222,P1025,W106,2025-11-23 20:55:00,3,Shipped,31877.43
O1004779,C100929,P1054,W101,2025-04-25 08:11:00,2,Completed,26651.08
O1004780,C100177,P1022,W104,2025-07-28 10:24:00,4,Completed,89481.92
O1004781,C100242,P1012,W101,2025-09-29 21:27:00,2,Completed,31348.98
O1004782,C100071,P1095,W103,2025-08-11 09:48:00,3,Completed,61997.16
O1004783,C100289,P1068,W107,2025-03-17 14:16:00,4,Processing,6811.8
O1004784,C100328,P1012,W106,2025-09-06 08:18:00,1,Completed,15674.49
O1004785,C100795,P1062,W106,2025-09-29 12:33:00,4,Completed,38684.96
O1004786,C100327,P1031,W106,2025-02-14 10:24:00,4,Shipped,6116.8
O1004787,C100956,P1019,W101,2025-03-02 11:34:00,2,Completed,28586.64
O1004788,C100303,P1048,W105,2025-09-04 19:23:00,4,Processing,59686.72
O1004789,C100525,P1079,W104,2025-02-13 11:51:00,1,Processing,14347.56
O1004790,C100594,P1001,W105,2025-11-18 19:23:00,1,Completed,9305.38
O1004791,C100830,P1036,W102,2025-02-09 20:31:00,4,Completed,35803.36
O1004792,C100752,P1093,W106,2025-12-22 15:33:00,4,Completed,79938.44
O1004793,C100868,P1040,W105,2025-09-03 15:32:00,1,Completed,4393.32
O1004794,C100938,P1010,W104,2025-06-11 12:40:00,3,Processing,23541.93
O1004795,C100118,P1043,W101,2025-04-08 17:20:00,1,Completed,10723.52
O1004796,C100095,P1069,W101,2025-05-06 19:17:00,4,Processing,54434.56
O1004797,C100450,P1100,W103,2025-10-01 20:05:00,4,Cancelled,80284.28
O1004798,C100151,P1063,W105,2025-10-02 10:43:00,2,Completed,14335.56
O1004799,C100494,P1006,W108,2025-03-18 17:36:00,1,Completed,3111.6
O1004800,C100590,P1081,W106,2025-07-18 09:57:00,1,Completed,14536.25
O1004801,C100277,P1079,W104,2025-12-29 14:51:00,3,Completed,43042.68
O1004802,C100099,P1066,W103,2025-04-04 09:14:00,4,Completed,78567.56
O1004803,C100965,P1090,W102,2025-09-11 15:42:00,3,Completed,31081.14
O1004804,C100371,P1077,W102,2025-03-04 19:55:00,2,Completed,21038.1
O1004805,C100840,P1024,W101,2025-11-01 19:26:00,3,Completed,56852.85
O1004806,C100625,P1043,W108,2025-03-04 18:00:00,4,Completed,42894.08
O1004807,C100663,P1051,W101,2025-04-19 16:05:00,4,Completed,75239.56
O1004808,C100781,P1049,W107,2025-06-17 16:44:00,1,Completed,13988.26
O1004809,C100266,P1064,W105,2025-05-16 09:23:00,1,Completed,4924.33
O1004810,C100218,P1071,W105,2025-03-04 18:11:00,2,Completed,22778.38
O1004811,C100997,P1011,W108,2025-08-22 17:32:00,2,Completed,43553.58
O1004812,C100668,P1057,W107,2025-01-08 10:00:00,3,Completed,28417.56
O1004813,C100293,P1004,W102,2025-12-25 16:51:00,4,Completed,70503.24
O1004814,C100646,P1052,W108,2025-01-20 13:23:00,3,Completed,28851.03
O1004815,C100394,P1043,W102,2025-05-02 15:07:00,4,Completed,42894.08
O1004816,C100860,P1021,W105,2025-12-06 19:23:00,2,Completed,37050.24
O1004817,C100509,P1100,W106,2025-02-26 12:30:00,3,Completed,60213.21
O1004818,C100314,P1026,W102,2025-01-27 20:50:00,3,Shipped,29169.84
O1004819,C100691,P1006,W106,2025-09-29 13:50:00,2,Completed,6223.2
O1004820,C100751,P1036,W106,2025-01-27 15:11:00,3,Completed,26852.52
O1004821,C100373,P1076,W108,2025-11-25 08:24:00,3,Processing,30123.09
O1004822,C100752,P1001,W108,2025-06-14 09:42:00,3,Shipped,27916.14
O1004823,C100235,P1050,W104,2025-11-14 11:56:00,2,Completed,29652.8
O1004824,C100240,P1042,W106,2025-03-31 21:41:00,2,Completed,35921.04
O1004825,C100827,P1087,W107,2025-02-21 11:38:00,4,Completed,21851.2
O1004826,C100622,P1001,W101,2025-12-18 13:31:00,3,Completed,27916.14
O1004827,C100036,P1002,W106,2025-10-06 19:57:00,1,Completed,14226.32
O1004828,C100676,P1057,W108,2025-11-29 12:27:00,3,Cancelled,28417.56
O1004829,C100306,P1018,W101,2025-04-27 19:22:00,3,Processing,63812.64
O1004830,C100275,P1071,W107,2025-05-28 09:40:00,4,Completed,45556.76
O1004831,C100425,P1028,W101,2025-07-30 09:51:00,4,Cancelled,25364.6
O1004832,C100452,P1057,W104,2025-06-13 08:10:00,3,Shipped,28417.56
O1004833,C100892,P1004,W107,2025-03-30 09:44:00,1,Completed,17625.81
O1004834,C100436,P1070,W108,2025-05-17 16:27:00,2,Processing,23242.26
O1004835,C100297,P1052,W106,2025-08-11 09:16:00,1,Completed,9617.01
O1004836,C100774,P1001,W106,2025-01-14 16:34:00,1,Completed,9305.38
O1004837,C100543,P1027,W103,2025-05-03 16:23:00,4,Shipped,52128.92
O1004838,C100001,P1006,W107,2025-04-17 11:16:00,1,Completed,3111.6
O1004839,C100633,P1005,W106,2025-01-26 08:31:00,1,Completed,858.57
O1004840,C100502,P1070,W108,2025-02-14 10:16:00,2,Shipped,23242.26
O1004841,C100575,P1043,W105,2025-06-30 10:00:00,2,Processing,21447.04
O1004842,C100185,P1081,W101,2025-02-07 15:23:00,3,Completed,43608.75
O1004843,C100479,P1026,W105,2025-05-06 21:02:00,2,Completed,19446.56
O1004844,C100647,P1072,W107,2025-07-24 14:05:00,4,Completed,41932.76
O1004845,C100677,P1062,W107,2025-11-15 16:52:00,1,Shipped,9671.24
O1004846,C100681,P1067,W104,2025-02-06 12:15:00,4,Completed,73781.48
O1004847,C100998,P1083,W102,2025-06-08 09:17:00,4,Completed,14025.2
O1004848,C100502,P1071,W107,2025-02-07 11:03:00,3,Shipped,34167.57
O1004849,C100430,P1075,W107,2025-06-06 14:42:00,1,Completed,13394.92
O1004850,C100543,P1074,W108,2025-06-25 20:01:00,3,Completed,25124.82
O1004851,C100329,P1045,W106,2025-10-19 11:28:00,3,Completed,17706.0
O1004852,C100316,P1073,W107,2025-06-11 21:46:00,3,Completed,28877.13
O1004853,C100691,P1085,W104,2025-12-08 16:56:00,2,Completed,10950.24
O1004854,C100314,P1074,W107,2025-02-20 12:58:00,2,Shipped,16749.88
O1004855,C100749,P1061,W104,2025-01-20 16:42:00,2,Completed,37282.98
O1004856,C100746,P1008,W107,2025-01-02 17:46:00,3,Completed,13529.01
O1004857,C100954,P1044,W102,2025-05-11 17:36:00,2,Completed,39712.6
O1004858,C100132,P1007,W103,2025-03-12 20:07:00,2,Completed,29535.46
O1004859,C100364,P1011,W102,2025-02-03 17:16:00,4,Shipped,87107.16
O1004860,C100772,P1037,W104,2025-03-28 08:22:00,2,Completed,17419.24
O1004861,C100430,P1047,W107,2025-12-22 13:16:00,3,Completed,41234.04
O1004862,C100656,P1053,W101,2025-10-20 20:42:00,4,Completed,76723.72
O1004863,C100736,P1091,W106,2025-01-07 10:53:00,4,Completed,89276.96
O1004864,C100885,P1077,W107,2025-12-01 14:59:00,3,Shipped,31557.15
O1004865,C100227,P1043,W106,2025-03-16 15:00:00,2,Completed,21447.04
O1004866,C100261,P1034,W106,2025-05-29 15:47:00,1,Completed,12497.8
O1004867,C100471,P1072,W102,2025-04-30 20:09:00,4,Completed,41932.76
O1004868,C100507,P1028,W105,2025-05-28 15:33:00,3,Completed,19023.45
O1004869,C100906,P1089,W102,2025-10-05 08:00:00,3,Shipped,18931.11
O1004870,C100039,P1079,W102,2025-09-18 11:24:00,4,Completed,57390.24
O1004871,C100246,P1069,W107,2025-08-05 16:50:00,2,Completed,27217.28
O1004872,C100913,P1025,W105,2025-08-17 18:57:00,1,Completed,10625.81
O1004873,C100615,P1063,W108,2025-09-23 17:03:00,3,Completed,21503.34
O1004874,C100676,P1083,W104,2025-03-09 18:15:00,4,Shipped,14025.2
O1004875,C100250,P1008,W103,2025-05-25 11:22:00,1,Completed,4509.67
O1004876,C100623,P1018,W108,2025-02-09 09:20:00,4,Completed,85083.52
O1004877,C100370,P1052,W105,2025-09-15 21:16:00,3,Completed,28851.03
O1004878,C100733,P1036,W107,2025-06-09 15:52:00,3,Completed,26852.52
O1004879,C100091,P1071,W101,2025-08-21 18:20:00,4,Completed,45556.76
O1004880,C100285,P1041,W105,2025-07-26 21:23:00,2,Completed,25792.16
O1004881,C100645,P1100,W107,2025-04-10 10:33:00,3,Completed,60213.21
O1004882,C100604,P1030,W107,2025-02-20 20:11:00,1,Shipped,5899.82
O1004883,C100841,P1037,W106,2025-12-22 13:07:00,3,Completed,26128.86
O1004884,C100801,P1001,W102,2025-04-18 16:45:00,1,Completed,9305.38
O1004885,C100015,P1025,W105,2025-02-09 13:24:00,1,Completed,10625.81
O1004886,C100091,P1024,W101,2025-04-22 10:46:00,2,Completed,37901.9
O1004887,C100355,P1077,W107,2025-11-26 20:18:00,2,Completed,21038.1
O1004888,C100959,P1034,W106,2025-04-06 12:51:00,4,Completed,49991.2
O1004889,C100478,P1021,W102,2025-12-27 08:20:00,4,Completed,74100.48
O1004890,C100892,P1032,W106,2025-06-18 10:06:00,4,Processing,38975.24
O1004891,C100060,P1057,W106,2025-11-11 21:27:00,3,Completed,28417.56
O1004892,C100964,P1079,W101,2025-08-27 19:30:00,1,Completed,14347.56
O1004893,C100062,P1098,W101,2025-01-17 17:18:00,3,Completed,2304.51
O1004894,C100809,P1005,W102,2025-07-05 18:54:00,2,Shipped,1717.14
O1004895,C100877,P1085,W101,2025-06-02 17:04:00,3,Shipped,16425.36
O1004896,C100295,P1039,W105,2025-03-15 20:44:00,3,Completed,55752.0
O1004897,C100301,P1081,W108,2025-07-20 09:23:00,4,Completed,58145.0
O1004898,C100582,P1004,W101,2025-02-07 08:53:00,2,Processing,35251.62
O1004899,C100723,P1063,W105,2025-09-12 17:43:00,4,Completed,28671.12
O1004900,C100121,P1094,W104,2025-10-27 21:30:00,3,Completed,73030.5
O1004901,C100237,P1004,W107,2025-02-03 16:08:00,3,Shipped,52877.43
O1004902,C100755,P1080,W104,2025-06-24 21:31:00,4,Completed,25260.76
O1004903,C100808,P1012,W106,2025-08-28 13:36:00,4,Completed,62697.96
O1004904,C100154,P1099,W108,2025-01-23 17:26:00,2,Shipped,17758.32
O1004905,C100890,P1075,W102,2025-05-23 15:07:00,1,Cancelled,13394.92
O1004906,C100867,P1092,W103,2025-04-05 20:20:00,1,Completed,6865.91
O1004907,C100868,P1090,W103,2025-01-15 17:03:00,2,Completed,20720.76
O1004908,C100241,P1032,W102,2025-10-21 14:08:00,3,Completed,29231.43
O1004909,C100670,P1042,W106,2025-06-12 11:25:00,4,Processing,71842.08
O1004910,C100161,P1070,W101,2025-10-02 12:23:00,1,Shipped,11621.13
O1004911,C100197,P1018,W104,2025-08-03 09:02:00,2,Processing,42541.76
O1004912,C100071,P1031,W101,2025-11-16 10:09:00,4,Completed,6116.8
O1004913,C100494,P1010,W105,2025-12-30 15:07:00,4,Completed,31389.24
O1004914,C100712,P1089,W107,2025-08-08 08:26:00,4,Completed,25241.48
O1004915,C100199,P1025,W104,2025-05-09 14:35:00,4,Completed,42503.24
O1004916,C100187,P1042,W104,2025-06-04 08:35:00,1,Completed,17960.52
O1004917,C100277,P1046,W104,2025-10-29 10:16:00,3,Completed,61205.61
O1004918,C100198,P1038,W102,2025-06-05 17:40:00,3,Completed,13659.57
O1004919,C100833,P1078,W104,2025-07-09 08:24:00,2,Completed,34572.7
O1004920,C100170,P1092,W108,2025-03-12 12:42:00,4,Shipped,27463.64
O1004921,C100279,P1058,W101,2025-12-28 10:39:00,4,Completed,51125.84
O1004922,C100306,P1084,W107,2025-08-26 08:45:00,2,Shipped,23284.62
O1004923,C100203,P1012,W102,2025-05-01 10:54:00,3,Completed,47023.47
O1004924,C100942,P1097,W101,2025-08-02 09:34:00,2,Completed,36037.0
O1004925,C100210,P1012,W103,2025-05-27 09:07:00,3,Completed,47023.47
O1004926,C100487,P1007,W103,2025-02-26 17:18:00,4,Shipped,59070.92
O1004927,C100567,P1003,W103,2025-11-16 09:44:00,4,Completed,37122.16
O1004928,C100261,P1025,W107,2025-11-20 21:08:00,1,Shipped,10625.81
O1004929,C100472,P1084,W108,2025-11-01 14:48:00,4,Completed,46569.24
O1004930,C100171,P1031,W106,2025-05-15 13:42:00,3,Completed,4587.6
O1004931,C100483,P1080,W102,2025-04-04 20:15:00,3,Shipped,18945.57
O1004932,C100019,P1043,W108,2025-01-19 18:53:00,1,Completed,10723.52
O1004933,C100440,P1011,W107,2025-09-25 13:53:00,2,Completed,43553.58
O1004934,C100365,P1048,W101,2025-04-30 21:37:00,2,Completed,29843.36
O1004935,C100351,P1024,W104,2025-11-22 15:25:00,1,Completed,18950.95
O1004936,C100111,P1030,W107,2025-11-14 17:54:00,4,Shipped,23599.28
O1004937,C100999,P1052,W101,2025-02-16 21:34:00,1,Cancelled,9617.01
O1004938,C100028,P1080,W101,2025-12-01 18:07:00,3,Shipped,18945.57
O1004939,C100147,P1059,W105,2025-02-21 16:16:00,3,Shipped,7488.36
O1004940,C100103,P1023,W103,2025-06-28 16:37:00,3,Completed,13949.04
O1004941,C100978,P1072,W104,2025-06-22 17:09:00,4,Shipped,41932.76
O1004942,C100319,P1070,W107,2025-12-16 21:41:00,1,Completed,11621.13
O1004943,C100431,P1024,W105,2025-08-28 17:48:00,1,Completed,18950.95
O1004944,C100751,P1086,W106,2025-11-16 12:11:00,4,Completed,66501.64
O1004945,C100051,P1085,W102,2025-08-06 08:18:00,1,Completed,5475.12
O1004946,C100067,P1061,W101,2025-10-29 18:57:00,2,Completed,37282.98
O1004947,C100183,P1030,W103,2025-11-08 14:50:00,3,Cancelled,17699.46
O1004948,C100679,P1036,W102,2025-11-10 13:48:00,3,Shipped,26852.52
O1004949,C100979,P1044,W103,2025-05-31 21:05:00,1,Shipped,19856.3
O1004950,C100621,P1019,W107,2025-05-20 10:10:00,1,Shipped,14293.32
O1004951,C100873,P1031,W102,2025-12-26 08:31:00,4,Shipped,6116.8
O1004952,C100882,P1014,W102,2025-10-04 18:21:00,3,Completed,42506.34
O1004953,C100277,P1016,W102,2025-12-01 20:56:00,4,Completed,37716.44
O1004954,C100184,P1075,W103,2025-07-30 19:36:00,3,Shipped,40184.76
O1004955,C100161,P1013,W102,2025-12-06 20:11:00,3,Completed,28466.88
O1004956,C100795,P1047,W102,2025-09-20 20:05:00,2,Shipped,27489.36
O1004957,C100670,P1043,W105,2025-09-29 17:35:00,1,Completed,10723.52
O1004958,C100865,P1005,W101,2025-03-06 20:54:00,3,Completed,2575.71
O1004959,C100508,P1084,W102,2025-07-26 12:46:00,3,Completed,34926.93
O1004960,C100977,P1099,W107,2025-09-24 18:25:00,2,Completed,17758.32
O1004961,C100895,P1064,W101,2025-10-05 09:17:00,4,Shipped,19697.32
O1004962,C100809,P1068,W101,2025-12-16 15:23:00,3,Completed,5108.85
O1004963,C100804,P1024,W101,2025-04-30 12:04:00,3,Completed,56852.85
O1004964,C100124,P1085,W105,2025-04-21 21:08:00,3,Processing,16425.36
O1004965,C100745,P1079,W106,2025-12-20 14:06:00,1,Completed,14347.56
O1004966,C100948,P1044,W106,2025-12-26 10:56:00,4,Shipped,79425.2
O1004967,C100293,P1071,W106,2025-03-07 15:58:00,1,Shipped,11389.19
O1004968,C100815,P1096,W101,2025-05-19 09:04:00,1,Shipped,3702.38
O1004969,C100351,P1061,W103,2025-12-13 09:46:00,4,Completed,74565.96
O1004970,C100213,P1020,W106,2025-03-14 14:02:00,1,Shipped,19341.31
O1004971,C100731,P1034,W106,2025-10-13 16:49:00,3,Cancelled,37493.4
O1004972,C100166,P1019,W103,2025-02-10 16:09:00,1,Completed,14293.32
O1004973,C100482,P1034,W107,2025-03-07 08:46:00,3,Completed,37493.4
O1004974,C100937,P1090,W107,2025-10-14 17:31:00,1,Completed,10360.38
O1004975,C100157,P1019,W107,2025-08-10 08:48:00,2,Cancelled,28586.64
O1004976,C100156,P1090,W107,2025-07-22 19:24:00,3,Completed,31081.14
O1004977,C100943,P1029,W108,2025-11-09 08:32:00,2,Completed,11849.7
O1004978,C100778,P1050,W107,2025-04-23 08:22:00,1,Completed,14826.4
O1004979,C100462,P1053,W105,2025-07-03 15:14:00,1,Processing,19180.93
O1004980,C100406,P1013,W104,2025-08-11 19:13:00,1,Completed,9488.96
O1004981,C100964,P1019,W103,2025-09-28 18:42:00,1,Completed,14293.32
O1004982,C100724,P1031,W107,2025-05-02 16:24:00,2,Completed,3058.4
O1004983,C100909,P1006,W103,2025-08-20 10:29:00,1,Shipped,3111.6
O1004984,C100092,P1076,W106,2025-06-13 21:20:00,3,Completed,30123.09
O1004985,C100531,P1055,W105,2025-07-17 08:17:00,4,Completed,43580.28
O1004986,C100726,P1085,W104,2025-11-11 12:52:00,3,Completed,16425.36
O1004987,C100036,P1087,W104,2025-05-24 18:33:00,2,Shipped,10925.6
O1004988,C100512,P1035,W101,2025-09-01 16:38:00,2,Completed,20222.8
O1004989,C100056,P1082,W106,2025-12-10 19:03:00,4,Shipped,61618.28
O1004990,C100901,P1007,W101,2025-10-06 18:43:00,4,Completed,59070.92
O1004991,C100681,P1043,W101,2025-12-27 21:09:00,3,Completed,32170.56
O1004992,C100189,P1067,W103,2025-08-01 15:13:00,1,Completed,18445.37
O1004993,C100522,P1047,W105,2025-04-13 19:29:00,4,Completed,54978.72
O1004994,C100110,P1074,W103,2025-12-28 10:10:00,3,Completed,25124.82
O1004995,C100804,P1086,W108,2025-08-24 10:26:00,1,Completed,16625.41
O1004996,C100197,P1043,W108,2025-03-30 08:41:00,2,Processing,21447.04
O1004997,C100608,P1028,W104,2025-04-26 10:51:00,3,Processing,19023.45
O1004998,C100079,P1059,W108,2025-04-06 09:33:00,4,Completed,9984.48
O1004999,C100158,P1087,W101,2025-11-01 19:32:00,4,Completed,21851.2
O1005000,C100981,P1099,W102,2025-02-03 14:55:00,1,Completed,8879.16
O1005001,C100386,P1082,W103,2025-09-28 14:13:00,3,Processing,46213.71
O1005002,C100123,P1025,W108,2025-07-22 16:57:00,4,Completed,42503.24
O1005003,C100700,P1021,W105,2025-01-27 13:02:00,4,Completed,74100.48
O1005004,C100201,P1058,W106,2025-08-12 15:59:00,3,Completed,38344.38
O1005005,C100590,P1041,W106,2025-10-02 08:02:00,4,Completed,51584.32
O1005006,C100810,P1062,W104,2025-09-22 17:58:00,3,Completed,29013.72
O1005007,C100684,P1093,W108,2025-07-12 20:12:00,3,Completed,59953.83
O1005008,C100247,P1055,W108,2025-05-03 08:32:00,3,Completed,32685.21
O1005009,C100237,P1036,W104,2025-03-01 09:07:00,4,Shipped,35803.36
O1005010,C100223,P1087,W106,2025-01-05 09:54:00,2,Completed,10925.6
O1005011,C100632,P1044,W105,2025-05-12 16:30:00,4,Completed,79425.2
O1005012,C100673,P1061,W105,2025-08-19 18:39:00,1,Completed,18641.49
O1005013,C100521,P1014,W101,2025-01-14 19:31:00,2,Completed,28337.56
O1005014,C100399,P1051,W102,2025-12-31 18:56:00,4,Completed,75239.56
O1005015,C100063,P1043,W108,2025-08-02 16:04:00,1,Cancelled,10723.52
O1005016,C100836,P1013,W102,2025-04-18 17:49:00,4,Completed,37955.84
O1005017,C100661,P1022,W106,2025-12-18 11:55:00,3,Completed,67111.44
O1005018,C100639,P1071,W108,2025-03-09 18:26:00,1,Completed,11389.19
O1005019,C100104,P1019,W105,2025-12-16 10:33:00,1,Completed,14293.32
O1005020,C100289,P1014,W102,2025-04-13 21:29:00,1,Completed,14168.78
O1005021,C100304,P1006,W107,2025-05-19 08:35:00,2,Processing,6223.2
O1005022,C100598,P1003,W101,2025-06-05 21:13:00,2,Completed,18561.08
O1005023,C100788,P1044,W106,2025-12-30 14:26:00,4,Completed,79425.2
O1005024,C100867,P1049,W103,2025-04-02 17:01:00,4,Shipped,55953.04
O1005025,C100523,P1063,W106,2025-12-22 10:14:00,1,Shipped,7167.78
O1005026,C100365,P1058,W104,2025-05-07 12:28:00,3,Completed,38344.38
O1005027,C100409,P1054,W105,2025-04-15 20:04:00,4,Completed,53302.16
O1005028,C100737,P1100,W104,2025-08-21 08:11:00,3,Completed,60213.21
O1005029,C100319,P1025,W105,2025-09-11 10:40:00,1,Completed,10625.81
O1005030,C100416,P1072,W108,2025-05-06 16:50:00,1,Completed,10483.19
O1005031,C100787,P1008,W107,2025-02-18 19:15:00,3,Completed,13529.01
O1005032,C100544,P1085,W104,2025-05-25 14:02:00,4,Shipped,21900.48
O1005033,C100468,P1037,W108,2025-07-17 09:13:00,1,Completed,8709.62
O1005034,C100734,P1035,W108,2025-01-15 10:03:00,1,Completed,10111.4
O1005035,C100289,P1014,W106,2025-01-29 20:27:00,1,Completed,14168.78
O1005036,C100061,P1051,W105,2025-12-02 11:00:00,2,Shipped,37619.78
O1005037,C100789,P1040,W101,2025-01-14 16:06:00,4,Completed,17573.28
O1005038,C100455,P1098,W105,2025-05-29 21:06:00,4,Completed,3072.68
O1005039,C100326,P1018,W102,2025-10-06 13:15:00,2,Shipped,42541.76
O1005040,C100096,P1042,W102,2025-04-30 08:55:00,3,Completed,53881.56
O1005041,C100927,P1091,W107,2025-06-30 19:22:00,1,Shipped,22319.24
O1005042,C100726,P1081,W103,2025-02-01 19:01:00,3,Completed,43608.75
O1005043,C100275,P1077,W105,2025-10-17 17:06:00,3,Shipped,31557.15
O1005044,C100608,P1053,W107,2025-08-20 20:37:00,4,Completed,76723.72
O1005045,C100465,P1088,W105,2025-11-07 18:51:00,4,Completed,57373.4
O1005046,C100327,P1023,W107,2025-11-12 17:38:00,1,Completed,4649.68
O1005047,C100312,P1081,W107,2025-05-09 12:40:00,2,Processing,29072.5
O1005048,C100077,P1059,W104,2025-01-16 08:51:00,1,Completed,2496.12
O1005049,C100975,P1035,W108,2025-05-07 18:09:00,1,Shipped,10111.4
O1005050,C100926,P1022,W108,2025-02-23 19:50:00,1,Completed,22370.48
O1005051,C100871,P1053,W103,2025-07-14 17:43:00,4,Shipped,76723.72
O1005052,C100316,P1001,W107,2025-02-23 17:08:00,2,Completed,18610.76
O1005053,C100997,P1072,W102,2025-12-03 18:03:00,3,Completed,31449.57
O1005054,C100276,P1024,W101,2025-08-08 11:52:00,3,Completed,56852.85
O1005055,C100825,P1039,W105,2025-04-03 09:38:00,4,Completed,74336.0
O1005056,C100102,P1020,W105,2025-12-03 16:48:00,3,Processing,58023.93
O1005057,C100311,P1047,W105,2025-10-08 21:12:00,4,Processing,54978.72
O1005058,C100578,P1038,W107,2025-06-09 09:54:00,2,Completed,9106.38
O1005059,C100968,P1019,W104,2025-02-23 08:59:00,4,Processing,57173.28
O1005060,C100266,P1089,W107,2025-05-06 17:54:00,4,Completed,25241.48
O1005061,C100433,P1076,W108,2025-08-02 13:55:00,3,Completed,30123.09
O1005062,C100843,P1039,W101,2025-10-07 20:38:00,2,Shipped,37168.0
O1005063,C100473,P1006,W104,2025-04-06 14:36:00,1,Completed,3111.6
O1005064,C100683,P1085,W102,2025-09-29 15:18:00,1,Completed,5475.12
O1005065,C100419,P1070,W106,2025-04-14 08:51:00,2,Shipped,23242.26
O1005066,C100004,P1056,W104,2025-04-01 21:19:00,2,Completed,43091.24
O1005067,C100284,P1061,W103,2025-06-13 12:37:00,1,Completed,18641.49
O1005068,C100566,P1001,W103,2025-02-28 14:07:00,4,Shipped,37221.52
O1005069,C100020,P1048,W103,2025-05-28 16:48:00,1,Completed,14921.68
O1005070,C100232,P1019,W101,2025-05-11 20:00:00,2,Completed,28586.64
O1005071,C100954,P1066,W101,2025-04-13 19:07:00,2,Processing,39283.78
O1005072,C100016,P1094,W106,2025-10-11 18:49:00,4,Completed,97374.0
O1005073,C100248,P1054,W108,2025-05-02 09:28:00,1,Completed,13325.54
O1005074,C100620,P1061,W105,2025-09-11 09:14:00,4,Completed,74565.96
O1005075,C100564,P1067,W108,2025-09-20 19:38:00,3,Cancelled,55336.11
O1005076,C100205,P1093,W102,2025-09-01 20:46:00,4,Completed,79938.44
O1005077,C100060,P1004,W108,2025-04-09 16:43:00,4,Completed,70503.24
O1005078,C100900,P1032,W105,2025-10-30 20:44:00,4,Completed,38975.24
O1005079,C100551,P1027,W106,2025-03-28 12:26:00,2,Shipped,26064.46
O1005080,C100574,P1072,W101,2025-04-12 12:55:00,3,Completed,31449.57
O1005081,C100058,P1045,W105,2025-11-16 10:22:00,2,Completed,11804.0
O1005082,C100210,P1078,W104,2025-05-04 19:06:00,4,Completed,69145.4
O1005083,C100073,P1048,W108,2025-09-12 17:22:00,1,Completed,14921.68
O1005084,C100980,P1098,W107,2025-01-16 11:08:00,3,Completed,2304.51
O1005085,C100770,P1077,W107,2025-08-13 21:59:00,1,Completed,10519.05
O1005086,C100547,P1002,W108,2025-11-14 08:25:00,2,Completed,28452.64
O1005087,C100681,P1099,W106,2025-09-16 18:47:00,4,Completed,35516.64
O1005088,C100166,P1096,W102,2025-08-01 10:54:00,1,Completed,3702.38
O1005089,C100989,P1005,W103,2025-11-06 18:58:00,4,Cancelled,3434.28
O1005090,C100518,P1040,W107,2025-04-19 14:46:00,4,Completed,17573.28
O1005091,C100517,P1098,W105,2025-05-18 11:16:00,2,Completed,1536.34
O1005092,C100960,P1084,W108,2025-01-26 08:48:00,2,Completed,23284.62
O1005093,C100096,P1047,W107,2025-09-12 16:41:00,1,Completed,13744.68
O1005094,C100425,P1055,W105,2025-09-22 10:14:00,4,Completed,43580.28
O1005095,C100089,P1003,W102,2025-10-02 14:17:00,3,Completed,27841.62
O1005096,C100426,P1057,W108,2025-10-01 21:18:00,4,Completed,37890.08
O1005097,C100268,P1067,W102,2025-02-16 20:25:00,2,Processing,36890.74
O1005098,C100462,P1036,W102,2025-09-01 14:54:00,2,Completed,17901.68
O1005099,C100702,P1031,W102,2025-10-06 18:14:00,3,Completed,4587.6
O1005100,C100281,P1083,W101,2025-03-16 19:31:00,2,Completed,7012.6
O1005101,C100052,P1045,W104,2025-06-23 16:29:00,2,Completed,11804.0
O1005102,C100162,P1027,W107,2025-11-30 10:53:00,1,Shipped,13032.23
O1005103,C100716,P1038,W107,2025-06-01 19:21:00,4,Completed,18212.76
O1005104,C100579,P1050,W104,2025-10-02 09:14:00,2,Shipped,29652.8
O1005105,C100979,P1026,W103,2025-07-13 15:18:00,4,Completed,38893.12
O1005106,C100895,P1057,W103,2025-08-29 18:55:00,3,Completed,28417.56
O1005107,C100162,P1087,W108,2025-08-17 15:59:00,3,Completed,16388.4
O1005108,C100736,P1075,W101,2025-08-26 12:53:00,2,Completed,26789.84
O1005109,C100091,P1024,W101,2025-10-12 13:49:00,2,Completed,37901.9
O1005110,C100097,P1048,W101,2025-11-27 14:26:00,2,Completed,29843.36
O1005111,C100794,P1055,W108,2025-04-18 18:24:00,1,Cancelled,10895.07
O1005112,C100401,P1069,W101,2025-12-05 21:53:00,3,Completed,40825.92
O1005113,C100998,P1076,W108,2025-08-18 18:54:00,1,Completed,10041.03
O1005114,C100006,P1049,W102,2025-08-06 12:25:00,2,Shipped,27976.52
O1005115,C100503,P1032,W105,2025-04-30 09:33:00,3,Completed,29231.43
O1005116,C100308,P1066,W108,2025-06-02 14:37:00,1,Shipped,19641.89
O1005117,C100986,P1013,W101,2025-08-26 20:00:00,1,Processing,9488.96
O1005118,C100670,P1068,W103,2025-05-13 16:53:00,1,Completed,1702.95
O1005119,C100772,P1090,W106,2025-04-15 12:30:00,4,Cancelled,41441.52
O1005120,C100291,P1071,W107,2025-10-26 09:14:00,4,Completed,45556.76
O1005121,C100895,P1044,W108,2025-06-01 11:31:00,1,Completed,19856.3
O1005122,C100841,P1083,W101,2025-08-24 18:01:00,2,Completed,7012.6
O1005123,C100785,P1054,W107,2025-01-12 17:22:00,1,Completed,13325.54
O1005124,C100478,P1055,W103,2025-01-29 14:19:00,1,Completed,10895.07
O1005125,C100922,P1086,W105,2025-11-06 12:40:00,4,Completed,66501.64
O1005126,C100670,P1020,W108,2025-02-21 10:27:00,2,Completed,38682.62
O1005127,C100066,P1078,W108,2025-10-18 21:36:00,4,Completed,69145.4
O1005128,C100884,P1068,W102,2025-11-25 14:01:00,3,Completed,5108.85
O1005129,C100021,P1053,W104,2025-06-25 18:44:00,2,Completed,38361.86
O1005130,C100683,P1008,W103,2025-11-19 14:26:00,4,Cancelled,18038.68
O1005131,C100250,P1077,W105,2025-06-05 15:58:00,1,Shipped,10519.05
O1005132,C100898,P1022,W107,2025-12-14 16:58:00,2,Cancelled,44740.96
O1005133,C100730,P1090,W103,2025-03-28 12:58:00,2,Completed,20720.76
O1005134,C100809,P1080,W101,2025-06-06 21:07:00,3,Completed,18945.57
O1005135,C100700,P1037,W101,2025-05-22 14:24:00,1,Completed,8709.62
O1005136,C100568,P1044,W101,2025-10-14 18:42:00,3,Completed,59568.9
O1005137,C100864,P1003,W103,2025-01-16 20:49:00,4,Completed,37122.16
O1005138,C100298,P1050,W108,2025-10-30 13:21:00,4,Completed,59305.6
O1005139,C100529,P1006,W103,2025-01-09 11:16:00,4,Shipped,12446.4
O1005140,C100299,P1099,W104,2025-04-26 21:34:00,3,Completed,26637.48
O1005141,C100114,P1065,W106,2025-08-06 19:00:00,4,Completed,35230.92
O1005142,C100876,P1024,W106,2025-02-23 19:04:00,3,Completed,56852.85
O1005143,C100498,P1081,W103,2025-06-28 21:14:00,4,Completed,58145.0
O1005144,C100054,P1002,W102,2025-12-30 08:23:00,1,Completed,14226.32
O1005145,C100826,P1055,W102,2025-10-28 21:13:00,1,Cancelled,10895.07
O1005146,C100942,P1012,W102,2025-01-12 09:37:00,2,Completed,31348.98
O1005147,C100662,P1006,W101,2025-08-04 10:02:00,3,Completed,9334.8
O1005148,C100328,P1025,W104,2025-08-07 11:03:00,4,Completed,42503.24
O1005149,C100860,P1030,W106,2025-01-25 09:35:00,1,Completed,5899.82
O1005150,C100739,P1073,W106,2025-08-26 09:10:00,1,Processing,9625.71
O1005151,C100285,P1090,W108,2025-07-10 09:45:00,4,Shipped,41441.52
O1005152,C100331,P1078,W103,2025-09-06 14:47:00,2,Completed,34572.7
O1005153,C100988,P1074,W106,2025-04-19 13:12:00,1,Processing,8374.94
O1005154,C100954,P1057,W108,2025-04-04 12:46:00,3,Completed,28417.56
O1005155,C100677,P1038,W101,2025-09-26 10:24:00,4,Shipped,18212.76
O1005156,C100037,P1026,W107,2025-09-21 21:37:00,4,Completed,38893.12
O1005157,C100230,P1095,W101,2025-03-01 12:39:00,4,Shipped,82662.88
O1005158,C100354,P1053,W105,2025-03-20 14:37:00,1,Processing,19180.93
O1005159,C100536,P1057,W107,2025-08-03 09:59:00,1,Completed,9472.52
O1005160,C100868,P1002,W104,2025-10-30 10:58:00,4,Completed,56905.28
O1005161,C100849,P1046,W105,2025-03-15 11:16:00,3,Completed,61205.61
O1005162,C100275,P1069,W105,2025-03-21 21:35:00,1,Completed,13608.64
O1005163,C100109,P1050,W105,2025-10-22 10:28:00,2,Completed,29652.8
O1005164,C100276,P1062,W106,2025-09-12 15:11:00,4,Completed,38684.96
O1005165,C100236,P1081,W107,2025-11-26 15:37:00,4,Completed,58145.0
O1005166,C100899,P1003,W102,2025-10-13 09:01:00,4,Completed,37122.16
O1005167,C100015,P1091,W104,2025-12-14 12:54:00,2,Processing,44638.48
O1005168,C100831,P1082,W107,2025-03-10 09:07:00,4,Completed,61618.28
O1005169,C100657,P1042,W104,2025-04-10 10:26:00,1,Completed,17960.52
O1005170,C100106,P1077,W104,2025-03-28 17:27:00,4,Completed,42076.2
O1005171,C100686,P1007,W106,2025-01-21 15:57:00,1,Cancelled,14767.73
O1005172,C100581,P1031,W108,2025-10-12 14:55:00,4,Completed,6116.8
O1005173,C100004,P1011,W103,2025-08-30 10:59:00,1,Completed,21776.79
O1005174,C100224,P1064,W108,2025-02-01 16:44:00,4,Completed,19697.32
O1005175,C100349,P1086,W106,2025-03-14 20:39:00,3,Completed,49876.23
O1005176,C100216,P1061,W101,2025-03-11 19:53:00,3,Cancelled,55924.47
O1005177,C100579,P1072,W107,2025-05-28 10:25:00,3,Completed,31449.57
O1005178,C100616,P1015,W104,2025-06-16 17:32:00,2,Completed,13084.58
O1005179,C100170,P1094,W103,2025-04-16 11:24:00,4,Completed,97374.0
O1005180,C100124,P1020,W105,2025-12-06 20:03:00,1,Completed,19341.31
O1005181,C100656,P1053,W105,2025-03-19 14:37:00,3,Completed,57542.79
O1005182,C100470,P1069,W105,2025-07-25 18:23:00,1,Completed,13608.64
O1005183,C100266,P1086,W101,2025-06-09 15:33:00,1,Shipped,16625.41
O1005184,C100256,P1094,W107,2025-05-22 17:26:00,3,Completed,73030.5
O1005185,C100040,P1060,W103,2025-10-29 21:05:00,3,Completed,14679.39
O1005186,C100854,P1058,W102,2025-12-24 09:53:00,1,Completed,12781.46
O1005187,C100842,P1042,W105,2025-01-03 20:39:00,3,Shipped,53881.56
O1005188,C100555,P1057,W105,2025-06-19 14:45:00,4,Completed,37890.08
O1005189,C100350,P1068,W101,2025-02-13 09:59:00,3,Shipped,5108.85
O1005190,C100216,P1065,W108,2025-06-08 14:03:00,1,Shipped,8807.73
O1005191,C100308,P1060,W105,2025-08-14 08:46:00,1,Processing,4893.13
O1005192,C100927,P1045,W108,2025-05-31 15:34:00,1,Completed,5902.0
O1005193,C100089,P1020,W106,2025-04-23 14:36:00,3,Processing,58023.93
O1005194,C100823,P1006,W101,2025-04-24 13:28:00,1,Completed,3111.6
O1005195,C100305,P1043,W102,2025-04-20 14:13:00,2,Completed,21447.04
O1005196,C100266,P1040,W108,2025-04-29 16:41:00,1,Completed,4393.32
O1005197,C100810,P1061,W105,2025-05-17 19:34:00,2,Completed,37282.98
O1005198,C100962,P1091,W101,2025-09-09 13:29:00,1,Completed,22319.24
O1005199,C100992,P1071,W101,2025-02-05 08:14:00,2,Shipped,22778.38
O1005200,C100268,P1081,W105,2025-01-15 15:48:00,3,Cancelled,43608.75
O1005201,C100592,P1058,W105,2025-07-08 21:13:00,4,Completed,51125.84
O1005202,C100293,P1093,W102,2025-09-06 13:31:00,2,Cancelled,39969.22
O1005203,C100194,P1094,W102,2025-04-05 09:43:00,2,Completed,48687.0
O1005204,C100386,P1016,W105,2025-03-15 20:37:00,4,Processing,37716.44
O1005205,C100063,P1064,W104,2025-08-17 13:52:00,4,Completed,19697.32
O1005206,C100165,P1051,W101,2025-05-21 13:13:00,2,Completed,37619.78
O1005207,C100596,P1098,W101,2025-09-26 12:08:00,2,Completed,1536.34
O1005208,C100688,P1059,W102,2025-02-23 18:13:00,3,Cancelled,7488.36
O1005209,C100271,P1002,W105,2025-02-14 10:02:00,4,Completed,56905.28
O1005210,C100558,P1021,W103,2025-07-21 16:35:00,3,Completed,55575.36
O1005211,C100765,P1013,W101,2025-05-24 12:52:00,3,Shipped,28466.88
O1005212,C100895,P1021,W108,2025-09-24 13:23:00,1,Completed,18525.12
O1005213,C100569,P1010,W106,2025-07-04 11:01:00,2,Completed,15694.62
O1005214,C100241,P1079,W105,2025-05-10 19:18:00,1,Completed,14347.56
O1005215,C100713,P1050,W102,2025-02-28 14:20:00,2,Shipped,29652.8
O1005216,C100171,P1068,W106,2025-03-01 20:59:00,4,Processing,6811.8
O1005217,C100140,P1100,W108,2025-10-03 19:35:00,1,Completed,20071.07
O1005218,C100359,P1065,W106,2025-03-24 18:38:00,3,Completed,26423.19
O1005219,C100329,P1048,W103,2025-07-03 14:18:00,2,Completed,29843.36
O1005220,C100147,P1027,W104,2025-10-26 21:16:00,1,Completed,13032.23
O1005221,C100053,P1076,W108,2025-11-24 16:11:00,1,Completed,10041.03
O1005222,C100947,P1051,W101,2025-04-08 14:06:00,3,Completed,56429.67
O1005223,C100678,P1076,W102,2025-02-10 12:51:00,4,Completed,40164.12
O1005224,C100718,P1003,W101,2025-10-10 20:47:00,2,Completed,18561.08
O1005225,C100067,P1017,W106,2025-09-08 11:33:00,4,Completed,17057.24
O1005226,C100797,P1013,W104,2025-05-01 20:16:00,1,Completed,9488.96
O1005227,C100365,P1069,W102,2025-08-05 11:12:00,3,Processing,40825.92
O1005228,C100749,P1052,W108,2025-03-10 18:40:00,1,Shipped,9617.01
O1005229,C100491,P1032,W105,2025-09-13 11:57:00,4,Completed,38975.24
O1005230,C100243,P1031,W102,2025-09-23 19:41:00,4,Processing,6116.8
O1005231,C100263,P1061,W108,2025-04-20 19:41:00,1,Cancelled,18641.49
O1005232,C100141,P1097,W106,2025-06-21 18:13:00,2,Shipped,36037.0
O1005233,C100830,P1100,W102,2025-05-02 21:53:00,3,Completed,60213.21
O1005234,C100430,P1048,W107,2025-01-12 15:10:00,3,Completed,44765.04
O1005235,C100781,P1068,W101,2025-02-16 19:44:00,2,Shipped,3405.9
O1005236,C100830,P1009,W108,2025-12-17 15:44:00,1,Completed,12381.82
O1005237,C100167,P1095,W104,2025-06-16 08:32:00,3,Completed,61997.16
O1005238,C100331,P1002,W103,2025-02-23 13:50:00,1,Completed,14226.32
O1005239,C100125,P1035,W101,2025-01-17 08:27:00,2,Completed,20222.8
O1005240,C100010,P1073,W108,2025-05-09 17:18:00,1,Shipped,9625.71
O1005241,C100987,P1097,W105,2025-12-25 10:08:00,3,Shipped,54055.5
O1005242,C100661,P1018,W105,2025-05-21 12:32:00,2,Completed,42541.76
O1005243,C100452,P1067,W107,2025-12-31 20:11:00,2,Completed,36890.74
O1005244,C100201,P1019,W105,2025-06-28 18:21:00,4,Cancelled,57173.28
O1005245,C100591,P1006,W103,2025-10-06 12:42:00,2,Completed,6223.2
O1005246,C100543,P1043,W107,2025-10-14 15:04:00,4,Shipped,42894.08
O1005247,C100223,P1058,W105,2025-01-11 16:08:00,4,Completed,51125.84
O1005248,C100015,P1027,W102,2025-01-03 12:56:00,1,Completed,13032.23
O1005249,C100469,P1098,W107,2025-12-03 18:29:00,3,Completed,2304.51
O1005250,C100509,P1062,W107,2025-12-07 10:03:00,1,Completed,9671.24
O1005251,C100799,P1044,W102,2025-02-18 13:58:00,3,Completed,59568.9
O1005252,C100394,P1049,W106,2025-08-24 11:34:00,1,Completed,13988.26
O1005253,C100098,P1047,W108,2025-12-04 17:30:00,2,Shipped,27489.36
O1005254,C100881,P1012,W107,2025-12-13 16:57:00,4,Cancelled,62697.96
O1005255,C100414,P1061,W102,2025-04-19 19:17:00,1,Shipped,18641.49
O1005256,C100722,P1079,W107,2025-10-26 13:10:00,3,Completed,43042.68
O1005257,C100044,P1043,W101,2025-08-24 11:13:00,4,Completed,42894.08
O1005258,C100037,P1043,W105,2025-12-05 08:27:00,4,Completed,42894.08
O1005259,C100024,P1092,W105,2025-02-23 20:02:00,1,Completed,6865.91
O1005260,C100790,P1062,W101,2025-08-08 12:36:00,2,Completed,19342.48
O1005261,C100241,P1030,W106,2025-01-09 18:33:00,3,Shipped,17699.46
O1005262,C100792,P1001,W103,2025-05-11 13:07:00,3,Completed,27916.14
O1005263,C100945,P1083,W107,2025-01-05 12:38:00,1,Completed,3506.3
O1005264,C100664,P1063,W108,2025-06-11 11:16:00,3,Completed,21503.34
O1005265,C100986,P1063,W105,2025-10-24 18:56:00,1,Completed,7167.78
O1005266,C100930,P1029,W106,2025-08-29 12:00:00,3,Shipped,17774.55
O1005267,C100723,P1019,W101,2025-04-26 12:08:00,3,Completed,42879.96
O1005268,C100804,P1050,W108,2025-06-05 17:52:00,2,Completed,29652.8
O1005269,C100604,P1076,W106,2025-05-15 15:15:00,1,Completed,10041.03
O1005270,C100219,P1030,W104,2025-09-25 18:26:00,1,Processing,5899.82
O1005271,C100103,P1053,W101,2025-04-08 09:26:00,3,Completed,57542.79
O1005272,C100382,P1100,W105,2025-02-03 21:25:00,2,Shipped,40142.14
O1005273,C100476,P1022,W108,2025-07-04 11:18:00,4,Completed,89481.92
O1005274,C100350,P1024,W107,2025-10-30 09:39:00,4,Processing,75803.8
O1005275,C100103,P1024,W101,2025-06-24 09:31:00,2,Shipped,37901.9
O1005276,C100505,P1092,W107,2025-03-16 12:21:00,2,Completed,13731.82
O1005277,C100499,P1053,W101,2025-01-17 13:55:00,4,Completed,76723.72
O1005278,C100954,P1092,W104,2025-12-11 09:04:00,3,Completed,20597.73
O1005279,C100955,P1095,W104,2025-10-05 16:42:00,1,Shipped,20665.72
O1005280,C100616,P1043,W101,2025-02-26 16:35:00,4,Shipped,42894.08
O1005281,C100851,P1006,W102,2025-01-27 18:52:00,1,Completed,3111.6
O1005282,C100313,P1031,W108,2025-02-17 08:13:00,3,Completed,4587.6
O1005283,C100970,P1055,W106,2025-05-18 09:20:00,1,Shipped,10895.07
O1005284,C100942,P1039,W107,2025-10-24 10:52:00,2,Shipped,37168.0
O1005285,C100126,P1001,W105,2025-02-28 14:08:00,3,Completed,27916.14
O1005286,C100701,P1099,W104,2025-10-26 16:13:00,1,Completed,8879.16
O1005287,C100458,P1031,W101,2025-01-01 10:49:00,2,Completed,3058.4
O1005288,C100267,P1062,W105,2025-09-27 13:01:00,4,Completed,38684.96
O1005289,C100412,P1095,W107,2025-04-14 15:11:00,4,Processing,82662.88
O1005290,C100907,P1055,W102,2025-12-17 15:37:00,4,Shipped,43580.28
O1005291,C100925,P1070,W104,2025-06-23 15:22:00,4,Completed,46484.52
O1005292,C100345,P1004,W104,2025-04-09 16:57:00,4,Completed,70503.24
O1005293,C100462,P1070,W107,2025-03-30 18:34:00,1,Completed,11621.13
O1005294,C100517,P1085,W102,2025-10-29 19:44:00,1,Completed,5475.12
O1005295,C100734,P1092,W101,2025-05-28 21:30:00,2,Cancelled,13731.82
O1005296,C100480,P1009,W102,2025-05-09 13:30:00,4,Completed,49527.28
O1005297,C100396,P1023,W102,2025-09-26 12:35:00,4,Completed,18598.72
O1005298,C100924,P1005,W107,2025-07-16 11:54:00,2,Shipped,1717.14
O1005299,C100373,P1092,W103,2025-08-31 12:54:00,1,Completed,6865.91
O1005300,C100266,P1028,W103,2025-06-12 15:32:00,3,Completed,19023.45
O1005301,C100327,P1054,W103,2025-01-24 16:27:00,2,Completed,26651.08
O1005302,C100334,P1048,W107,2025-01-03 08:58:00,1,Completed,14921.68
O1005303,C100556,P1069,W106,2025-01-15 21:58:00,1,Completed,13608.64
O1005304,C100661,P1090,W104,2025-07-29 08:35:00,1,Completed,10360.38
O1005305,C100135,P1033,W107,2025-07-07 13:36:00,2,Processing,38051.0
O1005306,C100887,P1080,W101,2025-09-30 14:19:00,3,Shipped,18945.57
O1005307,C100254,P1030,W106,2025-11-23 12:50:00,1,Completed,5899.82
O1005308,C100115,P1020,W103,2025-03-05 11:03:00,2,Completed,38682.62
O1005309,C100669,P1011,W104,2025-12-16 15:25:00,4,Completed,87107.16
O1005310,C100210,P1038,W102,2025-12-07 08:06:00,4,Completed,18212.76
O1005311,C100751,P1057,W101,2025-08-13 18:24:00,4,Completed,37890.08
O1005312,C100949,P1079,W106,2025-07-13 17:30:00,2,Completed,28695.12
O1005313,C100693,P1085,W107,2025-03-06 18:47:00,1,Completed,5475.12
O1005314,C100778,P1053,W108,2025-03-07 19:25:00,4,Processing,76723.72
O1005315,C100495,P1041,W102,2025-01-07 20:25:00,2,Completed,25792.16
O1005316,C100347,P1018,W107,2025-08-24 10:04:00,2,Completed,42541.76
O1005317,C100614,P1092,W101,2025-06-08 19:41:00,2,Processing,13731.82
O1005318,C100358,P1040,W107,2025-03-12 15:53:00,1,Processing,4393.32
O1005319,C100877,P1077,W105,2025-02-18 09:43:00,3,Completed,31557.15
O1005320,C100470,P1063,W107,2025-01-24 21:46:00,1,Shipped,7167.78
O1005321,C100499,P1094,W101,2025-08-22 19:21:00,1,Shipped,24343.5
O1005322,C100674,P1098,W107,2025-09-08 11:45:00,4,Completed,3072.68
O1005323,C100190,P1071,W104,2025-08-19 20:28:00,3,Completed,34167.57
O1005324,C100562,P1067,W105,2025-02-10 18:13:00,4,Shipped,73781.48
O1005325,C100754,P1014,W105,2025-01-16 14:15:00,3,Completed,42506.34
O1005326,C100777,P1002,W106,2025-02-08 10:16:00,1,Processing,14226.32
O1005327,C100225,P1055,W105,2025-10-02 18:14:00,2,Cancelled,21790.14
O1005328,C100055,P1071,W104,2025-09-28 21:02:00,2,Completed,22778.38
O1005329,C100195,P1075,W104,2025-04-18 10:41:00,2,Completed,26789.84
O1005330,C100820,P1026,W101,2025-01-21 08:00:00,2,Processing,19446.56
O1005331,C100266,P1051,W106,2025-04-27 11:12:00,2,Completed,37619.78
O1005332,C100059,P1087,W106,2025-10-23 12:07:00,3,Completed,16388.4
O1005333,C100598,P1010,W105,2025-02-22 13:18:00,4,Shipped,31389.24
O1005334,C100881,P1039,W106,2025-10-18 21:40:00,3,Completed,55752.0
O1005335,C100225,P1095,W103,2025-06-19 21:29:00,4,Completed,82662.88
O1005336,C100044,P1020,W102,2025-02-21 17:23:00,4,Completed,77365.24
O1005337,C100141,P1032,W108,2025-12-07 11:02:00,3,Shipped,29231.43
O1005338,C100128,P1047,W108,2025-07-09 10:57:00,2,Cancelled,27489.36
O1005339,C100205,P1069,W107,2025-09-03 09:08:00,3,Completed,40825.92
O1005340,C100181,P1026,W101,2025-02-05 19:04:00,1,Completed,9723.28
O1005341,C100638,P1080,W105,2025-05-16 11:05:00,4,Completed,25260.76
O1005342,C100224,P1024,W106,2025-08-19 20:34:00,1,Completed,18950.95
O1005343,C100549,P1037,W101,2025-08-24 16:24:00,1,Completed,8709.62
O1005344,C100402,P1058,W108,2025-01-23 14:49:00,4,Completed,51125.84
O1005345,C100655,P1002,W107,2025-08-09 21:00:00,1,Completed,14226.32
O1005346,C100656,P1077,W103,2025-12-11 10:11:00,3,Shipped,31557.15
O1005347,C100593,P1067,W105,2025-10-15 14:29:00,3,Shipped,55336.11
O1005348,C100893,P1084,W108,2025-03-17 11:37:00,1,Shipped,11642.31
O1005349,C100197,P1028,W107,2025-11-30 10:32:00,2,Completed,12682.3
O1005350,C100525,P1040,W107,2025-09-07 21:12:00,4,Completed,17573.28
O1005351,C100395,P1090,W108,2025-01-21 16:28:00,3,Completed,31081.14
O1005352,C100533,P1007,W106,2025-02-16 10:15:00,3,Completed,44303.19
O1005353,C100140,P1050,W108,2025-12-03 09:30:00,3,Completed,44479.2
O1005354,C100320,P1049,W108,2025-03-18 12:22:00,2,Shipped,27976.52
O1005355,C100942,P1045,W101,2025-02-05 19:40:00,3,Shipped,17706.0
O1005356,C100801,P1044,W106,2025-06-14 10:02:00,1,Completed,19856.3
O1005357,C100427,P1075,W103,2025-07-11 18:23:00,1,Completed,13394.92
O1005358,C100111,P1020,W104,2025-07-29 09:28:00,4,Completed,77365.24
O1005359,C100649,P1090,W102,2025-08-29 12:42:00,1,Completed,10360.38
O1005360,C100302,P1090,W106,2025-12-31 15:18:00,3,Completed,31081.14
O1005361,C100330,P1018,W107,2025-10-05 09:48:00,1,Shipped,21270.88
O1005362,C100097,P1098,W104,2025-01-10 13:33:00,2,Processing,1536.34
O1005363,C100290,P1027,W106,2025-02-02 11:44:00,4,Completed,52128.92
O1005364,C100215,P1006,W103,2025-01-01 08:38:00,2,Shipped,6223.2
O1005365,C100034,P1040,W106,2025-05-25 08:00:00,4,Shipped,17573.28
O1005366,C100587,P1080,W101,2025-05-08 10:01:00,2,Completed,12630.38
O1005367,C100970,P1085,W108,2025-12-07 18:28:00,3,Completed,16425.36
O1005368,C100126,P1065,W104,2025-05-14 08:31:00,3,Completed,26423.19
O1005369,C100053,P1082,W105,2025-01-12 15:04:00,3,Completed,46213.71
O1005370,C100101,P1027,W107,2025-11-19 08:20:00,2,Completed,26064.46
O1005371,C100546,P1088,W101,2025-04-05 11:01:00,4,Completed,57373.4
O1005372,C100826,P1064,W108,2025-11-30 10:29:00,2,Completed,9848.66
O1005373,C100310,P1014,W105,2025-10-10 12:45:00,4,Completed,56675.12
O1005374,C100119,P1013,W108,2025-11-18 18:24:00,2,Processing,18977.92
O1005375,C100096,P1027,W105,2025-10-27 13:53:00,4,Completed,52128.92
O1005376,C100609,P1007,W102,2025-02-22 08:12:00,4,Completed,59070.92
O1005377,C100357,P1029,W105,2025-08-17 10:01:00,4,Shipped,23699.4
O1005378,C100353,P1100,W105,2025-05-31 12:15:00,2,Completed,40142.14
O1005379,C100239,P1025,W108,2025-08-18 11:53:00,2,Shipped,21251.62
O1005380,C100897,P1064,W105,2025-09-30 15:54:00,2,Completed,9848.66
O1005381,C100375,P1098,W104,2025-07-02 12:54:00,2,Completed,1536.34
O1005382,C100708,P1026,W102,2025-04-25 18:24:00,2,Processing,19446.56
O1005383,C100743,P1070,W103,2025-12-01 11:32:00,2,Completed,23242.26
O1005384,C100060,P1046,W105,2025-08-31 17:29:00,3,Completed,61205.61
O1005385,C100249,P1029,W103,2025-11-20 09:24:00,4,Completed,23699.4
O1005386,C100896,P1096,W103,2025-03-28 21:50:00,4,Completed,14809.52
O1005387,C100883,P1066,W101,2025-11-02 21:48:00,3,Shipped,58925.67
O1005388,C100414,P1044,W108,2025-04-29 11:51:00,4,Completed,79425.2
O1005389,C100157,P1082,W107,2025-06-18 11:16:00,4,Completed,61618.28
O1005390,C100299,P1091,W103,2025-11-11 08:00:00,2,Shipped,44638.48
O1005391,C100950,P1079,W102,2025-05-10 21:39:00,2,Completed,28695.12
O1005392,C100673,P1087,W107,2025-04-02 08:32:00,2,Completed,10925.6
O1005393,C100076,P1033,W107,2025-12-01 08:01:00,1,Completed,19025.5
O1005394,C100718,P1035,W108,2025-12-18 09:21:00,2,Processing,20222.8
O1005395,C100147,P1024,W105,2025-04-24 12:07:00,2,Completed,37901.9
O1005396,C100304,P1070,W106,2025-04-22 21:39:00,4,Completed,46484.52
O1005397,C100482,P1081,W106,2025-03-25 10:19:00,2,Completed,29072.5
O1005398,C100352,P1067,W102,2025-01-09 15:58:00,3,Completed,55336.11
O1005399,C100699,P1060,W105,2025-07-21 17:06:00,2,Shipped,9786.26
O1005400,C100157,P1078,W103,2025-04-04 19:11:00,2,Processing,34572.7
O1005401,C100878,P1019,W107,2025-11-06 17:47:00,1,Completed,14293.32
O1005402,C100594,P1037,W108,2025-03-04 21:47:00,3,Shipped,26128.86
O1005403,C100306,P1071,W101,2025-08-20 17:15:00,1,Completed,11389.19
O1005404,C100957,P1006,W101,2025-07-04 19:49:00,1,Completed,3111.6
O1005405,C100479,P1092,W103,2025-08-12 12:28:00,3,Completed,20597.73
O1005406,C100417,P1018,W101,2025-02-11 13:42:00,3,Completed,63812.64
O1005407,C100022,P1079,W101,2025-06-20 18:19:00,2,Completed,28695.12
O1005408,C100997,P1062,W108,2025-08-17 20:15:00,2,Completed,19342.48
O1005409,C100847,P1085,W105,2025-05-05 08:04:00,4,Completed,21900.48
O1005410,C100177,P1078,W107,2025-11-16 14:04:00,2,Shipped,34572.7
O1005411,C100948,P1052,W105,2025-07-13 19:13:00,2,Completed,19234.02
O1005412,C100797,P1076,W106,2025-05-13 09:35:00,1,Completed,10041.03
O1005413,C100421,P1035,W106,2025-01-12 12:56:00,2,Completed,20222.8
O1005414,C100929,P1059,W102,2025-03-03 15:40:00,1,Completed,2496.12
O1005415,C100560,P1092,W102,2025-06-23 09:09:00,2,Completed,13731.82
O1005416,C100689,P1009,W104,2025-05-27 20:49:00,1,Completed,12381.82
O1005417,C100184,P1036,W103,2025-11-15 13:08:00,1,Completed,8950.84
O1005418,C100110,P1002,W107,2025-10-14 18:59:00,3,Completed,42678.96
O1005419,C100528,P1054,W103,2025-02-28 13:59:00,2,Completed,26651.08
O1005420,C100327,P1079,W103,2025-08-04 13:37:00,3,Completed,43042.68
O1005421,C100982,P1004,W105,2025-06-15 21:31:00,3,Processing,52877.43
O1005422,C100086,P1055,W102,2025-02-06 19:58:00,3,Completed,32685.21
O1005423,C100763,P1042,W107,2025-09-01 15:13:00,2,Completed,35921.04
O1005424,C100602,P1079,W101,2025-07-16 14:29:00,2,Completed,28695.12
O1005425,C100879,P1023,W107,2025-02-01 18:55:00,2,Completed,9299.36
O1005426,C100999,P1017,W105,2025-06-20 17:35:00,4,Completed,17057.24
O1005427,C100871,P1010,W108,2025-09-25 21:42:00,2,Completed,15694.62
O1005428,C100375,P1041,W103,2025-04-30 12:39:00,4,Completed,51584.32
O1005429,C100696,P1049,W108,2025-05-11 09:34:00,4,Shipped,55953.04
O1005430,C100163,P1092,W107,2025-02-10 10:43:00,3,Completed,20597.73
O1005431,C100486,P1047,W104,2025-03-16 15:23:00,4,Completed,54978.72
O1005432,C100269,P1018,W103,2025-12-25 12:23:00,3,Completed,63812.64
O1005433,C100251,P1070,W102,2025-08-15 19:19:00,4,Shipped,46484.52
O1005434,C100571,P1007,W102,2025-03-06 20:15:00,4,Shipped,59070.92
O1005435,C100127,P1035,W105,2025-06-26 10:36:00,3,Completed,30334.2
O1005436,C100569,P1066,W108,2025-03-12 21:51:00,3,Completed,58925.67
O1005437,C100401,P1026,W105,2025-06-11 16:50:00,4,Cancelled,38893.12
O1005438,C100230,P1060,W108,2025-02-23 11:41:00,1,Completed,4893.13
O1005439,C100563,P1046,W107,2025-08-14 10:48:00,4,Completed,81607.48
O1005440,C100751,P1096,W106,2025-07-28 10:18:00,3,Completed,11107.14
O1005441,C100611,P1029,W106,2025-08-20 14:35:00,1,Shipped,5924.85
O1005442,C100089,P1091,W108,2025-06-11 08:59:00,1,Completed,22319.24
O1005443,C100563,P1063,W107,2025-04-15 09:50:00,4,Shipped,28671.12
O1005444,C100624,P1075,W102,2025-04-02 18:33:00,4,Completed,53579.68
O1005445,C100684,P1017,W105,2025-03-20 14:50:00,3,Completed,12792.93
O1005446,C100426,P1002,W104,2025-06-06 15:23:00,3,Completed,42678.96
O1005447,C100095,P1074,W108,2025-06-14 12:32:00,4,Completed,33499.76
O1005448,C100128,P1049,W102,2025-09-03 15:47:00,4,Shipped,55953.04
O1005449,C100332,P1031,W107,2025-01-20 12:48:00,4,Completed,6116.8
O1005450,C100635,P1090,W104,2025-04-13 08:37:00,1,Completed,10360.38
O1005451,C100740,P1033,W108,2025-11-08 15:57:00,4,Shipped,76102.0
O1005452,C100674,P1044,W107,2025-12-01 09:08:00,3,Completed,59568.9
O1005453,C100313,P1073,W103,2025-12-06 17:38:00,4,Completed,38502.84
O1005454,C100441,P1097,W107,2025-04-22 20:48:00,3,Completed,54055.5
O1005455,C100047,P1090,W102,2025-02-20 17:20:00,3,Processing,31081.14
O1005456,C100798,P1066,W101,2025-03-14 16:04:00,4,Completed,78567.56
O1005457,C100354,P1012,W105,2025-02-18 21:30:00,1,Completed,15674.49
O1005458,C100510,P1011,W104,2025-12-15 11:04:00,4,Completed,87107.16
O1005459,C100450,P1070,W102,2025-11-19 18:50:00,2,Completed,23242.26
O1005460,C100286,P1051,W108,2025-10-23 10:54:00,1,Completed,18809.89
O1005461,C100169,P1014,W101,2025-09-24 08:00:00,3,Completed,42506.34
O1005462,C100954,P1070,W105,2025-05-06 11:22:00,4,Completed,46484.52
O1005463,C100120,P1095,W103,2025-06-23 15:02:00,1,Completed,20665.72
O1005464,C100945,P1007,W103,2025-11-04 08:53:00,4,Completed,59070.92
O1005465,C100114,P1083,W102,2025-10-25 11:54:00,2,Shipped,7012.6
O1005466,C100096,P1035,W104,2025-07-09 08:41:00,4,Completed,40445.6
O1005467,C100904,P1040,W106,2025-11-02 11:24:00,1,Completed,4393.32
O1005468,C100947,P1072,W103,2025-05-07 18:04:00,3,Completed,31449.57
O1005469,C100896,P1025,W106,2025-05-31 10:07:00,3,Completed,31877.43
O1005470,C100776,P1016,W104,2025-11-03 11:41:00,4,Completed,37716.44
O1005471,C100493,P1097,W107,2025-05-18 09:53:00,2,Completed,36037.0
O1005472,C100107,P1035,W104,2025-10-02 13:22:00,1,Shipped,10111.4
O1005473,C100592,P1017,W103,2025-06-15 18:39:00,1,Completed,4264.31
O1005474,C100520,P1069,W105,2025-04-19 15:31:00,2,Processing,27217.28
O1005475,C100736,P1022,W106,2025-03-21 10:48:00,4,Processing,89481.92
O1005476,C100035,P1078,W104,2025-08-10 12:28:00,1,Cancelled,17286.35
O1005477,C100078,P1008,W108,2025-06-25 17:22:00,4,Completed,18038.68
O1005478,C100589,P1052,W105,2025-05-15 14:42:00,3,Completed,28851.03
O1005479,C100856,P1041,W103,2025-09-29 14:26:00,3,Completed,38688.24
O1005480,C100934,P1096,W101,2025-01-01 20:06:00,4,Completed,14809.52
O1005481,C100569,P1053,W104,2025-02-03 19:28:00,4,Shipped,76723.72
O1005482,C100369,P1093,W101,2025-12-18 11:25:00,3,Completed,59953.83
O1005483,C100473,P1025,W101,2025-08-31 17:51:00,4,Shipped,42503.24
O1005484,C100509,P1048,W103,2025-07-20 19:04:00,2,Completed,29843.36
O1005485,C100620,P1082,W103,2025-01-06 20:35:00,4,Shipped,61618.28
O1005486,C100228,P1017,W108,2025-08-07 11:41:00,4,Completed,17057.24
O1005487,C100389,P1093,W106,2025-06-08 18:11:00,4,Completed,79938.44
O1005488,C100541,P1078,W107,2025-08-07 10:37:00,3,Completed,51859.05
O1005489,C100851,P1068,W105,2025-01-15 14:13:00,3,Completed,5108.85
O1005490,C100803,P1025,W101,2025-07-20 09:01:00,2,Shipped,21251.62
O1005491,C100754,P1082,W107,2025-07-30 16:27:00,4,Completed,61618.28
O1005492,C100216,P1085,W104,2025-04-16 17:34:00,3,Completed,16425.36
O1005493,C100407,P1030,W104,2025-01-20 14:15:00,1,Completed,5899.82
O1005494,C100554,P1059,W105,2025-12-21 13:45:00,3,Shipped,7488.36
O1005495,C100968,P1007,W102,2025-09-16 11:23:00,1,Completed,14767.73
O1005496,C100355,P1040,W104,2025-08-15 18:47:00,3,Cancelled,13179.96
O1005497,C100919,P1016,W105,2025-10-07 20:44:00,3,Completed,28287.33
O1005498,C100748,P1056,W106,2025-09-02 09:51:00,4,Shipped,86182.48
O1005499,C100634,P1055,W105,2025-02-19 11:51:00,1,Shipped,10895.07
O1005500,C100703,P1054,W108,2025-06-15 16:26:00,2,Completed,26651.08
O1005501,C100794,P1068,W108,2025-11-21 13:07:00,2,Completed,3405.9
O1005502,C100699,P1093,W101,2025-04-16 08:10:00,2,Completed,39969.22
O1005503,C100673,P1020,W101,2025-12-21 08:17:00,4,Completed,77365.24
O1005504,C100378,P1022,W105,2025-01-24 11:16:00,3,Completed,67111.44
O1005505,C100428,P1022,W107,2025-05-01 21:32:00,2,Shipped,44740.96
O1005506,C100600,P1093,W105,2025-05-08 16:32:00,4,Completed,79938.44
O1005507,C100844,P1010,W102,2025-08-14 11:34:00,3,Completed,23541.93
O1005508,C100652,P1004,W105,2025-03-06 08:47:00,2,Completed,35251.62
O1005509,C100988,P1017,W108,2025-03-25 18:35:00,3,Completed,12792.93
O1005510,C100681,P1077,W102,2025-08-30 13:16:00,4,Completed,42076.2
O1005511,C100408,P1058,W104,2025-04-14 13:30:00,2,Completed,25562.92
O1005512,C100576,P1092,W106,2025-11-17 15:51:00,3,Processing,20597.73
O1005513,C100624,P1021,W104,2025-11-14 11:11:00,1,Completed,18525.12
O1005514,C100867,P1040,W101,2025-04-21 18:11:00,1,Completed,4393.32
O1005515,C100256,P1056,W106,2025-07-24 12:23:00,1,Completed,21545.62
O1005516,C100249,P1008,W106,2025-05-02 17:52:00,2,Completed,9019.34
O1005517,C100202,P1092,W106,2025-05-06 15:14:00,3,Completed,20597.73
O1005518,C100056,P1081,W106,2025-09-02 10:04:00,1,Completed,14536.25
O1005519,C100676,P1015,W106,2025-04-17 16:43:00,4,Completed,26169.16
O1005520,C100963,P1085,W103,2025-02-24 09:03:00,1,Shipped,5475.12
O1005521,C100614,P1045,W101,2025-04-05 18:00:00,3,Shipped,17706.0
O1005522,C100061,P1034,W108,2025-12-06 13:16:00,1,Completed,12497.8
O1005523,C100365,P1095,W102,2025-04-05 17:23:00,1,Completed,20665.72
O1005524,C100903,P1052,W107,2025-05-13 11:22:00,3,Completed,28851.03
O1005525,C100052,P1023,W105,2025-08-18 13:42:00,3,Completed,13949.04
O1005526,C100613,P1081,W105,2025-02-06 12:16:00,3,Completed,43608.75
O1005527,C100441,P1072,W101,2025-04-08 11:30:00,4,Completed,41932.76
O1005528,C100919,P1020,W108,2025-03-05 12:47:00,3,Completed,58023.93
O1005529,C100514,P1068,W105,2025-12-04 08:45:00,4,Completed,6811.8
O1005530,C100565,P1063,W107,2025-12-07 13:33:00,2,Completed,14335.56
O1005531,C100723,P1028,W107,2025-10-03 09:43:00,2,Completed,12682.3
O1005532,C100822,P1044,W102,2025-04-01 15:15:00,2,Completed,39712.6
O1005533,C100516,P1084,W108,2025-08-13 09:16:00,2,Shipped,23284.62
O1005534,C100722,P1018,W105,2025-08-30 08:07:00,4,Completed,85083.52
O1005535,C100806,P1073,W102,2025-11-14 14:08:00,3,Cancelled,28877.13
O1005536,C100526,P1084,W105,2025-02-27 12:10:00,4,Completed,46569.24
O1005537,C100717,P1094,W105,2025-09-26 20:16:00,2,Shipped,48687.0
O1005538,C100364,P1033,W106,2025-03-12 11:42:00,4,Completed,76102.0
O1005539,C100356,P1027,W103,2025-07-27 13:35:00,1,Shipped,13032.23
O1005540,C100003,P1094,W108,2025-11-17 11:18:00,2,Completed,48687.0
O1005541,C100670,P1047,W102,2025-01-23 20:27:00,1,Completed,13744.68
O1005542,C100251,P1057,W104,2025-02-24 19:02:00,4,Completed,37890.08
O1005543,C100814,P1052,W107,2025-10-24 10:24:00,2,Completed,19234.02
O1005544,C100952,P1052,W101,2025-01-07 11:31:00,4,Completed,38468.04
O1005545,C100876,P1063,W104,2025-09-08 10:36:00,2,Cancelled,14335.56
O1005546,C100276,P1043,W104,2025-07-02 10:06:00,1,Completed,10723.52
O1005547,C100652,P1040,W107,2025-05-07 11:22:00,2,Completed,8786.64
O1005548,C100752,P1041,W107,2025-11-11 19:55:00,2,Completed,25792.16
O1005549,C100507,P1066,W107,2025-11-06 14:25:00,3,Shipped,58925.67
O1005550,C100509,P1082,W103,2025-04-29 13:21:00,2,Shipped,30809.14
O1005551,C100438,P1056,W104,2025-01-02 10:40:00,3,Completed,64636.86
O1005552,C100309,P1068,W101,2025-02-16 10:34:00,3,Completed,5108.85
O1005553,C100574,P1042,W107,2025-02-09 15:46:00,1,Shipped,17960.52
O1005554,C100992,P1078,W103,2025-12-25 18:31:00,3,Processing,51859.05
O1005555,C100219,P1040,W104,2025-08-06 15:48:00,3,Shipped,13179.96
O1005556,C100047,P1043,W106,2025-09-05 17:12:00,2,Completed,21447.04
O1005557,C100057,P1006,W107,2025-03-26 11:39:00,4,Completed,12446.4
O1005558,C100583,P1027,W101,2025-11-07 21:14:00,1,Processing,13032.23
O1005559,C100270,P1074,W107,2025-09-21 19:30:00,4,Completed,33499.76
O1005560,C100462,P1009,W104,2025-10-02 20:17:00,2,Completed,24763.64
O1005561,C100951,P1023,W104,2025-06-20 17:20:00,2,Completed,9299.36
O1005562,C100077,P1078,W102,2025-09-12 17:43:00,3,Completed,51859.05
O1005563,C100175,P1088,W106,2025-07-18 08:59:00,3,Shipped,43030.05
O1005564,C100215,P1042,W104,2025-05-21 10:15:00,3,Completed,53881.56
O1005565,C100458,P1041,W101,2025-08-05 09:51:00,3,Completed,38688.24
O1005566,C100695,P1051,W102,2025-04-29 14:45:00,2,Completed,37619.78
O1005567,C100184,P1078,W106,2025-12-14 16:13:00,4,Shipped,69145.4
O1005568,C100109,P1047,W101,2025-09-19 09:39:00,3,Shipped,41234.04
O1005569,C100086,P1018,W105,2025-09-27 18:31:00,1,Completed,21270.88
O1005570,C100802,P1044,W106,2025-09-19 15:41:00,4,Completed,79425.2
O1005571,C100030,P1026,W108,2025-06-13 16:20:00,4,Completed,38893.12
O1005572,C100626,P1069,W102,2025-12-13 20:50:00,1,Shipped,13608.64
O1005573,C100579,P1015,W103,2025-03-17 16:11:00,4,Completed,26169.16
O1005574,C100101,P1061,W102,2025-07-27 08:03:00,3,Completed,55924.47
O1005575,C100553,P1013,W108,2025-01-26 18:45:00,4,Completed,37955.84
O1005576,C100287,P1098,W105,2025-04-18 20:15:00,2,Shipped,1536.34
O1005577,C100515,P1065,W108,2025-07-29 09:10:00,1,Shipped,8807.73
O1005578,C100138,P1014,W101,2025-06-28 15:33:00,1,Completed,14168.78
O1005579,C100668,P1096,W106,2025-12-10 14:34:00,1,Completed,3702.38
O1005580,C100798,P1058,W101,2025-08-13 10:07:00,4,Completed,51125.84
O1005581,C100004,P1061,W101,2025-05-31 11:51:00,2,Processing,37282.98
O1005582,C100533,P1007,W104,2025-06-05 19:58:00,4,Completed,59070.92
O1005583,C100648,P1019,W103,2025-08-12 13:29:00,1,Shipped,14293.32
O1005584,C100003,P1081,W103,2025-10-16 15:30:00,2,Completed,29072.5
O1005585,C100725,P1047,W101,2025-04-11 18:52:00,4,Completed,54978.72
O1005586,C100543,P1062,W105,2025-08-02 14:16:00,2,Completed,19342.48
O1005587,C100307,P1099,W103,2025-07-29 20:28:00,4,Completed,35516.64
O1005588,C100483,P1043,W108,2025-01-04 14:59:00,1,Completed,10723.52
O1005589,C100683,P1039,W107,2025-11-30 21:48:00,4,Completed,74336.0
O1005590,C100644,P1081,W104,2025-07-27 10:03:00,3,Completed,43608.75
O1005591,C100777,P1007,W107,2025-03-30 20:26:00,4,Shipped,59070.92
O1005592,C100035,P1046,W105,2025-08-20 09:34:00,1,Completed,20401.87
O1005593,C100788,P1086,W104,2025-09-05 19:23:00,4,Completed,66501.64
O1005594,C100036,P1023,W108,2025-12-01 17:15:00,2,Completed,9299.36
O1005595,C100651,P1031,W105,2025-01-13 15:50:00,1,Completed,1529.2
O1005596,C100350,P1048,W104,2025-06-01 20:19:00,1,Completed,14921.68
O1005597,C100064,P1008,W105,2025-03-07 16:58:00,1,Completed,4509.67
O1005598,C100689,P1008,W107,2025-07-29 17:43:00,3,Completed,13529.01
O1005599,C100553,P1026,W106,2025-07-03 18:33:00,1,Shipped,9723.28
O1005600,C100667,P1090,W105,2025-06-23 19:46:00,4,Completed,41441.52
O1005601,C100376,P1023,W102,2025-12-25 11:14:00,1,Completed,4649.68
O1005602,C100279,P1074,W106,2025-07-14 19:49:00,1,Completed,8374.94
O1005603,C100625,P1043,W104,2025-05-31 16:14:00,4,Completed,42894.08
O1005604,C100217,P1077,W108,2025-01-25 08:26:00,4,Completed,42076.2
O1005605,C100813,P1034,W108,2025-04-16 20:51:00,3,Completed,37493.4
O1005606,C100684,P1088,W101,2025-11-24 18:47:00,4,Shipped,57373.4
O1005607,C101000,P1038,W108,2025-06-14 20:28:00,3,Completed,13659.57
O1005608,C100028,P1080,W108,2025-11-29 18:48:00,1,Completed,6315.19
O1005609,C100586,P1084,W108,2025-07-14 12:50:00,2,Processing,23284.62
O1005610,C100557,P1044,W104,2025-07-20 12:53:00,4,Shipped,79425.2
O1005611,C100858,P1067,W103,2025-06-06 11:52:00,3,Completed,55336.11
O1005612,C100425,P1012,W105,2025-07-23 13:44:00,3,Completed,47023.47
O1005613,C100937,P1050,W108,2025-01-25 08:29:00,1,Completed,14826.4
O1005614,C100240,P1038,W104,2025-01-22 18:26:00,3,Shipped,13659.57
O1005615,C100855,P1096,W108,2025-06-23 18:31:00,1,Completed,3702.38
O1005616,C100521,P1094,W103,2025-08-07 21:48:00,3,Completed,73030.5
O1005617,C100944,P1079,W107,2025-07-21 15:42:00,1,Completed,14347.56
O1005618,C100218,P1095,W101,2025-06-06 21:49:00,2,Completed,41331.44
O1005619,C100261,P1098,W107,2025-04-18 10:56:00,3,Completed,2304.51
O1005620,C100565,P1077,W108,2025-09-16 14:38:00,1,Completed,10519.05
O1005621,C100552,P1060,W106,2025-08-09 18:57:00,3,Completed,14679.39
O1005622,C100149,P1021,W105,2025-01-18 19:03:00,2,Completed,37050.24
O1005623,C100652,P1082,W104,2025-06-15 18:49:00,3,Shipped,46213.71
O1005624,C100406,P1020,W107,2025-09-17 14:31:00,3,Processing,58023.93
O1005625,C100152,P1019,W102,2025-10-14 09:01:00,4,Completed,57173.28
O1005626,C100511,P1088,W103,2025-04-15 20:07:00,4,Completed,57373.4
O1005627,C100698,P1012,W102,2025-12-04 13:20:00,1,Processing,15674.49
O1005628,C100032,P1015,W103,2025-08-26 17:05:00,2,Shipped,13084.58
O1005629,C100921,P1052,W105,2025-06-09 09:51:00,1,Shipped,9617.01
O1005630,C100611,P1059,W103,2025-08-17 21:06:00,2,Completed,4992.24
O1005631,C100261,P1005,W104,2025-11-15 11:35:00,3,Completed,2575.71
O1005632,C100751,P1038,W102,2025-03-24 21:57:00,1,Cancelled,4553.19
O1005633,C100844,P1023,W103,2025-02-24 18:00:00,2,Completed,9299.36
O1005634,C100957,P1031,W104,2025-06-10 12:37:00,4,Completed,6116.8
O1005635,C100791,P1019,W102,2025-01-31 13:10:00,1,Shipped,14293.32
O1005636,C100204,P1068,W108,2025-11-02 21:42:00,1,Completed,1702.95
O1005637,C100164,P1048,W108,2025-12-21 16:18:00,2,Completed,29843.36
O1005638,C100209,P1096,W108,2025-08-10 17:41:00,4,Processing,14809.52
O1005639,C100876,P1001,W101,2025-12-24 16:34:00,3,Completed,27916.14
O1005640,C100305,P1078,W104,2025-01-26 11:19:00,1,Completed,17286.35
O1005641,C100331,P1091,W107,2025-08-19 09:51:00,3,Completed,66957.72
O1005642,C100891,P1049,W103,2025-06-11 08:02:00,1,Completed,13988.26
O1005643,C100205,P1070,W102,2025-04-12 13:40:00,4,Completed,46484.52
O1005644,C100407,P1045,W105,2025-04-24 17:34:00,1,Completed,5902.0
O1005645,C100297,P1060,W101,2025-07-18 12:13:00,3,Completed,14679.39
O1005646,C100302,P1091,W105,2025-08-23 11:06:00,2,Completed,44638.48
O1005647,C100596,P1054,W104,2025-03-01 13:26:00,3,Completed,39976.62
O1005648,C100742,P1058,W106,2025-08-13 11:14:00,2,Cancelled,25562.92
O1005649,C100266,P1099,W106,2025-12-05 14:05:00,3,Completed,26637.48
O1005650,C100038,P1050,W105,2025-01-04 15:43:00,4,Processing,59305.6
O1005651,C100640,P1018,W105,2025-11-17 11:48:00,4,Completed,85083.52
O1005652,C100549,P1069,W101,2025-08-10 08:25:00,3,Completed,40825.92
O1005653,C100660,P1070,W108,2025-05-05 09:25:00,4,Completed,46484.52
O1005654,C100451,P1024,W101,2025-09-26 13:49:00,1,Processing,18950.95
O1005655,C100777,P1073,W108,2025-08-14 10:28:00,3,Completed,28877.13
O1005656,C100625,P1007,W108,2025-10-08 19:11:00,3,Completed,44303.19
O1005657,C100758,P1033,W106,2025-01-30 10:18:00,2,Completed,38051.0
O1005658,C100732,P1086,W106,2025-01-22 08:22:00,2,Completed,33250.82
O1005659,C100497,P1062,W101,2025-08-23 16:40:00,2,Completed,19342.48
O1005660,C100325,P1061,W108,2025-04-21 16:44:00,3,Completed,55924.47
O1005661,C100583,P1063,W105,2025-03-28 17:24:00,3,Completed,21503.34
O1005662,C100637,P1017,W103,2025-06-03 10:13:00,4,Processing,17057.24
O1005663,C100572,P1097,W106,2025-09-22 17:31:00,3,Processing,54055.5
O1005664,C100525,P1030,W105,2025-03-07 20:04:00,4,Cancelled,23599.28
O1005665,C100343,P1079,W103,2025-12-22 16:28:00,4,Completed,57390.24
O1005666,C100134,P1099,W103,2025-06-03 13:28:00,3,Completed,26637.48
O1005667,C100428,P1025,W101,2025-02-24 14:44:00,1,Completed,10625.81
O1005668,C100882,P1064,W108,2025-01-26 19:22:00,2,Shipped,9848.66
O1005669,C100717,P1005,W106,2025-11-09 10:00:00,1,Shipped,858.57
O1005670,C100755,P1064,W103,2025-02-11 18:08:00,2,Completed,9848.66
O1005671,C100737,P1045,W106,2025-06-02 11:46:00,4,Completed,23608.0
O1005672,C100922,P1008,W106,2025-09-02 20:17:00,2,Completed,9019.34
O1005673,C100227,P1068,W102,2025-07-07 09:57:00,4,Completed,6811.8
O1005674,C100721,P1097,W102,2025-04-06 15:14:00,2,Completed,36037.0
O1005675,C100070,P1009,W102,2025-02-09 13:36:00,3,Completed,37145.46
O1005676,C100245,P1090,W101,2025-09-17 14:48:00,1,Completed,10360.38
O1005677,C100030,P1085,W107,2025-06-28 13:21:00,3,Completed,16425.36
O1005678,C100431,P1055,W102,2025-01-18 08:31:00,1,Completed,10895.07
O1005679,C100141,P1091,W107,2025-03-08 20:00:00,2,Cancelled,44638.48
O1005680,C100387,P1031,W105,2025-07-25 15:28:00,4,Cancelled,6116.8
O1005681,C100135,P1073,W101,2025-03-03 16:24:00,1,Shipped,9625.71
O1005682,C100036,P1070,W107,2025-05-23 15:18:00,4,Shipped,46484.52
O1005683,C100478,P1059,W102,2025-02-15 15:24:00,4,Completed,9984.48
O1005684,C100411,P1084,W108,2025-10-18 16:29:00,1,Completed,11642.31
O1005685,C100418,P1088,W101,2025-08-19 13:52:00,2,Completed,28686.7
O1005686,C100346,P1079,W105,2025-10-14 09:50:00,4,Completed,57390.24
O1005687,C100410,P1059,W103,2025-01-20 08:24:00,2,Shipped,4992.24
O1005688,C100004,P1098,W105,2025-05-18 15:33:00,4,Completed,3072.68
O1005689,C100479,P1056,W107,2025-04-08 10:36:00,4,Processing,86182.48
O1005690,C100848,P1064,W107,2025-08-16 14:21:00,1,Completed,4924.33
O1005691,C100140,P1019,W103,2025-10-27 16:28:00,3,Completed,42879.96
O1005692,C100144,P1033,W101,2025-03-25 16:20:00,4,Shipped,76102.0
O1005693,C100781,P1091,W103,2025-10-08 10:21:00,3,Shipped,66957.72
O1005694,C100501,P1050,W107,2025-07-31 17:14:00,4,Completed,59305.6
O1005695,C100258,P1052,W105,2025-10-28 21:10:00,3,Completed,28851.03
O1005696,C100785,P1082,W107,2025-01-30 13:03:00,3,Completed,46213.71
O1005697,C100325,P1033,W104,2025-12-28 09:39:00,1,Completed,19025.5
O1005698,C100605,P1027,W105,2025-06-08 15:03:00,4,Shipped,52128.92
O1005699,C100557,P1001,W101,2025-04-13 16:38:00,4,Completed,37221.52
O1005700,C100170,P1024,W101,2025-03-08 13:31:00,2,Shipped,37901.9
O1005701,C100756,P1052,W106,2025-12-26 16:23:00,1,Completed,9617.01
O1005702,C100619,P1073,W102,2025-11-19 18:43:00,3,Cancelled,28877.13
O1005703,C100209,P1033,W103,2025-02-17 16:05:00,4,Completed,76102.0
O1005704,C100758,P1045,W103,2025-06-12 19:08:00,3,Shipped,17706.0
O1005705,C100621,P1023,W106,2025-09-25 10:02:00,4,Completed,18598.72
O1005706,C100855,P1082,W108,2025-08-04 12:06:00,3,Shipped,46213.71
O1005707,C100821,P1053,W107,2025-03-10 15:46:00,2,Shipped,38361.86
O1005708,C100319,P1015,W106,2025-05-12 11:38:00,2,Completed,13084.58
O1005709,C100937,P1061,W107,2025-05-15 21:55:00,4,Completed,74565.96
O1005710,C100034,P1034,W105,2025-04-16 17:29:00,3,Cancelled,37493.4
O1005711,C100335,P1087,W102,2025-12-17 13:46:00,3,Cancelled,16388.4
O1005712,C100608,P1027,W104,2025-03-16 18:50:00,4,Shipped,52128.92
O1005713,C100535,P1087,W108,2025-09-15 21:45:00,4,Completed,21851.2
O1005714,C100226,P1070,W107,2025-11-29 08:09:00,4,Completed,46484.52
O1005715,C100200,P1014,W103,2025-10-18 15:47:00,2,Completed,28337.56
O1005716,C100781,P1076,W103,2025-10-19 13:59:00,1,Shipped,10041.03
O1005717,C100877,P1073,W108,2025-02-27 18:34:00,3,Completed,28877.13
O1005718,C100680,P1046,W101,2025-02-18 12:18:00,2,Completed,40803.74
O1005719,C100531,P1017,W108,2025-10-13 12:33:00,4,Processing,17057.24
O1005720,C100774,P1048,W106,2025-09-30 18:43:00,1,Completed,14921.68
O1005721,C100241,P1061,W107,2025-09-28 20:28:00,4,Completed,74565.96
O1005722,C100968,P1014,W103,2025-06-02 10:00:00,3,Processing,42506.34
O1005723,C100125,P1035,W106,2025-07-11 16:36:00,1,Completed,10111.4
O1005724,C100585,P1071,W103,2025-01-06 18:53:00,1,Completed,11389.19
O1005725,C100342,P1056,W101,2025-04-17 10:18:00,1,Processing,21545.62
O1005726,C100905,P1100,W104,2025-07-12 17:15:00,4,Cancelled,80284.28
O1005727,C100245,P1022,W108,2025-02-15 21:42:00,3,Completed,67111.44
O1005728,C100642,P1078,W102,2025-02-17 19:48:00,3,Completed,51859.05
O1005729,C100157,P1043,W102,2025-01-17 10:43:00,3,Completed,32170.56
O1005730,C100182,P1023,W108,2025-03-18 21:51:00,2,Completed,9299.36
O1005731,C100417,P1096,W108,2025-12-29 12:59:00,1,Completed,3702.38
O1005732,C100800,P1063,W107,2025-09-12 14:40:00,3,Completed,21503.34
O1005733,C100279,P1054,W108,2025-12-13 12:04:00,1,Completed,13325.54
O1005734,C100694,P1030,W108,2025-04-04 17:47:00,1,Completed,5899.82
O1005735,C100572,P1089,W108,2025-08-07 09:45:00,4,Processing,25241.48
O1005736,C100978,P1004,W108,2025-11-22 17:56:00,1,Completed,17625.81
O1005737,C100301,P1012,W106,2025-05-09 08:46:00,4,Completed,62697.96
O1005738,C100244,P1018,W103,2025-08-28 19:49:00,1,Shipped,21270.88
O1005739,C100903,P1066,W104,2025-09-10 12:33:00,2,Completed,39283.78
O1005740,C100334,P1011,W104,2025-10-31 15:15:00,3,Shipped,65330.37
O1005741,C100215,P1080,W105,2025-12-20 11:11:00,1,Shipped,6315.19
O1005742,C100822,P1020,W106,2025-08-13 09:30:00,4,Shipped,77365.24
O1005743,C100813,P1068,W102,2025-08-01 08:19:00,4,Shipped,6811.8
O1005744,C100063,P1080,W101,2025-11-14 21:42:00,1,Shipped,6315.19
O1005745,C100857,P1088,W105,2025-09-07 09:54:00,1,Completed,14343.35
O1005746,C100634,P1030,W108,2025-05-13 08:47:00,4,Completed,23599.28
O1005747,C100279,P1008,W107,2025-08-19 15:11:00,2,Completed,9019.34
O1005748,C100536,P1076,W101,2025-07-20 21:28:00,1,Cancelled,10041.03
O1005749,C100239,P1045,W105,2025-03-25 09:09:00,4,Completed,23608.0
O1005750,C100169,P1095,W105,2025-07-08 11:34:00,2,Completed,41331.44
O1005751,C100133,P1019,W104,2025-08-16 15:46:00,2,Completed,28586.64
O1005752,C100166,P1058,W106,2025-11-26 14:53:00,3,Completed,38344.38
O1005753,C100583,P1012,W104,2025-07-31 10:02:00,3,Completed,47023.47
O1005754,C100811,P1049,W108,2025-03-02 21:18:00,4,Completed,55953.04
O1005755,C100487,P1001,W108,2025-12-27 13:00:00,4,Processing,37221.52
O1005756,C100016,P1076,W106,2025-07-30 17:28:00,4,Completed,40164.12
O1005757,C100429,P1061,W104,2025-04-15 14:24:00,4,Cancelled,74565.96
O1005758,C100747,P1010,W105,2025-10-03 16:11:00,3,Shipped,23541.93
O1005759,C100836,P1050,W108,2025-05-21 20:39:00,3,Completed,44479.2
O1005760,C100733,P1043,W103,2025-05-16 12:33:00,2,Completed,21447.04
O1005761,C100370,P1068,W107,2025-11-03 19:24:00,3,Processing,5108.85
O1005762,C100650,P1050,W105,2025-11-13 12:05:00,1,Shipped,14826.4
O1005763,C100069,P1046,W101,2025-07-11 12:26:00,2,Completed,40803.74
O1005764,C100410,P1084,W106,2025-05-17 08:27:00,2,Completed,23284.62
O1005765,C100537,P1052,W102,2025-11-12 12:51:00,3,Completed,28851.03
O1005766,C100029,P1082,W105,2025-03-05 16:12:00,4,Completed,61618.28
O1005767,C100015,P1089,W108,2025-09-30 16:57:00,2,Completed,12620.74
O1005768,C100802,P1085,W107,2025-08-02 14:01:00,3,Completed,16425.36
O1005769,C100221,P1096,W106,2025-11-08 12:59:00,2,Completed,7404.76
O1005770,C100126,P1070,W101,2025-06-03 11:08:00,2,Completed,23242.26
O1005771,C100593,P1057,W107,2025-10-31 20:39:00,3,Completed,28417.56
O1005772,C100281,P1054,W103,2025-01-06 13:22:00,1,Shipped,13325.54
O1005773,C100980,P1021,W101,2025-10-04 12:17:00,4,Shipped,74100.48
O1005774,C100947,P1083,W108,2025-01-26 21:10:00,1,Completed,3506.3
O1005775,C100824,P1070,W102,2025-08-23 16:54:00,1,Processing,11621.13
O1005776,C100302,P1088,W103,2025-03-13 19:52:00,4,Shipped,57373.4
O1005777,C100876,P1071,W102,2025-12-18 13:26:00,1,Completed,11389.19
O1005778,C100256,P1049,W105,2025-10-08 14:01:00,2,Completed,27976.52
O1005779,C100240,P1030,W107,2025-02-08 18:12:00,2,Completed,11799.64
O1005780,C100974,P1099,W105,2025-11-22 21:43:00,4,Shipped,35516.64
O1005781,C100675,P1074,W107,2025-04-02 19:02:00,1,Cancelled,8374.94
O1005782,C100086,P1088,W108,2025-07-19 14:28:00,2,Completed,28686.7
O1005783,C100887,P1059,W107,2025-02-01 16:22:00,2,Completed,4992.24
O1005784,C100161,P1052,W102,2025-02-08 12:53:00,4,Shipped,38468.04
O1005785,C100682,P1004,W102,2025-03-30 14:23:00,3,Processing,52877.43
O1005786,C100439,P1007,W103,2025-07-15 13:25:00,1,Completed,14767.73
O1005787,C100018,P1071,W106,2025-07-18 09:23:00,4,Completed,45556.76
O1005788,C100788,P1023,W107,2025-11-09 20:14:00,1,Shipped,4649.68
O1005789,C100687,P1009,W103,2025-03-02 09:54:00,3,Completed,37145.46
O1005790,C100885,P1078,W106,2025-10-01 11:44:00,2,Shipped,34572.7
O1005791,C100612,P1063,W102,2025-01-03 11:32:00,1,Processing,7167.78
O1005792,C100756,P1012,W105,2025-04-17 11:06:00,1,Completed,15674.49
O1005793,C100907,P1050,W107,2025-03-05 14:57:00,4,Completed,59305.6
O1005794,C100977,P1047,W104,2025-02-15 21:26:00,4,Processing,54978.72
O1005795,C100561,P1001,W102,2025-08-02 12:35:00,3,Completed,27916.14
O1005796,C100017,P1061,W104,2025-11-25 18:16:00,4,Completed,74565.96
O1005797,C100346,P1040,W107,2025-09-01 18:15:00,4,Completed,17573.28
O1005798,C100620,P1088,W108,2025-11-08 18:41:00,2,Completed,28686.7
O1005799,C100110,P1012,W105,2025-08-04 16:42:00,4,Completed,62697.96
O1005800,C100117,P1085,W106,2025-01-20 18:21:00,3,Shipped,16425.36
O1005801,C100395,P1001,W104,2025-05-07 18:39:00,1,Completed,9305.38
O1005802,C100911,P1077,W108,2025-10-28 17:33:00,3,Completed,31557.15
O1005803,C100322,P1079,W107,2025-01-17 15:49:00,1,Completed,14347.56
O1005804,C100936,P1041,W108,2025-02-05 09:16:00,3,Completed,38688.24
O1005805,C100803,P1029,W107,2025-11-01 15:06:00,2,Shipped,11849.7
O1005806,C100304,P1015,W105,2025-01-24 18:33:00,1,Completed,6542.29
O1005807,C100232,P1034,W108,2025-12-17 12:47:00,3,Shipped,37493.4
O1005808,C100828,P1067,W105,2025-10-04 11:29:00,2,Completed,36890.74
O1005809,C100757,P1073,W105,2025-08-31 16:19:00,2,Completed,19251.42
O1005810,C100631,P1019,W106,2025-07-15 09:51:00,1,Completed,14293.32
O1005811,C100979,P1002,W102,2025-02-02 18:04:00,1,Shipped,14226.32
O1005812,C100101,P1057,W107,2025-06-01 21:45:00,4,Completed,37890.08
O1005813,C100386,P1059,W103,2025-10-22 14:46:00,3,Shipped,7488.36
O1005814,C100603,P1099,W106,2025-11-26 08:23:00,2,Completed,17758.32
O1005815,C100072,P1077,W107,2025-06-13 11:48:00,3,Processing,31557.15
O1005816,C100977,P1056,W101,2025-11-03 08:26:00,3,Shipped,64636.86
O1005817,C100572,P1060,W103,2025-10-11 14:25:00,1,Processing,4893.13
O1005818,C100309,P1065,W108,2025-01-22 12:20:00,4,Completed,35230.92
O1005819,C100240,P1046,W103,2025-08-15 18:49:00,3,Completed,61205.61
O1005820,C100002,P1068,W106,2025-08-13 19:49:00,2,Completed,3405.9
O1005821,C100593,P1020,W105,2025-07-18 14:05:00,2,Completed,38682.62
O1005822,C100977,P1084,W107,2025-10-09 21:41:00,1,Shipped,11642.31
O1005823,C100037,P1087,W105,2025-11-21 14:17:00,2,Completed,10925.6
O1005824,C100414,P1044,W104,2025-07-20 09:39:00,2,Completed,39712.6
O1005825,C100663,P1046,W101,2025-04-27 20:42:00,1,Completed,20401.87
O1005826,C100431,P1050,W104,2025-12-25 13:32:00,3,Completed,44479.2
O1005827,C100651,P1082,W105,2025-12-18 20:23:00,2,Completed,30809.14
O1005828,C100713,P1018,W106,2025-09-08 18:16:00,2,Processing,42541.76
O1005829,C100966,P1035,W107,2025-08-22 21:09:00,3,Completed,30334.2
O1005830,C100605,P1062,W107,2025-02-08 17:02:00,1,Completed,9671.24
O1005831,C100710,P1070,W104,2025-05-27 16:17:00,1,Completed,11621.13
O1005832,C100302,P1030,W101,2025-03-14 11:16:00,1,Completed,5899.82
O1005833,C100151,P1012,W103,2025-07-07 11:54:00,3,Completed,47023.47
O1005834,C100100,P1051,W104,2025-10-29 12:36:00,3,Completed,56429.67
O1005835,C100110,P1064,W108,2025-03-23 12:20:00,1,Completed,4924.33
O1005836,C100828,P1077,W107,2025-12-30 16:19:00,3,Completed,31557.15
O1005837,C100041,P1001,W108,2025-02-17 20:10:00,4,Shipped,37221.52
O1005838,C100484,P1002,W108,2025-02-05 08:29:00,1,Shipped,14226.32
O1005839,C100614,P1039,W102,2025-12-22 16:39:00,1,Shipped,18584.0
O1005840,C100673,P1057,W101,2025-02-06 18:36:00,4,Completed,37890.08
O1005841,C100067,P1001,W105,2025-09-26 14:12:00,2,Completed,18610.76
O1005842,C100861,P1018,W103,2025-10-06 11:51:00,2,Completed,42541.76
O1005843,C100438,P1042,W107,2025-05-01 14:03:00,3,Completed,53881.56
O1005844,C100018,P1028,W104,2025-01-24 19:35:00,1,Shipped,6341.15
O1005845,C100133,P1072,W101,2025-04-23 20:48:00,2,Completed,20966.38
O1005846,C100860,P1004,W102,2025-01-26 17:34:00,2,Completed,35251.62
O1005847,C100944,P1089,W103,2025-09-03 14:47:00,4,Shipped,25241.48
O1005848,C100752,P1017,W101,2025-11-21 17:02:00,3,Completed,12792.93
O1005849,C100334,P1045,W103,2025-12-30 17:28:00,2,Completed,11804.0
O1005850,C100947,P1099,W105,2025-10-20 18:44:00,3,Processing,26637.48
O1005851,C100276,P1067,W108,2025-10-10 10:01:00,2,Completed,36890.74
O1005852,C100234,P1100,W106,2025-11-18 09:03:00,2,Shipped,40142.14
O1005853,C100765,P1002,W101,2025-10-09 12:50:00,3,Completed,42678.96
O1005854,C100323,P1072,W104,2025-08-26 11:38:00,2,Cancelled,20966.38
O1005855,C100520,P1008,W107,2025-12-30 16:36:00,3,Shipped,13529.01
O1005856,C100662,P1062,W103,2025-04-28 15:18:00,2,Completed,19342.48
O1005857,C100167,P1033,W105,2025-05-31 20:51:00,3,Cancelled,57076.5
O1005858,C100926,P1078,W108,2025-11-27 18:52:00,2,Completed,34572.7
O1005859,C100167,P1013,W102,2025-04-24 10:04:00,4,Shipped,37955.84
O1005860,C100993,P1090,W104,2025-04-20 19:53:00,2,Completed,20720.76
O1005861,C100278,P1049,W105,2025-02-25 18:47:00,1,Completed,13988.26
O1005862,C100417,P1052,W107,2025-04-11 13:20:00,2,Completed,19234.02
O1005863,C100254,P1058,W107,2025-08-05 08:48:00,1,Completed,12781.46
O1005864,C100540,P1004,W103,2025-11-20 19:06:00,2,Completed,35251.62
O1005865,C100001,P1032,W104,2025-02-19 10:42:00,4,Completed,38975.24
O1005866,C100171,P1071,W107,2025-09-06 11:05:00,1,Completed,11389.19
O1005867,C100520,P1097,W107,2025-10-07 14:35:00,1,Shipped,18018.5
O1005868,C100694,P1099,W107,2025-11-23 09:09:00,2,Processing,17758.32
O1005869,C100963,P1054,W106,2025-10-01 13:35:00,2,Completed,26651.08
O1005870,C100838,P1026,W103,2025-02-26 11:27:00,1,Completed,9723.28
O1005871,C100922,P1048,W103,2025-06-28 08:44:00,3,Completed,44765.04
O1005872,C100799,P1047,W106,2025-12-14 20:38:00,3,Cancelled,41234.04
O1005873,C100777,P1040,W103,2025-11-28 11:39:00,3,Shipped,13179.96
O1005874,C100346,P1037,W106,2025-08-12 15:36:00,2,Processing,17419.24
O1005875,C100906,P1087,W105,2025-12-18 19:26:00,4,Shipped,21851.2
O1005876,C100964,P1040,W104,2025-09-01 14:44:00,3,Completed,13179.96
O1005877,C100514,P1003,W103,2025-01-24 12:06:00,4,Completed,37122.16
O1005878,C100121,P1073,W107,2025-11-30 18:24:00,1,Completed,9625.71
O1005879,C100043,P1067,W104,2025-03-03 17:41:00,3,Completed,55336.11
O1005880,C100494,P1038,W103,2025-05-19 08:08:00,2,Completed,9106.38
O1005881,C100635,P1063,W104,2025-03-28 19:28:00,1,Completed,7167.78
O1005882,C100555,P1095,W104,2025-09-20 09:39:00,1,Shipped,20665.72
O1005883,C100897,P1093,W105,2025-01-11 18:19:00,1,Completed,19984.61
O1005884,C100537,P1079,W108,2025-08-22 09:23:00,1,Completed,14347.56
O1005885,C100662,P1059,W103,2025-11-12 08:55:00,2,Shipped,4992.24
O1005886,C100758,P1003,W102,2025-10-15 09:42:00,4,Completed,37122.16
O1005887,C100895,P1052,W108,2025-04-23 18:22:00,2,Completed,19234.02
O1005888,C100610,P1082,W102,2025-11-24 14:20:00,1,Completed,15404.57
O1005889,C100558,P1085,W108,2025-05-13 16:25:00,3,Completed,16425.36
O1005890,C100078,P1078,W102,2025-09-06 11:55:00,1,Completed,17286.35
O1005891,C100643,P1099,W103,2025-07-04 09:40:00,4,Completed,35516.64
O1005892,C100180,P1052,W108,2025-01-25 19:00:00,2,Completed,19234.02
O1005893,C100369,P1011,W102,2025-01-02 19:39:00,1,Completed,21776.79
O1005894,C100533,P1050,W102,2025-03-08 19:44:00,2,Completed,29652.8
O1005895,C100083,P1032,W105,2025-12-08 08:54:00,4,Shipped,38975.24
O1005896,C100695,P1084,W102,2025-12-15 20:56:00,4,Completed,46569.24
O1005897,C100281,P1078,W101,2025-05-30 15:35:00,2,Completed,34572.7
O1005898,C100515,P1043,W106,2025-12-20 10:44:00,4,Completed,42894.08
O1005899,C100351,P1039,W108,2025-01-19 10:46:00,1,Completed,18584.0
O1005900,C100356,P1016,W107,2025-12-20 15:02:00,2,Completed,18858.22
O1005901,C100394,P1005,W108,2025-03-26 16:27:00,2,Completed,1717.14
O1005902,C100052,P1032,W105,2025-01-14 08:40:00,1,Shipped,9743.81
O1005903,C100196,P1025,W105,2025-10-04 14:56:00,2,Shipped,21251.62
O1005904,C100786,P1027,W108,2025-05-20 11:21:00,2,Processing,26064.46
O1005905,C100122,P1100,W105,2025-04-17 20:51:00,3,Processing,60213.21
O1005906,C100498,P1069,W101,2025-10-05 16:36:00,2,Completed,27217.28
O1005907,C100141,P1056,W102,2025-05-02 13:12:00,1,Completed,21545.62
O1005908,C100539,P1018,W105,2025-10-02 13:54:00,2,Completed,42541.76
O1005909,C100644,P1085,W107,2025-03-13 19:43:00,4,Completed,21900.48
O1005910,C100469,P1065,W105,2025-02-01 17:40:00,1,Completed,8807.73
O1005911,C100772,P1052,W104,2025-04-29 13:25:00,4,Completed,38468.04
O1005912,C100266,P1047,W103,2025-08-11 19:44:00,1,Cancelled,13744.68
O1005913,C100558,P1056,W106,2025-03-24 16:42:00,1,Completed,21545.62
O1005914,C100277,P1084,W108,2025-02-22 08:50:00,1,Processing,11642.31
O1005915,C100509,P1073,W103,2025-10-01 16:49:00,2,Cancelled,19251.42
O1005916,C100064,P1049,W105,2025-06-30 21:08:00,2,Completed,27976.52
O1005917,C100270,P1067,W104,2025-06-07 20:05:00,4,Completed,73781.48
O1005918,C100708,P1093,W102,2025-03-29 08:35:00,3,Completed,59953.83
O1005919,C100779,P1033,W104,2025-01-07 20:20:00,3,Completed,57076.5
O1005920,C100272,P1091,W101,2025-01-20 21:44:00,4,Processing,89276.96
O1005921,C100259,P1061,W105,2025-09-06 10:16:00,1,Cancelled,18641.49
O1005922,C100299,P1019,W101,2025-01-30 16:55:00,1,Completed,14293.32
O1005923,C100280,P1097,W104,2025-04-01 18:34:00,4,Completed,72074.0
O1005924,C100994,P1069,W108,2025-11-29 08:36:00,4,Shipped,54434.56
O1005925,C100652,P1039,W102,2025-05-06 19:35:00,1,Completed,18584.0
O1005926,C100386,P1022,W103,2025-09-29 13:30:00,1,Shipped,22370.48
O1005927,C100462,P1092,W106,2025-05-06 12:11:00,2,Completed,13731.82
O1005928,C100511,P1083,W108,2025-12-07 11:36:00,1,Completed,3506.3
O1005929,C100553,P1005,W108,2025-10-27 15:04:00,3,Completed,2575.71
O1005930,C100387,P1064,W101,2025-06-21 19:10:00,3,Completed,14772.99
O1005931,C100975,P1012,W102,2025-09-07 19:30:00,2,Completed,31348.98
O1005932,C100291,P1030,W108,2025-05-31 11:09:00,1,Completed,5899.82
O1005933,C100428,P1057,W105,2025-12-11 19:34:00,2,Completed,18945.04
O1005934,C100006,P1025,W107,2025-05-11 19:34:00,4,Shipped,42503.24
O1005935,C100492,P1052,W101,2025-11-02 08:51:00,3,Completed,28851.03
O1005936,C100855,P1043,W101,2025-08-13 12:22:00,4,Processing,42894.08
O1005937,C100998,P1059,W102,2025-08-23 08:12:00,3,Completed,7488.36
O1005938,C100474,P1081,W101,2025-05-09 21:50:00,1,Completed,14536.25
O1005939,C100140,P1016,W108,2025-10-31 14:36:00,1,Completed,9429.11
O1005940,C100720,P1080,W107,2025-09-30 11:47:00,1,Shipped,6315.19
O1005941,C100641,P1023,W104,2025-10-25 20:31:00,3,Completed,13949.04
O1005942,C100959,P1004,W101,2025-10-20 17:35:00,1,Completed,17625.81
O1005943,C100506,P1045,W101,2025-02-27 21:09:00,2,Cancelled,11804.0
O1005944,C100003,P1031,W103,2025-11-16 19:12:00,4,Completed,6116.8
O1005945,C100901,P1019,W106,2025-11-04 21:22:00,1,Shipped,14293.32
O1005946,C100676,P1043,W107,2025-03-30 11:01:00,1,Shipped,10723.52
O1005947,C100801,P1087,W105,2025-12-25 10:51:00,2,Completed,10925.6
O1005948,C100119,P1059,W108,2025-07-12 09:03:00,4,Completed,9984.48
O1005949,C100458,P1073,W108,2025-04-28 12:47:00,4,Shipped,38502.84
O1005950,C100458,P1015,W107,2025-03-23 15:43:00,2,Processing,13084.58
O1005951,C100268,P1008,W101,2025-05-14 15:54:00,2,Completed,9019.34
O1005952,C100847,P1034,W108,2025-01-14 17:28:00,3,Shipped,37493.4
O1005953,C100189,P1078,W108,2025-09-10 18:15:00,4,Shipped,69145.4
O1005954,C100072,P1089,W105,2025-09-16 19:26:00,1,Completed,6310.37
O1005955,C100235,P1011,W105,2025-09-01 15:16:00,4,Shipped,87107.16
O1005956,C100990,P1048,W107,2025-07-20 11:49:00,4,Completed,59686.72
O1005957,C100114,P1040,W105,2025-05-13 14:09:00,2,Completed,8786.64
O1005958,C100581,P1075,W103,2025-09-22 20:12:00,3,Cancelled,40184.76
O1005959,C100184,P1021,W106,2025-11-15 19:25:00,3,Shipped,55575.36
O1005960,C100395,P1049,W107,2025-02-01 20:49:00,1,Completed,13988.26
O1005961,C100552,P1085,W102,2025-05-20 15:33:00,2,Completed,10950.24
O1005962,C100020,P1047,W106,2025-12-30 18:54:00,1,Completed,13744.68
O1005963,C100242,P1079,W102,2025-11-11 13:47:00,1,Completed,14347.56
O1005964,C100587,P1063,W105,2025-12-29 08:06:00,2,Completed,14335.56
O1005965,C100015,P1060,W101,2025-03-08 18:24:00,3,Completed,14679.39
O1005966,C100495,P1026,W108,2025-06-19 09:13:00,3,Completed,29169.84
O1005967,C100604,P1100,W106,2025-02-17 16:53:00,1,Completed,20071.07
O1005968,C100216,P1025,W104,2025-11-13 21:58:00,4,Shipped,42503.24
O1005969,C100163,P1094,W105,2025-07-09 08:21:00,1,Processing,24343.5
O1005970,C100491,P1099,W105,2025-03-30 18:16:00,2,Completed,17758.32
O1005971,C100719,P1052,W101,2025-02-02 20:09:00,3,Completed,28851.03
O1005972,C100013,P1087,W105,2025-09-27 16:46:00,4,Cancelled,21851.2
O1005973,C100338,P1072,W106,2025-10-24 17:39:00,4,Completed,41932.76
O1005974,C101000,P1074,W103,2025-11-17 20:37:00,1,Completed,8374.94
O1005975,C100336,P1007,W104,2025-12-21 18:52:00,2,Completed,29535.46
O1005976,C100333,P1014,W103,2025-10-25 08:33:00,4,Processing,56675.12
O1005977,C100738,P1007,W102,2025-10-15 18:50:00,1,Completed,14767.73
O1005978,C100481,P1004,W108,2025-10-24 18:36:00,4,Processing,70503.24
O1005979,C100392,P1084,W105,2025-12-31 11:11:00,3,Cancelled,34926.93
O1005980,C100785,P1018,W104,2025-06-19 17:09:00,3,Processing,63812.64
O1005981,C100031,P1001,W103,2025-10-04 19:47:00,3,Shipped,27916.14
O1005982,C100713,P1094,W106,2025-10-27 19:52:00,4,Shipped,97374.0
O1005983,C100381,P1028,W101,2025-02-12 20:11:00,3,Processing,19023.45
O1005984,C100889,P1082,W105,2025-09-10 18:53:00,2,Completed,30809.14
O1005985,C100725,P1097,W102,2025-05-04 09:42:00,3,Shipped,54055.5
O1005986,C100942,P1053,W108,2025-02-18 14:47:00,3,Completed,57542.79
O1005987,C100129,P1093,W107,2025-03-04 11:15:00,3,Completed,59953.83
O1005988,C100190,P1097,W107,2025-02-11 08:59:00,1,Completed,18018.5
O1005989,C100904,P1015,W102,2025-11-24 11:41:00,4,Cancelled,26169.16
O1005990,C100391,P1015,W101,2025-10-09 20:43:00,2,Completed,13084.58
O1005991,C100816,P1037,W104,2025-02-07 16:22:00,3,Completed,26128.86
O1005992,C100687,P1056,W103,2025-08-17 18:41:00,3,Completed,64636.86
O1005993,C100500,P1079,W106,2025-08-30 15:02:00,1,Completed,14347.56
O1005994,C100046,P1019,W106,2025-07-09 12:59:00,4,Completed,57173.28
O1005995,C100074,P1020,W104,2025-08-10 14:45:00,1,Completed,19341.31
O1005996,C100717,P1031,W102,2025-11-28 21:46:00,4,Completed,6116.8
O1005997,C100098,P1028,W103,2025-07-09 12:01:00,4,Processing,25364.6
O1005998,C100005,P1095,W105,2025-08-29 12:21:00,3,Processing,61997.16
O1005999,C100220,P1040,W103,2025-07-28 19:51:00,4,Completed,17573.28
O1006000,C100915,P1087,W103,2025-05-25 13:11:00,4,Completed,21851.2
O1006001,C100627,P1006,W102,2025-11-22 20:39:00,4,Completed,12446.4
O1006002,C100719,P1011,W101,2025-06-01 21:38:00,4,Completed,87107.16
O1006003,C100653,P1081,W105,2025-10-19 08:55:00,4,Shipped,58145.0
O1006004,C100566,P1025,W108,2025-08-09 17:21:00,4,Shipped,42503.24
O1006005,C100257,P1009,W108,2025-09-08 09:19:00,4,Completed,49527.28
O1006006,C100429,P1060,W108,2025-10-05 20:18:00,1,Shipped,4893.13
O1006007,C100545,P1015,W106,2025-09-26 09:36:00,2,Completed,13084.58
O1006008,C100989,P1007,W106,2025-07-25 20:25:00,2,Cancelled,29535.46
O1006009,C100900,P1041,W101,2025-08-13 18:46:00,4,Completed,51584.32
O1006010,C100737,P1056,W102,2025-07-05 15:30:00,2,Shipped,43091.24
O1006011,C100814,P1053,W106,2025-05-04 10:54:00,2,Completed,38361.86
O1006012,C100808,P1059,W108,2025-09-23 11:44:00,4,Completed,9984.48
O1006013,C100668,P1003,W108,2025-11-17 14:02:00,3,Completed,27841.62
O1006014,C100826,P1030,W106,2025-09-15 19:51:00,3,Shipped,17699.46
O1006015,C100074,P1035,W101,2025-10-09 20:34:00,4,Processing,40445.6
O1006016,C100022,P1030,W108,2025-10-31 15:01:00,4,Shipped,23599.28
O1006017,C100445,P1056,W103,2025-05-15 11:15:00,3,Completed,64636.86
O1006018,C100055,P1023,W101,2025-01-23 15:54:00,4,Completed,18598.72
O1006019,C100340,P1064,W107,2025-05-04 19:38:00,1,Cancelled,4924.33
O1006020,C100199,P1094,W102,2025-10-03 15:34:00,3,Completed,73030.5
O1006021,C100958,P1067,W103,2025-10-25 20:28:00,1,Completed,18445.37
O1006022,C100656,P1039,W106,2025-07-07 08:08:00,4,Completed,74336.0
O1006023,C100042,P1044,W108,2025-10-12 15:01:00,1,Shipped,19856.3
O1006024,C100624,P1059,W108,2025-01-28 08:38:00,3,Completed,7488.36
O1006025,C100733,P1073,W102,2025-08-24 16:33:00,4,Completed,38502.84
O1006026,C100326,P1031,W102,2025-09-05 16:37:00,3,Completed,4587.6
O1006027,C100883,P1004,W107,2025-07-05 12:22:00,1,Completed,17625.81
O1006028,C100973,P1071,W103,2025-09-19 19:07:00,2,Completed,22778.38
O1006029,C100981,P1067,W101,2025-06-29 21:19:00,4,Processing,73781.48
O1006030,C100094,P1011,W105,2025-07-11 14:23:00,4,Shipped,87107.16
O1006031,C100450,P1063,W106,2025-08-09 14:05:00,4,Processing,28671.12
O1006032,C100777,P1008,W108,2025-10-17 10:39:00,4,Completed,18038.68
O1006033,C100443,P1065,W104,2025-04-01 08:23:00,2,Completed,17615.46
O1006034,C100481,P1075,W107,2025-04-20 13:41:00,4,Completed,53579.68
O1006035,C100329,P1002,W105,2025-06-02 14:10:00,1,Processing,14226.32
O1006036,C100419,P1073,W108,2025-03-15 18:45:00,2,Completed,19251.42
O1006037,C100695,P1013,W104,2025-05-02 20:04:00,2,Completed,18977.92
O1006038,C100026,P1027,W106,2025-05-09 09:31:00,2,Completed,26064.46
O1006039,C100800,P1071,W108,2025-04-25 10:08:00,4,Completed,45556.76
O1006040,C100728,P1036,W108,2025-05-30 15:50:00,4,Processing,35803.36
O1006041,C100139,P1098,W104,2025-07-04 13:15:00,4,Completed,3072.68
O1006042,C100772,P1096,W105,2025-09-12 17:49:00,4,Completed,14809.52
O1006043,C100522,P1099,W105,2025-04-21 12:30:00,1,Completed,8879.16
O1006044,C100319,P1011,W101,2025-11-05 13:49:00,4,Completed,87107.16
O1006045,C100456,P1018,W102,2025-06-24 14:13:00,4,Processing,85083.52
O1006046,C100517,P1019,W106,2025-09-21 16:25:00,3,Shipped,42879.96
O1006047,C100211,P1059,W101,2025-02-11 08:58:00,1,Processing,2496.12
O1006048,C100607,P1044,W105,2025-03-05 20:22:00,3,Completed,59568.9
O1006049,C100630,P1075,W104,2025-06-15 12:44:00,3,Shipped,40184.76
O1006050,C100368,P1029,W104,2025-05-14 10:58:00,1,Completed,5924.85
O1006051,C100461,P1020,W107,2025-07-01 16:57:00,1,Completed,19341.31
O1006052,C100616,P1065,W103,2025-02-27 09:53:00,4,Completed,35230.92
O1006053,C100504,P1062,W107,2025-06-22 16:15:00,1,Completed,9671.24
O1006054,C100435,P1070,W107,2025-09-08 08:51:00,2,Completed,23242.26
O1006055,C100957,P1032,W108,2025-09-23 11:41:00,3,Shipped,29231.43
O1006056,C100879,P1053,W107,2025-04-01 18:10:00,4,Shipped,76723.72
O1006057,C100380,P1093,W105,2025-05-06 13:12:00,2,Completed,39969.22
O1006058,C100719,P1062,W103,2025-07-11 20:36:00,1,Completed,9671.24
O1006059,C100811,P1094,W107,2025-07-09 12:58:00,4,Shipped,97374.0
O1006060,C100111,P1044,W108,2025-10-17 17:39:00,4,Completed,79425.2
O1006061,C100592,P1005,W103,2025-05-23 08:25:00,4,Processing,3434.28
O1006062,C100800,P1077,W103,2025-09-02 21:40:00,2,Completed,21038.1
O1006063,C100058,P1047,W104,2025-11-19 16:37:00,3,Shipped,41234.04
O1006064,C100338,P1005,W101,2025-04-19 17:54:00,1,Completed,858.57
O1006065,C100798,P1014,W103,2025-10-28 12:33:00,3,Completed,42506.34
O1006066,C100936,P1032,W102,2025-05-02 12:02:00,3,Completed,29231.43
O1006067,C100993,P1020,W107,2025-05-03 14:06:00,3,Completed,58023.93
O1006068,C100604,P1069,W104,2025-08-27 11:34:00,3,Completed,40825.92
O1006069,C100043,P1062,W105,2025-08-15 08:17:00,4,Completed,38684.96
O1006070,C100028,P1033,W101,2025-07-20 17:20:00,4,Completed,76102.0
O1006071,C100812,P1009,W105,2025-03-26 18:01:00,1,Processing,12381.82
O1006072,C100735,P1008,W106,2025-02-05 17:27:00,3,Completed,13529.01
O1006073,C100194,P1095,W106,2025-11-28 15:45:00,3,Completed,61997.16
O1006074,C100131,P1035,W107,2025-11-16 15:20:00,3,Completed,30334.2
O1006075,C100146,P1011,W101,2025-11-20 21:47:00,3,Shipped,65330.37
O1006076,C100878,P1072,W105,2025-07-07 15:22:00,1,Completed,10483.19
O1006077,C100765,P1087,W104,2025-11-19 17:52:00,2,Completed,10925.6
O1006078,C100949,P1013,W108,2025-06-22 13:49:00,4,Processing,37955.84
O1006079,C100114,P1095,W106,2025-01-28 08:27:00,1,Completed,20665.72
O1006080,C100696,P1073,W108,2025-03-14 12:53:00,4,Completed,38502.84
O1006081,C100924,P1026,W101,2025-04-10 18:05:00,1,Completed,9723.28
O1006082,C100533,P1078,W104,2025-05-18 16:52:00,4,Processing,69145.4
O1006083,C100775,P1042,W106,2025-12-09 17:42:00,1,Completed,17960.52
O1006084,C100603,P1064,W101,2025-05-02 18:27:00,1,Completed,4924.33
O1006085,C100008,P1013,W106,2025-08-12 11:03:00,3,Processing,28466.88
O1006086,C100429,P1025,W102,2025-04-09 19:23:00,4,Shipped,42503.24
O1006087,C100262,P1078,W101,2025-08-23 18:00:00,1,Completed,17286.35
O1006088,C100084,P1081,W106,2025-07-27 12:18:00,2,Completed,29072.5
O1006089,C100596,P1002,W104,2025-02-24 15:03:00,2,Completed,28452.64
O1006090,C100929,P1022,W104,2025-06-18 20:00:00,4,Shipped,89481.92
O1006091,C100054,P1061,W103,2025-02-08 10:20:00,2,Completed,37282.98
O1006092,C100330,P1091,W106,2025-11-21 12:14:00,1,Completed,22319.24
O1006093,C100670,P1068,W105,2025-09-15 10:41:00,4,Processing,6811.8
O1006094,C100313,P1071,W106,2025-12-10 12:16:00,1,Shipped,11389.19
O1006095,C100117,P1039,W107,2025-11-16 10:51:00,2,Completed,37168.0
O1006096,C100192,P1006,W105,2025-03-22 19:17:00,1,Processing,3111.6
O1006097,C100025,P1077,W101,2025-09-16 21:52:00,2,Completed,21038.1
O1006098,C100993,P1080,W102,2025-02-06 21:34:00,4,Processing,25260.76
O1006099,C100492,P1045,W108,2025-12-17 13:00:00,1,Completed,5902.0
O1006100,C100943,P1051,W103,2025-10-14 21:03:00,3,Completed,56429.67
O1006101,C100686,P1024,W104,2025-09-06 09:08:00,3,Completed,56852.85
O1006102,C100350,P1046,W104,2025-12-30 09:33:00,3,Completed,61205.61
O1006103,C100943,P1025,W108,2025-11-06 12:33:00,1,Completed,10625.81
O1006104,C100261,P1043,W107,2025-11-12 12:02:00,2,Completed,21447.04
O1006105,C100181,P1014,W104,2025-02-06 20:50:00,1,Completed,14168.78
O1006106,C100806,P1061,W106,2025-01-09 18:38:00,4,Completed,74565.96
O1006107,C100554,P1025,W105,2025-12-17 18:32:00,4,Completed,42503.24
O1006108,C100423,P1073,W106,2025-04-02 19:17:00,2,Completed,19251.42
O1006109,C100589,P1052,W108,2025-06-05 18:09:00,3,Completed,28851.03
O1006110,C100968,P1090,W106,2025-01-16 15:03:00,1,Completed,10360.38
O1006111,C100281,P1023,W101,2025-08-16 08:49:00,4,Completed,18598.72
O1006112,C100902,P1028,W105,2025-10-27 08:13:00,4,Completed,25364.6
O1006113,C100911,P1025,W107,2025-11-04 21:39:00,1,Shipped,10625.81
O1006114,C100760,P1064,W101,2025-08-01 15:01:00,3,Shipped,14772.99
O1006115,C100158,P1011,W103,2025-08-30 21:20:00,1,Completed,21776.79
O1006116,C100090,P1069,W102,2025-07-07 08:26:00,3,Completed,40825.92
O1006117,C100121,P1082,W106,2025-06-12 16:54:00,3,Completed,46213.71
O1006118,C100703,P1068,W102,2025-07-22 11:56:00,2,Completed,3405.9
O1006119,C100400,P1014,W105,2025-12-08 13:06:00,2,Completed,28337.56
O1006120,C100988,P1050,W101,2025-04-03 17:11:00,3,Completed,44479.2
O1006121,C100007,P1054,W108,2025-06-21 14:56:00,1,Completed,13325.54
O1006122,C100374,P1040,W103,2025-08-08 09:53:00,1,Completed,4393.32
O1006123,C100265,P1047,W104,2025-07-28 21:59:00,2,Processing,27489.36
O1006124,C100882,P1077,W107,2025-01-12 17:58:00,2,Completed,21038.1
O1006125,C100122,P1084,W104,2025-04-15 13:02:00,2,Shipped,23284.62
O1006126,C100409,P1031,W101,2025-08-24 16:41:00,2,Completed,3058.4
O1006127,C100867,P1033,W108,2025-09-11 10:07:00,1,Shipped,19025.5
O1006128,C100972,P1021,W101,2025-09-26 14:00:00,3,Completed,55575.36
O1006129,C100917,P1041,W104,2025-12-28 13:56:00,4,Completed,51584.32
O1006130,C100654,P1055,W101,2025-09-03 13:12:00,2,Completed,21790.14
O1006131,C100163,P1072,W106,2025-07-31 14:46:00,3,Completed,31449.57
O1006132,C100097,P1027,W103,2025-05-02 20:48:00,1,Completed,13032.23
O1006133,C100412,P1022,W108,2025-05-16 08:05:00,2,Completed,44740.96
O1006134,C100480,P1004,W102,2025-10-29 15:44:00,2,Completed,35251.62
O1006135,C100515,P1010,W106,2025-06-21 21:10:00,4,Completed,31389.24
O1006136,C100050,P1006,W101,2025-09-19 20:26:00,2,Cancelled,6223.2
O1006137,C100676,P1021,W101,2025-02-15 20:33:00,3,Completed,55575.36
O1006138,C100396,P1070,W103,2025-02-16 13:46:00,1,Completed,11621.13
O1006139,C100109,P1078,W108,2025-03-20 15:56:00,4,Completed,69145.4
O1006140,C100916,P1098,W108,2025-03-13 16:19:00,3,Processing,2304.51
O1006141,C100357,P1055,W105,2025-08-10 19:43:00,1,Processing,10895.07
O1006142,C100233,P1046,W103,2025-08-21 21:21:00,2,Completed,40803.74
O1006143,C100493,P1090,W103,2025-07-23 11:34:00,3,Completed,31081.14
O1006144,C100951,P1015,W102,2025-04-16 09:44:00,2,Completed,13084.58
O1006145,C100825,P1064,W103,2025-07-30 11:42:00,4,Completed,19697.32
O1006146,C100100,P1082,W104,2025-02-13 11:40:00,3,Completed,46213.71
O1006147,C100687,P1051,W106,2025-06-22 12:12:00,3,Completed,56429.67
O1006148,C100665,P1027,W102,2025-02-26 20:50:00,2,Completed,26064.46
O1006149,C100886,P1063,W101,2025-01-29 11:00:00,4,Completed,28671.12
O1006150,C100966,P1100,W105,2025-03-02 13:54:00,3,Completed,60213.21
O1006151,C100746,P1024,W102,2025-02-10 13:00:00,3,Completed,56852.85
O1006152,C100655,P1057,W104,2025-06-24 11:48:00,3,Completed,28417.56
O1006153,C100354,P1006,W106,2025-07-19 10:44:00,3,Completed,9334.8
O1006154,C100900,P1024,W108,2025-08-10 21:57:00,4,Processing,75803.8
O1006155,C100944,P1077,W105,2025-06-10 16:46:00,1,Completed,10519.05
O1006156,C100992,P1050,W108,2025-03-06 09:25:00,3,Completed,44479.2
O1006157,C100955,P1020,W103,2025-01-08 17:10:00,1,Completed,19341.31
O1006158,C100642,P1034,W106,2025-09-18 16:33:00,2,Shipped,24995.6
O1006159,C100957,P1013,W108,2025-12-25 13:01:00,2,Completed,18977.92
O1006160,C100783,P1078,W102,2025-04-13 19:01:00,1,Completed,17286.35
O1006161,C100241,P1095,W106,2025-03-16 19:13:00,3,Completed,61997.16
O1006162,C100032,P1011,W104,2025-04-24 19:00:00,2,Completed,43553.58
O1006163,C100981,P1024,W108,2025-03-20 16:56:00,2,Shipped,37901.9
O1006164,C100428,P1086,W103,2025-03-23 14:11:00,4,Completed,66501.64
O1006165,C100874,P1088,W108,2025-06-30 10:53:00,2,Completed,28686.7
O1006166,C100289,P1077,W107,2025-10-14 08:36:00,1,Completed,10519.05
O1006167,C100361,P1072,W106,2025-09-17 20:51:00,4,Completed,41932.76
O1006168,C100825,P1087,W101,2025-12-17 19:46:00,1,Completed,5462.8
O1006169,C100526,P1038,W101,2025-05-11 10:49:00,4,Completed,18212.76
O1006170,C100678,P1090,W106,2025-06-29 19:14:00,3,Completed,31081.14
O1006171,C100321,P1089,W104,2025-05-19 08:40:00,2,Shipped,12620.74
O1006172,C100615,P1023,W103,2025-01-16 11:19:00,3,Processing,13949.04
O1006173,C100487,P1008,W107,2025-05-22 10:06:00,4,Completed,18038.68
O1006174,C100932,P1053,W104,2025-04-06 12:46:00,4,Completed,76723.72
O1006175,C100493,P1076,W104,2025-06-24 12:28:00,2,Shipped,20082.06
O1006176,C100089,P1085,W103,2025-02-27 15:10:00,1,Shipped,5475.12
O1006177,C100737,P1015,W108,2025-09-28 14:25:00,1,Completed,6542.29
O1006178,C100954,P1038,W103,2025-11-04 09:35:00,4,Completed,18212.76
O1006179,C100883,P1077,W103,2025-12-17 10:05:00,3,Completed,31557.15
O1006180,C100101,P1007,W106,2025-01-31 19:29:00,3,Completed,44303.19
O1006181,C100999,P1073,W101,2025-02-12 15:40:00,3,Completed,28877.13
O1006182,C100348,P1030,W105,2025-12-19 20:54:00,4,Completed,23599.28
O1006183,C100834,P1003,W105,2025-11-06 09:49:00,3,Completed,27841.62
O1006184,C100631,P1025,W102,2025-08-03 12:18:00,2,Cancelled,21251.62
O1006185,C100974,P1075,W107,2025-04-28 10:12:00,1,Completed,13394.92
O1006186,C100342,P1088,W101,2025-07-08 20:56:00,2,Completed,28686.7
O1006187,C100608,P1009,W108,2025-07-15 10:13:00,4,Processing,49527.28
O1006188,C100683,P1047,W107,2025-11-06 19:12:00,1,Processing,13744.68
O1006189,C100155,P1021,W102,2025-07-13 10:41:00,1,Completed,18525.12
O1006190,C100776,P1069,W104,2025-01-11 18:11:00,4,Completed,54434.56
O1006191,C100144,P1079,W102,2025-09-13 14:22:00,3,Completed,43042.68
O1006192,C100829,P1097,W105,2025-10-11 21:34:00,1,Completed,18018.5
O1006193,C100127,P1036,W103,2025-04-19 08:58:00,1,Completed,8950.84
O1006194,C100180,P1030,W104,2025-02-12 12:32:00,1,Completed,5899.82
O1006195,C100495,P1031,W108,2025-02-21 18:07:00,1,Shipped,1529.2
O1006196,C100183,P1077,W105,2025-11-03 20:49:00,2,Completed,21038.1
O1006197,C100077,P1045,W107,2025-06-13 15:32:00,4,Processing,23608.0
O1006198,C100053,P1003,W106,2025-07-13 09:22:00,4,Shipped,37122.16
O1006199,C100287,P1095,W104,2025-12-17 16:48:00,2,Completed,41331.44
O1006200,C100491,P1011,W101,2025-01-23 14:41:00,2,Completed,43553.58
O1006201,C100045,P1093,W101,2025-03-17 18:50:00,4,Shipped,79938.44
O1006202,C100138,P1017,W105,2025-11-01 15:43:00,2,Completed,8528.62
O1006203,C100612,P1054,W105,2025-07-17 20:34:00,1,Completed,13325.54
O1006204,C100319,P1032,W105,2025-01-10 09:43:00,3,Completed,29231.43
O1006205,C100758,P1069,W107,2025-09-14 16:44:00,2,Completed,27217.28
O1006206,C100841,P1041,W101,2025-02-20 18:19:00,4,Completed,51584.32
O1006207,C100031,P1037,W106,2025-10-13 13:40:00,4,Shipped,34838.48
O1006208,C100949,P1048,W106,2025-10-19 14:39:00,4,Completed,59686.72
O1006209,C100684,P1098,W106,2025-10-28 17:44:00,4,Completed,3072.68
O1006210,C100823,P1025,W102,2025-06-19 14:22:00,3,Completed,31877.43
O1006211,C100479,P1022,W104,2025-04-08 13:29:00,3,Completed,67111.44
O1006212,C100001,P1007,W101,2025-11-18 16:08:00,1,Shipped,14767.73
O1006213,C100886,P1074,W102,2025-07-23 19:15:00,1,Completed,8374.94
O1006214,C100569,P1068,W107,2025-08-20 09:53:00,1,Completed,1702.95
O1006215,C100038,P1061,W105,2025-02-19 20:14:00,4,Completed,74565.96
O1006216,C100167,P1003,W107,2025-08-16 10:48:00,2,Completed,18561.08
O1006217,C100207,P1080,W106,2025-07-31 09:22:00,3,Completed,18945.57
O1006218,C100376,P1081,W102,2025-04-17 10:31:00,2,Completed,29072.5
O1006219,C100443,P1095,W107,2025-10-07 09:04:00,4,Completed,82662.88
O1006220,C100428,P1093,W106,2025-02-18 21:19:00,2,Completed,39969.22
O1006221,C100869,P1027,W102,2025-09-20 12:05:00,4,Shipped,52128.92
O1006222,C100943,P1072,W101,2025-12-17 18:49:00,3,Completed,31449.57
O1006223,C100679,P1041,W107,2025-07-27 10:33:00,1,Shipped,12896.08
O1006224,C100634,P1060,W106,2025-02-08 15:24:00,2,Cancelled,9786.26
O1006225,C100865,P1034,W101,2025-07-21 13:57:00,2,Completed,24995.6
O1006226,C100268,P1066,W104,2025-07-13 17:13:00,3,Shipped,58925.67
O1006227,C100559,P1096,W108,2025-07-21 21:50:00,2,Completed,7404.76
O1006228,C100643,P1066,W107,2025-04-10 17:05:00,1,Completed,19641.89
O1006229,C100286,P1093,W107,2025-08-17 17:49:00,4,Processing,79938.44
O1006230,C100952,P1094,W104,2025-04-07 11:40:00,4,Processing,97374.0
O1006231,C100236,P1012,W101,2025-07-23 09:42:00,2,Completed,31348.98
O1006232,C100060,P1097,W103,2025-08-06 09:12:00,4,Completed,72074.0
O1006233,C100324,P1082,W106,2025-08-24 12:12:00,1,Completed,15404.57
O1006234,C100816,P1043,W107,2025-10-19 15:46:00,2,Completed,21447.04
O1006235,C100375,P1061,W106,2025-11-19 08:50:00,1,Processing,18641.49
O1006236,C100217,P1062,W101,2025-10-11 11:40:00,2,Completed,19342.48
O1006237,C100873,P1079,W105,2025-10-18 16:50:00,3,Completed,43042.68
O1006238,C100154,P1081,W102,2025-11-14 20:13:00,4,Shipped,58145.0
O1006239,C100159,P1011,W105,2025-03-30 21:51:00,4,Completed,87107.16
O1006240,C100899,P1001,W104,2025-04-17 11:18:00,4,Completed,37221.52
O1006241,C100322,P1025,W105,2025-07-14 09:25:00,3,Completed,31877.43
O1006242,C100002,P1053,W105,2025-06-19 16:01:00,2,Completed,38361.86
O1006243,C100434,P1085,W106,2025-09-14 21:08:00,4,Completed,21900.48
O1006244,C100742,P1066,W101,2025-01-04 13:52:00,1,Completed,19641.89
O1006245,C100758,P1014,W108,2025-02-20 20:39:00,4,Completed,56675.12
O1006246,C100088,P1072,W105,2025-09-30 18:24:00,4,Completed,41932.76
O1006247,C100282,P1047,W105,2025-10-28 20:34:00,1,Shipped,13744.68
O1006248,C100618,P1037,W104,2025-04-21 21:18:00,3,Completed,26128.86
O1006249,C100661,P1078,W101,2025-04-24 09:30:00,4,Processing,69145.4
O1006250,C100621,P1030,W106,2025-07-24 13:45:00,3,Shipped,17699.46
O1006251,C100338,P1062,W103,2025-06-24 08:41:00,4,Shipped,38684.96
O1006252,C100863,P1019,W108,2025-03-03 08:37:00,2,Completed,28586.64
O1006253,C100079,P1039,W106,2025-07-02 14:39:00,3,Completed,55752.0
O1006254,C100823,P1056,W104,2025-10-27 17:15:00,4,Shipped,86182.48
O1006255,C100940,P1063,W101,2025-09-24 20:24:00,1,Shipped,7167.78
O1006256,C100686,P1092,W105,2025-10-26 09:48:00,3,Completed,20597.73
O1006257,C100430,P1030,W107,2025-08-23 08:27:00,4,Completed,23599.28
O1006258,C100381,P1090,W104,2025-11-17 09:27:00,2,Completed,20720.76
O1006259,C100436,P1082,W106,2025-04-02 20:58:00,4,Completed,61618.28
O1006260,C100167,P1036,W101,2025-01-17 17:15:00,3,Completed,26852.52
O1006261,C100223,P1015,W104,2025-02-11 14:44:00,2,Shipped,13084.58
O1006262,C100636,P1026,W107,2025-12-29 09:26:00,2,Completed,19446.56
O1006263,C100551,P1066,W104,2025-08-22 13:11:00,2,Completed,39283.78
O1006264,C100497,P1079,W108,2025-04-01 09:48:00,2,Completed,28695.12
O1006265,C100475,P1062,W104,2025-11-08 08:25:00,3,Shipped,29013.72
O1006266,C100078,P1073,W107,2025-04-23 14:08:00,3,Completed,28877.13
O1006267,C100868,P1011,W106,2025-08-07 15:02:00,2,Completed,43553.58
O1006268,C100956,P1051,W108,2025-04-02 14:19:00,3,Shipped,56429.67
O1006269,C100246,P1088,W105,2025-02-04 20:12:00,3,Completed,43030.05
O1006270,C100315,P1039,W104,2025-04-08 20:47:00,4,Completed,74336.0
O1006271,C100631,P1090,W103,2025-03-25 09:42:00,4,Completed,41441.52
O1006272,C100003,P1013,W106,2025-07-21 11:51:00,3,Completed,28466.88
O1006273,C100103,P1098,W108,2025-01-08 15:00:00,1,Completed,768.17
O1006274,C100902,P1079,W102,2025-03-29 13:36:00,2,Completed,28695.12
O1006275,C100173,P1063,W108,2025-07-27 14:06:00,2,Completed,14335.56
O1006276,C100578,P1062,W108,2025-05-24 17:54:00,2,Completed,19342.48
O1006277,C100883,P1094,W107,2025-08-21 10:31:00,4,Completed,97374.0
O1006278,C100734,P1038,W105,2025-08-28 19:34:00,3,Shipped,13659.57
O1006279,C100272,P1017,W107,2025-12-19 11:42:00,4,Shipped,17057.24
O1006280,C100153,P1092,W103,2025-11-02 12:53:00,1,Completed,6865.91
O1006281,C100718,P1011,W106,2025-03-25 11:06:00,3,Completed,65330.37
O1006282,C100405,P1066,W107,2025-09-10 16:50:00,3,Completed,58925.67
O1006283,C100968,P1027,W107,2025-08-17 17:44:00,4,Completed,52128.92
O1006284,C100646,P1093,W105,2025-08-05 16:44:00,2,Completed,39969.22
O1006285,C100012,P1098,W104,2025-10-19 14:54:00,3,Completed,2304.51
O1006286,C100251,P1048,W108,2025-02-23 12:14:00,2,Shipped,29843.36
O1006287,C100745,P1054,W106,2025-05-17 17:37:00,3,Shipped,39976.62
O1006288,C100702,P1046,W107,2025-10-25 09:39:00,1,Completed,20401.87
O1006289,C100742,P1043,W105,2025-11-22 12:22:00,3,Completed,32170.56
O1006290,C100234,P1094,W108,2025-01-14 17:33:00,2,Completed,48687.0
O1006291,C100250,P1029,W104,2025-06-22 17:41:00,4,Completed,23699.4
O1006292,C100210,P1096,W105,2025-04-07 11:45:00,1,Completed,3702.38
O1006293,C100696,P1066,W107,2025-03-03 12:46:00,1,Completed,19641.89
O1006294,C100012,P1097,W105,2025-01-21 12:27:00,3,Shipped,54055.5
O1006295,C100815,P1062,W102,2025-07-16 20:24:00,2,Completed,19342.48
O1006296,C100282,P1082,W107,2025-09-01 16:00:00,2,Completed,30809.14
O1006297,C100489,P1049,W104,2025-07-13 09:39:00,4,Completed,55953.04
O1006298,C100247,P1047,W101,2025-05-15 10:15:00,4,Completed,54978.72
O1006299,C100426,P1026,W103,2025-10-09 08:58:00,1,Cancelled,9723.28
O1006300,C100765,P1022,W101,2025-08-26 11:22:00,3,Completed,67111.44
O1006301,C100199,P1004,W108,2025-11-28 11:06:00,3,Processing,52877.43
O1006302,C100570,P1039,W108,2025-05-07 14:14:00,4,Processing,74336.0
O1006303,C100058,P1099,W103,2025-03-29 18:27:00,1,Completed,8879.16
O1006304,C100178,P1094,W108,2025-06-16 20:17:00,4,Shipped,97374.0
O1006305,C100685,P1070,W106,2025-07-05 15:49:00,3,Processing,34863.39
O1006306,C100569,P1037,W108,2025-06-17 18:48:00,4,Completed,34838.48
O1006307,C100612,P1053,W102,2025-10-31 17:10:00,3,Completed,57542.79
O1006308,C100226,P1076,W101,2025-01-17 12:26:00,4,Completed,40164.12
O1006309,C100207,P1001,W108,2025-07-12 16:34:00,1,Completed,9305.38
O1006310,C100426,P1093,W103,2025-06-07 12:13:00,1,Shipped,19984.61
O1006311,C100130,P1088,W105,2025-03-18 12:19:00,3,Completed,43030.05
O1006312,C100889,P1098,W108,2025-08-22 21:49:00,2,Shipped,1536.34
O1006313,C100268,P1010,W103,2025-10-20 20:44:00,1,Completed,7847.31
O1006314,C100720,P1095,W101,2025-07-19 17:08:00,3,Completed,61997.16
O1006315,C100157,P1062,W107,2025-02-01 16:18:00,4,Completed,38684.96
O1006316,C100652,P1056,W104,2025-01-28 17:35:00,3,Shipped,64636.86
O1006317,C100204,P1018,W101,2025-06-03 18:32:00,3,Completed,63812.64
O1006318,C100282,P1050,W103,2025-09-01 08:46:00,3,Completed,44479.2
O1006319,C100413,P1037,W105,2025-04-25 13:01:00,2,Completed,17419.24
O1006320,C100125,P1099,W108,2025-04-23 09:28:00,3,Completed,26637.48
O1006321,C100125,P1034,W102,2025-11-10 15:24:00,4,Completed,49991.2
O1006322,C100753,P1022,W105,2025-01-06 12:07:00,1,Shipped,22370.48
O1006323,C100346,P1095,W102,2025-01-30 12:37:00,2,Completed,41331.44
O1006324,C100568,P1019,W103,2025-02-26 19:47:00,1,Completed,14293.32
O1006325,C100647,P1091,W103,2025-12-26 10:51:00,4,Shipped,89276.96
O1006326,C100623,P1097,W105,2025-07-01 20:44:00,3,Completed,54055.5
O1006327,C100628,P1031,W106,2025-02-27 13:53:00,3,Completed,4587.6
O1006328,C100976,P1069,W101,2025-04-24 10:40:00,3,Completed,40825.92
O1006329,C100631,P1080,W101,2025-12-20 10:00:00,3,Completed,18945.57
O1006330,C100349,P1054,W106,2025-09-11 17:59:00,4,Completed,53302.16
O1006331,C100285,P1070,W103,2025-03-23 20:38:00,1,Processing,11621.13
O1006332,C100801,P1014,W105,2025-03-29 20:14:00,3,Completed,42506.34
O1006333,C100422,P1052,W101,2025-01-28 10:23:00,4,Completed,38468.04
O1006334,C100559,P1052,W105,2025-10-10 20:18:00,1,Shipped,9617.01
O1006335,C100815,P1057,W108,2025-02-20 11:09:00,3,Processing,28417.56
O1006336,C100236,P1095,W104,2025-04-15 14:25:00,1,Completed,20665.72
O1006337,C100223,P1083,W105,2025-05-08 08:04:00,1,Completed,3506.3
O1006338,C100053,P1061,W103,2025-08-15 11:37:00,2,Completed,37282.98
O1006339,C100073,P1041,W103,2025-08-10 12:28:00,4,Cancelled,51584.32
O1006340,C100617,P1041,W101,2025-10-19 21:23:00,2,Completed,25792.16
O1006341,C100504,P1003,W104,2025-04-19 11:53:00,2,Shipped,18561.08
O1006342,C100298,P1056,W108,2025-05-21 11:52:00,4,Completed,86182.48
O1006343,C100212,P1026,W101,2025-05-22 11:49:00,4,Shipped,38893.12
O1006344,C100696,P1089,W104,2025-01-18 11:32:00,3,Cancelled,18931.11
O1006345,C100086,P1078,W107,2025-09-27 15:33:00,1,Completed,17286.35
O1006346,C100701,P1092,W104,2025-07-15 10:52:00,4,Completed,27463.64
O1006347,C100905,P1100,W107,2025-06-23 12:04:00,2,Completed,40142.14
O1006348,C100456,P1041,W104,2025-12-30 15:27:00,3,Shipped,38688.24
O1006349,C100495,P1043,W105,2025-03-07 18:35:00,3,Completed,32170.56
O1006350,C100537,P1061,W108,2025-12-20 09:30:00,2,Completed,37282.98
O1006351,C100096,P1044,W105,2025-09-06 12:52:00,3,Completed,59568.9
O1006352,C100627,P1028,W107,2025-03-22 15:59:00,3,Shipped,19023.45
O1006353,C100366,P1071,W106,2025-09-05 20:50:00,1,Completed,11389.19
O1006354,C100469,P1046,W101,2025-10-03 21:12:00,1,Processing,20401.87
O1006355,C100023,P1095,W102,2025-05-13 20:12:00,4,Completed,82662.88
O1006356,C100878,P1022,W105,2025-05-06 15:04:00,1,Completed,22370.48
O1006357,C100334,P1045,W103,2025-11-01 09:22:00,2,Completed,11804.0
O1006358,C100076,P1054,W104,2025-02-28 21:30:00,2,Completed,26651.08
O1006359,C100783,P1091,W104,2025-01-05 16:42:00,2,Completed,44638.48
O1006360,C100980,P1058,W107,2025-09-01 20:40:00,2,Completed,25562.92
O1006361,C100520,P1007,W108,2025-11-27 20:53:00,4,Shipped,59070.92
O1006362,C100034,P1034,W108,2025-07-02 19:05:00,1,Shipped,12497.8
O1006363,C100992,P1089,W101,2025-02-19 13:52:00,4,Cancelled,25241.48
O1006364,C100209,P1028,W106,2025-07-16 16:30:00,3,Processing,19023.45
O1006365,C100241,P1035,W106,2025-04-02 17:40:00,4,Completed,40445.6
O1006366,C100709,P1016,W107,2025-10-29 20:19:00,3,Completed,28287.33
O1006367,C100332,P1072,W104,2025-08-12 11:09:00,4,Completed,41932.76
O1006368,C100085,P1014,W105,2025-05-03 15:46:00,1,Completed,14168.78
O1006369,C100683,P1037,W104,2025-08-16 16:20:00,3,Completed,26128.86
O1006370,C100263,P1072,W103,2025-09-01 10:54:00,3,Completed,31449.57
O1006371,C100862,P1090,W102,2025-09-05 13:37:00,4,Processing,41441.52
O1006372,C100154,P1023,W106,2025-05-14 20:57:00,1,Completed,4649.68
O1006373,C100907,P1034,W101,2025-07-28 08:13:00,3,Completed,37493.4
O1006374,C100724,P1012,W106,2025-01-16 15:01:00,3,Completed,47023.47
O1006375,C100240,P1044,W107,2025-05-28 16:31:00,1,Completed,19856.3
O1006376,C100579,P1100,W102,2025-05-18 20:42:00,3,Shipped,60213.21
O1006377,C100939,P1031,W102,2025-07-15 11:58:00,2,Completed,3058.4
O1006378,C100065,P1026,W105,2025-12-13 13:30:00,2,Completed,19446.56
O1006379,C100820,P1040,W107,2025-12-15 09:07:00,3,Completed,13179.96
O1006380,C100461,P1090,W101,2025-06-26 12:42:00,3,Completed,31081.14
O1006381,C100950,P1055,W104,2025-08-24 21:57:00,3,Completed,32685.21
O1006382,C100209,P1061,W102,2025-02-09 18:43:00,2,Shipped,37282.98
O1006383,C100720,P1079,W107,2025-06-26 13:59:00,4,Shipped,57390.24
O1006384,C100968,P1072,W108,2025-09-09 16:52:00,1,Completed,10483.19
O1006385,C100344,P1060,W101,2025-09-07 21:30:00,2,Completed,9786.26
O1006386,C100108,P1057,W102,2025-12-18 14:09:00,2,Completed,18945.04
O1006387,C100393,P1054,W102,2025-06-20 12:07:00,2,Completed,26651.08
O1006388,C100599,P1019,W107,2025-11-28 20:18:00,2,Completed,28586.64
O1006389,C100631,P1042,W108,2025-12-24 19:54:00,4,Completed,71842.08
O1006390,C100482,P1085,W103,2025-07-28 15:13:00,1,Completed,5475.12
O1006391,C100933,P1004,W102,2025-02-03 08:09:00,3,Shipped,52877.43
O1006392,C100579,P1083,W106,2025-05-18 08:10:00,2,Processing,7012.6
O1006393,C100641,P1057,W108,2025-10-07 09:38:00,1,Completed,9472.52
O1006394,C100957,P1035,W108,2025-07-31 17:42:00,1,Completed,10111.4
O1006395,C100940,P1012,W104,2025-12-08 10:27:00,2,Completed,31348.98
O1006396,C100342,P1077,W107,2025-10-25 08:53:00,2,Completed,21038.1
O1006397,C100287,P1001,W108,2025-01-24 17:32:00,2,Completed,18610.76
O1006398,C100749,P1055,W107,2025-11-11 14:44:00,3,Completed,32685.21
O1006399,C100526,P1017,W104,2025-05-11 15:25:00,2,Cancelled,8528.62
O1006400,C100448,P1091,W103,2025-10-26 10:41:00,4,Completed,89276.96
O1006401,C100699,P1019,W103,2025-07-05 11:00:00,2,Completed,28586.64
O1006402,C100661,P1081,W103,2025-06-16 11:23:00,4,Completed,58145.0
O1006403,C100914,P1058,W108,2025-01-27 17:00:00,4,Completed,51125.84
O1006404,C100366,P1005,W106,2025-02-13 21:43:00,3,Completed,2575.71
O1006405,C100755,P1073,W107,2025-08-06 20:49:00,1,Completed,9625.71
O1006406,C100228,P1088,W107,2025-07-27 09:35:00,4,Completed,57373.4
O1006407,C100938,P1023,W104,2025-07-22 17:30:00,4,Completed,18598.72
O1006408,C100084,P1097,W107,2025-02-27 18:36:00,3,Completed,54055.5
O1006409,C100751,P1080,W106,2025-07-06 08:34:00,2,Shipped,12630.38
O1006410,C100102,P1075,W106,2025-01-23 16:55:00,3,Processing,40184.76
O1006411,C100881,P1034,W103,2025-02-22 14:13:00,3,Completed,37493.4
O1006412,C100960,P1012,W102,2025-07-02 10:43:00,4,Completed,62697.96
O1006413,C100818,P1043,W102,2025-08-14 19:03:00,3,Shipped,32170.56
O1006414,C100789,P1081,W103,2025-08-28 21:05:00,4,Cancelled,58145.0
O1006415,C100479,P1059,W108,2025-12-25 16:22:00,4,Shipped,9984.48
O1006416,C100245,P1065,W108,2025-11-08 10:49:00,4,Completed,35230.92
O1006417,C100986,P1079,W102,2025-05-19 14:00:00,2,Shipped,28695.12
O1006418,C100530,P1034,W105,2025-10-13 15:13:00,4,Completed,49991.2
O1006419,C100817,P1004,W108,2025-02-04 20:37:00,4,Completed,70503.24
O1006420,C100715,P1089,W107,2025-11-09 19:04:00,2,Completed,12620.74
O1006421,C100702,P1062,W105,2025-05-22 17:23:00,1,Processing,9671.24
O1006422,C100353,P1057,W105,2025-10-05 18:41:00,4,Processing,37890.08
O1006423,C100427,P1058,W103,2025-12-21 17:43:00,3,Completed,38344.38
O1006424,C100440,P1086,W108,2025-09-14 12:28:00,2,Completed,33250.82
O1006425,C100603,P1077,W101,2025-12-02 09:52:00,3,Completed,31557.15
O1006426,C100719,P1068,W107,2025-01-04 19:44:00,1,Completed,1702.95
O1006427,C100199,P1079,W107,2025-03-04 15:45:00,4,Completed,57390.24
O1006428,C100228,P1029,W103,2025-08-17 21:28:00,1,Completed,5924.85
O1006429,C100049,P1072,W105,2025-07-17 17:32:00,2,Completed,20966.38
O1006430,C100527,P1098,W108,2025-02-13 14:38:00,3,Completed,2304.51
O1006431,C100669,P1024,W104,2025-09-20 17:03:00,3,Processing,56852.85
O1006432,C100211,P1058,W103,2025-01-22 17:07:00,1,Processing,12781.46
O1006433,C100712,P1069,W101,2025-12-28 21:44:00,3,Completed,40825.92
O1006434,C100004,P1052,W104,2025-02-27 13:06:00,1,Completed,9617.01
O1006435,C100867,P1097,W103,2025-06-12 13:19:00,4,Completed,72074.0
O1006436,C100691,P1041,W107,2025-10-28 12:57:00,2,Completed,25792.16
O1006437,C100684,P1022,W107,2025-07-07 09:30:00,2,Completed,44740.96
O1006438,C100708,P1014,W103,2025-09-29 14:34:00,3,Completed,42506.34
O1006439,C100359,P1085,W102,2025-09-14 14:14:00,1,Completed,5475.12
O1006440,C100996,P1069,W103,2025-12-13 10:45:00,1,Cancelled,13608.64
O1006441,C100747,P1058,W104,2025-06-19 19:24:00,4,Shipped,51125.84
O1006442,C100182,P1044,W106,2025-12-24 17:39:00,3,Completed,59568.9
O1006443,C100923,P1041,W102,2025-07-08 11:22:00,1,Completed,12896.08
O1006444,C100740,P1094,W108,2025-11-23 10:19:00,3,Completed,73030.5
O1006445,C100311,P1069,W106,2025-09-25 16:39:00,4,Completed,54434.56
O1006446,C100948,P1097,W102,2025-02-18 08:04:00,4,Completed,72074.0
O1006447,C100249,P1081,W103,2025-08-23 10:06:00,2,Completed,29072.5
O1006448,C100645,P1077,W106,2025-11-17 14:09:00,3,Completed,31557.15
O1006449,C100671,P1056,W105,2025-02-16 21:52:00,4,Cancelled,86182.48
O1006450,C100964,P1025,W105,2025-11-03 09:04:00,2,Shipped,21251.62
O1006451,C100571,P1066,W101,2025-02-08 15:24:00,4,Completed,78567.56
O1006452,C100995,P1072,W104,2025-11-14 15:52:00,4,Shipped,41932.76
O1006453,C100285,P1053,W105,2025-10-15 11:31:00,2,Shipped,38361.86
O1006454,C100802,P1003,W106,2025-02-25 15:17:00,4,Processing,37122.16
O1006455,C100246,P1097,W104,2025-09-23 16:52:00,1,Completed,18018.5
O1006456,C101000,P1083,W105,2025-02-12 09:55:00,2,Completed,7012.6
O1006457,C100764,P1036,W102,2025-07-27 21:21:00,2,Shipped,17901.68
O1006458,C100626,P1050,W107,2025-12-04 11:26:00,1,Cancelled,14826.4
O1006459,C100067,P1013,W106,2025-03-17 13:09:00,3,Completed,28466.88
O1006460,C100498,P1094,W106,2025-03-05 08:20:00,3,Cancelled,73030.5
O1006461,C100145,P1024,W106,2025-06-04 16:18:00,2,Completed,37901.9
O1006462,C100918,P1038,W108,2025-05-15 16:18:00,4,Completed,18212.76
O1006463,C100380,P1043,W108,2025-01-18 09:37:00,1,Processing,10723.52
O1006464,C100831,P1027,W107,2025-06-16 12:06:00,4,Shipped,52128.92
O1006465,C100907,P1064,W103,2025-04-05 18:44:00,3,Completed,14772.99
O1006466,C100111,P1100,W101,2025-02-15 17:58:00,4,Shipped,80284.28
O1006467,C100760,P1086,W101,2025-04-11 12:18:00,1,Completed,16625.41
O1006468,C100303,P1054,W107,2025-01-08 16:49:00,4,Completed,53302.16
O1006469,C100109,P1014,W108,2025-11-30 18:27:00,1,Completed,14168.78
O1006470,C100261,P1087,W106,2025-12-29 13:13:00,3,Completed,16388.4
O1006471,C100550,P1026,W106,2025-05-15 10:27:00,4,Completed,38893.12
O1006472,C100856,P1092,W101,2025-11-16 08:18:00,1,Completed,6865.91
O1006473,C100692,P1040,W105,2025-06-18 21:21:00,1,Completed,4393.32
O1006474,C100234,P1052,W105,2025-11-30 12:28:00,1,Completed,9617.01
O1006475,C100296,P1044,W102,2025-03-05 19:17:00,1,Completed,19856.3
O1006476,C100305,P1046,W107,2025-04-14 12:32:00,1,Completed,20401.87
O1006477,C100737,P1017,W103,2025-09-28 17:58:00,4,Completed,17057.24
O1006478,C100519,P1056,W102,2025-03-22 12:39:00,1,Completed,21545.62
O1006479,C100024,P1041,W106,2025-10-28 16:30:00,4,Completed,51584.32
O1006480,C100077,P1085,W104,2025-06-05 21:20:00,1,Shipped,5475.12
O1006481,C100076,P1048,W105,2025-05-28 18:33:00,3,Completed,44765.04
O1006482,C100962,P1097,W105,2025-06-15 10:18:00,2,Completed,36037.0
O1006483,C100505,P1030,W105,2025-10-19 15:19:00,3,Completed,17699.46
O1006484,C100492,P1033,W104,2025-01-03 11:46:00,4,Completed,76102.0
O1006485,C100762,P1004,W107,2025-10-02 11:04:00,1,Completed,17625.81
O1006486,C100191,P1074,W108,2025-10-12 19:39:00,1,Shipped,8374.94
O1006487,C100032,P1008,W104,2025-10-27 21:45:00,1,Completed,4509.67
O1006488,C100271,P1029,W102,2025-12-30 20:57:00,4,Shipped,23699.4
O1006489,C100209,P1092,W103,2025-10-13 19:44:00,3,Cancelled,20597.73
O1006490,C100799,P1062,W107,2025-07-12 14:33:00,4,Shipped,38684.96
O1006491,C100819,P1056,W103,2025-06-20 15:21:00,4,Processing,86182.48
O1006492,C100635,P1081,W107,2025-05-22 15:33:00,1,Completed,14536.25
O1006493,C100910,P1078,W106,2025-10-29 18:18:00,1,Completed,17286.35
O1006494,C100465,P1089,W104,2025-05-24 08:44:00,1,Completed,6310.37
O1006495,C100241,P1067,W102,2025-07-29 19:34:00,1,Completed,18445.37
O1006496,C100332,P1045,W105,2025-02-05 19:18:00,2,Completed,11804.0
O1006497,C100142,P1014,W106,2025-04-26 21:55:00,1,Shipped,14168.78
O1006498,C100901,P1037,W102,2025-04-08 16:19:00,4,Cancelled,34838.48
O1006499,C100605,P1071,W107,2025-06-08 14:24:00,2,Processing,22778.38
O1006500,C100773,P1026,W102,2025-07-03 14:42:00,3,Completed,29169.84
O1006501,C100282,P1068,W104,2025-09-19 16:40:00,4,Processing,6811.8
O1006502,C100719,P1014,W105,2025-06-07 12:14:00,1,Processing,14168.78
O1006503,C100331,P1007,W106,2025-02-24 18:52:00,2,Shipped,29535.46
O1006504,C100447,P1037,W102,2025-07-18 14:12:00,3,Completed,26128.86
O1006505,C100652,P1023,W103,2025-01-20 11:56:00,4,Completed,18598.72
O1006506,C100982,P1088,W107,2025-11-06 18:17:00,4,Completed,57373.4
O1006507,C100559,P1038,W103,2025-10-09 12:42:00,1,Completed,4553.19
O1006508,C100711,P1042,W105,2025-03-24 09:07:00,2,Completed,35921.04
O1006509,C100595,P1041,W104,2025-04-07 15:18:00,4,Completed,51584.32
O1006510,C100424,P1032,W101,2025-01-11 15:05:00,3,Completed,29231.43
O1006511,C100933,P1092,W105,2025-05-14 12:04:00,1,Completed,6865.91
O1006512,C100961,P1074,W103,2025-01-14 08:29:00,2,Completed,16749.88
O1006513,C100311,P1016,W103,2025-12-08 14:39:00,4,Shipped,37716.44
O1006514,C100896,P1022,W107,2025-02-18 18:48:00,1,Completed,22370.48
O1006515,C100452,P1009,W107,2025-08-29 19:13:00,2,Completed,24763.64
O1006516,C100740,P1026,W103,2025-07-28 10:57:00,4,Completed,38893.12
O1006517,C100518,P1066,W105,2025-03-28 14:01:00,3,Completed,58925.67
O1006518,C100767,P1094,W106,2025-10-22 20:38:00,1,Completed,24343.5
O1006519,C100872,P1049,W101,2025-02-09 12:49:00,2,Completed,27976.52
O1006520,C100424,P1009,W101,2025-11-20 14:39:00,4,Completed,49527.28
O1006521,C100701,P1005,W105,2025-09-28 17:30:00,2,Completed,1717.14
O1006522,C100508,P1042,W108,2025-08-20 14:24:00,3,Completed,53881.56
O1006523,C100800,P1027,W108,2025-11-18 19:46:00,2,Completed,26064.46
O1006524,C100192,P1058,W104,2025-05-28 13:02:00,1,Cancelled,12781.46
O1006525,C100730,P1012,W106,2025-04-13 14:53:00,2,Completed,31348.98
O1006526,C100596,P1024,W104,2025-02-26 15:13:00,3,Completed,56852.85
O1006527,C100452,P1056,W108,2025-12-04 18:25:00,4,Shipped,86182.48
O1006528,C100370,P1029,W105,2025-05-27 12:43:00,1,Shipped,5924.85
O1006529,C100702,P1037,W108,2025-10-30 11:51:00,4,Completed,34838.48
O1006530,C100348,P1023,W103,2025-05-02 13:02:00,1,Cancelled,4649.68
O1006531,C100033,P1006,W108,2025-12-15 11:15:00,3,Completed,9334.8
O1006532,C100949,P1035,W106,2025-11-14 10:44:00,2,Completed,20222.8
O1006533,C100448,P1033,W107,2025-04-23 19:28:00,2,Shipped,38051.0
O1006534,C100165,P1090,W101,2025-06-27 12:49:00,4,Processing,41441.52
O1006535,C100226,P1090,W107,2025-10-17 11:46:00,3,Completed,31081.14
O1006536,C100830,P1044,W102,2025-03-24 19:21:00,4,Completed,79425.2
O1006537,C100332,P1029,W108,2025-01-09 19:02:00,1,Completed,5924.85
O1006538,C100282,P1042,W102,2025-04-16 11:26:00,2,Shipped,35921.04
O1006539,C100488,P1061,W107,2025-08-04 12:16:00,1,Completed,18641.49
O1006540,C100029,P1039,W106,2025-02-19 19:29:00,2,Cancelled,37168.0
O1006541,C100561,P1076,W104,2025-05-02 11:53:00,2,Completed,20082.06
O1006542,C100041,P1097,W108,2025-12-02 20:03:00,4,Shipped,72074.0
O1006543,C100836,P1041,W104,2025-01-28 16:38:00,1,Shipped,12896.08
O1006544,C100430,P1012,W101,2025-01-19 17:19:00,3,Completed,47023.47
O1006545,C100219,P1013,W101,2025-06-04 15:28:00,4,Completed,37955.84
O1006546,C100455,P1088,W107,2025-01-05 08:25:00,1,Completed,14343.35
O1006547,C100176,P1042,W104,2025-01-11 19:32:00,2,Completed,35921.04
O1006548,C100321,P1033,W107,2025-03-08 15:51:00,2,Completed,38051.0
O1006549,C100131,P1062,W101,2025-02-07 10:25:00,1,Shipped,9671.24
O1006550,C100669,P1096,W101,2025-10-23 19:39:00,2,Completed,7404.76
O1006551,C100977,P1043,W108,2025-02-14 12:06:00,2,Completed,21447.04
O1006552,C100486,P1032,W102,2025-07-11 13:07:00,2,Completed,19487.62
O1006553,C100099,P1087,W106,2025-09-15 16:56:00,1,Completed,5462.8
O1006554,C100075,P1009,W103,2025-08-17 11:57:00,3,Completed,37145.46
O1006555,C100833,P1085,W105,2025-08-27 08:05:00,2,Processing,10950.24
O1006556,C100349,P1053,W101,2025-05-11 12:29:00,3,Shipped,57542.79
O1006557,C100297,P1003,W103,2025-11-21 17:33:00,2,Completed,18561.08
O1006558,C100102,P1023,W107,2025-01-26 13:55:00,3,Cancelled,13949.04
O1006559,C100664,P1068,W105,2025-02-09 17:58:00,3,Completed,5108.85
O1006560,C100063,P1076,W105,2025-11-09 08:58:00,2,Cancelled,20082.06
O1006561,C100905,P1020,W108,2025-01-25 11:36:00,4,Completed,77365.24
O1006562,C100209,P1066,W104,2025-03-12 11:19:00,3,Completed,58925.67
O1006563,C100070,P1099,W107,2025-03-05 08:53:00,3,Shipped,26637.48
O1006564,C100701,P1069,W106,2025-01-13 17:03:00,3,Completed,40825.92
O1006565,C100355,P1071,W104,2025-02-12 10:56:00,4,Processing,45556.76
O1006566,C100697,P1020,W103,2025-07-29 14:36:00,4,Shipped,77365.24
O1006567,C100040,P1064,W103,2025-08-30 21:51:00,3,Completed,14772.99
O1006568,C100862,P1071,W107,2025-01-31 11:27:00,1,Completed,11389.19
O1006569,C100310,P1012,W103,2025-12-10 10:43:00,1,Completed,15674.49
O1006570,C100757,P1032,W106,2025-02-04 21:01:00,2,Completed,19487.62
O1006571,C100936,P1089,W101,2025-09-08 13:00:00,3,Completed,18931.11
O1006572,C100536,P1100,W103,2025-10-20 12:08:00,2,Completed,40142.14
O1006573,C100335,P1018,W108,2025-07-10 18:04:00,4,Completed,85083.52
O1006574,C100313,P1074,W105,2025-06-29 09:48:00,2,Completed,16749.88
O1006575,C100687,P1051,W107,2025-02-09 13:17:00,3,Completed,56429.67
O1006576,C100006,P1060,W103,2025-03-30 10:47:00,3,Completed,14679.39
O1006577,C100147,P1052,W107,2025-11-07 20:29:00,2,Completed,19234.02
O1006578,C100648,P1087,W108,2025-05-08 12:09:00,3,Shipped,16388.4
O1006579,C100026,P1045,W108,2025-01-13 15:56:00,3,Completed,17706.0
O1006580,C100290,P1059,W104,2025-09-24 15:18:00,2,Completed,4992.24
O1006581,C100648,P1067,W106,2025-09-07 14:53:00,4,Shipped,73781.48
O1006582,C100251,P1056,W108,2025-01-25 08:55:00,3,Completed,64636.86
O1006583,C100931,P1088,W107,2025-01-19 11:40:00,4,Completed,57373.4
O1006584,C100975,P1024,W108,2025-02-12 19:58:00,3,Completed,56852.85
O1006585,C100034,P1095,W101,2025-01-19 15:40:00,4,Completed,82662.88
O1006586,C100175,P1068,W105,2025-08-13 20:17:00,3,Shipped,5108.85
O1006587,C100908,P1097,W107,2025-02-18 15:49:00,3,Completed,54055.5
O1006588,C100033,P1038,W106,2025-08-10 12:27:00,4,Completed,18212.76
O1006589,C100487,P1048,W102,2025-03-06 12:50:00,2,Completed,29843.36
O1006590,C100950,P1005,W105,2025-12-21 18:51:00,4,Completed,3434.28
O1006591,C100589,P1093,W102,2025-09-22 11:19:00,3,Completed,59953.83
O1006592,C100307,P1082,W101,2025-05-17 16:23:00,3,Completed,46213.71
O1006593,C100007,P1030,W101,2025-06-06 21:05:00,1,Completed,5899.82
O1006594,C100394,P1006,W108,2025-01-24 19:50:00,1,Completed,3111.6
O1006595,C100542,P1070,W103,2025-01-21 13:25:00,3,Completed,34863.39
O1006596,C100081,P1068,W104,2025-07-16 11:52:00,4,Processing,6811.8
O1006597,C100529,P1053,W103,2025-01-09 16:42:00,3,Completed,57542.79
O1006598,C100405,P1016,W108,2025-08-21 16:32:00,2,Processing,18858.22
O1006599,C100326,P1092,W108,2025-05-20 18:06:00,4,Processing,27463.64
O1006600,C100973,P1044,W106,2025-02-20 09:01:00,3,Completed,59568.9
O1006601,C100894,P1073,W107,2025-07-15 15:33:00,3,Shipped,28877.13
O1006602,C100695,P1086,W101,2025-07-21 08:07:00,4,Processing,66501.64
O1006603,C100591,P1055,W108,2025-09-30 21:52:00,4,Completed,43580.28
O1006604,C100474,P1010,W104,2025-03-14 20:14:00,2,Completed,15694.62
O1006605,C100071,P1089,W104,2025-07-19 18:21:00,1,Completed,6310.37
O1006606,C100308,P1067,W102,2025-11-05 12:07:00,2,Completed,36890.74
O1006607,C100011,P1090,W108,2025-04-09 18:26:00,1,Completed,10360.38
O1006608,C100367,P1062,W102,2025-11-01 14:14:00,1,Completed,9671.24
O1006609,C100474,P1091,W107,2025-09-22 17:05:00,3,Completed,66957.72
O1006610,C100612,P1087,W106,2025-06-06 11:14:00,4,Completed,21851.2
O1006611,C100355,P1022,W107,2025-11-19 14:38:00,3,Completed,67111.44
O1006612,C100255,P1018,W101,2025-12-19 20:16:00,2,Completed,42541.76
O1006613,C100711,P1017,W106,2025-03-28 10:39:00,1,Completed,4264.31
O1006614,C100152,P1080,W108,2025-12-24 13:23:00,4,Cancelled,25260.76
O1006615,C100126,P1025,W104,2025-01-01 12:04:00,3,Shipped,31877.43
O1006616,C100697,P1046,W104,2025-02-17 10:30:00,1,Completed,20401.87
O1006617,C100586,P1079,W101,2025-01-16 13:33:00,2,Shipped,28695.12
O1006618,C100870,P1043,W104,2025-05-15 16:30:00,1,Shipped,10723.52
O1006619,C100739,P1007,W106,2025-12-08 08:46:00,2,Shipped,29535.46
O1006620,C100902,P1037,W103,2025-08-08 10:52:00,1,Shipped,8709.62
O1006621,C100665,P1010,W106,2025-08-14 19:26:00,1,Completed,7847.31
O1006622,C100842,P1039,W101,2025-01-31 11:38:00,4,Completed,74336.0
O1006623,C100170,P1074,W106,2025-07-08 12:42:00,1,Shipped,8374.94
O1006624,C100531,P1052,W105,2025-05-20 17:25:00,1,Shipped,9617.01
O1006625,C100945,P1068,W102,2025-06-24 18:26:00,1,Completed,1702.95
O1006626,C100789,P1011,W103,2025-04-06 21:25:00,4,Completed,87107.16
O1006627,C100404,P1076,W102,2025-03-15 10:13:00,4,Completed,40164.12
O1006628,C100927,P1043,W105,2025-12-14 18:34:00,3,Completed,32170.56
O1006629,C100313,P1029,W106,2025-07-23 18:07:00,4,Completed,23699.4
O1006630,C100024,P1066,W105,2025-05-31 09:44:00,4,Completed,78567.56
O1006631,C100797,P1014,W102,2025-01-27 20:16:00,2,Completed,28337.56
O1006632,C100413,P1050,W102,2025-10-06 12:22:00,2,Completed,29652.8
O1006633,C100035,P1043,W107,2025-06-22 13:55:00,1,Completed,10723.52
O1006634,C100205,P1017,W104,2025-05-22 19:08:00,3,Completed,12792.93
O1006635,C100072,P1096,W104,2025-09-01 15:20:00,4,Completed,14809.52
O1006636,C100997,P1037,W103,2025-02-18 11:51:00,1,Completed,8709.62
O1006637,C100848,P1005,W108,2025-07-14 12:30:00,3,Completed,2575.71
O1006638,C100930,P1045,W102,2025-11-12 18:21:00,2,Completed,11804.0
O1006639,C100183,P1097,W107,2025-06-19 10:33:00,4,Completed,72074.0
O1006640,C100803,P1067,W107,2025-01-01 14:36:00,3,Completed,55336.11
O1006641,C100564,P1064,W102,2025-03-25 18:27:00,2,Shipped,9848.66
O1006642,C100296,P1091,W101,2025-01-21 20:22:00,1,Completed,22319.24
O1006643,C100669,P1009,W102,2025-07-02 19:33:00,3,Completed,37145.46
O1006644,C100953,P1056,W103,2025-05-14 13:01:00,4,Completed,86182.48
O1006645,C100461,P1033,W106,2025-02-18 10:46:00,1,Completed,19025.5
O1006646,C100030,P1068,W105,2025-09-08 21:05:00,1,Completed,1702.95
O1006647,C100843,P1086,W104,2025-03-06 16:21:00,4,Completed,66501.64
O1006648,C100189,P1008,W104,2025-05-05 13:42:00,2,Shipped,9019.34
O1006649,C100183,P1016,W108,2025-12-27 20:37:00,3,Completed,28287.33
O1006650,C100617,P1096,W108,2025-01-25 18:10:00,3,Shipped,11107.14
O1006651,C100799,P1050,W101,2025-04-01 14:40:00,2,Processing,29652.8
O1006652,C100794,P1032,W107,2025-04-27 10:43:00,2,Completed,19487.62
O1006653,C100868,P1016,W103,2025-07-05 09:08:00,3,Processing,28287.33
O1006654,C100884,P1036,W107,2025-03-31 15:25:00,1,Completed,8950.84
O1006655,C100129,P1001,W108,2025-12-21 09:36:00,1,Completed,9305.38
O1006656,C100301,P1023,W105,2025-01-02 12:20:00,4,Completed,18598.72
O1006657,C100721,P1019,W105,2025-12-13 17:32:00,1,Completed,14293.32
O1006658,C100391,P1009,W104,2025-07-15 08:10:00,1,Completed,12381.82
O1006659,C100716,P1097,W101,2025-01-14 21:51:00,3,Completed,54055.5
O1006660,C100455,P1080,W101,2025-02-12 14:07:00,3,Completed,18945.57
O1006661,C100452,P1095,W103,2025-02-07 20:10:00,2,Completed,41331.44
O1006662,C100027,P1025,W107,2025-04-15 10:24:00,1,Completed,10625.81
O1006663,C100609,P1029,W103,2025-05-02 14:27:00,2,Completed,11849.7
O1006664,C100864,P1029,W104,2025-08-23 21:25:00,1,Cancelled,5924.85
O1006665,C100819,P1056,W105,2025-04-24 16:51:00,3,Completed,64636.86
O1006666,C100338,P1019,W103,2025-09-22 19:19:00,2,Cancelled,28586.64
O1006667,C100677,P1024,W104,2025-04-18 17:35:00,4,Completed,75803.8
O1006668,C100200,P1098,W105,2025-04-07 18:21:00,4,Completed,3072.68
O1006669,C100634,P1036,W107,2025-04-11 13:06:00,2,Completed,17901.68
O1006670,C100410,P1079,W107,2025-05-01 14:20:00,3,Completed,43042.68
O1006671,C100927,P1023,W107,2025-11-02 08:41:00,3,Completed,13949.04
O1006672,C100711,P1093,W105,2025-04-01 11:37:00,2,Completed,39969.22
O1006673,C100074,P1070,W106,2025-04-10 08:54:00,3,Shipped,34863.39
O1006674,C100871,P1087,W102,2025-12-16 12:32:00,1,Completed,5462.8
O1006675,C100725,P1052,W102,2025-08-27 18:09:00,4,Completed,38468.04
O1006676,C100216,P1091,W108,2025-03-11 10:51:00,4,Completed,89276.96
O1006677,C100283,P1037,W105,2025-11-13 14:41:00,4,Completed,34838.48
O1006678,C100173,P1048,W101,2025-03-08 15:43:00,1,Cancelled,14921.68
O1006679,C100311,P1007,W104,2025-03-01 10:17:00,4,Completed,59070.92
O1006680,C100944,P1018,W108,2025-06-12 19:21:00,3,Completed,63812.64
O1006681,C100903,P1078,W101,2025-09-10 18:47:00,4,Cancelled,69145.4
O1006682,C100551,P1033,W104,2025-03-11 10:37:00,1,Cancelled,19025.5
O1006683,C100363,P1011,W107,2025-10-02 08:30:00,2,Shipped,43553.58
O1006684,C100366,P1030,W108,2025-02-27 08:03:00,1,Shipped,5899.82
O1006685,C100957,P1036,W103,2025-10-13 12:06:00,4,Completed,35803.36
O1006686,C100200,P1072,W108,2025-02-04 09:45:00,1,Completed,10483.19
O1006687,C100758,P1010,W106,2025-06-19 08:14:00,1,Completed,7847.31
O1006688,C100996,P1003,W104,2025-08-22 14:27:00,1,Completed,9280.54
O1006689,C100856,P1073,W107,2025-04-07 15:21:00,4,Shipped,38502.84
O1006690,C100720,P1015,W107,2025-08-12 08:15:00,3,Completed,19626.87
O1006691,C100900,P1042,W103,2025-09-09 16:22:00,1,Completed,17960.52
O1006692,C100218,P1069,W101,2025-08-26 13:38:00,2,Shipped,27217.28
O1006693,C100984,P1052,W107,2025-05-25 10:48:00,2,Completed,19234.02
O1006694,C100092,P1013,W101,2025-10-10 09:33:00,4,Completed,37955.84
O1006695,C100014,P1073,W107,2025-09-25 18:37:00,1,Shipped,9625.71
O1006696,C100200,P1005,W103,2025-04-30 09:30:00,1,Completed,858.57
O1006697,C100609,P1024,W106,2025-09-25 10:48:00,3,Completed,56852.85
O1006698,C100248,P1011,W105,2025-12-02 17:58:00,2,Completed,43553.58
O1006699,C100634,P1052,W101,2025-10-26 16:48:00,1,Completed,9617.01
O1006700,C100112,P1070,W101,2025-09-25 21:59:00,2,Completed,23242.26
O1006701,C100698,P1065,W106,2025-10-07 08:33:00,2,Completed,17615.46
O1006702,C100230,P1014,W105,2025-10-21 10:43:00,1,Completed,14168.78
O1006703,C100524,P1035,W101,2025-04-16 17:15:00,1,Completed,10111.4
O1006704,C100117,P1015,W108,2025-09-21 11:12:00,1,Completed,6542.29
O1006705,C100971,P1035,W102,2025-03-14 13:20:00,4,Shipped,40445.6
O1006706,C100378,P1024,W107,2025-05-11 12:08:00,1,Completed,18950.95
O1006707,C100605,P1075,W101,2025-12-08 19:19:00,3,Completed,40184.76
O1006708,C100487,P1076,W102,2025-04-14 18:59:00,1,Completed,10041.03
O1006709,C100596,P1082,W105,2025-11-04 19:16:00,4,Shipped,61618.28
O1006710,C100456,P1021,W105,2025-06-04 15:04:00,2,Completed,37050.24
O1006711,C100074,P1002,W105,2025-03-18 14:49:00,4,Cancelled,56905.28
O1006712,C100830,P1004,W102,2025-02-05 15:59:00,1,Completed,17625.81
O1006713,C100643,P1085,W103,2025-07-20 08:56:00,2,Shipped,10950.24
O1006714,C100254,P1091,W103,2025-06-14 15:39:00,2,Completed,44638.48
O1006715,C100085,P1022,W104,2025-07-06 11:52:00,1,Completed,22370.48
O1006716,C100888,P1088,W108,2025-01-16 21:07:00,2,Completed,28686.7
O1006717,C100333,P1053,W104,2025-04-08 10:34:00,2,Completed,38361.86
O1006718,C100909,P1019,W108,2025-01-02 08:29:00,2,Shipped,28586.64
O1006719,C100766,P1032,W103,2025-04-21 21:29:00,3,Completed,29231.43
O1006720,C100960,P1027,W102,2025-12-06 10:12:00,1,Shipped,13032.23
O1006721,C100660,P1077,W101,2025-02-25 15:14:00,1,Completed,10519.05
O1006722,C100181,P1019,W102,2025-09-09 13:20:00,2,Completed,28586.64
O1006723,C100036,P1019,W103,2025-01-03 11:46:00,3,Shipped,42879.96
O1006724,C100246,P1072,W104,2025-07-25 14:49:00,2,Completed,20966.38
O1006725,C100440,P1031,W106,2025-12-03 18:15:00,2,Completed,3058.4
O1006726,C100624,P1026,W104,2025-05-05 09:35:00,4,Completed,38893.12
O1006727,C100896,P1081,W106,2025-03-13 17:15:00,3,Completed,43608.75
O1006728,C100141,P1094,W101,2025-07-28 20:30:00,1,Shipped,24343.5
O1006729,C100635,P1056,W108,2025-04-12 12:03:00,2,Completed,43091.24
O1006730,C100086,P1083,W102,2025-11-22 17:29:00,1,Completed,3506.3
O1006731,C100482,P1085,W101,2025-11-06 20:53:00,4,Shipped,21900.48
O1006732,C100074,P1059,W104,2025-08-27 21:03:00,4,Completed,9984.48
O1006733,C100374,P1083,W106,2025-08-22 17:04:00,2,Processing,7012.6
O1006734,C100607,P1001,W102,2025-08-08 21:10:00,2,Cancelled,18610.76
O1006735,C100739,P1004,W102,2025-09-26 18:52:00,3,Shipped,52877.43
O1006736,C100805,P1089,W107,2025-06-17 15:10:00,1,Completed,6310.37
O1006737,C100525,P1015,W107,2025-12-20 09:45:00,4,Shipped,26169.16
O1006738,C100259,P1073,W107,2025-05-07 19:56:00,4,Completed,38502.84
O1006739,C100914,P1043,W102,2025-01-04 12:00:00,1,Completed,10723.52
O1006740,C100934,P1079,W105,2025-09-12 18:18:00,3,Shipped,43042.68
O1006741,C100968,P1067,W106,2025-08-30 17:01:00,1,Shipped,18445.37
O1006742,C100792,P1008,W104,2025-12-25 13:02:00,3,Completed,13529.01
O1006743,C100778,P1034,W102,2025-05-25 18:50:00,3,Shipped,37493.4
O1006744,C100078,P1071,W107,2025-06-05 17:12:00,1,Processing,11389.19
O1006745,C100573,P1093,W108,2025-07-25 18:26:00,4,Completed,79938.44
O1006746,C100408,P1081,W102,2025-05-24 21:20:00,2,Completed,29072.5
O1006747,C100259,P1090,W106,2025-10-14 11:50:00,2,Shipped,20720.76
O1006748,C100069,P1096,W108,2025-06-06 18:41:00,2,Completed,7404.76
O1006749,C100214,P1090,W105,2025-10-14 08:33:00,4,Completed,41441.52
O1006750,C100916,P1059,W101,2025-06-05 17:55:00,4,Completed,9984.48
O1006751,C100909,P1034,W106,2025-03-24 10:10:00,4,Shipped,49991.2
O1006752,C100743,P1051,W108,2025-12-28 11:06:00,2,Shipped,37619.78
O1006753,C100102,P1080,W103,2025-07-12 10:44:00,3,Completed,18945.57
O1006754,C100687,P1043,W102,2025-09-15 19:38:00,3,Shipped,32170.56
O1006755,C100127,P1084,W103,2025-08-04 13:14:00,1,Completed,11642.31
O1006756,C100683,P1071,W107,2025-05-12 13:27:00,4,Completed,45556.76
O1006757,C100034,P1021,W105,2025-12-21 13:03:00,4,Completed,74100.48
O1006758,C100286,P1093,W101,2025-05-16 16:44:00,4,Completed,79938.44
O1006759,C100123,P1085,W105,2025-12-29 20:49:00,2,Completed,10950.24
O1006760,C100934,P1060,W107,2025-06-07 17:29:00,1,Completed,4893.13
O1006761,C100569,P1020,W102,2025-01-09 09:25:00,1,Completed,19341.31
O1006762,C100923,P1023,W105,2025-01-14 15:12:00,3,Completed,13949.04
O1006763,C100021,P1084,W102,2025-12-22 09:30:00,4,Completed,46569.24
O1006764,C100740,P1002,W101,2025-07-12 10:19:00,3,Completed,42678.96
O1006765,C100480,P1049,W104,2025-05-22 10:45:00,3,Completed,41964.78
O1006766,C100469,P1062,W107,2025-10-24 17:45:00,4,Completed,38684.96
O1006767,C100874,P1024,W106,2025-08-14 20:15:00,4,Shipped,75803.8
O1006768,C100048,P1087,W101,2025-08-30 11:27:00,4,Shipped,21851.2
O1006769,C100945,P1053,W102,2025-09-08 21:11:00,2,Completed,38361.86
O1006770,C100029,P1007,W105,2025-03-14 11:42:00,3,Completed,44303.19
O1006771,C100363,P1033,W103,2025-02-02 12:18:00,2,Completed,38051.0
O1006772,C100139,P1040,W103,2025-09-23 09:46:00,3,Completed,13179.96
O1006773,C100524,P1023,W104,2025-01-08 08:39:00,1,Completed,4649.68
O1006774,C100596,P1095,W107,2025-09-20 16:40:00,1,Completed,20665.72
O1006775,C100643,P1037,W105,2025-02-17 13:42:00,1,Completed,8709.62
O1006776,C100799,P1051,W107,2025-04-06 09:38:00,3,Completed,56429.67
O1006777,C100751,P1054,W101,2025-09-16 15:54:00,4,Completed,53302.16
O1006778,C100949,P1023,W104,2025-08-16 12:49:00,3,Completed,13949.04
O1006779,C100450,P1057,W105,2025-10-13 13:29:00,3,Completed,28417.56
O1006780,C100176,P1036,W107,2025-08-11 20:27:00,3,Completed,26852.52
O1006781,C100156,P1002,W105,2025-01-18 13:38:00,4,Completed,56905.28
O1006782,C100276,P1041,W108,2025-11-03 14:20:00,3,Cancelled,38688.24
O1006783,C100603,P1059,W107,2025-03-20 17:37:00,3,Completed,7488.36
O1006784,C100055,P1012,W106,2025-02-19 20:31:00,2,Shipped,31348.98
O1006785,C100955,P1078,W104,2025-11-17 18:20:00,4,Completed,69145.4
O1006786,C100990,P1067,W103,2025-03-13 14:53:00,2,Shipped,36890.74
O1006787,C100165,P1031,W105,2025-07-15 12:16:00,4,Shipped,6116.8
O1006788,C100781,P1060,W104,2025-06-27 10:30:00,4,Completed,19572.52
O1006789,C100597,P1031,W101,2025-10-08 09:43:00,4,Completed,6116.8
O1006790,C100481,P1065,W102,2025-01-17 18:37:00,2,Completed,17615.46
O1006791,C100735,P1016,W107,2025-02-08 18:19:00,2,Shipped,18858.22
O1006792,C100576,P1062,W104,2025-06-01 12:56:00,4,Completed,38684.96
O1006793,C100324,P1006,W108,2025-06-22 21:08:00,4,Completed,12446.4
O1006794,C100563,P1002,W102,2025-10-15 21:31:00,3,Shipped,42678.96
O1006795,C100136,P1026,W108,2025-08-10 16:41:00,4,Completed,38893.12
O1006796,C100255,P1018,W107,2025-02-24 11:40:00,2,Completed,42541.76
O1006797,C100973,P1050,W103,2025-12-24 15:05:00,4,Cancelled,59305.6
O1006798,C100186,P1017,W105,2025-06-17 19:30:00,2,Cancelled,8528.62
O1006799,C100599,P1025,W108,2025-12-19 15:05:00,3,Completed,31877.43
O1006800,C100297,P1010,W106,2025-12-28 14:54:00,3,Completed,23541.93
O1006801,C100465,P1089,W108,2025-01-19 15:27:00,4,Completed,25241.48
O1006802,C100248,P1074,W101,2025-07-04 19:47:00,4,Completed,33499.76
O1006803,C100569,P1022,W102,2025-06-04 13:44:00,4,Cancelled,89481.92
O1006804,C100558,P1013,W101,2025-07-01 10:33:00,1,Completed,9488.96
O1006805,C100618,P1086,W103,2025-04-24 15:11:00,1,Completed,16625.41
O1006806,C100309,P1067,W107,2025-07-23 16:52:00,4,Processing,73781.48
O1006807,C100579,P1089,W108,2025-06-29 21:05:00,1,Completed,6310.37
O1006808,C100729,P1018,W105,2025-03-09 09:35:00,4,Cancelled,85083.52
O1006809,C100720,P1036,W104,2025-04-16 21:11:00,3,Completed,26852.52
O1006810,C100568,P1012,W108,2025-02-23 19:16:00,2,Completed,31348.98
O1006811,C100300,P1043,W105,2025-11-04 17:56:00,1,Processing,10723.52
O1006812,C100533,P1017,W105,2025-09-05 11:17:00,1,Completed,4264.31
O1006813,C100537,P1001,W101,2025-05-22 10:53:00,4,Completed,37221.52
O1006814,C100952,P1051,W102,2025-05-25 13:59:00,1,Completed,18809.89
O1006815,C100378,P1098,W106,2025-01-29 10:33:00,3,Shipped,2304.51
O1006816,C100323,P1065,W106,2025-04-16 17:11:00,1,Completed,8807.73
O1006817,C100750,P1076,W104,2025-12-04 18:31:00,2,Shipped,20082.06
O1006818,C100636,P1082,W106,2025-01-12 14:41:00,1,Cancelled,15404.57
O1006819,C100428,P1098,W106,2025-02-23 17:41:00,3,Completed,2304.51
O1006820,C100001,P1013,W101,2025-11-05 18:54:00,1,Completed,9488.96
O1006821,C100705,P1026,W107,2025-07-09 20:46:00,3,Completed,29169.84
O1006822,C100737,P1062,W106,2025-01-12 17:38:00,4,Cancelled,38684.96
O1006823,C100931,P1083,W102,2025-06-28 11:16:00,3,Completed,10518.9
O1006824,C100503,P1078,W102,2025-10-01 09:49:00,3,Cancelled,51859.05
O1006825,C100516,P1073,W108,2025-05-06 21:09:00,4,Processing,38502.84
O1006826,C100209,P1032,W103,2025-05-20 18:49:00,4,Completed,38975.24
O1006827,C100460,P1037,W101,2025-08-19 19:53:00,3,Completed,26128.86
O1006828,C100002,P1008,W101,2025-08-07 13:55:00,3,Completed,13529.01
O1006829,C100501,P1032,W102,2025-11-26 10:12:00,2,Shipped,19487.62
O1006830,C100707,P1016,W106,2025-04-01 16:22:00,3,Completed,28287.33
O1006831,C100786,P1094,W104,2025-04-11 16:57:00,1,Completed,24343.5
O1006832,C100663,P1010,W106,2025-02-26 11:01:00,4,Completed,31389.24
O1006833,C100806,P1037,W102,2025-08-31 14:34:00,4,Shipped,34838.48
O1006834,C100666,P1089,W102,2025-07-14 13:55:00,2,Completed,12620.74
O1006835,C100780,P1096,W104,2025-05-07 11:38:00,4,Completed,14809.52
O1006836,C100438,P1038,W107,2025-09-11 19:26:00,3,Completed,13659.57
O1006837,C100603,P1047,W105,2025-05-18 14:48:00,4,Completed,54978.72
O1006838,C100640,P1053,W107,2025-03-13 20:58:00,4,Completed,76723.72
O1006839,C100573,P1083,W101,2025-07-17 08:01:00,3,Completed,10518.9
O1006840,C100572,P1077,W104,2025-06-09 21:08:00,4,Completed,42076.2
O1006841,C100782,P1053,W104,2025-05-28 17:15:00,2,Shipped,38361.86
O1006842,C100239,P1038,W101,2025-06-12 17:48:00,2,Completed,9106.38
O1006843,C100317,P1038,W103,2025-11-30 12:01:00,1,Completed,4553.19
O1006844,C100519,P1065,W103,2025-03-20 09:06:00,4,Shipped,35230.92
O1006845,C100646,P1084,W104,2025-04-11 11:14:00,2,Completed,23284.62
O1006846,C100515,P1008,W102,2025-07-26 14:11:00,3,Cancelled,13529.01
O1006847,C100200,P1077,W103,2025-01-18 12:43:00,1,Completed,10519.05
O1006848,C100824,P1049,W108,2025-02-23 10:42:00,2,Processing,27976.52
O1006849,C100546,P1015,W102,2025-07-26 08:10:00,3,Shipped,19626.87
O1006850,C100434,P1010,W107,2025-07-06 17:45:00,2,Cancelled,15694.62
O1006851,C100879,P1034,W105,2025-08-27 17:20:00,3,Completed,37493.4
O1006852,C100437,P1025,W101,2025-02-11 10:15:00,2,Completed,21251.62
O1006853,C100162,P1011,W104,2025-11-08 18:57:00,3,Shipped,65330.37
O1006854,C100985,P1030,W105,2025-06-27 21:41:00,2,Completed,11799.64
O1006855,C100383,P1084,W103,2025-02-26 21:59:00,2,Completed,23284.62
O1006856,C100895,P1072,W103,2025-04-24 10:43:00,1,Completed,10483.19
O1006857,C100517,P1021,W106,2025-03-25 13:58:00,3,Shipped,55575.36
O1006858,C100243,P1068,W101,2025-06-15 08:44:00,1,Shipped,1702.95
O1006859,C100377,P1046,W108,2025-06-21 08:10:00,3,Shipped,61205.61
O1006860,C100911,P1075,W103,2025-06-08 19:48:00,4,Completed,53579.68
O1006861,C100945,P1025,W104,2025-06-18 21:33:00,2,Cancelled,21251.62
O1006862,C100138,P1007,W102,2025-11-28 10:49:00,4,Shipped,59070.92
O1006863,C100988,P1032,W108,2025-12-17 14:29:00,2,Completed,19487.62
O1006864,C100854,P1100,W102,2025-06-28 08:20:00,4,Completed,80284.28
O1006865,C100648,P1056,W107,2025-12-18 19:25:00,3,Completed,64636.86
O1006866,C100184,P1006,W103,2025-10-26 15:40:00,3,Completed,9334.8
O1006867,C100587,P1098,W101,2025-10-27 12:05:00,2,Completed,1536.34
O1006868,C100426,P1083,W104,2025-03-24 21:34:00,4,Completed,14025.2
O1006869,C100125,P1055,W105,2025-06-10 09:54:00,3,Completed,32685.21
O1006870,C100984,P1075,W104,2025-05-09 11:44:00,2,Completed,26789.84
O1006871,C100604,P1019,W108,2025-02-05 18:28:00,4,Completed,57173.28
O1006872,C100098,P1060,W105,2025-01-28 13:43:00,2,Processing,9786.26
O1006873,C100342,P1092,W107,2025-08-16 17:48:00,4,Completed,27463.64
O1006874,C100840,P1044,W103,2025-06-03 11:19:00,2,Completed,39712.6
O1006875,C100443,P1004,W102,2025-10-29 17:13:00,4,Processing,70503.24
O1006876,C100495,P1076,W104,2025-09-02 15:48:00,2,Completed,20082.06
O1006877,C100143,P1074,W105,2025-02-01 08:39:00,3,Completed,25124.82
O1006878,C100111,P1074,W104,2025-11-02 12:31:00,3,Processing,25124.82
O1006879,C100978,P1065,W107,2025-07-01 12:09:00,3,Completed,26423.19
O1006880,C100953,P1014,W108,2025-07-26 16:16:00,2,Shipped,28337.56
O1006881,C100096,P1012,W101,2025-12-19 14:08:00,1,Processing,15674.49
O1006882,C100550,P1080,W101,2025-08-22 14:41:00,4,Completed,25260.76
O1006883,C100682,P1086,W103,2025-01-09 10:22:00,1,Shipped,16625.41
O1006884,C100881,P1008,W105,2025-03-06 21:00:00,1,Completed,4509.67
O1006885,C100560,P1059,W101,2025-06-05 18:29:00,4,Cancelled,9984.48
O1006886,C100870,P1051,W102,2025-01-14 17:22:00,1,Completed,18809.89
O1006887,C100121,P1036,W104,2025-03-03 11:51:00,4,Shipped,35803.36
O1006888,C100015,P1065,W104,2025-10-16 17:33:00,2,Completed,17615.46
O1006889,C100465,P1092,W107,2025-02-22 11:17:00,3,Completed,20597.73
O1006890,C100265,P1083,W105,2025-03-02 14:48:00,1,Shipped,3506.3
O1006891,C100756,P1016,W107,2025-07-04 11:45:00,3,Cancelled,28287.33
O1006892,C100337,P1047,W107,2025-02-03 12:14:00,4,Completed,54978.72
O1006893,C100408,P1094,W104,2025-04-04 17:05:00,3,Completed,73030.5
O1006894,C100535,P1024,W108,2025-12-09 12:23:00,3,Cancelled,56852.85
O1006895,C100962,P1086,W107,2025-08-19 18:13:00,3,Completed,49876.23
O1006896,C100072,P1050,W104,2025-12-18 15:03:00,2,Completed,29652.8
O1006897,C100553,P1053,W107,2025-05-10 21:44:00,3,Completed,57542.79
O1006898,C100389,P1026,W103,2025-08-13 10:41:00,3,Processing,29169.84
O1006899,C100037,P1092,W102,2025-03-29 21:13:00,1,Cancelled,6865.91
O1006900,C100815,P1053,W107,2025-05-19 09:51:00,2,Completed,38361.86
O1006901,C100914,P1058,W107,2025-03-05 15:41:00,3,Shipped,38344.38
O1006902,C100174,P1047,W102,2025-11-01 13:12:00,1,Completed,13744.68
O1006903,C100760,P1009,W107,2025-03-09 18:31:00,2,Completed,24763.64
O1006904,C100702,P1079,W105,2025-03-16 09:49:00,2,Shipped,28695.12
O1006905,C100706,P1033,W105,2025-06-19 11:33:00,3,Completed,57076.5
O1006906,C100461,P1025,W107,2025-06-06 11:13:00,2,Completed,21251.62
O1006907,C100321,P1079,W102,2025-04-25 20:53:00,4,Completed,57390.24
O1006908,C100071,P1020,W104,2025-05-11 15:29:00,3,Completed,58023.93
O1006909,C100035,P1069,W103,2025-04-18 10:17:00,3,Completed,40825.92
O1006910,C100178,P1048,W105,2025-11-30 19:03:00,4,Processing,59686.72
O1006911,C100528,P1080,W102,2025-07-31 11:59:00,1,Completed,6315.19
O1006912,C100142,P1006,W101,2025-12-02 11:08:00,2,Completed,6223.2
O1006913,C100687,P1078,W106,2025-12-27 14:55:00,1,Completed,17286.35
O1006914,C100620,P1023,W101,2025-08-26 19:04:00,3,Shipped,13949.04
O1006915,C100345,P1088,W104,2025-10-29 19:45:00,2,Completed,28686.7
O1006916,C100088,P1036,W108,2025-02-10 08:13:00,3,Processing,26852.52
O1006917,C100518,P1001,W108,2025-12-13 20:34:00,4,Completed,37221.52
O1006918,C100824,P1049,W102,2025-06-26 21:57:00,2,Completed,27976.52
O1006919,C100394,P1006,W108,2025-09-18 12:29:00,2,Completed,6223.2
O1006920,C100807,P1027,W103,2025-03-31 15:14:00,2,Completed,26064.46
O1006921,C100287,P1072,W102,2025-02-04 13:16:00,2,Completed,20966.38
O1006922,C100081,P1057,W105,2025-11-19 14:39:00,2,Shipped,18945.04
O1006923,C100650,P1071,W104,2025-06-14 17:07:00,2,Completed,22778.38
O1006924,C100889,P1088,W103,2025-02-20 17:06:00,2,Completed,28686.7
O1006925,C100884,P1047,W104,2025-08-29 14:38:00,2,Completed,27489.36
O1006926,C100960,P1055,W101,2025-01-20 14:39:00,2,Completed,21790.14
O1006927,C100108,P1006,W103,2025-06-14 14:50:00,2,Shipped,6223.2
O1006928,C100044,P1029,W102,2025-09-15 13:42:00,2,Completed,11849.7
O1006929,C100570,P1073,W108,2025-09-20 09:43:00,3,Processing,28877.13
O1006930,C100951,P1007,W104,2025-06-15 13:11:00,2,Shipped,29535.46
O1006931,C100998,P1036,W105,2025-05-16 18:01:00,1,Processing,8950.84
O1006932,C100280,P1014,W104,2025-11-03 21:41:00,4,Completed,56675.12
O1006933,C100376,P1086,W108,2025-03-09 19:22:00,4,Shipped,66501.64
O1006934,C100665,P1057,W107,2025-01-28 20:03:00,2,Cancelled,18945.04
O1006935,C100914,P1065,W106,2025-02-27 18:57:00,3,Completed,26423.19
O1006936,C100175,P1069,W103,2025-10-20 15:02:00,4,Completed,54434.56
O1006937,C100976,P1023,W103,2025-06-21 17:32:00,2,Shipped,9299.36
O1006938,C100818,P1005,W108,2025-01-14 19:42:00,1,Completed,858.57
O1006939,C100069,P1040,W108,2025-03-03 11:07:00,2,Completed,8786.64
O1006940,C100842,P1019,W103,2025-01-11 10:05:00,2,Shipped,28586.64
O1006941,C100642,P1033,W103,2025-10-25 11:43:00,2,Shipped,38051.0
O1006942,C100979,P1032,W103,2025-06-18 15:24:00,3,Completed,29231.43
O1006943,C100210,P1079,W107,2025-01-25 19:00:00,2,Completed,28695.12
O1006944,C100993,P1032,W108,2025-03-22 14:18:00,3,Completed,29231.43
O1006945,C100048,P1016,W108,2025-08-14 21:45:00,1,Completed,9429.11
O1006946,C100076,P1096,W107,2025-08-05 12:32:00,4,Completed,14809.52
O1006947,C100448,P1005,W103,2025-10-27 14:28:00,2,Shipped,1717.14
O1006948,C100658,P1021,W103,2025-01-10 20:51:00,2,Shipped,37050.24
O1006949,C100167,P1035,W108,2025-01-26 10:23:00,1,Processing,10111.4
O1006950,C100274,P1007,W104,2025-01-13 19:39:00,2,Processing,29535.46
O1006951,C100390,P1090,W102,2025-05-24 10:06:00,4,Cancelled,41441.52
O1006952,C100126,P1036,W107,2025-09-23 20:41:00,3,Completed,26852.52
O1006953,C100176,P1079,W104,2025-08-30 12:31:00,3,Completed,43042.68
O1006954,C100149,P1014,W101,2025-03-18 16:53:00,3,Completed,42506.34
O1006955,C100955,P1053,W108,2025-08-28 17:57:00,2,Completed,38361.86
O1006956,C100937,P1013,W103,2025-08-28 13:16:00,4,Cancelled,37955.84
O1006957,C100629,P1024,W103,2025-03-11 15:42:00,2,Completed,37901.9
O1006958,C100684,P1041,W105,2025-10-01 18:35:00,4,Completed,51584.32
O1006959,C100138,P1087,W103,2025-06-04 20:15:00,4,Completed,21851.2
O1006960,C100051,P1031,W107,2025-01-22 09:31:00,1,Completed,1529.2
O1006961,C100377,P1076,W106,2025-05-23 14:56:00,1,Shipped,10041.03
O1006962,C100985,P1010,W105,2025-10-08 19:56:00,4,Completed,31389.24
O1006963,C100478,P1026,W102,2025-09-12 15:46:00,1,Completed,9723.28
O1006964,C100808,P1061,W104,2025-04-08 08:24:00,3,Cancelled,55924.47
O1006965,C100370,P1047,W103,2025-10-04 09:45:00,1,Completed,13744.68
O1006966,C100310,P1051,W108,2025-05-23 19:27:00,3,Completed,56429.67
O1006967,C100813,P1068,W107,2025-06-17 13:55:00,3,Shipped,5108.85
O1006968,C100471,P1008,W101,2025-02-01 17:51:00,2,Completed,9019.34
O1006969,C100732,P1070,W105,2025-12-30 20:29:00,4,Completed,46484.52
O1006970,C100727,P1087,W107,2025-11-03 09:14:00,4,Completed,21851.2
O1006971,C100728,P1077,W105,2025-03-13 14:22:00,1,Completed,10519.05
O1006972,C100677,P1029,W102,2025-07-24 10:03:00,3,Completed,17774.55
O1006973,C100810,P1036,W102,2025-10-12 19:47:00,3,Shipped,26852.52
O1006974,C100464,P1097,W106,2025-07-04 14:20:00,2,Completed,36037.0
O1006975,C100304,P1079,W105,2025-03-18 20:16:00,4,Cancelled,57390.24
O1006976,C100513,P1094,W105,2025-12-20 12:11:00,2,Completed,48687.0
O1006977,C100325,P1092,W103,2025-04-09 10:02:00,2,Processing,13731.82
O1006978,C100044,P1044,W103,2025-05-03 20:08:00,3,Processing,59568.9
O1006979,C100362,P1013,W104,2025-05-16 16:35:00,1,Completed,9488.96
O1006980,C100501,P1023,W105,2025-11-22 10:41:00,4,Completed,18598.72
O1006981,C100521,P1030,W104,2025-07-02 17:43:00,2,Shipped,11799.64
O1006982,C100341,P1084,W108,2025-09-20 13:50:00,2,Completed,23284.62
O1006983,C100726,P1028,W102,2025-11-25 08:39:00,3,Processing,19023.45
O1006984,C100286,P1037,W104,2025-12-05 11:38:00,4,Completed,34838.48
O1006985,C100648,P1086,W102,2025-11-09 18:30:00,4,Processing,66501.64
O1006986,C100270,P1017,W101,2025-11-28 09:46:00,2,Completed,8528.62
O1006987,C100987,P1067,W104,2025-12-13 12:43:00,3,Completed,55336.11
O1006988,C100649,P1056,W101,2025-12-28 11:38:00,2,Completed,43091.24
O1006989,C100557,P1099,W103,2025-08-23 18:15:00,3,Completed,26637.48
O1006990,C100430,P1049,W106,2025-02-18 20:02:00,3,Completed,41964.78
O1006991,C100756,P1053,W104,2025-02-11 19:01:00,3,Completed,57542.79
O1006992,C100426,P1086,W106,2025-10-18 18:01:00,1,Shipped,16625.41
O1006993,C100804,P1100,W103,2025-04-26 09:15:00,1,Completed,20071.07
O1006994,C100160,P1073,W104,2025-10-21 20:47:00,1,Completed,9625.71
O1006995,C100821,P1070,W108,2025-12-08 10:15:00,1,Processing,11621.13
O1006996,C100962,P1088,W102,2025-08-24 13:40:00,3,Processing,43030.05
O1006997,C100243,P1098,W105,2025-10-06 19:35:00,1,Shipped,768.17
O1006998,C100224,P1074,W106,2025-04-12 11:21:00,1,Completed,8374.94
O1006999,C100955,P1030,W103,2025-06-08 11:02:00,2,Processing,11799.64
O1007000,C100407,P1065,W103,2025-12-19 08:22:00,1,Completed,8807.73
O1007001,C100696,P1024,W106,2025-10-26 13:00:00,4,Completed,75803.8
O1007002,C100191,P1051,W101,2025-03-16 14:55:00,1,Processing,18809.89
O1007003,C100428,P1045,W103,2025-12-08 14:32:00,1,Completed,5902.0
O1007004,C100704,P1099,W104,2025-07-02 08:33:00,1,Completed,8879.16
O1007005,C100895,P1056,W102,2025-11-05 10:52:00,1,Completed,21545.62
O1007006,C100437,P1096,W105,2025-07-10 08:03:00,2,Completed,7404.76
O1007007,C100076,P1081,W105,2025-08-09 11:08:00,1,Completed,14536.25
O1007008,C100414,P1085,W108,2025-03-01 16:27:00,2,Shipped,10950.24
O1007009,C100643,P1017,W105,2025-05-04 08:07:00,1,Processing,4264.31
O1007010,C100876,P1078,W105,2025-09-21 10:18:00,4,Cancelled,69145.4
O1007011,C100834,P1026,W106,2025-11-04 15:36:00,4,Completed,38893.12
O1007012,C100760,P1058,W102,2025-02-02 15:50:00,3,Completed,38344.38
O1007013,C100166,P1049,W104,2025-01-29 20:32:00,3,Shipped,41964.78
O1007014,C100520,P1026,W107,2025-09-10 16:01:00,3,Completed,29169.84
O1007015,C100577,P1099,W102,2025-06-13 20:57:00,4,Completed,35516.64
O1007016,C100469,P1088,W103,2025-11-06 18:08:00,1,Completed,14343.35
O1007017,C100924,P1058,W102,2025-01-25 15:42:00,3,Completed,38344.38
O1007018,C100960,P1002,W108,2025-05-08 13:21:00,1,Completed,14226.32
O1007019,C100211,P1019,W103,2025-01-13 09:33:00,2,Completed,28586.64
O1007020,C100957,P1023,W103,2025-09-16 17:52:00,4,Completed,18598.72
O1007021,C100847,P1098,W107,2025-11-10 21:07:00,3,Completed,2304.51
O1007022,C100705,P1041,W108,2025-02-27 13:07:00,3,Completed,38688.24
O1007023,C100382,P1005,W101,2025-04-29 12:58:00,1,Completed,858.57
O1007024,C100761,P1059,W108,2025-11-05 09:22:00,4,Completed,9984.48
O1007025,C100587,P1096,W106,2025-01-16 16:22:00,3,Processing,11107.14
O1007026,C100900,P1057,W107,2025-12-14 12:20:00,2,Completed,18945.04
O1007027,C100712,P1045,W101,2025-11-20 08:08:00,2,Shipped,11804.0
O1007028,C100965,P1018,W101,2025-02-25 08:06:00,3,Completed,63812.64
O1007029,C100420,P1088,W103,2025-02-20 12:41:00,4,Completed,57373.4
O1007030,C100083,P1011,W107,2025-09-10 14:28:00,3,Processing,65330.37
O1007031,C100492,P1094,W104,2025-01-04 14:24:00,4,Completed,97374.0
O1007032,C100998,P1023,W106,2025-07-04 18:21:00,1,Completed,4649.68
O1007033,C100656,P1014,W102,2025-01-25 15:23:00,3,Completed,42506.34
O1007034,C100704,P1035,W103,2025-07-13 18:59:00,4,Completed,40445.6
O1007035,C100626,P1001,W108,2025-05-08 12:09:00,3,Processing,27916.14
O1007036,C100593,P1002,W104,2025-09-15 11:14:00,2,Cancelled,28452.64
O1007037,C100062,P1019,W107,2025-11-18 15:33:00,2,Completed,28586.64
O1007038,C100414,P1070,W106,2025-06-28 09:28:00,2,Completed,23242.26
O1007039,C100087,P1082,W102,2025-08-23 18:42:00,2,Completed,30809.14
O1007040,C100337,P1025,W108,2025-08-08 10:35:00,1,Completed,10625.81
O1007041,C100720,P1065,W108,2025-12-26 20:48:00,1,Completed,8807.73
O1007042,C100805,P1036,W107,2025-03-26 21:46:00,3,Completed,26852.52
O1007043,C100224,P1044,W104,2025-03-29 15:31:00,1,Processing,19856.3
O1007044,C100655,P1034,W104,2025-05-19 12:22:00,4,Processing,49991.2
O1007045,C100227,P1090,W103,2025-09-26 12:44:00,4,Completed,41441.52
O1007046,C100201,P1052,W106,2025-11-12 14:00:00,2,Completed,19234.02
O1007047,C100960,P1051,W103,2025-04-12 14:42:00,2,Cancelled,37619.78
O1007048,C100610,P1086,W102,2025-02-10 09:03:00,4,Completed,66501.64
O1007049,C100198,P1066,W101,2025-08-11 10:45:00,1,Completed,19641.89
O1007050,C100142,P1015,W104,2025-08-07 19:03:00,2,Completed,13084.58
O1007051,C100050,P1019,W107,2025-05-17 08:44:00,3,Completed,42879.96
O1007052,C100497,P1035,W107,2025-03-09 14:16:00,4,Completed,40445.6
O1007053,C100102,P1010,W107,2025-11-07 20:15:00,2,Completed,15694.62
O1007054,C100584,P1070,W105,2025-11-05 09:13:00,3,Completed,34863.39
O1007055,C100434,P1050,W107,2025-09-30 20:57:00,1,Shipped,14826.4
O1007056,C100636,P1005,W107,2025-07-31 14:37:00,4,Completed,3434.28
O1007057,C100208,P1041,W107,2025-04-06 13:55:00,3,Shipped,38688.24
O1007058,C100146,P1083,W105,2025-05-28 17:59:00,3,Completed,10518.9
O1007059,C100101,P1091,W101,2025-01-25 18:52:00,1,Completed,22319.24
O1007060,C100096,P1097,W104,2025-04-02 14:37:00,2,Cancelled,36037.0
O1007061,C100073,P1093,W107,2025-06-14 09:09:00,3,Completed,59953.83
O1007062,C100259,P1061,W106,2025-06-09 21:33:00,2,Completed,37282.98
O1007063,C100801,P1093,W101,2025-01-30 08:07:00,4,Completed,79938.44
O1007064,C100608,P1096,W101,2025-12-16 20:12:00,4,Completed,14809.52
O1007065,C100251,P1064,W106,2025-04-08 14:04:00,1,Completed,4924.33
O1007066,C100932,P1042,W108,2025-07-05 15:12:00,4,Processing,71842.08
O1007067,C100762,P1097,W106,2025-06-19 18:42:00,2,Processing,36037.0
O1007068,C100780,P1042,W108,2025-06-21 21:10:00,3,Completed,53881.56
O1007069,C100899,P1017,W101,2025-11-05 10:06:00,2,Completed,8528.62
O1007070,C100746,P1011,W108,2025-09-30 19:21:00,3,Completed,65330.37
O1007071,C100957,P1057,W102,2025-11-13 17:15:00,2,Completed,18945.04
O1007072,C100331,P1004,W108,2025-05-19 13:09:00,2,Completed,35251.62
O1007073,C100857,P1012,W108,2025-04-07 13:57:00,3,Completed,47023.47
O1007074,C100112,P1025,W105,2025-06-06 18:47:00,1,Completed,10625.81
O1007075,C100301,P1053,W105,2025-07-24 09:57:00,2,Completed,38361.86
O1007076,C100892,P1048,W104,2025-05-03 15:04:00,1,Completed,14921.68
O1007077,C100134,P1052,W105,2025-06-17 18:06:00,1,Completed,9617.01
O1007078,C100501,P1051,W107,2025-02-25 15:32:00,3,Completed,56429.67
O1007079,C100341,P1100,W103,2025-08-02 14:16:00,2,Processing,40142.14
O1007080,C100101,P1022,W103,2025-09-18 15:17:00,3,Shipped,67111.44
O1007081,C100236,P1048,W108,2025-07-12 15:09:00,4,Completed,59686.72
O1007082,C100535,P1062,W107,2025-11-15 19:15:00,3,Completed,29013.72
O1007083,C100631,P1028,W105,2025-12-30 19:29:00,2,Completed,12682.3
O1007084,C100676,P1019,W102,2025-11-27 20:51:00,3,Completed,42879.96
O1007085,C100132,P1005,W108,2025-02-03 09:00:00,4,Completed,3434.28
O1007086,C100320,P1033,W108,2025-11-18 12:28:00,2,Completed,38051.0
O1007087,C100105,P1026,W103,2025-05-02 20:16:00,2,Completed,19446.56
O1007088,C100010,P1020,W105,2025-06-14 16:59:00,1,Completed,19341.31
O1007089,C100391,P1028,W104,2025-05-31 13:16:00,1,Processing,6341.15
O1007090,C100622,P1070,W107,2025-04-14 16:47:00,1,Completed,11621.13
O1007091,C100371,P1083,W106,2025-11-17 14:29:00,1,Completed,3506.3
O1007092,C100041,P1052,W104,2025-08-21 20:25:00,1,Processing,9617.01
O1007093,C100220,P1007,W108,2025-12-19 15:48:00,4,Completed,59070.92
O1007094,C100433,P1074,W105,2025-12-15 14:15:00,3,Cancelled,25124.82
O1007095,C100356,P1016,W104,2025-06-03 16:43:00,1,Processing,9429.11
O1007096,C100825,P1006,W108,2025-09-23 10:39:00,4,Completed,12446.4
O1007097,C100598,P1057,W104,2025-07-03 18:47:00,4,Completed,37890.08
O1007098,C100999,P1043,W104,2025-06-30 10:50:00,4,Shipped,42894.08
O1007099,C100176,P1032,W104,2025-09-27 08:19:00,4,Completed,38975.24
O1007100,C100371,P1097,W102,2025-09-09 08:43:00,1,Completed,18018.5
O1007101,C100088,P1010,W103,2025-11-29 08:55:00,3,Completed,23541.93
O1007102,C100021,P1006,W101,2025-10-09 09:24:00,4,Shipped,12446.4
O1007103,C100924,P1059,W106,2025-08-16 08:42:00,1,Completed,2496.12
O1007104,C100493,P1042,W105,2025-12-02 12:13:00,3,Shipped,53881.56
O1007105,C100660,P1081,W108,2025-02-07 21:27:00,1,Completed,14536.25
O1007106,C100277,P1005,W105,2025-10-06 09:26:00,2,Completed,1717.14
O1007107,C100052,P1042,W101,2025-05-24 17:27:00,4,Shipped,71842.08
O1007108,C100893,P1015,W105,2025-06-08 20:11:00,3,Completed,19626.87
O1007109,C100659,P1005,W102,2025-10-13 19:19:00,2,Completed,1717.14
O1007110,C100712,P1047,W101,2025-04-10 13:04:00,4,Shipped,54978.72
O1007111,C100534,P1074,W106,2025-11-19 08:44:00,1,Completed,8374.94
O1007112,C100405,P1016,W101,2025-07-02 13:09:00,2,Completed,18858.22
O1007113,C100423,P1085,W104,2025-05-08 16:25:00,2,Completed,10950.24
O1007114,C100763,P1052,W108,2025-04-30 18:36:00,3,Processing,28851.03
O1007115,C100228,P1049,W103,2025-06-03 09:59:00,2,Completed,27976.52
O1007116,C100342,P1093,W106,2025-12-11 12:13:00,2,Completed,39969.22
O1007117,C100308,P1033,W104,2025-02-07 16:25:00,3,Processing,57076.5
O1007118,C100522,P1021,W101,2025-07-05 18:00:00,1,Shipped,18525.12
O1007119,C100968,P1079,W102,2025-11-01 12:21:00,1,Completed,14347.56
O1007120,C100923,P1011,W101,2025-06-22 19:30:00,1,Completed,21776.79
O1007121,C100545,P1088,W102,2025-07-26 19:13:00,2,Shipped,28686.7
O1007122,C100201,P1083,W102,2025-05-08 13:02:00,1,Processing,3506.3
O1007123,C100941,P1098,W108,2025-02-19 15:30:00,1,Processing,768.17
O1007124,C100314,P1047,W107,2025-08-22 14:41:00,3,Completed,41234.04
O1007125,C100357,P1063,W103,2025-12-02 17:21:00,3,Shipped,21503.34
O1007126,C100886,P1089,W106,2025-07-09 12:30:00,1,Shipped,6310.37
O1007127,C100264,P1014,W102,2025-06-07 12:36:00,2,Shipped,28337.56
O1007128,C100462,P1031,W106,2025-02-17 13:55:00,3,Shipped,4587.6
O1007129,C100917,P1048,W102,2025-12-11 11:01:00,4,Completed,59686.72
O1007130,C100318,P1063,W106,2025-11-14 16:07:00,4,Shipped,28671.12
O1007131,C100625,P1068,W103,2025-11-26 21:24:00,1,Completed,1702.95
O1007132,C100038,P1093,W107,2025-05-12 12:53:00,4,Completed,79938.44
O1007133,C100996,P1049,W107,2025-08-17 20:03:00,2,Completed,27976.52
O1007134,C100419,P1018,W103,2025-06-07 14:29:00,2,Completed,42541.76
O1007135,C100671,P1019,W101,2025-03-27 10:19:00,3,Completed,42879.96
O1007136,C100501,P1081,W103,2025-03-17 14:56:00,1,Completed,14536.25
O1007137,C100434,P1047,W103,2025-05-21 14:59:00,2,Completed,27489.36
O1007138,C100407,P1064,W104,2025-07-21 08:20:00,2,Cancelled,9848.66
O1007139,C100018,P1057,W105,2025-02-14 14:42:00,3,Completed,28417.56
O1007140,C100278,P1082,W108,2025-09-14 10:17:00,1,Completed,15404.57
O1007141,C100381,P1022,W101,2025-06-17 19:07:00,1,Completed,22370.48
O1007142,C100370,P1018,W105,2025-11-18 15:34:00,2,Shipped,42541.76
O1007143,C100274,P1074,W102,2025-04-12 12:15:00,4,Completed,33499.76
O1007144,C100643,P1044,W105,2025-01-19 08:02:00,3,Completed,59568.9
O1007145,C100830,P1082,W106,2025-04-24 15:59:00,3,Completed,46213.71
O1007146,C100892,P1013,W107,2025-12-22 17:51:00,3,Completed,28466.88
O1007147,C100973,P1028,W105,2025-04-28 13:56:00,3,Completed,19023.45
O1007148,C100650,P1097,W102,2025-09-14 20:40:00,1,Completed,18018.5
O1007149,C100412,P1085,W108,2025-11-04 10:44:00,4,Completed,21900.48
O1007150,C100647,P1007,W104,2025-04-14 18:33:00,1,Completed,14767.73
O1007151,C100133,P1082,W104,2025-08-23 14:56:00,3,Completed,46213.71
O1007152,C100817,P1007,W106,2025-03-16 12:23:00,4,Cancelled,59070.92
O1007153,C100535,P1013,W103,2025-05-13 12:02:00,3,Shipped,28466.88
O1007154,C100166,P1090,W108,2025-04-19 14:17:00,4,Shipped,41441.52
O1007155,C100426,P1013,W101,2025-09-03 09:07:00,1,Cancelled,9488.96
O1007156,C100302,P1031,W102,2025-11-16 17:06:00,3,Completed,4587.6
O1007157,C100350,P1014,W108,2025-04-03 13:43:00,1,Completed,14168.78
O1007158,C100051,P1060,W104,2025-04-17 17:31:00,3,Shipped,14679.39
O1007159,C100017,P1006,W108,2025-10-27 15:12:00,1,Completed,3111.6
O1007160,C100350,P1029,W108,2025-06-18 21:41:00,3,Completed,17774.55
O1007161,C100302,P1033,W108,2025-07-07 09:09:00,2,Shipped,38051.0
O1007162,C100999,P1065,W106,2025-09-15 14:54:00,1,Completed,8807.73
O1007163,C100263,P1050,W106,2025-02-20 15:30:00,4,Completed,59305.6
O1007164,C100330,P1020,W105,2025-11-15 11:29:00,4,Completed,77365.24
O1007165,C100916,P1047,W106,2025-05-14 17:24:00,1,Completed,13744.68
O1007166,C100860,P1046,W103,2025-08-29 13:04:00,1,Completed,20401.87
O1007167,C100057,P1036,W107,2025-06-07 18:41:00,1,Completed,8950.84
O1007168,C100086,P1054,W102,2025-10-02 20:54:00,3,Completed,39976.62
O1007169,C100095,P1033,W104,2025-08-12 19:57:00,4,Cancelled,76102.0
O1007170,C100460,P1034,W103,2025-03-05 16:51:00,1,Completed,12497.8
O1007171,C100573,P1079,W107,2025-03-10 18:03:00,2,Processing,28695.12
O1007172,C100352,P1026,W103,2025-11-17 20:05:00,3,Processing,29169.84
O1007173,C100013,P1033,W102,2025-07-09 21:43:00,2,Completed,38051.0
O1007174,C100202,P1015,W107,2025-04-11 18:08:00,4,Completed,26169.16
O1007175,C100615,P1070,W104,2025-02-22 20:46:00,4,Processing,46484.52
O1007176,C100373,P1071,W106,2025-02-16 21:30:00,3,Completed,34167.57
O1007177,C100124,P1068,W108,2025-12-02 10:27:00,3,Completed,5108.85
O1007178,C100652,P1017,W107,2025-12-23 15:01:00,2,Completed,8528.62
O1007179,C100614,P1046,W104,2025-05-24 13:00:00,2,Shipped,40803.74
O1007180,C100491,P1030,W102,2025-03-15 21:17:00,3,Shipped,17699.46
O1007181,C100941,P1077,W108,2025-06-02 18:24:00,1,Completed,10519.05
O1007182,C100845,P1034,W103,2025-02-19 20:24:00,3,Completed,37493.4
O1007183,C100040,P1042,W107,2025-07-20 12:53:00,1,Completed,17960.52
O1007184,C100905,P1046,W107,2025-08-17 19:48:00,3,Completed,61205.61
O1007185,C100050,P1077,W104,2025-12-26 09:08:00,3,Completed,31557.15
O1007186,C100482,P1071,W102,2025-04-27 21:08:00,2,Processing,22778.38
O1007187,C100902,P1082,W104,2025-03-14 11:13:00,2,Completed,30809.14
O1007188,C100982,P1043,W102,2025-02-18 15:21:00,3,Completed,32170.56
O1007189,C100023,P1082,W103,2025-05-18 18:01:00,3,Completed,46213.71
O1007190,C100073,P1088,W104,2025-08-08 18:23:00,3,Completed,43030.05
O1007191,C100242,P1053,W105,2025-01-25 10:58:00,4,Processing,76723.72
O1007192,C100277,P1068,W102,2025-10-05 15:46:00,1,Completed,1702.95
O1007193,C100280,P1091,W107,2025-06-17 15:25:00,1,Completed,22319.24
O1007194,C100417,P1084,W101,2025-10-17 18:52:00,3,Cancelled,34926.93
O1007195,C100319,P1028,W108,2025-06-19 12:29:00,1,Completed,6341.15
O1007196,C100583,P1072,W103,2025-02-26 18:41:00,1,Shipped,10483.19
O1007197,C100854,P1045,W104,2025-01-08 16:37:00,2,Processing,11804.0
O1007198,C100546,P1015,W108,2025-07-23 18:37:00,3,Shipped,19626.87
O1007199,C100332,P1038,W106,2025-07-16 20:15:00,1,Completed,4553.19
O1007200,C100568,P1098,W101,2025-10-24 13:59:00,2,Completed,1536.34
O1007201,C100621,P1096,W105,2025-11-17 14:03:00,1,Completed,3702.38
O1007202,C100897,P1079,W105,2025-02-28 19:08:00,4,Completed,57390.24
O1007203,C100948,P1100,W108,2025-04-25 18:56:00,4,Completed,80284.28
O1007204,C100278,P1058,W105,2025-03-17 20:16:00,1,Completed,12781.46
O1007205,C100919,P1076,W108,2025-02-08 15:42:00,2,Cancelled,20082.06
O1007206,C100817,P1017,W105,2025-01-01 16:54:00,2,Completed,8528.62
O1007207,C100129,P1030,W102,2025-01-31 08:49:00,2,Completed,11799.64
O1007208,C100559,P1018,W105,2025-07-11 14:21:00,1,Completed,21270.88
O1007209,C100153,P1094,W108,2025-02-25 11:26:00,2,Completed,48687.0
O1007210,C100491,P1062,W101,2025-03-13 19:56:00,4,Completed,38684.96
O1007211,C100045,P1094,W104,2025-02-13 09:42:00,1,Completed,24343.5
O1007212,C100300,P1042,W101,2025-09-22 18:53:00,1,Completed,17960.52
O1007213,C100589,P1041,W107,2025-08-21 19:42:00,2,Shipped,25792.16
O1007214,C100305,P1068,W105,2025-12-18 14:34:00,2,Completed,3405.9
O1007215,C100011,P1057,W106,2025-02-10 17:21:00,2,Shipped,18945.04
O1007216,C100389,P1038,W108,2025-03-18 16:07:00,1,Completed,4553.19
O1007217,C100542,P1032,W107,2025-06-16 17:38:00,1,Completed,9743.81
O1007218,C100764,P1052,W104,2025-08-25 17:36:00,4,Completed,38468.04
O1007219,C100137,P1008,W108,2025-02-17 11:32:00,1,Completed,4509.67
O1007220,C100477,P1019,W104,2025-03-19 17:38:00,2,Completed,28586.64
O1007221,C100199,P1005,W108,2025-06-03 20:37:00,4,Completed,3434.28
O1007222,C100154,P1016,W108,2025-01-07 12:21:00,3,Shipped,28287.33
O1007223,C100122,P1020,W102,2025-05-25 12:17:00,1,Completed,19341.31
O1007224,C100760,P1008,W107,2025-10-04 12:05:00,1,Completed,4509.67
O1007225,C100920,P1006,W106,2025-07-12 20:45:00,2,Completed,6223.2
O1007226,C100664,P1082,W107,2025-06-08 20:25:00,2,Completed,30809.14
O1007227,C100379,P1019,W102,2025-06-28 12:52:00,4,Processing,57173.28
O1007228,C100950,P1056,W105,2025-12-12 21:07:00,1,Completed,21545.62
O1007229,C100498,P1010,W102,2025-07-09 18:39:00,1,Completed,7847.31
O1007230,C100530,P1095,W108,2025-07-15 13:37:00,3,Shipped,61997.16
O1007231,C100635,P1024,W107,2025-12-06 19:33:00,4,Completed,75803.8
O1007232,C100655,P1075,W105,2025-02-27 20:47:00,1,Completed,13394.92
O1007233,C100493,P1065,W102,2025-02-05 20:09:00,4,Completed,35230.92
O1007234,C100480,P1077,W106,2025-06-14 14:35:00,4,Processing,42076.2
O1007235,C100318,P1063,W104,2025-04-27 11:02:00,2,Completed,14335.56
O1007236,C100681,P1051,W107,2025-03-16 10:20:00,2,Completed,37619.78
O1007237,C100673,P1078,W101,2025-02-13 19:34:00,4,Completed,69145.4
O1007238,C100437,P1082,W104,2025-11-17 18:15:00,3,Completed,46213.71
O1007239,C100713,P1038,W103,2025-08-13 17:55:00,3,Completed,13659.57
O1007240,C100138,P1095,W108,2025-09-10 08:38:00,2,Processing,41331.44
O1007241,C100417,P1099,W103,2025-02-13 21:30:00,4,Completed,35516.64
O1007242,C100987,P1073,W108,2025-05-05 09:35:00,2,Completed,19251.42
O1007243,C100734,P1093,W108,2025-08-15 16:07:00,2,Completed,39969.22
O1007244,C100721,P1011,W105,2025-07-12 21:10:00,4,Completed,87107.16
O1007245,C100864,P1055,W102,2025-09-11 11:23:00,3,Completed,32685.21
O1007246,C100609,P1066,W102,2025-09-02 15:14:00,4,Completed,78567.56
O1007247,C100663,P1093,W101,2025-05-31 19:45:00,4,Shipped,79938.44
O1007248,C100482,P1013,W107,2025-10-13 11:43:00,3,Completed,28466.88
O1007249,C100827,P1081,W106,2025-04-05 09:25:00,1,Completed,14536.25
O1007250,C100712,P1008,W103,2025-01-30 14:43:00,4,Completed,18038.68
O1007251,C100524,P1036,W106,2025-11-30 19:07:00,3,Completed,26852.52
O1007252,C100127,P1070,W105,2025-01-09 16:05:00,1,Completed,11621.13
O1007253,C100807,P1030,W107,2025-04-14 14:11:00,1,Completed,5899.82
O1007254,C100327,P1084,W101,2025-02-11 16:56:00,4,Shipped,46569.24
O1007255,C100360,P1094,W102,2025-03-26 08:43:00,1,Completed,24343.5
O1007256,C100125,P1016,W107,2025-05-25 12:52:00,2,Completed,18858.22
O1007257,C100218,P1026,W103,2025-02-17 20:17:00,4,Completed,38893.12
O1007258,C100127,P1008,W108,2025-06-20 13:25:00,4,Completed,18038.68
O1007259,C100098,P1072,W108,2025-12-05 21:30:00,4,Shipped,41932.76
O1007260,C100022,P1089,W101,2025-02-19 15:41:00,3,Completed,18931.11
O1007261,C100295,P1061,W104,2025-12-05 21:04:00,2,Completed,37282.98
O1007262,C100756,P1014,W106,2025-05-31 16:46:00,2,Processing,28337.56
O1007263,C100864,P1018,W102,2025-08-05 13:51:00,4,Completed,85083.52
O1007264,C100228,P1004,W107,2025-06-11 20:53:00,3,Completed,52877.43
O1007265,C100424,P1049,W101,2025-04-26 11:46:00,2,Shipped,27976.52
O1007266,C100833,P1073,W101,2025-02-09 13:29:00,4,Completed,38502.84
O1007267,C100707,P1016,W105,2025-08-05 18:06:00,2,Completed,18858.22
O1007268,C100905,P1085,W102,2025-12-01 20:14:00,1,Completed,5475.12
O1007269,C100421,P1026,W106,2025-07-10 10:42:00,3,Completed,29169.84
O1007270,C100169,P1052,W104,2025-08-07 21:54:00,2,Completed,19234.02
O1007271,C100144,P1067,W103,2025-08-23 14:01:00,3,Shipped,55336.11
O1007272,C100709,P1054,W107,2025-05-22 12:44:00,3,Completed,39976.62
O1007273,C100027,P1048,W102,2025-02-14 09:47:00,3,Processing,44765.04
O1007274,C100461,P1034,W104,2025-07-05 08:22:00,2,Completed,24995.6
O1007275,C100354,P1044,W102,2025-11-14 15:48:00,2,Completed,39712.6
O1007276,C100919,P1024,W102,2025-04-25 16:27:00,2,Completed,37901.9
O1007277,C100999,P1030,W102,2025-11-15 09:18:00,4,Completed,23599.28
O1007278,C100485,P1076,W103,2025-11-08 20:39:00,3,Completed,30123.09
O1007279,C100581,P1089,W104,2025-03-31 15:36:00,2,Completed,12620.74
O1007280,C100379,P1085,W104,2025-07-29 08:44:00,4,Completed,21900.48
O1007281,C100777,P1034,W102,2025-09-30 19:46:00,4,Completed,49991.2
O1007282,C100295,P1033,W101,2025-06-30 10:45:00,3,Completed,57076.5
O1007283,C100745,P1006,W101,2025-09-13 17:25:00,4,Completed,12446.4
O1007284,C100904,P1028,W106,2025-11-29 17:27:00,4,Completed,25364.6
O1007285,C100172,P1059,W108,2025-08-17 19:20:00,3,Completed,7488.36
O1007286,C100227,P1027,W101,2025-11-02 19:20:00,1,Completed,13032.23
O1007287,C100379,P1074,W101,2025-10-20 21:47:00,2,Cancelled,16749.88
O1007288,C100828,P1006,W107,2025-10-24 09:12:00,1,Completed,3111.6
O1007289,C100641,P1042,W106,2025-11-08 13:06:00,3,Completed,53881.56
O1007290,C100195,P1029,W106,2025-03-24 13:05:00,1,Completed,5924.85
O1007291,C100369,P1050,W102,2025-01-07 13:16:00,2,Completed,29652.8
O1007292,C100644,P1003,W107,2025-02-25 11:20:00,2,Completed,18561.08
O1007293,C100965,P1042,W105,2025-04-02 11:16:00,2,Processing,35921.04
O1007294,C100452,P1079,W102,2025-09-09 21:30:00,3,Completed,43042.68
O1007295,C100075,P1086,W101,2025-07-06 20:35:00,3,Shipped,49876.23
O1007296,C100105,P1026,W105,2025-06-21 17:33:00,1,Shipped,9723.28
O1007297,C100029,P1043,W107,2025-01-04 15:46:00,4,Shipped,42894.08
O1007298,C100126,P1070,W107,2025-09-07 14:39:00,2,Completed,23242.26
O1007299,C100413,P1047,W105,2025-05-13 17:32:00,1,Completed,13744.68
O1007300,C100282,P1055,W105,2025-10-05 20:04:00,3,Shipped,32685.21
O1007301,C100302,P1035,W106,2025-02-11 13:58:00,2,Shipped,20222.8
O1007302,C100767,P1084,W102,2025-04-18 15:31:00,3,Completed,34926.93
O1007303,C100478,P1064,W103,2025-01-20 20:46:00,4,Completed,19697.32
O1007304,C100729,P1097,W101,2025-04-14 20:45:00,3,Completed,54055.5
O1007305,C100542,P1078,W107,2025-12-04 11:13:00,4,Completed,69145.4
O1007306,C100206,P1037,W105,2025-06-29 11:20:00,3,Completed,26128.86
O1007307,C100949,P1033,W107,2025-06-10 10:51:00,2,Completed,38051.0
O1007308,C100477,P1009,W104,2025-04-10 08:22:00,4,Shipped,49527.28
O1007309,C100837,P1063,W108,2025-04-07 17:43:00,3,Completed,21503.34
O1007310,C100097,P1075,W108,2025-09-01 14:00:00,3,Completed,40184.76
O1007311,C100850,P1036,W105,2025-12-26 08:26:00,2,Shipped,17901.68
O1007312,C100716,P1003,W107,2025-09-30 10:51:00,4,Completed,37122.16
O1007313,C100250,P1083,W106,2025-09-27 15:27:00,4,Completed,14025.2
O1007314,C100794,P1023,W106,2025-06-22 19:42:00,4,Shipped,18598.72
O1007315,C100743,P1059,W102,2025-02-06 17:16:00,2,Completed,4992.24
O1007316,C100894,P1006,W108,2025-09-22 15:27:00,4,Processing,12446.4
O1007317,C100210,P1007,W102,2025-10-23 10:36:00,3,Completed,44303.19
O1007318,C100886,P1090,W106,2025-07-06 12:02:00,1,Completed,10360.38
O1007319,C100763,P1068,W105,2025-02-03 18:56:00,4,Completed,6811.8
O1007320,C100338,P1001,W101,2025-09-18 18:49:00,3,Completed,27916.14
O1007321,C100351,P1011,W107,2025-12-03 20:09:00,3,Completed,65330.37
O1007322,C100255,P1050,W101,2025-03-24 15:22:00,2,Completed,29652.8
O1007323,C100477,P1069,W105,2025-02-28 11:49:00,4,Shipped,54434.56
O1007324,C100897,P1043,W107,2025-09-27 15:02:00,1,Completed,10723.52
O1007325,C100838,P1088,W102,2025-05-02 20:32:00,2,Completed,28686.7
O1007326,C100147,P1066,W103,2025-09-19 10:31:00,3,Shipped,58925.67
O1007327,C100132,P1062,W105,2025-09-14 19:51:00,1,Completed,9671.24
O1007328,C100060,P1029,W108,2025-04-08 21:55:00,1,Shipped,5924.85
O1007329,C100615,P1069,W104,2025-01-16 19:28:00,3,Completed,40825.92
O1007330,C100315,P1088,W101,2025-07-22 17:13:00,3,Completed,43030.05
O1007331,C100761,P1005,W102,2025-05-29 13:43:00,4,Completed,3434.28
O1007332,C100761,P1074,W102,2025-11-09 19:58:00,4,Processing,33499.76
O1007333,C100198,P1088,W107,2025-05-11 10:15:00,1,Shipped,14343.35
O1007334,C100695,P1044,W107,2025-04-02 18:38:00,2,Shipped,39712.6
O1007335,C100765,P1077,W104,2025-11-10 13:37:00,4,Completed,42076.2
O1007336,C100988,P1036,W107,2025-09-26 15:02:00,4,Completed,35803.36
O1007337,C100723,P1020,W108,2025-08-14 14:29:00,1,Completed,19341.31
O1007338,C100360,P1082,W107,2025-12-15 08:08:00,4,Completed,61618.28
O1007339,C101000,P1032,W101,2025-10-13 21:48:00,1,Completed,9743.81
O1007340,C100276,P1076,W101,2025-11-13 17:20:00,4,Completed,40164.12
O1007341,C100806,P1032,W106,2025-10-19 16:24:00,2,Shipped,19487.62
O1007342,C100379,P1040,W104,2025-05-27 09:24:00,1,Completed,4393.32
O1007343,C100936,P1069,W102,2025-01-23 18:54:00,1,Completed,13608.64
O1007344,C100783,P1035,W106,2025-08-10 21:27:00,4,Completed,40445.6
O1007345,C100600,P1081,W103,2025-10-07 19:24:00,4,Completed,58145.0
O1007346,C100215,P1004,W108,2025-12-28 11:29:00,1,Completed,17625.81
O1007347,C100189,P1002,W105,2025-09-06 10:32:00,4,Completed,56905.28
O1007348,C100948,P1009,W102,2025-07-27 13:08:00,4,Shipped,49527.28
O1007349,C100802,P1026,W108,2025-07-30 08:18:00,3,Completed,29169.84
O1007350,C100513,P1006,W105,2025-02-11 15:43:00,1,Completed,3111.6
O1007351,C100878,P1039,W103,2025-01-03 14:24:00,2,Completed,37168.0
O1007352,C100784,P1003,W102,2025-01-17 15:02:00,1,Completed,9280.54
O1007353,C100388,P1076,W105,2025-11-27 21:51:00,2,Completed,20082.06
O1007354,C100828,P1016,W106,2025-10-16 17:10:00,2,Completed,18858.22
O1007355,C100797,P1098,W107,2025-04-05 13:50:00,3,Completed,2304.51
O1007356,C100479,P1086,W102,2025-06-04 18:58:00,3,Shipped,49876.23
O1007357,C100020,P1070,W104,2025-06-26 13:10:00,1,Completed,11621.13
O1007358,C100742,P1080,W108,2025-04-01 18:36:00,4,Completed,25260.76
O1007359,C100340,P1078,W106,2025-06-04 21:03:00,3,Completed,51859.05
O1007360,C100365,P1085,W101,2025-05-07 20:42:00,3,Shipped,16425.36
O1007361,C100714,P1056,W108,2025-09-11 15:15:00,4,Processing,86182.48
O1007362,C100811,P1063,W106,2025-10-04 14:34:00,3,Cancelled,21503.34
O1007363,C100088,P1047,W104,2025-02-05 13:33:00,4,Completed,54978.72
O1007364,C100824,P1063,W107,2025-06-19 15:28:00,2,Completed,14335.56
O1007365,C100293,P1039,W106,2025-12-28 21:06:00,3,Completed,55752.0
O1007366,C100567,P1013,W103,2025-11-14 20:14:00,4,Completed,37955.84
O1007367,C100869,P1094,W107,2025-10-17 16:29:00,4,Completed,97374.0
O1007368,C100219,P1070,W103,2025-09-26 11:57:00,2,Completed,23242.26
O1007369,C100221,P1071,W102,2025-01-02 13:16:00,3,Cancelled,34167.57
O1007370,C100971,P1029,W105,2025-12-22 11:26:00,4,Completed,23699.4
O1007371,C100374,P1078,W101,2025-09-26 10:36:00,3,Completed,51859.05
O1007372,C100947,P1052,W106,2025-11-21 08:07:00,4,Completed,38468.04
O1007373,C100358,P1008,W105,2025-11-28 18:50:00,4,Completed,18038.68
O1007374,C100620,P1096,W106,2025-04-03 18:20:00,2,Completed,7404.76
O1007375,C100511,P1100,W102,2025-01-06 10:30:00,2,Completed,40142.14
O1007376,C100984,P1088,W105,2025-08-29 17:37:00,2,Completed,28686.7
O1007377,C100551,P1048,W104,2025-06-17 10:18:00,2,Shipped,29843.36
O1007378,C100503,P1024,W102,2025-01-08 11:52:00,3,Completed,56852.85
O1007379,C100467,P1002,W104,2025-04-09 11:37:00,2,Shipped,28452.64
O1007380,C100376,P1074,W108,2025-12-28 09:49:00,4,Shipped,33499.76
O1007381,C100441,P1090,W107,2025-05-13 18:12:00,3,Completed,31081.14
O1007382,C100461,P1011,W102,2025-04-06 08:35:00,3,Completed,65330.37
O1007383,C100764,P1069,W107,2025-08-27 13:40:00,4,Processing,54434.56
O1007384,C100046,P1003,W105,2025-08-31 14:49:00,4,Completed,37122.16
O1007385,C100501,P1078,W101,2025-05-02 16:04:00,1,Completed,17286.35
O1007386,C100550,P1003,W108,2025-11-06 10:42:00,4,Completed,37122.16
O1007387,C100754,P1098,W105,2025-07-31 14:35:00,4,Processing,3072.68
O1007388,C100667,P1018,W108,2025-02-28 19:06:00,2,Completed,42541.76
O1007389,C100432,P1041,W101,2025-04-29 13:14:00,1,Completed,12896.08
O1007390,C100110,P1070,W102,2025-11-06 21:18:00,3,Completed,34863.39
O1007391,C100373,P1085,W108,2025-02-02 14:01:00,4,Completed,21900.48
O1007392,C100256,P1037,W102,2025-01-05 18:52:00,3,Completed,26128.86
O1007393,C100205,P1099,W105,2025-08-28 09:35:00,3,Completed,26637.48
O1007394,C100722,P1002,W105,2025-06-11 19:55:00,1,Completed,14226.32
O1007395,C100479,P1048,W108,2025-04-03 14:42:00,4,Completed,59686.72
O1007396,C100794,P1099,W103,2025-06-22 21:52:00,4,Completed,35516.64
O1007397,C100139,P1028,W107,2025-03-09 17:48:00,1,Completed,6341.15
O1007398,C100986,P1054,W106,2025-05-17 18:22:00,2,Completed,26651.08
O1007399,C100474,P1045,W106,2025-03-27 10:04:00,4,Completed,23608.0
O1007400,C100254,P1040,W105,2025-08-03 15:56:00,3,Completed,13179.96
O1007401,C100363,P1077,W101,2025-09-03 18:19:00,2,Completed,21038.1
O1007402,C100842,P1052,W103,2025-11-30 19:20:00,3,Completed,28851.03
O1007403,C100710,P1072,W105,2025-01-25 13:16:00,1,Completed,10483.19
O1007404,C100173,P1052,W104,2025-04-30 15:53:00,4,Completed,38468.04
O1007405,C100991,P1100,W102,2025-04-07 10:25:00,3,Shipped,60213.21
O1007406,C100131,P1048,W106,2025-07-31 14:03:00,3,Completed,44765.04
O1007407,C100276,P1080,W104,2025-07-14 14:39:00,3,Completed,18945.57
O1007408,C100730,P1062,W107,2025-11-17 08:27:00,3,Completed,29013.72
O1007409,C100530,P1081,W105,2025-12-02 20:49:00,2,Completed,29072.5
O1007410,C100446,P1089,W103,2025-10-10 17:00:00,1,Completed,6310.37
O1007411,C100927,P1023,W101,2025-03-14 10:33:00,2,Completed,9299.36
O1007412,C100794,P1031,W101,2025-01-15 20:33:00,4,Shipped,6116.8
O1007413,C100963,P1031,W105,2025-11-25 17:40:00,1,Completed,1529.2
O1007414,C100283,P1049,W103,2025-12-11 17:42:00,2,Cancelled,27976.52
O1007415,C100851,P1050,W106,2025-04-02 21:03:00,4,Completed,59305.6
O1007416,C100214,P1001,W106,2025-01-18 13:39:00,3,Completed,27916.14
O1007417,C100806,P1090,W103,2025-09-06 12:58:00,1,Cancelled,10360.38
O1007418,C100549,P1086,W107,2025-08-03 16:38:00,4,Completed,66501.64
O1007419,C100598,P1061,W105,2025-11-21 20:26:00,1,Shipped,18641.49
O1007420,C100116,P1031,W108,2025-07-30 19:22:00,2,Completed,3058.4
O1007421,C100880,P1083,W108,2025-10-05 19:00:00,1,Completed,3506.3
O1007422,C100279,P1028,W108,2025-10-15 18:41:00,2,Completed,12682.3
O1007423,C100599,P1031,W102,2025-01-04 08:29:00,2,Shipped,3058.4
O1007424,C100167,P1100,W105,2025-02-24 14:52:00,2,Completed,40142.14
O1007425,C100926,P1093,W101,2025-10-12 12:58:00,4,Completed,79938.44
O1007426,C100321,P1059,W108,2025-03-07 13:03:00,3,Processing,7488.36
O1007427,C100763,P1017,W106,2025-03-17 19:59:00,2,Completed,8528.62
O1007428,C100766,P1013,W103,2025-10-02 13:33:00,2,Cancelled,18977.92
O1007429,C100551,P1097,W105,2025-03-16 19:42:00,2,Completed,36037.0
O1007430,C100121,P1027,W105,2025-02-24 20:42:00,2,Shipped,26064.46
O1007431,C100280,P1069,W105,2025-01-05 14:22:00,4,Completed,54434.56
O1007432,C100612,P1036,W105,2025-06-21 10:22:00,1,Shipped,8950.84
O1007433,C100536,P1050,W108,2025-08-21 17:46:00,3,Processing,44479.2
O1007434,C100585,P1099,W107,2025-09-25 20:04:00,2,Completed,17758.32
O1007435,C100250,P1060,W104,2025-11-27 13:41:00,2,Shipped,9786.26
O1007436,C100539,P1044,W107,2025-08-26 10:44:00,2,Cancelled,39712.6
O1007437,C100086,P1042,W102,2025-10-04 15:17:00,1,Shipped,17960.52
O1007438,C100485,P1024,W103,2025-03-18 21:43:00,3,Processing,56852.85
O1007439,C100092,P1056,W101,2025-05-05 15:14:00,3,Shipped,64636.86
O1007440,C100664,P1057,W108,2025-04-21 14:16:00,3,Completed,28417.56
O1007441,C100567,P1010,W101,2025-01-24 14:09:00,1,Shipped,7847.31
O1007442,C100852,P1041,W108,2025-12-20 18:16:00,3,Completed,38688.24
O1007443,C100463,P1065,W107,2025-03-30 12:46:00,1,Completed,8807.73
O1007444,C100163,P1006,W108,2025-06-13 18:12:00,2,Completed,6223.2
O1007445,C100236,P1098,W107,2025-05-11 21:48:00,3,Completed,2304.51
O1007446,C100815,P1087,W104,2025-01-17 18:48:00,4,Shipped,21851.2
O1007447,C100959,P1064,W107,2025-11-26 21:00:00,4,Shipped,19697.32
O1007448,C100062,P1002,W108,2025-03-22 19:03:00,3,Shipped,42678.96
O1007449,C100677,P1052,W108,2025-02-06 19:48:00,1,Completed,9617.01
O1007450,C100483,P1090,W107,2025-05-05 08:32:00,4,Completed,41441.52
O1007451,C100258,P1003,W107,2025-02-22 12:56:00,2,Completed,18561.08
O1007452,C100512,P1080,W106,2025-12-31 11:49:00,3,Completed,18945.57
O1007453,C100936,P1084,W108,2025-03-10 20:05:00,1,Shipped,11642.31
O1007454,C100198,P1008,W104,2025-04-21 11:12:00,2,Shipped,9019.34
O1007455,C100838,P1024,W105,2025-04-09 21:32:00,2,Completed,37901.9
O1007456,C100090,P1073,W107,2025-01-10 17:46:00,3,Shipped,28877.13
O1007457,C100721,P1092,W103,2025-01-05 09:44:00,4,Completed,27463.64
O1007458,C100075,P1078,W107,2025-07-07 17:33:00,1,Processing,17286.35
O1007459,C100061,P1053,W101,2025-03-26 12:47:00,3,Shipped,57542.79
O1007460,C100038,P1061,W105,2025-01-31 12:09:00,4,Completed,74565.96
O1007461,C100805,P1053,W101,2025-04-17 21:55:00,1,Shipped,19180.93
O1007462,C100574,P1058,W108,2025-04-11 19:06:00,3,Completed,38344.38
O1007463,C100691,P1078,W107,2025-06-04 18:41:00,4,Shipped,69145.4
O1007464,C100156,P1005,W102,2025-12-29 12:21:00,1,Shipped,858.57
O1007465,C100922,P1021,W102,2025-04-23 17:16:00,3,Shipped,55575.36
O1007466,C100809,P1006,W106,2025-09-15 12:48:00,2,Completed,6223.2
O1007467,C100489,P1080,W108,2025-10-08 16:26:00,3,Shipped,18945.57
O1007468,C100899,P1073,W103,2025-01-19 13:35:00,3,Completed,28877.13
O1007469,C100144,P1006,W108,2025-07-02 16:32:00,1,Shipped,3111.6
O1007470,C100293,P1011,W104,2025-06-13 18:25:00,1,Processing,21776.79
O1007471,C100049,P1027,W104,2025-07-05 12:24:00,2,Completed,26064.46
O1007472,C100165,P1025,W103,2025-03-04 08:09:00,2,Completed,21251.62
O1007473,C100842,P1052,W103,2025-06-19 09:21:00,2,Completed,19234.02
O1007474,C100410,P1050,W103,2025-02-14 20:41:00,4,Shipped,59305.6
O1007475,C100646,P1036,W102,2025-12-12 21:25:00,3,Completed,26852.52
O1007476,C100882,P1017,W104,2025-08-03 17:41:00,2,Processing,8528.62
O1007477,C100765,P1065,W103,2025-01-13 09:29:00,3,Cancelled,26423.19
O1007478,C100400,P1079,W101,2025-07-04 16:12:00,1,Completed,14347.56
O1007479,C100349,P1065,W103,2025-12-05 14:03:00,1,Completed,8807.73
O1007480,C100109,P1081,W101,2025-09-29 11:19:00,1,Completed,14536.25
O1007481,C100830,P1092,W102,2025-04-10 13:18:00,2,Completed,13731.82
O1007482,C100985,P1085,W106,2025-11-22 18:59:00,3,Shipped,16425.36
O1007483,C100501,P1066,W101,2025-03-09 21:56:00,3,Completed,58925.67
O1007484,C100500,P1005,W103,2025-04-01 20:13:00,3,Completed,2575.71
O1007485,C100849,P1034,W106,2025-02-26 10:51:00,1,Completed,12497.8
O1007486,C100343,P1043,W101,2025-12-03 15:01:00,3,Shipped,32170.56
O1007487,C100407,P1072,W106,2025-09-19 15:23:00,3,Completed,31449.57
O1007488,C100894,P1085,W101,2025-07-09 12:05:00,4,Completed,21900.48
O1007489,C100380,P1065,W101,2025-09-01 14:05:00,1,Completed,8807.73
O1007490,C100928,P1037,W102,2025-04-05 13:19:00,1,Completed,8709.62
O1007491,C100162,P1079,W107,2025-01-26 08:58:00,2,Completed,28695.12
O1007492,C100497,P1070,W101,2025-11-05 13:49:00,1,Completed,11621.13
O1007493,C100490,P1080,W101,2025-12-18 13:05:00,1,Completed,6315.19
O1007494,C100307,P1059,W108,2025-01-13 12:16:00,1,Completed,2496.12
O1007495,C100964,P1065,W105,2025-01-19 16:35:00,3,Completed,26423.19
O1007496,C100483,P1035,W105,2025-07-24 17:58:00,2,Processing,20222.8
O1007497,C100880,P1040,W101,2025-01-16 08:39:00,4,Completed,17573.28
O1007498,C100220,P1028,W104,2025-09-21 12:47:00,1,Completed,6341.15
O1007499,C100349,P1026,W105,2025-12-12 08:25:00,4,Completed,38893.12
O1007500,C100479,P1066,W105,2025-04-13 19:29:00,2,Completed,39283.78
O1007501,C100564,P1039,W105,2025-04-18 20:58:00,3,Completed,55752.0
O1007502,C100230,P1014,W101,2025-11-12 14:29:00,4,Shipped,56675.12
O1007503,C100314,P1004,W108,2025-05-11 21:13:00,2,Shipped,35251.62
O1007504,C100623,P1087,W106,2025-03-29 16:48:00,1,Completed,5462.8
O1007505,C100279,P1044,W102,2025-01-31 20:09:00,1,Shipped,19856.3
O1007506,C100760,P1058,W108,2025-11-03 21:16:00,4,Completed,51125.84
O1007507,C100478,P1091,W103,2025-12-04 16:13:00,1,Shipped,22319.24
O1007508,C100970,P1012,W102,2025-01-29 14:14:00,4,Completed,62697.96
O1007509,C100238,P1094,W108,2025-10-21 18:23:00,3,Completed,73030.5
O1007510,C100843,P1071,W102,2025-02-28 10:23:00,3,Shipped,34167.57
O1007511,C100491,P1065,W101,2025-02-20 12:09:00,2,Completed,17615.46
O1007512,C100087,P1044,W106,2025-05-20 15:41:00,4,Completed,79425.2
O1007513,C100706,P1071,W103,2025-06-09 10:49:00,1,Shipped,11389.19
O1007514,C100212,P1021,W102,2025-11-08 14:57:00,3,Completed,55575.36
O1007515,C100139,P1031,W101,2025-09-13 19:58:00,1,Processing,1529.2
O1007516,C100532,P1097,W102,2025-02-22 18:57:00,2,Completed,36037.0
O1007517,C100786,P1028,W108,2025-08-02 20:28:00,1,Completed,6341.15
O1007518,C100258,P1072,W106,2025-11-16 20:02:00,3,Completed,31449.57
O1007519,C100624,P1094,W107,2025-08-30 12:39:00,1,Shipped,24343.5
O1007520,C100015,P1060,W105,2025-03-25 17:58:00,1,Completed,4893.13
O1007521,C100185,P1030,W105,2025-02-17 13:12:00,2,Completed,11799.64
O1007522,C100755,P1085,W102,2025-06-15 21:36:00,2,Completed,10950.24
O1007523,C100013,P1083,W108,2025-06-22 10:28:00,4,Shipped,14025.2
O1007524,C100358,P1055,W107,2025-05-09 11:46:00,4,Completed,43580.28
O1007525,C100508,P1012,W105,2025-02-09 21:10:00,2,Shipped,31348.98
O1007526,C100067,P1045,W101,2025-02-13 11:20:00,3,Completed,17706.0
O1007527,C100979,P1044,W107,2025-07-13 16:40:00,4,Completed,79425.2
O1007528,C100509,P1019,W103,2025-12-11 12:04:00,2,Shipped,28586.64
O1007529,C100339,P1041,W102,2025-08-07 11:58:00,4,Completed,51584.32
O1007530,C100978,P1016,W106,2025-06-09 17:23:00,3,Completed,28287.33
O1007531,C100559,P1070,W107,2025-12-06 19:07:00,3,Completed,34863.39
O1007532,C100679,P1044,W105,2025-09-09 11:15:00,4,Completed,79425.2
O1007533,C100091,P1074,W101,2025-09-20 21:45:00,2,Shipped,16749.88
O1007534,C100159,P1046,W105,2025-07-29 09:14:00,1,Processing,20401.87
O1007535,C100046,P1072,W108,2025-10-06 09:24:00,3,Completed,31449.57
O1007536,C100515,P1074,W106,2025-07-03 21:41:00,2,Shipped,16749.88
O1007537,C100837,P1017,W103,2025-08-16 08:46:00,1,Processing,4264.31
O1007538,C100902,P1045,W106,2025-08-14 12:24:00,1,Completed,5902.0
O1007539,C100575,P1075,W102,2025-10-02 09:41:00,3,Shipped,40184.76
O1007540,C100055,P1060,W107,2025-11-24 11:06:00,4,Completed,19572.52
O1007541,C100627,P1023,W107,2025-04-18 09:02:00,2,Shipped,9299.36
O1007542,C100638,P1084,W105,2025-09-13 13:01:00,3,Completed,34926.93
O1007543,C100598,P1020,W102,2025-01-12 12:08:00,1,Completed,19341.31
O1007544,C100722,P1100,W104,2025-07-14 10:13:00,1,Completed,20071.07
O1007545,C100558,P1071,W101,2025-11-25 18:03:00,4,Completed,45556.76
O1007546,C100705,P1033,W107,2025-08-24 08:30:00,3,Completed,57076.5
O1007547,C100487,P1020,W106,2025-04-08 14:38:00,1,Completed,19341.31
O1007548,C100151,P1091,W103,2025-08-10 12:16:00,3,Completed,66957.72
O1007549,C100080,P1053,W107,2025-05-11 17:06:00,3,Processing,57542.79
O1007550,C100908,P1081,W107,2025-06-08 12:43:00,1,Cancelled,14536.25
O1007551,C100441,P1084,W108,2025-03-25 14:37:00,2,Shipped,23284.62
O1007552,C100323,P1007,W103,2025-08-17 19:21:00,4,Completed,59070.92
O1007553,C100294,P1069,W102,2025-03-14 10:01:00,2,Completed,27217.28
O1007554,C100052,P1034,W104,2025-06-11 14:05:00,3,Completed,37493.4
O1007555,C100946,P1091,W103,2025-12-09 15:52:00,3,Completed,66957.72
O1007556,C100084,P1022,W106,2025-10-04 18:18:00,1,Completed,22370.48
O1007557,C100220,P1004,W104,2025-06-01 15:30:00,4,Completed,70503.24
O1007558,C100458,P1067,W106,2025-12-20 18:17:00,4,Completed,73781.48
O1007559,C100359,P1056,W102,2025-01-06 19:08:00,3,Cancelled,64636.86
O1007560,C100040,P1056,W101,2025-12-17 19:02:00,1,Completed,21545.62
O1007561,C100330,P1027,W108,2025-05-09 16:36:00,4,Completed,52128.92
O1007562,C100780,P1050,W104,2025-10-27 20:51:00,1,Completed,14826.4
O1007563,C100251,P1097,W102,2025-12-12 08:19:00,3,Completed,54055.5
O1007564,C100866,P1077,W107,2025-08-08 14:58:00,2,Processing,21038.1
O1007565,C100361,P1099,W102,2025-08-11 19:13:00,3,Completed,26637.48
O1007566,C100014,P1034,W108,2025-10-01 09:27:00,1,Completed,12497.8
O1007567,C100109,P1088,W104,2025-03-29 19:27:00,4,Completed,57373.4
O1007568,C100811,P1039,W104,2025-03-06 08:32:00,3,Completed,55752.0
O1007569,C100406,P1094,W103,2025-05-06 19:00:00,2,Completed,48687.0
O1007570,C100982,P1087,W101,2025-06-24 10:37:00,2,Shipped,10925.6
O1007571,C100789,P1017,W104,2025-09-29 17:20:00,3,Shipped,12792.93
O1007572,C100031,P1098,W103,2025-04-04 19:36:00,1,Completed,768.17
O1007573,C100313,P1061,W104,2025-07-26 19:23:00,2,Processing,37282.98
O1007574,C100725,P1078,W104,2025-01-02 16:02:00,4,Shipped,69145.4
O1007575,C100064,P1058,W106,2025-01-12 20:43:00,4,Completed,51125.84
O1007576,C101000,P1022,W101,2025-12-19 09:57:00,2,Completed,44740.96
O1007577,C100167,P1099,W103,2025-11-07 11:18:00,3,Shipped,26637.48
O1007578,C100798,P1012,W107,2025-11-12 09:51:00,2,Completed,31348.98
O1007579,C100841,P1081,W108,2025-04-30 18:04:00,1,Completed,14536.25
O1007580,C100506,P1021,W105,2025-07-07 20:28:00,2,Completed,37050.24
O1007581,C100804,P1079,W103,2025-09-04 21:01:00,1,Completed,14347.56
O1007582,C100885,P1043,W104,2025-04-03 15:16:00,4,Completed,42894.08
O1007583,C100735,P1024,W107,2025-09-29 09:50:00,1,Completed,18950.95
O1007584,C100708,P1024,W104,2025-09-10 10:24:00,1,Processing,18950.95
O1007585,C100389,P1032,W108,2025-05-29 16:46:00,3,Completed,29231.43
O1007586,C100293,P1091,W101,2025-06-08 20:33:00,1,Completed,22319.24
O1007587,C100868,P1077,W105,2025-04-23 21:49:00,4,Completed,42076.2
O1007588,C100225,P1068,W105,2025-10-21 18:05:00,4,Completed,6811.8
O1007589,C100415,P1063,W104,2025-12-27 20:19:00,2,Completed,14335.56
O1007590,C100513,P1042,W104,2025-12-31 14:41:00,1,Completed,17960.52
O1007591,C100391,P1091,W102,2025-10-09 10:44:00,1,Completed,22319.24
O1007592,C100373,P1028,W103,2025-05-08 14:30:00,4,Completed,25364.6
O1007593,C100600,P1095,W103,2025-10-13 09:23:00,2,Completed,41331.44
O1007594,C100330,P1039,W106,2025-03-31 17:25:00,3,Completed,55752.0
O1007595,C100989,P1035,W105,2025-11-24 12:36:00,1,Completed,10111.4
O1007596,C100178,P1048,W104,2025-04-08 12:44:00,4,Completed,59686.72
O1007597,C100389,P1075,W105,2025-05-28 08:02:00,3,Completed,40184.76
O1007598,C100846,P1072,W105,2025-02-04 21:59:00,1,Completed,10483.19
O1007599,C100476,P1077,W101,2025-01-30 13:59:00,1,Cancelled,10519.05
O1007600,C100706,P1009,W108,2025-05-24 18:59:00,4,Completed,49527.28
O1007601,C100647,P1017,W108,2025-07-20 15:16:00,1,Completed,4264.31
O1007602,C100332,P1085,W103,2025-01-07 16:58:00,2,Completed,10950.24
O1007603,C100745,P1099,W107,2025-11-05 14:33:00,1,Completed,8879.16
O1007604,C100238,P1013,W104,2025-02-11 17:37:00,1,Completed,9488.96
O1007605,C100750,P1091,W101,2025-12-31 10:47:00,4,Completed,89276.96
O1007606,C100129,P1027,W107,2025-04-10 21:56:00,4,Processing,52128.92
O1007607,C100695,P1098,W103,2025-05-19 13:59:00,2,Completed,1536.34
O1007608,C100113,P1100,W103,2025-02-28 08:09:00,1,Shipped,20071.07
O1007609,C100869,P1064,W105,2025-10-28 21:20:00,1,Completed,4924.33
O1007610,C100626,P1020,W104,2025-09-25 08:19:00,2,Completed,38682.62
O1007611,C100041,P1079,W103,2025-01-29 14:36:00,4,Completed,57390.24
O1007612,C100109,P1011,W107,2025-02-08 18:59:00,3,Completed,65330.37
O1007613,C100188,P1034,W103,2025-08-11 13:11:00,2,Shipped,24995.6
O1007614,C100961,P1064,W105,2025-11-13 10:55:00,1,Processing,4924.33
O1007615,C100590,P1007,W106,2025-02-10 11:22:00,1,Completed,14767.73
O1007616,C100280,P1040,W108,2025-03-22 17:35:00,1,Completed,4393.32
O1007617,C100277,P1080,W104,2025-07-19 16:01:00,1,Completed,6315.19
O1007618,C100026,P1010,W104,2025-02-09 15:02:00,2,Completed,15694.62
O1007619,C100204,P1037,W108,2025-04-22 15:11:00,4,Shipped,34838.48
O1007620,C100856,P1001,W104,2025-01-04 12:27:00,2,Completed,18610.76
O1007621,C100599,P1066,W103,2025-07-02 21:05:00,2,Completed,39283.78
O1007622,C100368,P1008,W101,2025-09-19 11:14:00,3,Completed,13529.01
O1007623,C100022,P1029,W103,2025-05-31 19:43:00,1,Completed,5924.85
O1007624,C100343,P1053,W102,2025-04-04 18:52:00,3,Completed,57542.79
O1007625,C100383,P1022,W103,2025-06-04 08:05:00,1,Completed,22370.48
O1007626,C100119,P1024,W105,2025-07-05 10:23:00,2,Completed,37901.9
O1007627,C100608,P1084,W105,2025-03-02 15:43:00,4,Cancelled,46569.24
O1007628,C100661,P1078,W102,2025-02-10 10:13:00,2,Processing,34572.7
O1007629,C100999,P1009,W104,2025-03-08 19:56:00,3,Completed,37145.46
O1007630,C100359,P1086,W104,2025-12-26 14:11:00,2,Shipped,33250.82
O1007631,C100276,P1047,W101,2025-09-21 19:42:00,4,Completed,54978.72
O1007632,C100823,P1015,W103,2025-02-15 09:40:00,2,Completed,13084.58
O1007633,C100351,P1091,W106,2025-04-20 08:20:00,1,Completed,22319.24
O1007634,C100631,P1034,W101,2025-05-31 16:58:00,1,Completed,12497.8
O1007635,C100738,P1033,W103,2025-03-08 19:13:00,2,Completed,38051.0
O1007636,C100880,P1015,W104,2025-11-07 21:53:00,3,Cancelled,19626.87
O1007637,C100319,P1089,W102,2025-12-10 19:01:00,1,Completed,6310.37
O1007638,C100623,P1029,W106,2025-03-31 18:28:00,1,Processing,5924.85
O1007639,C100132,P1060,W106,2025-01-07 08:48:00,2,Completed,9786.26
O1007640,C100780,P1024,W103,2025-04-08 16:26:00,3,Completed,56852.85
O1007641,C100046,P1090,W102,2025-08-01 17:59:00,3,Cancelled,31081.14
O1007642,C100697,P1079,W107,2025-10-23 13:31:00,1,Completed,14347.56
O1007643,C100210,P1051,W102,2025-05-04 21:59:00,1,Completed,18809.89
O1007644,C100463,P1035,W102,2025-04-10 21:49:00,1,Completed,10111.4
O1007645,C100077,P1066,W101,2025-04-01 19:59:00,2,Shipped,39283.78
O1007646,C100689,P1050,W101,2025-01-02 20:19:00,2,Completed,29652.8
O1007647,C100483,P1095,W107,2025-01-06 15:57:00,1,Processing,20665.72
O1007648,C100664,P1068,W108,2025-06-06 19:29:00,2,Completed,3405.9
O1007649,C100348,P1003,W105,2025-08-14 08:59:00,3,Completed,27841.62
O1007650,C100007,P1083,W108,2025-01-05 11:13:00,3,Shipped,10518.9
O1007651,C100581,P1020,W106,2025-03-15 17:17:00,4,Completed,77365.24
O1007652,C100699,P1031,W104,2025-11-29 09:43:00,3,Completed,4587.6
O1007653,C100665,P1044,W106,2025-12-28 19:22:00,4,Completed,79425.2
O1007654,C100263,P1021,W104,2025-08-23 10:29:00,4,Completed,74100.48
O1007655,C100717,P1095,W108,2025-07-10 12:53:00,4,Completed,82662.88
O1007656,C100542,P1098,W107,2025-08-01 11:37:00,2,Completed,1536.34
O1007657,C100211,P1016,W107,2025-05-16 15:34:00,1,Completed,9429.11
O1007658,C100112,P1033,W105,2025-03-15 09:08:00,1,Completed,19025.5
O1007659,C100326,P1038,W105,2025-05-18 19:22:00,4,Shipped,18212.76
O1007660,C100024,P1068,W101,2025-09-13 20:26:00,4,Shipped,6811.8
O1007661,C100717,P1060,W106,2025-08-30 18:27:00,2,Completed,9786.26
O1007662,C100016,P1068,W101,2025-09-05 10:35:00,3,Completed,5108.85
O1007663,C100049,P1004,W105,2025-08-11 12:04:00,2,Completed,35251.62
O1007664,C100159,P1052,W102,2025-01-23 11:10:00,1,Completed,9617.01
O1007665,C100327,P1022,W104,2025-08-17 16:25:00,3,Completed,67111.44
O1007666,C100020,P1023,W107,2025-11-18 20:26:00,1,Completed,4649.68
O1007667,C100630,P1078,W103,2025-08-25 20:18:00,1,Completed,17286.35
O1007668,C100133,P1015,W105,2025-07-31 21:24:00,2,Completed,13084.58
O1007669,C100804,P1004,W103,2025-03-23 17:39:00,1,Completed,17625.81
O1007670,C100560,P1049,W103,2025-10-17 11:06:00,2,Processing,27976.52
O1007671,C100084,P1074,W102,2025-06-14 13:34:00,4,Completed,33499.76
O1007672,C100401,P1052,W102,2025-04-06 12:07:00,3,Completed,28851.03
O1007673,C100141,P1017,W103,2025-06-28 08:53:00,1,Completed,4264.31
O1007674,C100981,P1078,W101,2025-02-14 19:12:00,1,Completed,17286.35
O1007675,C100593,P1039,W108,2025-12-05 16:05:00,4,Completed,74336.0
O1007676,C100809,P1071,W106,2025-09-14 21:35:00,4,Completed,45556.76
O1007677,C100375,P1021,W102,2025-04-30 19:46:00,4,Completed,74100.48
O1007678,C100147,P1092,W108,2025-10-17 17:05:00,3,Completed,20597.73
O1007679,C100235,P1029,W103,2025-01-20 08:36:00,2,Completed,11849.7
O1007680,C100417,P1098,W105,2025-05-21 14:11:00,4,Completed,3072.68
O1007681,C100771,P1038,W106,2025-08-26 14:38:00,4,Completed,18212.76
O1007682,C100431,P1073,W107,2025-01-09 17:26:00,1,Completed,9625.71
O1007683,C100929,P1051,W101,2025-09-16 15:56:00,4,Completed,75239.56
O1007684,C100363,P1008,W103,2025-10-26 18:55:00,3,Processing,13529.01
O1007685,C100234,P1010,W103,2025-08-05 08:18:00,1,Completed,7847.31
O1007686,C100496,P1041,W105,2025-03-17 09:34:00,4,Completed,51584.32
O1007687,C100112,P1020,W107,2025-10-01 21:20:00,1,Completed,19341.31
O1007688,C100670,P1061,W104,2025-05-04 14:05:00,1,Shipped,18641.49
O1007689,C100101,P1014,W104,2025-09-26 19:31:00,2,Completed,28337.56
O1007690,C100641,P1060,W101,2025-08-18 20:00:00,3,Completed,14679.39
O1007691,C100383,P1021,W105,2025-02-04 09:41:00,2,Completed,37050.24
O1007692,C100358,P1019,W104,2025-02-06 17:52:00,1,Completed,14293.32
O1007693,C100611,P1037,W106,2025-01-06 10:26:00,3,Shipped,26128.86
O1007694,C100706,P1059,W107,2025-01-27 10:09:00,2,Completed,4992.24
O1007695,C100929,P1040,W105,2025-04-20 11:25:00,1,Completed,4393.32
O1007696,C100290,P1035,W101,2025-01-10 18:34:00,4,Completed,40445.6
O1007697,C100812,P1035,W107,2025-12-09 09:18:00,2,Completed,20222.8
O1007698,C100836,P1034,W104,2025-12-01 17:20:00,3,Completed,37493.4
O1007699,C100996,P1041,W104,2025-03-05 13:20:00,2,Shipped,25792.16
O1007700,C100965,P1084,W107,2025-04-24 11:42:00,4,Completed,46569.24
O1007701,C100791,P1058,W105,2025-09-28 11:21:00,2,Completed,25562.92
O1007702,C100295,P1043,W107,2025-08-30 12:48:00,1,Shipped,10723.52
O1007703,C100695,P1075,W108,2025-08-01 12:53:00,1,Completed,13394.92
O1007704,C100785,P1053,W104,2025-12-28 12:24:00,4,Completed,76723.72
O1007705,C100292,P1095,W108,2025-08-18 15:15:00,3,Completed,61997.16
O1007706,C100814,P1057,W102,2025-09-02 21:54:00,3,Shipped,28417.56
O1007707,C100702,P1022,W107,2025-07-03 14:19:00,3,Completed,67111.44
O1007708,C100491,P1057,W107,2025-07-11 10:34:00,1,Completed,9472.52
O1007709,C100862,P1078,W101,2025-04-17 16:33:00,2,Completed,34572.7
O1007710,C100088,P1022,W102,2025-07-10 19:36:00,4,Shipped,89481.92
O1007711,C100684,P1021,W101,2025-12-02 16:23:00,2,Shipped,37050.24
O1007712,C100787,P1060,W103,2025-05-18 15:25:00,1,Completed,4893.13
O1007713,C100041,P1089,W108,2025-02-18 17:21:00,4,Completed,25241.48
O1007714,C100408,P1034,W101,2025-08-07 20:19:00,1,Completed,12497.8
O1007715,C100518,P1051,W101,2025-10-14 09:04:00,3,Completed,56429.67
O1007716,C100209,P1066,W104,2025-12-16 21:44:00,4,Completed,78567.56
O1007717,C100880,P1067,W103,2025-07-17 20:30:00,3,Completed,55336.11
O1007718,C100627,P1015,W106,2025-10-15 21:27:00,1,Completed,6542.29
O1007719,C100276,P1040,W105,2025-04-02 14:58:00,4,Shipped,17573.28
O1007720,C100437,P1100,W107,2025-06-04 19:57:00,1,Completed,20071.07
O1007721,C100113,P1089,W104,2025-06-02 09:08:00,4,Shipped,25241.48
O1007722,C100088,P1078,W104,2025-05-02 13:47:00,1,Completed,17286.35
O1007723,C100747,P1003,W101,2025-09-19 20:18:00,2,Completed,18561.08
O1007724,C100984,P1042,W108,2025-11-19 11:47:00,4,Completed,71842.08
O1007725,C100277,P1006,W102,2025-04-30 18:41:00,2,Processing,6223.2
O1007726,C100245,P1031,W105,2025-02-19 12:28:00,1,Completed,1529.2
O1007727,C100684,P1087,W108,2025-10-29 16:14:00,1,Completed,5462.8
O1007728,C100511,P1039,W105,2025-11-07 17:08:00,2,Completed,37168.0
O1007729,C100140,P1017,W106,2025-12-08 20:17:00,2,Cancelled,8528.62
O1007730,C100668,P1073,W102,2025-04-04 12:47:00,1,Completed,9625.71
O1007731,C100210,P1076,W106,2025-09-20 19:01:00,2,Completed,20082.06
O1007732,C100116,P1066,W102,2025-09-19 14:05:00,2,Completed,39283.78
O1007733,C100465,P1081,W106,2025-10-16 13:30:00,3,Processing,43608.75
O1007734,C100740,P1071,W105,2025-10-22 09:06:00,2,Shipped,22778.38
O1007735,C100522,P1064,W104,2025-12-14 09:04:00,2,Completed,9848.66
O1007736,C100649,P1089,W106,2025-06-24 18:47:00,4,Completed,25241.48
O1007737,C100238,P1033,W106,2025-01-28 09:27:00,4,Completed,76102.0
O1007738,C100494,P1046,W102,2025-03-12 09:33:00,4,Completed,81607.48
O1007739,C100713,P1057,W104,2025-11-20 10:35:00,2,Completed,18945.04
O1007740,C100529,P1067,W104,2025-11-05 12:43:00,4,Shipped,73781.48
O1007741,C100240,P1048,W102,2025-01-05 10:16:00,2,Completed,29843.36
O1007742,C100955,P1045,W103,2025-05-15 16:15:00,3,Completed,17706.0
O1007743,C100068,P1017,W101,2025-03-31 19:30:00,4,Completed,17057.24
O1007744,C100911,P1064,W104,2025-04-28 15:26:00,2,Completed,9848.66
O1007745,C100725,P1013,W102,2025-08-22 17:18:00,3,Shipped,28466.88
O1007746,C100112,P1048,W102,2025-07-06 20:30:00,1,Completed,14921.68
O1007747,C100256,P1041,W107,2025-06-25 20:31:00,2,Completed,25792.16
O1007748,C100369,P1078,W102,2025-06-08 17:13:00,3,Completed,51859.05
O1007749,C100958,P1048,W101,2025-08-23 08:57:00,3,Completed,44765.04
O1007750,C100517,P1001,W103,2025-09-07 19:02:00,2,Shipped,18610.76
O1007751,C100259,P1051,W101,2025-01-16 18:36:00,3,Shipped,56429.67
O1007752,C100920,P1022,W107,2025-02-20 12:14:00,3,Completed,67111.44
O1007753,C100119,P1039,W108,2025-05-05 10:16:00,4,Completed,74336.0
O1007754,C100817,P1030,W107,2025-06-09 09:51:00,1,Completed,5899.82
O1007755,C100831,P1017,W107,2025-12-30 11:52:00,3,Completed,12792.93
O1007756,C100387,P1095,W101,2025-11-22 18:24:00,3,Completed,61997.16
O1007757,C100044,P1026,W105,2025-08-25 21:14:00,2,Completed,19446.56
O1007758,C100887,P1051,W101,2025-01-14 10:09:00,2,Shipped,37619.78
O1007759,C100968,P1083,W103,2025-02-06 13:48:00,3,Completed,10518.9
O1007760,C100379,P1037,W104,2025-06-16 19:40:00,2,Shipped,17419.24
O1007761,C100186,P1094,W106,2025-08-03 09:12:00,2,Completed,48687.0
O1007762,C100272,P1041,W103,2025-08-30 21:12:00,4,Completed,51584.32
O1007763,C100137,P1095,W103,2025-02-21 08:15:00,2,Completed,41331.44
O1007764,C100610,P1046,W107,2025-11-21 11:57:00,1,Completed,20401.87
O1007765,C100519,P1002,W102,2025-06-30 08:27:00,1,Completed,14226.32
O1007766,C100356,P1087,W104,2025-08-05 18:39:00,1,Completed,5462.8
O1007767,C100651,P1087,W103,2025-01-15 13:58:00,3,Shipped,16388.4
O1007768,C100623,P1097,W107,2025-10-28 14:07:00,1,Processing,18018.5
O1007769,C100012,P1013,W105,2025-07-18 15:39:00,1,Completed,9488.96
O1007770,C100410,P1085,W101,2025-03-23 12:11:00,2,Completed,10950.24
O1007771,C100864,P1035,W102,2025-04-27 18:35:00,1,Completed,10111.4
O1007772,C100796,P1085,W108,2025-05-09 14:02:00,3,Processing,16425.36
O1007773,C100855,P1097,W108,2025-01-10 19:08:00,1,Processing,18018.5
O1007774,C100955,P1020,W107,2025-12-10 17:03:00,4,Processing,77365.24
O1007775,C100062,P1038,W101,2025-10-21 17:26:00,4,Completed,18212.76
O1007776,C100271,P1027,W106,2025-11-20 21:49:00,4,Cancelled,52128.92
O1007777,C100460,P1031,W106,2025-05-10 15:05:00,1,Completed,1529.2
O1007778,C100511,P1060,W108,2025-07-23 12:12:00,3,Completed,14679.39
O1007779,C100787,P1042,W104,2025-06-17 18:11:00,1,Completed,17960.52
O1007780,C100725,P1066,W104,2025-06-23 17:52:00,3,Completed,58925.67
O1007781,C100707,P1068,W106,2025-08-03 14:46:00,4,Shipped,6811.8
O1007782,C100159,P1021,W102,2025-06-14 12:41:00,2,Completed,37050.24
O1007783,C100678,P1005,W106,2025-10-10 21:01:00,2,Shipped,1717.14
O1007784,C100796,P1075,W104,2025-01-22 11:31:00,4,Completed,53579.68
O1007785,C100753,P1019,W102,2025-03-12 09:06:00,1,Completed,14293.32
O1007786,C100583,P1020,W107,2025-11-22 16:50:00,3,Shipped,58023.93
O1007787,C100089,P1061,W103,2025-11-19 09:08:00,2,Completed,37282.98
O1007788,C100150,P1027,W107,2025-10-26 18:39:00,1,Completed,13032.23
O1007789,C100744,P1019,W103,2025-05-15 19:47:00,3,Completed,42879.96
O1007790,C100869,P1031,W104,2025-06-16 18:02:00,4,Shipped,6116.8
O1007791,C100826,P1053,W104,2025-01-10 11:18:00,3,Processing,57542.79
O1007792,C100427,P1085,W106,2025-04-12 21:11:00,3,Shipped,16425.36
O1007793,C100588,P1099,W102,2025-09-23 09:14:00,3,Completed,26637.48
O1007794,C100177,P1074,W102,2025-05-06 09:30:00,1,Shipped,8374.94
O1007795,C100592,P1090,W102,2025-06-25 12:15:00,1,Completed,10360.38
O1007796,C100196,P1054,W102,2025-02-14 15:34:00,3,Completed,39976.62
O1007797,C100796,P1041,W104,2025-07-01 17:56:00,3,Completed,38688.24
O1007798,C100786,P1082,W105,2025-09-21 12:04:00,1,Processing,15404.57
O1007799,C100052,P1031,W107,2025-07-28 20:49:00,1,Completed,1529.2
O1007800,C100936,P1082,W104,2025-07-23 19:26:00,1,Cancelled,15404.57
O1007801,C100797,P1100,W104,2025-11-30 11:13:00,3,Shipped,60213.21
O1007802,C100379,P1039,W102,2025-03-27 08:52:00,2,Completed,37168.0
O1007803,C100452,P1064,W101,2025-04-20 17:49:00,3,Completed,14772.99
O1007804,C100079,P1079,W107,2025-08-16 10:27:00,3,Completed,43042.68
O1007805,C100937,P1079,W106,2025-06-25 11:56:00,1,Completed,14347.56
O1007806,C100101,P1021,W105,2025-12-24 18:48:00,2,Completed,37050.24
O1007807,C100923,P1097,W104,2025-01-22 10:38:00,1,Shipped,18018.5
O1007808,C100655,P1051,W105,2025-02-14 12:57:00,1,Completed,18809.89
O1007809,C100919,P1005,W107,2025-05-05 20:59:00,4,Shipped,3434.28
O1007810,C100371,P1012,W102,2025-06-17 17:32:00,2,Completed,31348.98
O1007811,C100896,P1073,W104,2025-11-22 16:40:00,4,Shipped,38502.84
O1007812,C100427,P1043,W102,2025-06-30 21:58:00,1,Shipped,10723.52
O1007813,C100351,P1011,W101,2025-06-09 18:47:00,2,Completed,43553.58
O1007814,C100338,P1053,W106,2025-03-02 14:26:00,3,Completed,57542.79
O1007815,C100952,P1060,W106,2025-06-08 17:18:00,2,Cancelled,9786.26
O1007816,C100466,P1008,W107,2025-07-14 15:27:00,2,Shipped,9019.34
O1007817,C100479,P1036,W101,2025-08-02 13:05:00,1,Shipped,8950.84
O1007818,C100644,P1047,W102,2025-08-10 21:39:00,1,Completed,13744.68
O1007819,C100556,P1079,W105,2025-06-06 16:18:00,4,Shipped,57390.24
O1007820,C100542,P1066,W107,2025-02-27 18:26:00,1,Completed,19641.89
O1007821,C100380,P1009,W108,2025-02-25 13:44:00,1,Completed,12381.82
O1007822,C100165,P1062,W107,2025-02-26 10:45:00,2,Completed,19342.48
O1007823,C100995,P1091,W108,2025-08-14 09:42:00,2,Completed,44638.48
O1007824,C100492,P1006,W107,2025-11-09 19:15:00,2,Completed,6223.2
O1007825,C100973,P1099,W103,2025-11-19 15:17:00,4,Completed,35516.64
O1007826,C100461,P1010,W105,2025-04-24 15:13:00,4,Completed,31389.24
O1007827,C100600,P1063,W106,2025-01-30 09:41:00,2,Completed,14335.56
O1007828,C100546,P1036,W103,2025-08-19 19:01:00,1,Completed,8950.84
O1007829,C100966,P1074,W108,2025-01-15 11:41:00,1,Completed,8374.94
O1007830,C100111,P1085,W107,2025-08-17 16:22:00,1,Completed,5475.12
O1007831,C100518,P1086,W105,2025-05-20 12:54:00,1,Cancelled,16625.41
O1007832,C100154,P1087,W104,2025-11-03 11:10:00,1,Completed,5462.8
O1007833,C100869,P1082,W107,2025-08-17 10:17:00,2,Completed,30809.14
O1007834,C100531,P1031,W102,2025-09-28 19:24:00,3,Cancelled,4587.6
O1007835,C100924,P1047,W102,2025-05-29 09:19:00,4,Processing,54978.72
O1007836,C100276,P1072,W104,2025-11-03 08:01:00,2,Completed,20966.38
O1007837,C100163,P1017,W102,2025-07-11 12:17:00,2,Completed,8528.62
O1007838,C100630,P1058,W104,2025-08-17 20:25:00,3,Completed,38344.38
O1007839,C100146,P1054,W104,2025-05-12 17:49:00,3,Completed,39976.62
O1007840,C100373,P1099,W105,2025-06-14 19:27:00,3,Shipped,26637.48
O1007841,C100314,P1005,W104,2025-11-03 10:51:00,1,Cancelled,858.57
O1007842,C100221,P1010,W108,2025-05-24 21:34:00,1,Completed,7847.31
O1007843,C100131,P1004,W103,2025-01-08 09:38:00,3,Completed,52877.43
O1007844,C100657,P1055,W104,2025-05-19 08:29:00,2,Processing,21790.14
O1007845,C100759,P1056,W106,2025-05-24 14:40:00,2,Shipped,43091.24
O1007846,C100394,P1060,W103,2025-06-02 14:07:00,4,Completed,19572.52
O1007847,C100282,P1025,W106,2025-01-26 12:04:00,1,Completed,10625.81
O1007848,C100158,P1031,W108,2025-02-17 10:22:00,2,Completed,3058.4
O1007849,C100678,P1042,W104,2025-04-29 12:29:00,3,Completed,53881.56
O1007850,C100809,P1005,W102,2025-06-04 13:14:00,3,Completed,2575.71
O1007851,C100549,P1076,W102,2025-01-11 16:25:00,1,Completed,10041.03
O1007852,C100432,P1006,W101,2025-05-23 13:02:00,3,Completed,9334.8
O1007853,C100649,P1067,W103,2025-04-27 11:25:00,2,Completed,36890.74
O1007854,C100916,P1046,W107,2025-01-13 16:21:00,2,Completed,40803.74
O1007855,C100990,P1100,W103,2025-04-02 16:09:00,3,Completed,60213.21
O1007856,C100194,P1070,W108,2025-04-11 14:07:00,4,Completed,46484.52
O1007857,C100477,P1048,W108,2025-02-22 09:32:00,1,Completed,14921.68
O1007858,C100877,P1071,W106,2025-10-02 21:31:00,1,Cancelled,11389.19
O1007859,C100633,P1012,W108,2025-01-27 15:16:00,4,Shipped,62697.96
O1007860,C100816,P1019,W104,2025-07-30 11:53:00,1,Completed,14293.32
O1007861,C100996,P1050,W108,2025-08-31 18:09:00,1,Completed,14826.4
O1007862,C100104,P1086,W105,2025-10-22 13:51:00,3,Completed,49876.23
O1007863,C100613,P1083,W101,2025-07-19 10:17:00,2,Completed,7012.6
O1007864,C100532,P1038,W107,2025-07-18 17:48:00,4,Completed,18212.76
O1007865,C100285,P1029,W108,2025-10-05 09:17:00,4,Processing,23699.4
O1007866,C100654,P1097,W108,2025-11-08 11:52:00,1,Completed,18018.5
O1007867,C100104,P1057,W104,2025-03-18 17:16:00,1,Processing,9472.52
O1007868,C100496,P1012,W101,2025-10-18 18:08:00,3,Completed,47023.47
O1007869,C100415,P1023,W105,2025-06-18 21:52:00,2,Completed,9299.36
O1007870,C100391,P1084,W107,2025-02-05 17:55:00,1,Shipped,11642.31
O1007871,C100615,P1090,W107,2025-08-12 11:14:00,2,Completed,20720.76
O1007872,C100944,P1091,W105,2025-12-23 17:58:00,3,Completed,66957.72
O1007873,C100948,P1001,W107,2025-02-21 18:31:00,4,Shipped,37221.52
O1007874,C100701,P1083,W101,2025-01-06 17:27:00,2,Completed,7012.6
O1007875,C100332,P1012,W105,2025-12-01 18:26:00,4,Completed,62697.96
O1007876,C100966,P1081,W101,2025-08-06 19:26:00,2,Shipped,29072.5
O1007877,C100999,P1089,W106,2025-03-21 15:57:00,3,Completed,18931.11
O1007878,C100847,P1037,W101,2025-10-17 21:55:00,4,Processing,34838.48
O1007879,C100874,P1020,W105,2025-05-24 17:01:00,4,Completed,77365.24
O1007880,C100818,P1072,W108,2025-05-02 08:46:00,3,Completed,31449.57
O1007881,C100761,P1007,W101,2025-04-16 10:24:00,4,Completed,59070.92
O1007882,C100726,P1058,W104,2025-08-07 14:57:00,1,Completed,12781.46
O1007883,C100639,P1034,W101,2025-02-19 14:05:00,4,Cancelled,49991.2
O1007884,C100647,P1043,W106,2025-05-13 19:22:00,4,Completed,42894.08
O1007885,C100390,P1083,W108,2025-04-22 17:24:00,4,Completed,14025.2
O1007886,C100887,P1100,W101,2025-01-23 08:00:00,2,Completed,40142.14
O1007887,C100635,P1041,W105,2025-10-06 14:22:00,2,Completed,25792.16
O1007888,C100614,P1030,W107,2025-01-04 15:37:00,3,Completed,17699.46
O1007889,C100742,P1084,W101,2025-12-17 21:43:00,1,Completed,11642.31
O1007890,C100076,P1042,W104,2025-02-04 17:14:00,3,Completed,53881.56
O1007891,C100919,P1020,W102,2025-05-11 10:31:00,2,Completed,38682.62
O1007892,C100583,P1091,W108,2025-02-05 10:41:00,4,Cancelled,89276.96
O1007893,C100945,P1100,W105,2025-05-14 12:25:00,3,Completed,60213.21
O1007894,C100103,P1029,W105,2025-08-11 13:36:00,2,Shipped,11849.7
O1007895,C100234,P1016,W108,2025-02-01 09:31:00,1,Completed,9429.11
O1007896,C100950,P1016,W107,2025-07-11 19:03:00,3,Completed,28287.33
O1007897,C100693,P1060,W103,2025-10-09 08:56:00,3,Completed,14679.39
O1007898,C100647,P1031,W106,2025-06-16 08:56:00,3,Completed,4587.6
O1007899,C100405,P1063,W103,2025-02-11 09:46:00,1,Shipped,7167.78
O1007900,C100556,P1076,W105,2025-09-10 09:53:00,2,Shipped,20082.06
O1007901,C100547,P1001,W107,2025-03-10 15:53:00,4,Completed,37221.52
O1007902,C100198,P1086,W108,2025-01-07 19:27:00,4,Shipped,66501.64
O1007903,C100567,P1003,W108,2025-06-09 21:11:00,2,Completed,18561.08
O1007904,C100516,P1012,W104,2025-04-09 19:19:00,2,Completed,31348.98
O1007905,C100314,P1073,W108,2025-01-11 17:36:00,3,Completed,28877.13
O1007906,C100343,P1063,W108,2025-10-11 16:15:00,1,Processing,7167.78
O1007907,C100768,P1098,W105,2025-08-07 12:19:00,4,Completed,3072.68
O1007908,C100676,P1057,W101,2025-11-29 13:49:00,3,Completed,28417.56
O1007909,C100470,P1042,W101,2025-06-25 20:12:00,4,Shipped,71842.08
O1007910,C100605,P1067,W106,2025-06-09 09:28:00,1,Completed,18445.37
O1007911,C100242,P1077,W107,2025-11-04 19:33:00,1,Completed,10519.05
O1007912,C100500,P1068,W108,2025-01-30 19:21:00,4,Completed,6811.8
O1007913,C100562,P1038,W102,2025-05-13 08:48:00,2,Completed,9106.38
O1007914,C100253,P1096,W108,2025-10-19 11:23:00,2,Completed,7404.76
O1007915,C100170,P1031,W107,2025-04-17 12:20:00,2,Completed,3058.4
O1007916,C100526,P1035,W104,2025-11-20 20:47:00,2,Completed,20222.8
O1007917,C100941,P1028,W103,2025-04-14 14:08:00,4,Completed,25364.6
O1007918,C100462,P1030,W104,2025-05-31 18:51:00,3,Completed,17699.46
O1007919,C100902,P1022,W106,2025-11-24 16:24:00,1,Completed,22370.48
O1007920,C100852,P1059,W107,2025-03-30 09:07:00,4,Shipped,9984.48
O1007921,C100745,P1073,W102,2025-12-20 17:20:00,2,Completed,19251.42
O1007922,C100895,P1043,W103,2025-01-17 16:53:00,3,Completed,32170.56
O1007923,C100412,P1093,W101,2025-04-08 20:11:00,2,Completed,39969.22
O1007924,C100760,P1048,W108,2025-08-04 20:53:00,1,Completed,14921.68
O1007925,C100145,P1047,W104,2025-08-05 16:13:00,2,Completed,27489.36
O1007926,C100320,P1007,W103,2025-11-29 20:18:00,2,Shipped,29535.46
O1007927,C100567,P1091,W102,2025-12-17 09:57:00,1,Completed,22319.24
O1007928,C100039,P1015,W101,2025-09-05 16:35:00,4,Shipped,26169.16
O1007929,C100766,P1017,W104,2025-08-29 16:05:00,4,Completed,17057.24
O1007930,C100926,P1094,W107,2025-04-26 10:24:00,4,Shipped,97374.0
O1007931,C100106,P1052,W103,2025-10-22 15:32:00,1,Completed,9617.01
O1007932,C100993,P1007,W104,2025-08-23 17:31:00,3,Completed,44303.19
O1007933,C100089,P1045,W106,2025-01-09 13:48:00,3,Completed,17706.0
O1007934,C100128,P1060,W103,2025-10-31 17:19:00,3,Shipped,14679.39
O1007935,C100763,P1002,W106,2025-05-12 18:25:00,4,Completed,56905.28
O1007936,C100686,P1076,W103,2025-06-23 16:14:00,2,Shipped,20082.06
O1007937,C100937,P1067,W104,2025-06-27 13:34:00,2,Completed,36890.74
O1007938,C100426,P1002,W108,2025-10-27 11:43:00,2,Shipped,28452.64
O1007939,C100573,P1062,W107,2025-04-08 17:15:00,3,Completed,29013.72
O1007940,C100149,P1023,W105,2025-05-24 20:36:00,2,Completed,9299.36
O1007941,C100692,P1074,W104,2025-01-15 14:27:00,2,Completed,16749.88
O1007942,C100999,P1038,W108,2025-05-08 15:02:00,1,Completed,4553.19
O1007943,C100597,P1021,W104,2025-02-02 20:46:00,3,Completed,55575.36
O1007944,C100934,P1051,W103,2025-08-01 12:09:00,1,Completed,18809.89
O1007945,C100394,P1045,W105,2025-11-23 19:18:00,2,Completed,11804.0
O1007946,C100983,P1035,W104,2025-06-19 11:34:00,3,Completed,30334.2
O1007947,C100537,P1088,W108,2025-11-29 11:36:00,2,Completed,28686.7
O1007948,C100144,P1065,W102,2025-12-23 11:56:00,3,Completed,26423.19
O1007949,C100363,P1049,W101,2025-01-20 08:44:00,2,Completed,27976.52
O1007950,C100492,P1023,W104,2025-07-08 14:27:00,1,Processing,4649.68
O1007951,C100068,P1057,W108,2025-07-12 12:57:00,4,Completed,37890.08
O1007952,C100896,P1003,W101,2025-05-21 11:13:00,4,Shipped,37122.16
O1007953,C100240,P1089,W107,2025-10-31 18:35:00,1,Completed,6310.37
O1007954,C100676,P1001,W101,2025-05-25 15:14:00,1,Completed,9305.38
O1007955,C100920,P1070,W105,2025-01-21 10:44:00,2,Completed,23242.26
O1007956,C100435,P1035,W104,2025-07-19 10:41:00,3,Completed,30334.2
O1007957,C100610,P1072,W102,2025-03-15 19:20:00,1,Completed,10483.19
O1007958,C100517,P1037,W106,2025-05-10 11:47:00,4,Completed,34838.48
O1007959,C100765,P1003,W102,2025-07-03 13:31:00,1,Completed,9280.54
O1007960,C100039,P1095,W104,2025-09-21 09:40:00,4,Completed,82662.88
O1007961,C100360,P1077,W105,2025-04-12 19:15:00,1,Processing,10519.05
O1007962,C100612,P1005,W105,2025-05-19 13:00:00,4,Completed,3434.28
O1007963,C100092,P1004,W101,2025-01-25 17:52:00,4,Completed,70503.24
O1007964,C100860,P1054,W104,2025-05-21 13:41:00,4,Completed,53302.16
O1007965,C100633,P1096,W106,2025-07-31 19:13:00,4,Completed,14809.52
O1007966,C100003,P1058,W105,2025-08-14 13:39:00,2,Shipped,25562.92
O1007967,C100013,P1002,W106,2025-04-18 20:32:00,3,Shipped,42678.96
O1007968,C100160,P1070,W107,2025-01-23 18:08:00,3,Completed,34863.39
O1007969,C100664,P1043,W102,2025-07-30 14:43:00,1,Processing,10723.52
O1007970,C100518,P1064,W107,2025-08-28 14:46:00,4,Completed,19697.32
O1007971,C100483,P1036,W108,2025-02-01 16:41:00,3,Completed,26852.52
O1007972,C100561,P1001,W107,2025-07-04 17:42:00,2,Completed,18610.76
O1007973,C100495,P1002,W107,2025-02-04 17:53:00,1,Completed,14226.32
O1007974,C100344,P1064,W102,2025-06-15 08:27:00,3,Completed,14772.99
O1007975,C100008,P1064,W106,2025-08-22 11:42:00,4,Completed,19697.32
O1007976,C100028,P1033,W104,2025-09-20 14:06:00,1,Completed,19025.5
O1007977,C100690,P1009,W108,2025-09-18 15:31:00,4,Completed,49527.28
O1007978,C100744,P1078,W107,2025-10-04 09:15:00,3,Processing,51859.05
O1007979,C100240,P1016,W102,2025-03-30 10:47:00,4,Shipped,37716.44
O1007980,C100243,P1019,W108,2025-11-05 14:28:00,1,Completed,14293.32
O1007981,C100408,P1046,W106,2025-05-08 14:15:00,1,Shipped,20401.87
O1007982,C100645,P1072,W105,2025-05-17 16:36:00,3,Completed,31449.57
O1007983,C100594,P1100,W104,2025-10-15 08:58:00,2,Completed,40142.14
O1007984,C100560,P1063,W104,2025-04-30 19:09:00,2,Processing,14335.56
O1007985,C100037,P1097,W107,2025-01-28 12:12:00,3,Completed,54055.5
O1007986,C100431,P1066,W107,2025-09-18 15:42:00,1,Completed,19641.89
O1007987,C100753,P1085,W105,2025-08-30 21:15:00,2,Processing,10950.24
O1007988,C100591,P1018,W108,2025-08-01 13:18:00,2,Completed,42541.76
O1007989,C100807,P1006,W102,2025-02-22 12:23:00,2,Completed,6223.2
O1007990,C100696,P1067,W104,2025-08-19 11:42:00,3,Shipped,55336.11
O1007991,C100900,P1098,W105,2025-03-14 17:08:00,1,Completed,768.17
O1007992,C100573,P1074,W102,2025-07-22 21:24:00,4,Completed,33499.76
O1007993,C100570,P1035,W104,2025-07-05 15:50:00,3,Processing,30334.2
O1007994,C100558,P1049,W107,2025-10-10 10:46:00,1,Processing,13988.26
O1007995,C100265,P1012,W106,2025-12-23 21:14:00,3,Processing,47023.47
O1007996,C100437,P1035,W106,2025-03-11 08:35:00,1,Completed,10111.4
O1007997,C100169,P1069,W102,2025-02-11 13:44:00,1,Shipped,13608.64
O1007998,C100431,P1017,W102,2025-07-22 09:45:00,3,Completed,12792.93
O1007999,C100150,P1049,W104,2025-12-14 08:27:00,1,Completed,13988.26
O1008000,C100491,P1029,W103,2025-02-27 21:57:00,3,Completed,17774.55
O1008001,C100955,P1050,W101,2025-06-27 09:11:00,2,Completed,29652.8
O1008002,C100453,P1077,W105,2025-05-29 20:41:00,2,Completed,21038.1
O1008003,C100739,P1089,W107,2025-04-27 15:37:00,3,Processing,18931.11
O1008004,C100440,P1041,W106,2025-08-31 12:29:00,3,Completed,38688.24
O1008005,C100906,P1083,W101,2025-04-18 20:04:00,1,Completed,3506.3
O1008006,C100211,P1071,W107,2025-06-29 08:03:00,4,Completed,45556.76
O1008007,C100835,P1093,W104,2025-11-05 17:39:00,3,Completed,59953.83
O1008008,C100725,P1075,W102,2025-05-19 18:44:00,2,Completed,26789.84
O1008009,C100889,P1056,W104,2025-01-08 13:05:00,1,Shipped,21545.62
O1008010,C100133,P1068,W102,2025-11-20 12:12:00,2,Completed,3405.9
O1008011,C100895,P1032,W106,2025-04-11 08:07:00,3,Completed,29231.43
O1008012,C100909,P1068,W106,2025-10-10 08:18:00,1,Completed,1702.95
O1008013,C100296,P1071,W106,2025-10-06 08:36:00,2,Completed,22778.38
O1008014,C100625,P1062,W101,2025-07-12 14:23:00,4,Completed,38684.96
O1008015,C100587,P1011,W103,2025-02-02 15:25:00,1,Completed,21776.79
O1008016,C100049,P1052,W104,2025-12-13 13:56:00,4,Completed,38468.04
O1008017,C100526,P1072,W108,2025-09-06 17:50:00,1,Completed,10483.19
O1008018,C100659,P1020,W105,2025-06-04 13:03:00,3,Completed,58023.93
O1008019,C100206,P1079,W106,2025-11-08 19:03:00,4,Completed,57390.24
O1008020,C100362,P1085,W103,2025-10-15 17:08:00,4,Completed,21900.48
O1008021,C100586,P1054,W103,2025-10-05 21:07:00,3,Completed,39976.62
O1008022,C100930,P1097,W107,2025-03-03 18:09:00,1,Completed,18018.5
O1008023,C100061,P1086,W107,2025-08-19 09:47:00,1,Completed,16625.41
O1008024,C100937,P1047,W101,2025-04-15 15:49:00,3,Completed,41234.04
O1008025,C100817,P1089,W105,2025-01-29 17:12:00,3,Completed,18931.11
O1008026,C100846,P1094,W107,2025-05-04 08:11:00,4,Shipped,97374.0
O1008027,C100048,P1011,W102,2025-02-07 08:36:00,4,Completed,87107.16
O1008028,C100568,P1100,W106,2025-02-08 08:18:00,4,Processing,80284.28
O1008029,C100369,P1001,W104,2025-09-23 10:23:00,3,Completed,27916.14
O1008030,C100920,P1049,W105,2025-07-03 20:20:00,3,Shipped,41964.78
O1008031,C100741,P1094,W105,2025-05-26 11:21:00,3,Cancelled,73030.5
O1008032,C100650,P1073,W107,2025-03-12 10:36:00,1,Completed,9625.71
O1008033,C100028,P1027,W101,2025-10-09 14:14:00,2,Completed,26064.46
O1008034,C100876,P1065,W102,2025-08-20 13:34:00,1,Completed,8807.73
O1008035,C100490,P1022,W103,2025-08-02 21:54:00,2,Completed,44740.96
O1008036,C100161,P1024,W107,2025-03-11 09:26:00,1,Shipped,18950.95
O1008037,C100875,P1092,W105,2025-02-15 19:46:00,4,Completed,27463.64
O1008038,C100905,P1005,W102,2025-02-15 11:12:00,4,Shipped,3434.28
O1008039,C100497,P1097,W101,2025-01-10 12:20:00,3,Shipped,54055.5
O1008040,C100662,P1046,W108,2025-12-20 14:47:00,2,Completed,40803.74
O1008041,C100611,P1007,W102,2025-05-15 21:39:00,1,Completed,14767.73
O1008042,C100304,P1079,W101,2025-08-29 11:17:00,3,Shipped,43042.68
O1008043,C100749,P1005,W104,2025-12-25 12:48:00,1,Completed,858.57
O1008044,C100998,P1033,W105,2025-12-08 17:13:00,1,Shipped,19025.5
O1008045,C100935,P1025,W103,2025-04-28 17:22:00,1,Completed,10625.81
O1008046,C100687,P1079,W102,2025-06-28 13:08:00,2,Completed,28695.12
O1008047,C100361,P1040,W101,2025-06-19 09:50:00,3,Completed,13179.96
O1008048,C100909,P1066,W104,2025-01-13 19:02:00,2,Completed,39283.78
O1008049,C100928,P1008,W108,2025-10-08 20:36:00,4,Completed,18038.68
O1008050,C100006,P1070,W102,2025-07-29 16:25:00,3,Completed,34863.39
O1008051,C100339,P1072,W105,2025-05-16 20:13:00,4,Completed,41932.76
O1008052,C100553,P1029,W102,2025-07-23 11:33:00,2,Processing,11849.7
O1008053,C100578,P1089,W106,2025-09-26 20:05:00,2,Shipped,12620.74
O1008054,C100713,P1048,W101,2025-01-06 19:19:00,1,Shipped,14921.68
O1008055,C100514,P1067,W102,2025-08-24 20:37:00,1,Processing,18445.37
O1008056,C100014,P1019,W101,2025-11-11 21:02:00,1,Shipped,14293.32
O1008057,C100166,P1094,W106,2025-09-23 12:50:00,1,Completed,24343.5
O1008058,C100763,P1025,W106,2025-08-15 09:40:00,4,Completed,42503.24
O1008059,C100694,P1063,W102,2025-02-03 18:29:00,3,Completed,21503.34
O1008060,C100652,P1009,W104,2025-09-29 17:22:00,3,Completed,37145.46
O1008061,C100441,P1005,W103,2025-10-01 17:04:00,2,Processing,1717.14
O1008062,C100275,P1013,W101,2025-06-30 16:49:00,3,Completed,28466.88
O1008063,C100309,P1095,W101,2025-08-01 08:34:00,3,Shipped,61997.16
O1008064,C100689,P1022,W108,2025-08-14 17:22:00,4,Completed,89481.92
O1008065,C100505,P1088,W106,2025-02-14 14:46:00,4,Processing,57373.4
O1008066,C100131,P1059,W106,2025-04-04 08:26:00,3,Completed,7488.36
O1008067,C100400,P1009,W103,2025-10-17 19:58:00,4,Completed,49527.28
O1008068,C100825,P1045,W103,2025-12-22 08:23:00,3,Processing,17706.0
O1008069,C100600,P1048,W107,2025-04-09 11:16:00,4,Completed,59686.72
O1008070,C100867,P1027,W104,2025-05-27 12:07:00,3,Shipped,39096.69
O1008071,C100509,P1061,W101,2025-12-01 18:57:00,4,Completed,74565.96
O1008072,C100486,P1087,W104,2025-03-01 09:07:00,1,Shipped,5462.8
O1008073,C100950,P1089,W105,2025-04-06 13:22:00,1,Completed,6310.37
O1008074,C100508,P1053,W105,2025-01-21 13:07:00,2,Shipped,38361.86
O1008075,C100136,P1090,W105,2025-03-27 13:48:00,4,Completed,41441.52
O1008076,C100403,P1093,W107,2025-08-21 20:12:00,4,Completed,79938.44
O1008077,C100648,P1009,W102,2025-05-08 12:33:00,2,Completed,24763.64
O1008078,C100346,P1064,W105,2025-12-25 12:57:00,2,Completed,9848.66
O1008079,C100411,P1078,W108,2025-11-22 13:43:00,2,Completed,34572.7
O1008080,C100873,P1002,W108,2025-11-23 13:29:00,1,Completed,14226.32
O1008081,C100436,P1061,W108,2025-09-23 21:21:00,3,Shipped,55924.47
O1008082,C100305,P1092,W106,2025-09-14 11:44:00,4,Completed,27463.64
O1008083,C100108,P1027,W101,2025-07-06 09:35:00,4,Completed,52128.92
O1008084,C100403,P1086,W108,2025-12-28 13:54:00,1,Completed,16625.41
O1008085,C100767,P1094,W101,2025-02-04 09:10:00,2,Completed,48687.0
O1008086,C100300,P1064,W105,2025-09-21 19:09:00,3,Shipped,14772.99
O1008087,C100471,P1063,W104,2025-02-21 20:29:00,3,Cancelled,21503.34
O1008088,C100657,P1054,W106,2025-05-04 19:37:00,3,Completed,39976.62
O1008089,C100928,P1041,W107,2025-04-04 19:16:00,3,Cancelled,38688.24
O1008090,C100815,P1046,W106,2025-08-08 13:53:00,2,Completed,40803.74
O1008091,C100287,P1053,W102,2025-10-15 17:46:00,2,Completed,38361.86
O1008092,C100165,P1049,W107,2025-01-30 13:33:00,1,Completed,13988.26
O1008093,C100671,P1083,W107,2025-08-08 19:57:00,3,Completed,10518.9
O1008094,C100255,P1077,W101,2025-03-22 10:43:00,2,Cancelled,21038.1
O1008095,C100393,P1035,W106,2025-01-29 09:58:00,2,Completed,20222.8
O1008096,C100105,P1052,W102,2025-06-02 21:39:00,4,Completed,38468.04
O1008097,C100775,P1022,W105,2025-08-01 13:02:00,4,Completed,89481.92
O1008098,C100161,P1018,W102,2025-03-15 12:21:00,4,Completed,85083.52
O1008099,C100381,P1037,W103,2025-05-23 17:21:00,1,Completed,8709.62
O1008100,C100407,P1006,W103,2025-12-15 12:47:00,4,Completed,12446.4
O1008101,C100043,P1086,W107,2025-05-07 18:27:00,3,Processing,49876.23
O1008102,C100776,P1013,W108,2025-12-30 14:01:00,1,Completed,9488.96
O1008103,C100619,P1033,W107,2025-11-01 18:58:00,2,Completed,38051.0
O1008104,C100542,P1026,W106,2025-05-16 09:07:00,1,Completed,9723.28
O1008105,C100178,P1021,W103,2025-07-30 18:11:00,2,Processing,37050.24
O1008106,C100054,P1037,W102,2025-09-16 12:35:00,3,Processing,26128.86
O1008107,C100056,P1072,W105,2025-06-19 13:55:00,2,Processing,20966.38
O1008108,C100626,P1090,W104,2025-05-29 21:01:00,3,Completed,31081.14
O1008109,C100748,P1019,W103,2025-05-01 14:45:00,4,Completed,57173.28
O1008110,C100796,P1024,W102,2025-02-20 09:02:00,1,Shipped,18950.95
O1008111,C100801,P1047,W102,2025-01-10 14:25:00,4,Completed,54978.72
O1008112,C100394,P1032,W107,2025-05-03 11:22:00,1,Completed,9743.81
O1008113,C100002,P1080,W103,2025-10-18 14:38:00,1,Processing,6315.19
O1008114,C100246,P1023,W108,2025-03-27 11:02:00,1,Completed,4649.68
O1008115,C100788,P1041,W106,2025-03-07 17:00:00,1,Completed,12896.08
O1008116,C100764,P1055,W102,2025-04-30 11:17:00,2,Completed,21790.14
O1008117,C100508,P1039,W101,2025-08-07 14:30:00,4,Completed,74336.0
O1008118,C100024,P1062,W104,2025-03-20 21:21:00,3,Cancelled,29013.72
O1008119,C100777,P1080,W101,2025-03-22 16:55:00,2,Completed,12630.38
O1008120,C100816,P1054,W108,2025-02-11 17:55:00,4,Completed,53302.16
O1008121,C100227,P1046,W108,2025-05-02 18:48:00,2,Completed,40803.74
O1008122,C100805,P1096,W106,2025-03-21 20:52:00,1,Completed,3702.38
O1008123,C100640,P1099,W103,2025-10-31 20:24:00,1,Shipped,8879.16
O1008124,C100888,P1100,W107,2025-11-27 20:00:00,3,Completed,60213.21
O1008125,C100627,P1002,W106,2025-05-16 12:46:00,1,Completed,14226.32
O1008126,C100090,P1084,W103,2025-02-01 16:44:00,2,Completed,23284.62
O1008127,C100647,P1090,W108,2025-02-01 19:27:00,2,Completed,20720.76
O1008128,C100108,P1081,W102,2025-04-29 15:50:00,2,Completed,29072.5
O1008129,C100259,P1075,W105,2025-06-19 09:46:00,4,Processing,53579.68
O1008130,C100873,P1037,W106,2025-07-12 15:07:00,1,Shipped,8709.62
O1008131,C100969,P1073,W108,2025-04-22 11:01:00,1,Completed,9625.71
O1008132,C100476,P1058,W102,2025-05-10 17:39:00,2,Shipped,25562.92
O1008133,C100292,P1084,W103,2025-04-14 20:02:00,3,Shipped,34926.93
O1008134,C100393,P1036,W107,2025-07-08 17:49:00,2,Shipped,17901.68
O1008135,C100243,P1075,W104,2025-09-12 15:42:00,1,Shipped,13394.92
O1008136,C100574,P1079,W107,2025-01-16 16:23:00,3,Cancelled,43042.68
O1008137,C100422,P1084,W107,2025-06-24 15:32:00,3,Completed,34926.93
O1008138,C100059,P1018,W103,2025-08-25 14:17:00,3,Completed,63812.64
O1008139,C100611,P1087,W103,2025-09-03 11:10:00,3,Cancelled,16388.4
O1008140,C100644,P1022,W104,2025-07-25 17:27:00,3,Completed,67111.44
O1008141,C100668,P1094,W101,2025-07-11 12:53:00,3,Completed,73030.5
O1008142,C100946,P1004,W107,2025-09-06 10:11:00,3,Completed,52877.43
O1008143,C100705,P1023,W101,2025-05-19 19:12:00,4,Completed,18598.72
O1008144,C100676,P1061,W108,2025-07-27 15:43:00,2,Cancelled,37282.98
O1008145,C100212,P1055,W107,2025-04-27 15:17:00,2,Completed,21790.14
O1008146,C100465,P1069,W103,2025-06-09 15:16:00,1,Completed,13608.64
O1008147,C100435,P1041,W101,2025-02-15 09:05:00,4,Completed,51584.32
O1008148,C100961,P1001,W107,2025-05-08 15:29:00,1,Cancelled,9305.38
O1008149,C100475,P1062,W104,2025-02-21 15:36:00,1,Completed,9671.24
O1008150,C100689,P1052,W102,2025-03-24 15:09:00,1,Processing,9617.01
O1008151,C100541,P1051,W104,2025-06-03 08:05:00,2,Completed,37619.78
O1008152,C100057,P1038,W108,2025-07-02 18:30:00,1,Processing,4553.19
O1008153,C100936,P1090,W106,2025-12-10 16:35:00,3,Completed,31081.14
O1008154,C100671,P1080,W106,2025-01-10 18:36:00,4,Shipped,25260.76
O1008155,C100231,P1019,W105,2025-11-24 15:03:00,2,Completed,28586.64
O1008156,C100060,P1004,W102,2025-04-30 12:36:00,4,Completed,70503.24
O1008157,C100937,P1019,W108,2025-09-22 19:39:00,2,Completed,28586.64
O1008158,C100308,P1005,W106,2025-09-05 12:54:00,4,Shipped,3434.28
O1008159,C100018,P1071,W105,2025-12-21 14:20:00,1,Completed,11389.19
O1008160,C100616,P1063,W106,2025-02-09 08:13:00,3,Completed,21503.34
O1008161,C100017,P1047,W103,2025-12-20 10:16:00,4,Completed,54978.72
O1008162,C100216,P1060,W106,2025-01-23 09:35:00,3,Shipped,14679.39
O1008163,C100894,P1081,W108,2025-11-17 13:55:00,4,Completed,58145.0
O1008164,C100039,P1084,W103,2025-08-27 11:40:00,3,Completed,34926.93
O1008165,C100753,P1044,W101,2025-06-25 12:39:00,3,Completed,59568.9
O1008166,C100618,P1060,W106,2025-05-26 18:43:00,3,Completed,14679.39
O1008167,C100306,P1058,W107,2025-02-04 17:33:00,2,Completed,25562.92
O1008168,C100286,P1095,W107,2025-10-20 19:10:00,1,Completed,20665.72
O1008169,C100475,P1077,W108,2025-09-23 19:25:00,4,Processing,42076.2
O1008170,C100533,P1032,W103,2025-12-09 11:28:00,4,Completed,38975.24
O1008171,C100891,P1089,W108,2025-09-24 16:37:00,4,Completed,25241.48
O1008172,C100262,P1040,W102,2025-12-16 20:10:00,4,Completed,17573.28
O1008173,C100591,P1076,W105,2025-11-20 12:16:00,1,Completed,10041.03
O1008174,C100687,P1098,W108,2025-06-05 13:15:00,1,Completed,768.17
O1008175,C100013,P1081,W108,2025-09-14 15:26:00,2,Completed,29072.5
O1008176,C100896,P1011,W105,2025-04-07 19:10:00,3,Shipped,65330.37
O1008177,C100992,P1021,W105,2025-10-18 10:03:00,1,Completed,18525.12
O1008178,C100087,P1080,W104,2025-08-11 14:32:00,4,Shipped,25260.76
O1008179,C100262,P1013,W107,2025-06-10 11:23:00,1,Processing,9488.96
O1008180,C100787,P1002,W108,2025-08-18 17:58:00,4,Cancelled,56905.28
O1008181,C100810,P1026,W102,2025-04-12 11:23:00,2,Completed,19446.56
O1008182,C100157,P1049,W102,2025-08-16 12:59:00,2,Completed,27976.52
O1008183,C100918,P1013,W107,2025-06-23 12:50:00,2,Processing,18977.92
O1008184,C100330,P1016,W107,2025-04-28 08:59:00,2,Shipped,18858.22
O1008185,C100294,P1034,W101,2025-12-23 17:21:00,3,Completed,37493.4
O1008186,C100358,P1060,W104,2025-01-24 11:33:00,2,Shipped,9786.26
O1008187,C100672,P1055,W105,2025-10-04 14:52:00,2,Shipped,21790.14
O1008188,C100207,P1080,W101,2025-03-18 17:45:00,2,Shipped,12630.38
O1008189,C100543,P1099,W106,2025-03-23 19:00:00,1,Completed,8879.16
O1008190,C100076,P1004,W108,2025-02-26 20:51:00,1,Completed,17625.81
O1008191,C100147,P1069,W102,2025-02-07 09:45:00,2,Completed,27217.28
O1008192,C100769,P1017,W107,2025-02-15 16:47:00,1,Completed,4264.31
O1008193,C100384,P1037,W101,2025-10-31 12:35:00,2,Shipped,17419.24
O1008194,C100794,P1035,W102,2025-12-05 18:45:00,2,Completed,20222.8
O1008195,C100738,P1071,W105,2025-08-02 13:26:00,1,Completed,11389.19
O1008196,C100997,P1026,W108,2025-01-06 08:11:00,2,Shipped,19446.56
O1008197,C100138,P1090,W108,2025-11-12 19:59:00,3,Completed,31081.14
O1008198,C100935,P1039,W108,2025-08-08 18:38:00,4,Completed,74336.0
O1008199,C100892,P1082,W108,2025-07-10 12:37:00,2,Shipped,30809.14
O1008200,C100435,P1096,W107,2025-12-12 19:41:00,3,Shipped,11107.14
O1008201,C100136,P1052,W103,2025-05-30 13:44:00,1,Shipped,9617.01
O1008202,C100134,P1011,W102,2025-05-12 13:46:00,2,Completed,43553.58
O1008203,C100511,P1071,W107,2025-10-12 12:11:00,3,Completed,34167.57
O1008204,C100011,P1043,W102,2025-07-12 14:54:00,2,Completed,21447.04
O1008205,C100096,P1034,W105,2025-09-19 21:55:00,4,Completed,49991.2
O1008206,C100532,P1046,W107,2025-09-11 08:43:00,4,Completed,81607.48
O1008207,C100564,P1030,W101,2025-11-03 16:18:00,4,Completed,23599.28
O1008208,C100861,P1029,W108,2025-04-26 10:26:00,2,Completed,11849.7
O1008209,C100975,P1099,W103,2025-01-27 09:44:00,1,Completed,8879.16
O1008210,C100268,P1028,W102,2025-06-24 08:47:00,3,Shipped,19023.45
O1008211,C100331,P1046,W103,2025-08-25 11:49:00,4,Processing,81607.48
O1008212,C100199,P1072,W104,2025-10-26 18:14:00,1,Completed,10483.19
O1008213,C100225,P1023,W104,2025-04-08 18:18:00,4,Shipped,18598.72
O1008214,C100439,P1062,W102,2025-09-30 19:11:00,1,Completed,9671.24
O1008215,C100994,P1090,W102,2025-10-31 10:02:00,3,Completed,31081.14
O1008216,C100894,P1082,W104,2025-10-23 09:31:00,4,Completed,61618.28
O1008217,C100914,P1003,W102,2025-10-22 21:44:00,1,Shipped,9280.54
O1008218,C100452,P1041,W106,2025-12-27 20:54:00,2,Completed,25792.16
O1008219,C100658,P1001,W108,2025-08-30 17:48:00,4,Completed,37221.52
O1008220,C100723,P1061,W101,2025-05-16 19:45:00,2,Completed,37282.98
O1008221,C100244,P1033,W101,2025-06-09 19:15:00,3,Completed,57076.5
O1008222,C100463,P1090,W106,2025-09-30 16:04:00,1,Completed,10360.38
O1008223,C100551,P1018,W101,2025-03-28 14:39:00,3,Completed,63812.64
O1008224,C100373,P1086,W106,2025-08-09 21:41:00,3,Shipped,49876.23
O1008225,C100474,P1035,W104,2025-07-29 17:28:00,3,Completed,30334.2
O1008226,C100441,P1093,W104,2025-09-01 20:21:00,3,Completed,59953.83
O1008227,C100062,P1020,W105,2025-06-03 10:54:00,2,Shipped,38682.62
O1008228,C100769,P1027,W108,2025-09-28 11:07:00,3,Completed,39096.69
O1008229,C100901,P1036,W102,2025-01-27 16:48:00,2,Completed,17901.68
O1008230,C100755,P1099,W102,2025-10-01 21:21:00,4,Completed,35516.64
O1008231,C100934,P1074,W106,2025-10-24 16:41:00,3,Completed,25124.82
O1008232,C100432,P1082,W101,2025-11-20 14:12:00,2,Shipped,30809.14
O1008233,C100056,P1056,W104,2025-12-03 08:20:00,4,Processing,86182.48
O1008234,C100268,P1080,W104,2025-05-08 10:10:00,2,Completed,12630.38
O1008235,C100854,P1063,W104,2025-01-17 11:13:00,4,Completed,28671.12
O1008236,C100140,P1067,W105,2025-08-27 10:48:00,4,Completed,73781.48
O1008237,C100548,P1084,W101,2025-02-02 17:49:00,3,Completed,34926.93
O1008238,C100002,P1099,W103,2025-04-13 17:34:00,2,Shipped,17758.32
O1008239,C100324,P1058,W101,2025-09-14 13:18:00,2,Completed,25562.92
O1008240,C100114,P1045,W108,2025-08-06 21:49:00,4,Completed,23608.0
O1008241,C100114,P1066,W107,2025-08-10 13:30:00,2,Completed,39283.78
O1008242,C100165,P1075,W103,2025-10-02 14:14:00,3,Completed,40184.76
O1008243,C100539,P1099,W101,2025-03-02 15:22:00,4,Shipped,35516.64
O1008244,C100690,P1070,W103,2025-10-16 16:01:00,1,Completed,11621.13
O1008245,C100289,P1096,W108,2025-08-03 10:40:00,1,Completed,3702.38
O1008246,C100818,P1074,W107,2025-06-03 12:12:00,4,Completed,33499.76
O1008247,C100392,P1096,W106,2025-06-19 17:37:00,4,Completed,14809.52
O1008248,C100737,P1076,W108,2025-07-05 19:50:00,2,Completed,20082.06
O1008249,C100530,P1089,W102,2025-07-20 13:55:00,1,Completed,6310.37
O1008250,C100724,P1020,W105,2025-05-02 09:36:00,3,Completed,58023.93
O1008251,C100979,P1100,W107,2025-03-23 19:55:00,3,Shipped,60213.21
O1008252,C100995,P1035,W101,2025-03-03 16:09:00,2,Completed,20222.8
O1008253,C100588,P1080,W104,2025-05-05 14:06:00,1,Cancelled,6315.19
O1008254,C100963,P1040,W103,2025-04-06 16:12:00,3,Completed,13179.96
O1008255,C100702,P1046,W102,2025-07-08 19:31:00,2,Completed,40803.74
O1008256,C100269,P1075,W102,2025-11-29 08:00:00,3,Completed,40184.76
O1008257,C100936,P1055,W108,2025-02-09 13:02:00,3,Processing,32685.21
O1008258,C100146,P1072,W105,2025-04-23 21:10:00,2,Completed,20966.38
O1008259,C100469,P1008,W101,2025-01-18 12:12:00,3,Completed,13529.01
O1008260,C100154,P1084,W106,2025-12-22 21:38:00,4,Completed,46569.24
O1008261,C100785,P1041,W105,2025-09-13 11:56:00,3,Completed,38688.24
O1008262,C100896,P1079,W104,2025-03-30 14:32:00,1,Completed,14347.56
O1008263,C100819,P1029,W104,2025-06-01 08:58:00,3,Completed,17774.55
O1008264,C100103,P1060,W105,2025-09-21 18:09:00,2,Completed,9786.26
O1008265,C100271,P1059,W108,2025-12-16 11:21:00,3,Completed,7488.36
O1008266,C100341,P1014,W107,2025-07-29 19:52:00,1,Processing,14168.78
O1008267,C100116,P1048,W104,2025-04-09 09:49:00,3,Completed,44765.04
O1008268,C100531,P1064,W102,2025-09-12 09:38:00,3,Completed,14772.99
O1008269,C100035,P1084,W101,2025-09-08 14:34:00,1,Cancelled,11642.31
O1008270,C100614,P1089,W102,2025-08-24 09:11:00,2,Completed,12620.74
O1008271,C100575,P1039,W102,2025-01-17 12:36:00,2,Completed,37168.0
O1008272,C100596,P1065,W107,2025-09-15 17:39:00,3,Completed,26423.19
O1008273,C100913,P1018,W105,2025-01-08 15:04:00,3,Completed,63812.64
O1008274,C100787,P1090,W101,2025-11-27 15:49:00,3,Completed,31081.14
O1008275,C100260,P1087,W108,2025-11-18 09:16:00,4,Shipped,21851.2
O1008276,C100572,P1100,W102,2025-07-25 17:30:00,4,Completed,80284.28
O1008277,C100803,P1049,W106,2025-08-24 09:16:00,2,Completed,27976.52
O1008278,C100852,P1036,W101,2025-01-25 16:00:00,4,Completed,35803.36
O1008279,C100644,P1076,W105,2025-11-16 19:04:00,2,Completed,20082.06
O1008280,C100085,P1073,W105,2025-04-09 18:10:00,4,Completed,38502.84
O1008281,C100435,P1022,W108,2025-04-06 12:56:00,2,Completed,44740.96
O1008282,C100859,P1054,W105,2025-09-16 10:10:00,2,Processing,26651.08
O1008283,C100074,P1065,W104,2025-12-09 19:37:00,3,Completed,26423.19
O1008284,C100591,P1046,W105,2025-06-30 11:01:00,3,Completed,61205.61
O1008285,C100541,P1038,W106,2025-07-05 14:56:00,1,Shipped,4553.19
O1008286,C100223,P1024,W104,2025-07-20 11:19:00,1,Completed,18950.95
O1008287,C100345,P1042,W106,2025-04-17 08:25:00,4,Completed,71842.08
O1008288,C100978,P1025,W105,2025-08-06 13:49:00,1,Processing,10625.81
O1008289,C100596,P1031,W108,2025-12-17 15:42:00,2,Completed,3058.4
O1008290,C100940,P1019,W102,2025-05-20 18:38:00,2,Completed,28586.64
O1008291,C100472,P1038,W106,2025-10-10 18:09:00,2,Shipped,9106.38
O1008292,C100846,P1064,W107,2025-10-10 19:38:00,2,Completed,9848.66
O1008293,C100620,P1038,W106,2025-11-07 19:23:00,4,Completed,18212.76
O1008294,C100912,P1015,W108,2025-09-22 13:37:00,3,Completed,19626.87
O1008295,C100327,P1081,W104,2025-12-03 12:46:00,4,Completed,58145.0
O1008296,C100383,P1044,W105,2025-09-18 16:25:00,2,Completed,39712.6
O1008297,C100041,P1059,W102,2025-12-23 14:42:00,2,Completed,4992.24
O1008298,C100228,P1053,W103,2025-09-19 12:07:00,3,Completed,57542.79
O1008299,C100139,P1051,W102,2025-11-02 08:26:00,1,Completed,18809.89
O1008300,C100183,P1044,W107,2025-11-21 14:39:00,4,Completed,79425.2
O1008301,C100309,P1076,W107,2025-12-25 14:34:00,4,Completed,40164.12
O1008302,C100874,P1086,W102,2025-08-06 21:10:00,1,Shipped,16625.41
O1008303,C100379,P1091,W107,2025-09-17 19:22:00,1,Completed,22319.24
O1008304,C100827,P1045,W103,2025-12-19 11:46:00,2,Completed,11804.0
O1008305,C100815,P1035,W106,2025-05-19 09:32:00,1,Completed,10111.4
O1008306,C100981,P1009,W108,2025-02-13 19:01:00,1,Completed,12381.82
O1008307,C100509,P1045,W107,2025-11-19 14:49:00,4,Completed,23608.0
O1008308,C100849,P1100,W102,2025-08-19 08:35:00,1,Completed,20071.07
O1008309,C100420,P1027,W102,2025-06-06 18:33:00,2,Completed,26064.46
O1008310,C100633,P1085,W101,2025-09-19 12:50:00,4,Completed,21900.48
O1008311,C100811,P1076,W107,2025-01-12 10:23:00,2,Completed,20082.06
O1008312,C100143,P1067,W105,2025-06-24 17:13:00,1,Completed,18445.37
O1008313,C100058,P1057,W102,2025-04-07 18:59:00,1,Completed,9472.52
O1008314,C100165,P1076,W105,2025-04-16 18:51:00,1,Completed,10041.03
O1008315,C100722,P1010,W105,2025-12-20 11:50:00,3,Completed,23541.93
O1008316,C100474,P1013,W105,2025-07-20 16:17:00,2,Completed,18977.92
O1008317,C100281,P1020,W106,2025-02-21 14:31:00,1,Completed,19341.31
O1008318,C100768,P1077,W102,2025-05-14 20:10:00,2,Shipped,21038.1
O1008319,C100016,P1044,W104,2025-03-30 10:39:00,2,Completed,39712.6
O1008320,C100174,P1021,W106,2025-11-28 19:29:00,3,Completed,55575.36
O1008321,C100470,P1005,W108,2025-04-17 12:50:00,2,Completed,1717.14
O1008322,C100916,P1049,W102,2025-05-11 16:38:00,4,Completed,55953.04
O1008323,C100749,P1040,W105,2025-05-02 15:01:00,2,Completed,8786.64
O1008324,C100684,P1018,W108,2025-03-06 12:52:00,3,Cancelled,63812.64
O1008325,C100711,P1003,W105,2025-10-12 11:14:00,3,Completed,27841.62
O1008326,C100313,P1076,W102,2025-07-30 13:05:00,2,Completed,20082.06
O1008327,C100448,P1078,W105,2025-06-09 16:30:00,1,Completed,17286.35
O1008328,C100886,P1025,W101,2025-05-25 16:36:00,3,Shipped,31877.43
O1008329,C100730,P1050,W104,2025-09-01 16:43:00,4,Completed,59305.6
O1008330,C100599,P1026,W105,2025-02-05 17:11:00,4,Shipped,38893.12
O1008331,C100083,P1041,W101,2025-12-07 08:42:00,4,Completed,51584.32
O1008332,C100734,P1011,W102,2025-07-26 13:31:00,1,Shipped,21776.79
O1008333,C100366,P1095,W108,2025-03-25 12:24:00,2,Processing,41331.44
O1008334,C100386,P1073,W106,2025-07-16 13:33:00,3,Completed,28877.13
O1008335,C100674,P1091,W104,2025-11-07 13:21:00,3,Cancelled,66957.72
O1008336,C100394,P1030,W102,2025-03-05 10:28:00,3,Processing,17699.46
O1008337,C100573,P1088,W101,2025-07-11 21:30:00,1,Completed,14343.35
O1008338,C100013,P1052,W104,2025-08-07 08:00:00,3,Completed,28851.03
O1008339,C100186,P1020,W105,2025-10-23 16:20:00,3,Completed,58023.93
O1008340,C100538,P1034,W102,2025-07-27 14:27:00,1,Shipped,12497.8
O1008341,C100958,P1082,W107,2025-09-26 17:50:00,3,Completed,46213.71
O1008342,C100761,P1078,W104,2025-10-10 19:37:00,3,Completed,51859.05
O1008343,C100418,P1073,W101,2025-11-22 17:05:00,4,Completed,38502.84
O1008344,C100969,P1023,W102,2025-05-12 18:43:00,4,Shipped,18598.72
O1008345,C100276,P1065,W107,2025-09-14 11:50:00,2,Completed,17615.46
O1008346,C100893,P1095,W103,2025-04-01 21:54:00,3,Completed,61997.16
O1008347,C100404,P1005,W103,2025-11-05 09:13:00,3,Completed,2575.71
O1008348,C100087,P1033,W102,2025-12-14 17:22:00,1,Shipped,19025.5
O1008349,C100003,P1009,W107,2025-04-18 10:03:00,4,Shipped,49527.28
O1008350,C100981,P1011,W107,2025-07-24 11:16:00,1,Completed,21776.79
O1008351,C100643,P1100,W102,2025-10-28 19:33:00,4,Shipped,80284.28
O1008352,C100150,P1025,W106,2025-01-10 17:28:00,3,Shipped,31877.43
O1008353,C100992,P1018,W104,2025-09-15 16:52:00,4,Completed,85083.52
O1008354,C100042,P1008,W102,2025-10-27 19:35:00,3,Completed,13529.01
O1008355,C100335,P1099,W107,2025-11-14 11:53:00,1,Completed,8879.16
O1008356,C100749,P1047,W101,2025-03-13 16:58:00,4,Completed,54978.72
O1008357,C100054,P1080,W107,2025-10-04 10:49:00,2,Shipped,12630.38
O1008358,C100906,P1026,W101,2025-10-14 14:44:00,2,Completed,19446.56
O1008359,C100679,P1065,W103,2025-01-02 13:40:00,4,Completed,35230.92
O1008360,C100950,P1089,W102,2025-09-15 16:39:00,1,Completed,6310.37
O1008361,C100838,P1068,W102,2025-08-17 08:54:00,3,Completed,5108.85
O1008362,C100825,P1052,W104,2025-12-20 08:21:00,4,Completed,38468.04
O1008363,C100228,P1022,W107,2025-01-16 08:26:00,3,Completed,67111.44
O1008364,C100205,P1024,W104,2025-12-19 11:42:00,3,Shipped,56852.85
O1008365,C100243,P1060,W105,2025-07-28 16:03:00,3,Completed,14679.39
O1008366,C100155,P1046,W108,2025-04-11 10:12:00,3,Completed,61205.61
O1008367,C100665,P1005,W104,2025-05-22 21:52:00,1,Completed,858.57
O1008368,C100059,P1020,W107,2025-10-07 13:47:00,3,Completed,58023.93
O1008369,C100429,P1044,W104,2025-12-30 12:14:00,4,Completed,79425.2
O1008370,C100582,P1018,W101,2025-04-26 20:30:00,2,Completed,42541.76
O1008371,C100539,P1056,W103,2025-12-26 10:27:00,4,Shipped,86182.48
O1008372,C100488,P1031,W102,2025-08-18 10:37:00,1,Completed,1529.2
O1008373,C100224,P1030,W108,2025-03-12 13:19:00,1,Shipped,5899.82
O1008374,C100110,P1011,W101,2025-08-07 08:59:00,1,Completed,21776.79
O1008375,C100989,P1051,W107,2025-10-20 17:32:00,3,Completed,56429.67
O1008376,C100465,P1019,W102,2025-01-20 18:52:00,2,Completed,28586.64
O1008377,C100595,P1064,W102,2025-01-29 12:57:00,3,Completed,14772.99
O1008378,C100568,P1094,W105,2025-01-02 20:09:00,3,Completed,73030.5
O1008379,C100369,P1092,W101,2025-07-28 08:06:00,2,Completed,13731.82
O1008380,C100723,P1067,W101,2025-01-22 15:26:00,2,Completed,36890.74
O1008381,C100377,P1081,W107,2025-12-07 18:13:00,4,Completed,58145.0
O1008382,C100415,P1093,W101,2025-02-16 13:16:00,4,Completed,79938.44
O1008383,C100804,P1069,W105,2025-01-27 21:15:00,2,Shipped,27217.28
O1008384,C100319,P1026,W101,2025-04-05 14:01:00,1,Processing,9723.28
O1008385,C100700,P1051,W101,2025-10-06 20:51:00,4,Completed,75239.56
O1008386,C100666,P1086,W106,2025-11-28 17:13:00,3,Completed,49876.23
O1008387,C100031,P1067,W104,2025-04-02 11:13:00,2,Completed,36890.74
O1008388,C100685,P1037,W101,2025-07-09 19:38:00,3,Shipped,26128.86
O1008389,C100802,P1017,W106,2025-10-10 08:25:00,3,Processing,12792.93
O1008390,C100271,P1015,W108,2025-10-18 10:39:00,1,Completed,6542.29
O1008391,C100915,P1038,W105,2025-02-25 18:55:00,4,Completed,18212.76
O1008392,C100020,P1081,W104,2025-11-02 20:37:00,3,Completed,43608.75
O1008393,C100180,P1056,W107,2025-11-13 13:25:00,1,Completed,21545.62
O1008394,C100946,P1006,W103,2025-09-26 17:12:00,4,Completed,12446.4
O1008395,C100856,P1092,W105,2025-07-12 17:45:00,4,Completed,27463.64
O1008396,C100756,P1041,W104,2025-05-23 18:20:00,4,Completed,51584.32
O1008397,C100604,P1040,W106,2025-11-21 20:40:00,3,Completed,13179.96
O1008398,C100202,P1082,W105,2025-11-12 09:13:00,2,Completed,30809.14
O1008399,C100490,P1038,W104,2025-07-09 10:41:00,3,Shipped,13659.57
O1008400,C100566,P1062,W104,2025-09-28 20:51:00,3,Completed,29013.72
O1008401,C100090,P1093,W103,2025-05-26 15:37:00,3,Shipped,59953.83
O1008402,C100595,P1052,W104,2025-09-29 15:23:00,1,Completed,9617.01
O1008403,C100090,P1062,W101,2025-02-02 13:38:00,2,Completed,19342.48
O1008404,C100126,P1036,W103,2025-11-26 13:04:00,2,Completed,17901.68
O1008405,C100171,P1090,W101,2025-07-08 11:25:00,3,Completed,31081.14
O1008406,C100192,P1008,W103,2025-08-07 13:35:00,2,Completed,9019.34
O1008407,C100083,P1028,W103,2025-03-11 09:01:00,3,Completed,19023.45
O1008408,C100957,P1100,W101,2025-07-12 12:06:00,4,Shipped,80284.28
O1008409,C100803,P1049,W103,2025-01-02 21:54:00,2,Completed,27976.52
O1008410,C100509,P1018,W106,2025-11-21 10:16:00,3,Completed,63812.64
O1008411,C100369,P1042,W108,2025-10-01 18:15:00,1,Completed,17960.52
O1008412,C100192,P1026,W105,2025-06-15 08:29:00,1,Completed,9723.28
O1008413,C100950,P1053,W106,2025-11-02 18:16:00,1,Shipped,19180.93
O1008414,C100798,P1024,W106,2025-10-24 11:42:00,4,Completed,75803.8
O1008415,C100752,P1040,W108,2025-02-13 17:49:00,2,Completed,8786.64
O1008416,C100471,P1091,W108,2025-01-20 14:57:00,3,Completed,66957.72
O1008417,C100028,P1009,W101,2025-04-03 18:51:00,3,Shipped,37145.46
O1008418,C100639,P1077,W104,2025-01-01 17:20:00,1,Completed,10519.05
O1008419,C100488,P1008,W108,2025-07-29 15:48:00,1,Completed,4509.67
O1008420,C100298,P1046,W108,2025-07-12 18:16:00,4,Completed,81607.48
O1008421,C100316,P1067,W105,2025-07-16 21:31:00,4,Completed,73781.48
O1008422,C100058,P1096,W104,2025-01-27 16:20:00,3,Completed,11107.14
O1008423,C100872,P1026,W101,2025-12-02 10:26:00,2,Completed,19446.56
O1008424,C100165,P1006,W104,2025-12-23 09:37:00,2,Completed,6223.2
O1008425,C100814,P1076,W105,2025-08-04 15:39:00,4,Completed,40164.12
O1008426,C100974,P1090,W106,2025-01-03 14:02:00,1,Completed,10360.38
O1008427,C100046,P1057,W105,2025-05-25 16:31:00,1,Completed,9472.52
O1008428,C100624,P1007,W102,2025-09-20 17:20:00,2,Processing,29535.46
O1008429,C100067,P1051,W108,2025-10-01 10:37:00,1,Shipped,18809.89
O1008430,C100832,P1040,W102,2025-03-30 18:24:00,1,Completed,4393.32
O1008431,C100508,P1046,W104,2025-10-28 21:52:00,2,Completed,40803.74
O1008432,C100022,P1006,W105,2025-12-20 12:32:00,4,Completed,12446.4
O1008433,C100773,P1032,W103,2025-07-05 21:00:00,3,Processing,29231.43
O1008434,C100766,P1100,W101,2025-05-20 20:59:00,2,Completed,40142.14
O1008435,C100925,P1005,W105,2025-07-12 13:51:00,2,Completed,1717.14
O1008436,C100485,P1092,W102,2025-01-10 19:08:00,2,Completed,13731.82
O1008437,C100933,P1052,W108,2025-07-11 21:03:00,2,Completed,19234.02
O1008438,C100666,P1059,W107,2025-01-10 19:55:00,4,Completed,9984.48
O1008439,C100526,P1094,W104,2025-01-13 13:26:00,4,Completed,97374.0
O1008440,C100359,P1022,W104,2025-07-21 17:19:00,4,Completed,89481.92
O1008441,C100294,P1099,W108,2025-07-06 16:17:00,2,Completed,17758.32
O1008442,C100621,P1028,W101,2025-12-27 13:47:00,4,Cancelled,25364.6
O1008443,C100740,P1035,W104,2025-07-05 16:57:00,3,Completed,30334.2
O1008444,C100036,P1045,W101,2025-12-24 21:04:00,4,Shipped,23608.0
O1008445,C100412,P1061,W102,2025-10-22 08:21:00,1,Completed,18641.49
O1008446,C100046,P1033,W108,2025-05-04 20:37:00,4,Shipped,76102.0
O1008447,C100397,P1080,W101,2025-12-05 13:09:00,4,Completed,25260.76
O1008448,C100799,P1003,W108,2025-06-26 19:35:00,4,Completed,37122.16
O1008449,C100691,P1067,W107,2025-08-06 09:30:00,3,Shipped,55336.11
O1008450,C100125,P1066,W106,2025-02-06 20:28:00,2,Completed,39283.78
O1008451,C100717,P1054,W106,2025-03-19 14:16:00,1,Completed,13325.54
O1008452,C100014,P1062,W102,2025-07-10 20:49:00,1,Processing,9671.24
O1008453,C100013,P1075,W101,2025-04-10 13:59:00,4,Completed,53579.68
O1008454,C100913,P1091,W103,2025-08-07 18:26:00,1,Completed,22319.24
O1008455,C100033,P1022,W107,2025-01-30 16:20:00,2,Cancelled,44740.96
O1008456,C100266,P1048,W103,2025-04-02 10:48:00,2,Processing,29843.36
O1008457,C100132,P1057,W102,2025-08-31 11:29:00,3,Completed,28417.56
O1008458,C100583,P1035,W107,2025-08-12 15:32:00,2,Shipped,20222.8
O1008459,C100523,P1098,W106,2025-12-26 14:48:00,1,Processing,768.17
O1008460,C100839,P1052,W105,2025-11-25 16:37:00,2,Completed,19234.02
O1008461,C100988,P1060,W104,2025-10-23 19:17:00,2,Completed,9786.26
O1008462,C100746,P1020,W107,2025-01-01 18:49:00,1,Completed,19341.31
O1008463,C100467,P1042,W106,2025-08-08 08:49:00,2,Completed,35921.04
O1008464,C100047,P1063,W103,2025-03-25 14:55:00,3,Completed,21503.34
O1008465,C100923,P1043,W102,2025-04-08 10:04:00,2,Processing,21447.04
O1008466,C100561,P1078,W107,2025-03-18 15:10:00,2,Completed,34572.7
O1008467,C100218,P1014,W102,2025-06-16 15:30:00,4,Shipped,56675.12
O1008468,C100542,P1016,W104,2025-02-15 21:56:00,2,Completed,18858.22
O1008469,C100392,P1034,W108,2025-07-14 13:26:00,4,Completed,49991.2
O1008470,C100351,P1032,W104,2025-03-02 14:19:00,3,Completed,29231.43
O1008471,C100454,P1082,W107,2025-07-02 15:09:00,3,Completed,46213.71
O1008472,C100754,P1087,W104,2025-08-17 09:49:00,2,Completed,10925.6
O1008473,C100164,P1048,W106,2025-03-07 08:50:00,4,Completed,59686.72
O1008474,C100965,P1051,W105,2025-02-07 17:56:00,2,Shipped,37619.78
O1008475,C100063,P1030,W103,2025-10-22 12:12:00,3,Completed,17699.46
O1008476,C100148,P1054,W108,2025-09-27 13:04:00,1,Completed,13325.54
O1008477,C100677,P1071,W104,2025-04-06 21:53:00,2,Completed,22778.38
O1008478,C100146,P1073,W104,2025-11-20 11:28:00,3,Cancelled,28877.13
O1008479,C100778,P1097,W106,2025-03-22 20:39:00,4,Completed,72074.0
O1008480,C100735,P1058,W108,2025-12-05 16:47:00,4,Completed,51125.84
O1008481,C100430,P1035,W107,2025-02-11 11:42:00,1,Cancelled,10111.4
O1008482,C100455,P1007,W104,2025-08-29 21:21:00,1,Processing,14767.73
O1008483,C101000,P1069,W102,2025-01-07 16:42:00,4,Completed,54434.56
O1008484,C100796,P1081,W103,2025-03-14 12:22:00,4,Shipped,58145.0
O1008485,C100633,P1056,W103,2025-05-28 14:19:00,1,Processing,21545.62
O1008486,C100142,P1093,W103,2025-02-01 13:12:00,4,Completed,79938.44
O1008487,C100590,P1032,W104,2025-06-16 19:50:00,4,Shipped,38975.24
O1008488,C100040,P1006,W101,2025-03-26 14:31:00,4,Completed,12446.4
O1008489,C100252,P1064,W105,2025-02-06 08:30:00,1,Shipped,4924.33
O1008490,C100698,P1013,W107,2025-12-18 17:37:00,4,Completed,37955.84
O1008491,C100408,P1009,W104,2025-12-25 18:35:00,2,Completed,24763.64
O1008492,C100995,P1071,W101,2025-12-18 13:32:00,3,Shipped,34167.57
O1008493,C100940,P1044,W104,2025-02-26 20:54:00,2,Completed,39712.6
O1008494,C100095,P1061,W103,2025-05-20 13:57:00,1,Shipped,18641.49
O1008495,C100884,P1075,W105,2025-04-30 11:41:00,3,Completed,40184.76
O1008496,C100865,P1039,W103,2025-04-29 17:48:00,1,Completed,18584.0
O1008497,C100107,P1062,W103,2025-06-02 09:47:00,2,Processing,19342.48
O1008498,C100386,P1054,W106,2025-07-06 21:47:00,1,Processing,13325.54
O1008499,C100949,P1059,W102,2025-06-27 17:34:00,4,Shipped,9984.48
O1008500,C100017,P1071,W108,2025-04-17 12:25:00,2,Processing,22778.38
O1008501,C100059,P1039,W103,2025-12-24 09:08:00,1,Completed,18584.0
O1008502,C100511,P1051,W107,2025-12-24 16:11:00,4,Completed,75239.56
O1008503,C100954,P1060,W101,2025-05-01 16:12:00,3,Shipped,14679.39
O1008504,C100279,P1015,W103,2025-03-22 19:07:00,1,Processing,6542.29
O1008505,C100773,P1022,W104,2025-07-14 11:58:00,2,Completed,44740.96
O1008506,C100694,P1009,W104,2025-05-15 10:58:00,3,Completed,37145.46
O1008507,C100147,P1020,W101,2025-12-27 13:46:00,4,Completed,77365.24
O1008508,C100288,P1044,W102,2025-06-06 19:27:00,4,Completed,79425.2
O1008509,C100625,P1094,W108,2025-01-15 20:42:00,4,Shipped,97374.0
O1008510,C100482,P1093,W108,2025-02-15 12:58:00,1,Completed,19984.61
O1008511,C100238,P1077,W104,2025-01-28 08:40:00,2,Completed,21038.1
O1008512,C100201,P1056,W101,2025-05-20 09:33:00,1,Completed,21545.62
O1008513,C100558,P1021,W103,2025-04-26 15:37:00,2,Shipped,37050.24
O1008514,C100829,P1036,W108,2025-11-09 08:20:00,2,Processing,17901.68
O1008515,C100413,P1077,W108,2025-11-22 18:08:00,2,Completed,21038.1
O1008516,C100926,P1091,W107,2025-02-21 08:27:00,1,Processing,22319.24
O1008517,C100668,P1097,W107,2025-12-11 13:55:00,2,Completed,36037.0
O1008518,C100404,P1039,W106,2025-08-02 19:10:00,2,Completed,37168.0
O1008519,C100707,P1049,W105,2025-04-22 14:33:00,4,Shipped,55953.04
O1008520,C100449,P1051,W107,2025-05-29 17:26:00,2,Completed,37619.78
O1008521,C100757,P1006,W106,2025-06-11 12:40:00,1,Completed,3111.6
O1008522,C100983,P1012,W103,2025-03-04 19:06:00,3,Completed,47023.47
O1008523,C100788,P1005,W106,2025-11-13 13:58:00,2,Completed,1717.14
O1008524,C100143,P1074,W103,2025-01-05 18:32:00,1,Processing,8374.94
O1008525,C100072,P1023,W106,2025-01-26 21:19:00,3,Completed,13949.04
O1008526,C100809,P1071,W104,2025-04-10 13:20:00,3,Completed,34167.57
O1008527,C100848,P1038,W104,2025-02-22 11:14:00,2,Completed,9106.38
O1008528,C100568,P1080,W102,2025-01-23 21:03:00,1,Completed,6315.19
O1008529,C100245,P1012,W108,2025-05-20 17:31:00,2,Completed,31348.98
O1008530,C100881,P1033,W106,2025-05-18 20:17:00,2,Completed,38051.0
O1008531,C100449,P1021,W101,2025-02-15 13:17:00,4,Shipped,74100.48
O1008532,C100293,P1044,W104,2025-10-23 12:52:00,1,Completed,19856.3
O1008533,C100367,P1057,W104,2025-11-19 09:44:00,1,Completed,9472.52
O1008534,C100297,P1017,W108,2025-09-20 18:49:00,4,Completed,17057.24
O1008535,C100283,P1067,W107,2025-07-10 19:49:00,4,Completed,73781.48
O1008536,C100326,P1097,W108,2025-12-12 19:28:00,3,Completed,54055.5
O1008537,C100675,P1005,W104,2025-05-08 12:04:00,2,Completed,1717.14
O1008538,C100017,P1009,W102,2025-06-05 14:50:00,1,Completed,12381.82
O1008539,C100363,P1096,W106,2025-01-06 14:54:00,4,Completed,14809.52
O1008540,C100170,P1065,W102,2025-09-16 09:41:00,3,Processing,26423.19
O1008541,C100649,P1092,W106,2025-02-03 08:00:00,2,Completed,13731.82
O1008542,C100995,P1071,W104,2025-08-31 12:40:00,2,Completed,22778.38
O1008543,C100788,P1072,W103,2025-10-13 15:08:00,1,Completed,10483.19
O1008544,C100249,P1016,W101,2025-03-21 21:50:00,4,Shipped,37716.44
O1008545,C100514,P1052,W107,2025-08-12 20:13:00,1,Completed,9617.01
O1008546,C100020,P1037,W106,2025-04-21 18:01:00,4,Completed,34838.48
O1008547,C100413,P1084,W103,2025-05-26 21:28:00,1,Completed,11642.31
O1008548,C100279,P1005,W106,2025-07-13 18:50:00,1,Completed,858.57
O1008549,C100502,P1002,W108,2025-04-02 15:22:00,1,Completed,14226.32
O1008550,C100409,P1056,W106,2025-10-18 20:46:00,2,Shipped,43091.24
O1008551,C100683,P1098,W108,2025-05-25 20:52:00,1,Completed,768.17
O1008552,C100548,P1100,W104,2025-06-18 10:50:00,2,Processing,40142.14
O1008553,C100939,P1060,W104,2025-10-25 11:57:00,4,Processing,19572.52
O1008554,C100069,P1043,W107,2025-03-25 21:33:00,3,Shipped,32170.56
O1008555,C100945,P1028,W106,2025-06-15 08:04:00,2,Shipped,12682.3
O1008556,C100791,P1100,W105,2025-12-29 15:15:00,1,Completed,20071.07
O1008557,C100713,P1019,W106,2025-05-26 13:21:00,1,Shipped,14293.32
O1008558,C100826,P1013,W108,2025-02-12 18:25:00,3,Completed,28466.88
O1008559,C100051,P1051,W106,2025-04-14 21:24:00,2,Shipped,37619.78
O1008560,C100214,P1040,W107,2025-12-15 12:27:00,4,Completed,17573.28
O1008561,C100001,P1050,W101,2025-10-05 11:05:00,2,Shipped,29652.8
O1008562,C100799,P1091,W106,2025-10-23 12:36:00,2,Completed,44638.48
O1008563,C100355,P1027,W103,2025-04-03 18:01:00,3,Completed,39096.69
O1008564,C100362,P1088,W101,2025-11-03 13:02:00,4,Completed,57373.4
O1008565,C100611,P1022,W103,2025-05-24 16:59:00,4,Completed,89481.92
O1008566,C100424,P1033,W107,2025-10-18 12:52:00,1,Completed,19025.5
O1008567,C100638,P1001,W107,2025-11-18 18:21:00,2,Shipped,18610.76
O1008568,C100937,P1068,W103,2025-03-17 08:52:00,4,Completed,6811.8
O1008569,C100333,P1086,W102,2025-12-09 12:47:00,4,Processing,66501.64
O1008570,C100892,P1089,W104,2025-08-19 12:20:00,4,Shipped,25241.48
O1008571,C100533,P1017,W103,2025-09-24 16:22:00,1,Shipped,4264.31
O1008572,C100376,P1077,W104,2025-10-04 17:03:00,2,Processing,21038.1
O1008573,C100920,P1015,W107,2025-03-03 18:10:00,4,Completed,26169.16
O1008574,C100489,P1063,W103,2025-09-30 20:37:00,1,Processing,7167.78
O1008575,C100128,P1071,W102,2025-03-19 19:08:00,3,Completed,34167.57
O1008576,C100287,P1016,W101,2025-04-10 08:34:00,3,Completed,28287.33
O1008577,C100846,P1012,W106,2025-02-12 17:29:00,3,Completed,47023.47
O1008578,C100516,P1008,W102,2025-03-08 08:13:00,3,Completed,13529.01
O1008579,C100561,P1071,W102,2025-12-24 13:47:00,1,Completed,11389.19
O1008580,C100682,P1062,W107,2025-04-30 16:17:00,1,Completed,9671.24
O1008581,C100195,P1012,W101,2025-05-22 12:28:00,2,Cancelled,31348.98
O1008582,C100093,P1051,W106,2025-06-25 17:47:00,4,Completed,75239.56
O1008583,C100441,P1080,W101,2025-09-18 19:08:00,4,Processing,25260.76
O1008584,C100920,P1024,W108,2025-07-29 16:30:00,4,Shipped,75803.8
O1008585,C100128,P1061,W106,2025-07-15 15:20:00,1,Shipped,18641.49
O1008586,C100719,P1030,W107,2025-11-02 21:37:00,4,Shipped,23599.28
O1008587,C100980,P1027,W106,2025-07-01 17:07:00,3,Cancelled,39096.69
O1008588,C100097,P1040,W104,2025-10-08 11:12:00,2,Completed,8786.64
O1008589,C100134,P1036,W108,2025-11-29 17:11:00,3,Completed,26852.52
O1008590,C100869,P1050,W107,2025-09-04 14:44:00,2,Completed,29652.8
O1008591,C100109,P1021,W101,2025-01-13 08:19:00,2,Completed,37050.24
O1008592,C100744,P1040,W105,2025-04-07 20:49:00,1,Completed,4393.32
O1008593,C100798,P1063,W105,2025-08-14 19:08:00,3,Completed,21503.34
O1008594,C100314,P1039,W103,2025-06-24 16:38:00,2,Cancelled,37168.0
O1008595,C100292,P1066,W104,2025-04-14 17:25:00,4,Completed,78567.56
O1008596,C100522,P1012,W108,2025-05-03 16:04:00,1,Processing,15674.49
O1008597,C100507,P1014,W101,2025-01-29 12:48:00,2,Completed,28337.56
O1008598,C100861,P1087,W108,2025-03-27 21:03:00,1,Completed,5462.8
O1008599,C100593,P1047,W106,2025-10-13 15:44:00,1,Completed,13744.68
O1008600,C100969,P1061,W101,2025-01-04 12:44:00,3,Cancelled,55924.47
O1008601,C100240,P1074,W103,2025-11-02 17:35:00,4,Completed,33499.76
O1008602,C100282,P1015,W107,2025-05-04 10:12:00,1,Completed,6542.29
O1008603,C100242,P1098,W106,2025-10-22 12:28:00,1,Processing,768.17
O1008604,C100651,P1043,W101,2025-04-04 09:48:00,1,Completed,10723.52
O1008605,C100034,P1089,W102,2025-10-30 09:11:00,4,Processing,25241.48
O1008606,C100861,P1042,W108,2025-07-28 19:30:00,3,Completed,53881.56
O1008607,C100772,P1041,W102,2025-11-07 14:07:00,2,Completed,25792.16
O1008608,C100989,P1061,W105,2025-01-23 19:59:00,3,Completed,55924.47
O1008609,C100959,P1020,W108,2025-10-19 16:55:00,1,Completed,19341.31
O1008610,C100071,P1061,W102,2025-04-09 11:16:00,4,Shipped,74565.96
O1008611,C100748,P1099,W101,2025-05-11 10:57:00,1,Completed,8879.16
O1008612,C100504,P1065,W107,2025-01-17 14:23:00,3,Completed,26423.19
O1008613,C100736,P1008,W108,2025-12-15 09:19:00,1,Completed,4509.67
O1008614,C100874,P1070,W105,2025-08-23 16:11:00,1,Completed,11621.13
O1008615,C100584,P1004,W102,2025-12-25 14:25:00,3,Completed,52877.43
O1008616,C100004,P1011,W101,2025-07-27 09:56:00,3,Completed,65330.37
O1008617,C100865,P1029,W108,2025-02-27 15:20:00,2,Completed,11849.7
O1008618,C100438,P1031,W107,2025-05-04 19:53:00,3,Completed,4587.6
O1008619,C100459,P1001,W108,2025-06-10 20:43:00,4,Completed,37221.52
O1008620,C100585,P1002,W107,2025-02-23 13:51:00,2,Completed,28452.64
O1008621,C100912,P1079,W104,2025-12-06 09:01:00,4,Processing,57390.24
O1008622,C100527,P1046,W104,2025-12-16 20:05:00,1,Shipped,20401.87
O1008623,C100208,P1020,W104,2025-07-25 15:42:00,4,Shipped,77365.24
O1008624,C100733,P1043,W106,2025-08-02 18:38:00,4,Shipped,42894.08
O1008625,C100634,P1070,W101,2025-09-14 08:37:00,2,Completed,23242.26
O1008626,C100066,P1074,W101,2025-09-05 12:07:00,1,Processing,8374.94
O1008627,C100533,P1029,W108,2025-01-23 11:59:00,2,Completed,11849.7
O1008628,C100786,P1017,W103,2025-07-13 18:01:00,2,Completed,8528.62
O1008629,C100885,P1096,W101,2025-10-11 17:32:00,3,Shipped,11107.14
O1008630,C100284,P1064,W106,2025-10-22 18:22:00,1,Shipped,4924.33
O1008631,C100523,P1099,W104,2025-08-06 13:33:00,1,Completed,8879.16
O1008632,C100825,P1031,W102,2025-11-24 12:21:00,4,Shipped,6116.8
O1008633,C100584,P1012,W104,2025-08-02 10:38:00,4,Completed,62697.96
O1008634,C100420,P1039,W104,2025-05-20 11:33:00,3,Completed,55752.0
O1008635,C100185,P1033,W105,2025-06-11 10:17:00,4,Processing,76102.0
O1008636,C100043,P1072,W108,2025-09-09 19:31:00,4,Completed,41932.76
O1008637,C100691,P1072,W108,2025-11-20 17:29:00,4,Shipped,41932.76
O1008638,C100964,P1008,W107,2025-03-25 17:29:00,4,Shipped,18038.68
O1008639,C100601,P1059,W104,2025-04-18 20:24:00,1,Completed,2496.12
O1008640,C100781,P1035,W105,2025-08-26 18:21:00,4,Shipped,40445.6
O1008641,C100678,P1062,W102,2025-10-06 12:29:00,4,Completed,38684.96
O1008642,C100348,P1040,W105,2025-05-26 12:22:00,1,Shipped,4393.32
O1008643,C100523,P1054,W106,2025-08-23 09:46:00,1,Shipped,13325.54
O1008644,C100271,P1072,W108,2025-01-03 18:06:00,2,Shipped,20966.38
O1008645,C100224,P1030,W101,2025-04-17 20:14:00,4,Processing,23599.28
O1008646,C100589,P1020,W107,2025-12-15 18:00:00,4,Completed,77365.24
O1008647,C100647,P1071,W105,2025-07-30 14:35:00,3,Completed,34167.57
O1008648,C100988,P1095,W101,2025-11-13 12:39:00,4,Completed,82662.88
O1008649,C100237,P1045,W108,2025-03-21 14:08:00,1,Completed,5902.0
O1008650,C100291,P1100,W104,2025-04-17 11:47:00,4,Completed,80284.28
O1008651,C100167,P1019,W104,2025-12-22 10:18:00,4,Completed,57173.28
O1008652,C100949,P1082,W102,2025-12-31 14:02:00,4,Completed,61618.28
O1008653,C100782,P1099,W101,2025-11-17 11:18:00,2,Processing,17758.32
O1008654,C100331,P1030,W101,2025-04-26 18:20:00,3,Completed,17699.46
O1008655,C100969,P1015,W103,2025-10-20 20:41:00,2,Processing,13084.58
O1008656,C100705,P1067,W103,2025-06-17 10:42:00,2,Completed,36890.74
O1008657,C100477,P1087,W104,2025-11-05 08:05:00,4,Processing,21851.2
O1008658,C100382,P1009,W105,2025-11-07 20:14:00,3,Shipped,37145.46
O1008659,C100570,P1065,W108,2025-06-08 12:06:00,4,Completed,35230.92
O1008660,C100086,P1088,W107,2025-04-22 11:34:00,2,Completed,28686.7
O1008661,C100173,P1004,W104,2025-12-22 19:58:00,1,Cancelled,17625.81
O1008662,C100937,P1052,W108,2025-06-14 19:45:00,1,Processing,9617.01
O1008663,C100207,P1008,W105,2025-06-07 16:07:00,3,Completed,13529.01
O1008664,C100164,P1018,W104,2025-08-31 10:10:00,2,Shipped,42541.76
O1008665,C100860,P1049,W102,2025-12-08 17:52:00,2,Processing,27976.52
O1008666,C100945,P1033,W104,2025-02-17 18:21:00,1,Completed,19025.5
O1008667,C100818,P1009,W101,2025-12-26 14:12:00,4,Completed,49527.28
O1008668,C100104,P1081,W102,2025-06-04 15:51:00,1,Shipped,14536.25
O1008669,C100839,P1021,W108,2025-01-10 15:30:00,3,Completed,55575.36
O1008670,C100267,P1088,W102,2025-04-23 17:15:00,2,Shipped,28686.7
O1008671,C100012,P1018,W105,2025-06-18 15:13:00,4,Completed,85083.52
O1008672,C100921,P1052,W101,2025-09-05 21:38:00,3,Completed,28851.03
O1008673,C100268,P1073,W105,2025-07-26 08:29:00,1,Completed,9625.71
O1008674,C100659,P1049,W108,2025-02-19 08:44:00,3,Shipped,41964.78
O1008675,C100074,P1042,W104,2025-06-28 10:06:00,1,Completed,17960.52
O1008676,C100190,P1076,W102,2025-03-26 10:05:00,3,Completed,30123.09
O1008677,C100881,P1002,W101,2025-04-09 14:58:00,1,Completed,14226.32
O1008678,C100593,P1083,W107,2025-09-17 09:06:00,3,Completed,10518.9
O1008679,C100999,P1069,W101,2025-10-21 10:40:00,2,Shipped,27217.28
O1008680,C100181,P1077,W103,2025-02-27 15:16:00,2,Completed,21038.1
O1008681,C100891,P1043,W107,2025-08-08 20:35:00,4,Completed,42894.08
O1008682,C100875,P1039,W105,2025-06-04 19:14:00,2,Completed,37168.0
O1008683,C100925,P1058,W107,2025-05-03 11:02:00,1,Completed,12781.46
O1008684,C100050,P1065,W107,2025-09-18 08:46:00,3,Completed,26423.19
O1008685,C100105,P1093,W106,2025-04-01 18:20:00,4,Completed,79938.44
O1008686,C100530,P1086,W108,2025-10-07 18:54:00,1,Shipped,16625.41
O1008687,C100116,P1006,W101,2025-05-27 21:00:00,2,Completed,6223.2
O1008688,C100064,P1016,W102,2025-02-04 14:03:00,3,Completed,28287.33
O1008689,C100812,P1095,W103,2025-10-17 08:49:00,1,Completed,20665.72
O1008690,C100696,P1039,W108,2025-11-07 21:10:00,4,Shipped,74336.0
O1008691,C100845,P1059,W105,2025-07-25 12:01:00,1,Completed,2496.12
O1008692,C100936,P1006,W103,2025-09-22 13:21:00,2,Shipped,6223.2
O1008693,C100143,P1011,W102,2025-02-23 13:47:00,3,Processing,65330.37
O1008694,C100832,P1041,W107,2025-05-04 21:47:00,4,Completed,51584.32
O1008695,C100044,P1072,W107,2025-05-08 13:03:00,2,Completed,20966.38
O1008696,C100372,P1078,W101,2025-10-06 15:47:00,2,Shipped,34572.7
O1008697,C100298,P1090,W103,2025-05-09 15:03:00,4,Processing,41441.52
O1008698,C100237,P1020,W105,2025-09-23 21:51:00,3,Completed,58023.93
O1008699,C100719,P1021,W102,2025-04-22 21:19:00,1,Completed,18525.12
O1008700,C100122,P1055,W106,2025-08-08 16:50:00,4,Shipped,43580.28
O1008701,C100810,P1055,W107,2025-03-18 09:28:00,1,Completed,10895.07
O1008702,C100874,P1004,W107,2025-07-23 12:50:00,3,Completed,52877.43
O1008703,C100666,P1045,W107,2025-01-30 17:19:00,4,Completed,23608.0
O1008704,C100082,P1090,W107,2025-09-26 19:14:00,3,Processing,31081.14
O1008705,C100597,P1017,W103,2025-01-11 18:31:00,4,Completed,17057.24
O1008706,C100629,P1083,W103,2025-12-31 14:49:00,3,Completed,10518.9
O1008707,C100374,P1045,W103,2025-11-03 17:23:00,3,Completed,17706.0
O1008708,C100368,P1053,W107,2025-07-31 12:19:00,1,Completed,19180.93
O1008709,C100470,P1065,W106,2025-11-28 16:54:00,1,Completed,8807.73
O1008710,C100996,P1071,W103,2025-10-23 14:41:00,3,Completed,34167.57
O1008711,C100004,P1064,W106,2025-02-22 17:34:00,3,Completed,14772.99
O1008712,C100509,P1011,W102,2025-09-29 20:12:00,3,Completed,65330.37
O1008713,C100317,P1030,W103,2025-05-18 19:28:00,1,Shipped,5899.82
O1008714,C100549,P1085,W101,2025-11-09 18:15:00,1,Shipped,5475.12
O1008715,C100004,P1005,W108,2025-11-12 18:45:00,1,Completed,858.57
O1008716,C100918,P1072,W102,2025-12-15 10:25:00,1,Completed,10483.19
O1008717,C100457,P1053,W107,2025-06-14 10:35:00,1,Completed,19180.93
O1008718,C100970,P1012,W101,2025-03-12 19:44:00,4,Completed,62697.96
O1008719,C100155,P1013,W101,2025-02-15 15:34:00,4,Completed,37955.84
O1008720,C100584,P1099,W106,2025-03-02 14:02:00,1,Completed,8879.16
O1008721,C100680,P1004,W101,2025-12-29 17:18:00,2,Shipped,35251.62
O1008722,C100797,P1003,W102,2025-08-03 09:09:00,4,Cancelled,37122.16
O1008723,C100010,P1002,W103,2025-05-09 10:18:00,2,Completed,28452.64
O1008724,C100635,P1063,W105,2025-06-13 10:03:00,2,Completed,14335.56
O1008725,C100148,P1093,W101,2025-03-05 15:55:00,2,Completed,39969.22
O1008726,C100428,P1018,W102,2025-07-28 08:55:00,2,Completed,42541.76
O1008727,C100054,P1080,W103,2025-06-05 08:37:00,3,Shipped,18945.57
O1008728,C100058,P1072,W106,2025-10-19 17:28:00,3,Completed,31449.57
O1008729,C100767,P1023,W101,2025-01-08 18:17:00,3,Processing,13949.04
O1008730,C100718,P1008,W103,2025-12-07 11:36:00,3,Completed,13529.01
O1008731,C100896,P1049,W102,2025-01-23 17:40:00,2,Completed,27976.52
O1008732,C100701,P1009,W103,2025-06-02 09:20:00,2,Completed,24763.64
O1008733,C100596,P1012,W103,2025-05-05 13:43:00,4,Completed,62697.96
O1008734,C100117,P1047,W106,2025-09-20 13:07:00,2,Completed,27489.36
O1008735,C100766,P1082,W101,2025-08-29 12:50:00,4,Shipped,61618.28
O1008736,C100231,P1100,W108,2025-03-13 20:08:00,2,Completed,40142.14
O1008737,C100107,P1063,W102,2025-06-29 09:05:00,2,Completed,14335.56
O1008738,C100733,P1028,W108,2025-07-15 16:48:00,3,Completed,19023.45
O1008739,C100589,P1033,W106,2025-06-19 11:49:00,2,Cancelled,38051.0
O1008740,C100150,P1062,W103,2025-01-08 14:48:00,2,Cancelled,19342.48
O1008741,C100550,P1018,W103,2025-03-07 10:49:00,2,Completed,42541.76
O1008742,C100691,P1052,W108,2025-07-03 18:15:00,3,Shipped,28851.03
O1008743,C100499,P1077,W108,2025-04-06 08:51:00,1,Shipped,10519.05
O1008744,C100718,P1085,W105,2025-07-19 09:03:00,2,Shipped,10950.24
O1008745,C100505,P1006,W101,2025-03-01 12:36:00,4,Completed,12446.4
O1008746,C100354,P1029,W108,2025-09-26 20:21:00,2,Cancelled,11849.7
O1008747,C100224,P1026,W104,2025-03-10 08:20:00,3,Shipped,29169.84
O1008748,C100259,P1056,W101,2025-08-26 10:29:00,2,Completed,43091.24
O1008749,C100810,P1019,W107,2025-11-02 14:53:00,4,Completed,57173.28
O1008750,C100374,P1096,W101,2025-05-11 08:17:00,1,Completed,3702.38
O1008751,C100717,P1092,W103,2025-02-20 15:28:00,4,Completed,27463.64
O1008752,C100360,P1034,W101,2025-01-03 13:04:00,4,Shipped,49991.2
O1008753,C100526,P1041,W104,2025-05-12 17:02:00,2,Shipped,25792.16
O1008754,C100608,P1044,W107,2025-02-12 08:49:00,4,Processing,79425.2
O1008755,C100478,P1005,W102,2025-11-18 10:28:00,4,Completed,3434.28
O1008756,C100744,P1089,W102,2025-12-22 10:20:00,1,Processing,6310.37
O1008757,C100925,P1078,W108,2025-12-24 18:19:00,3,Processing,51859.05
O1008758,C100862,P1034,W102,2025-12-03 18:20:00,1,Completed,12497.8
O1008759,C100922,P1055,W101,2025-08-03 09:37:00,4,Completed,43580.28
O1008760,C100030,P1039,W105,2025-04-29 13:39:00,4,Shipped,74336.0
O1008761,C100760,P1023,W103,2025-06-12 17:51:00,2,Completed,9299.36
O1008762,C100727,P1031,W108,2025-04-05 08:05:00,2,Completed,3058.4
O1008763,C100413,P1011,W102,2025-11-03 09:24:00,4,Shipped,87107.16
O1008764,C100315,P1081,W105,2025-06-09 17:00:00,2,Completed,29072.5
O1008765,C100054,P1066,W108,2025-05-21 15:54:00,3,Completed,58925.67
O1008766,C100839,P1094,W106,2025-09-09 17:53:00,3,Processing,73030.5
O1008767,C100841,P1001,W101,2025-05-17 14:31:00,2,Completed,18610.76
O1008768,C100076,P1064,W102,2025-05-11 20:37:00,2,Completed,9848.66
O1008769,C100583,P1057,W102,2025-03-24 09:45:00,4,Completed,37890.08
O1008770,C100552,P1063,W108,2025-01-25 10:09:00,2,Shipped,14335.56
O1008771,C100173,P1099,W102,2025-01-14 16:53:00,2,Completed,17758.32
O1008772,C100549,P1040,W101,2025-05-28 20:00:00,4,Completed,17573.28
O1008773,C100812,P1015,W104,2025-12-30 08:19:00,3,Completed,19626.87
O1008774,C100327,P1002,W103,2025-04-06 17:55:00,3,Shipped,42678.96
O1008775,C100726,P1050,W102,2025-08-22 21:36:00,2,Completed,29652.8
O1008776,C100971,P1018,W104,2025-04-29 15:53:00,3,Completed,63812.64
O1008777,C100455,P1015,W108,2025-04-21 19:38:00,1,Completed,6542.29
O1008778,C100107,P1015,W102,2025-03-01 11:39:00,1,Completed,6542.29
O1008779,C100298,P1028,W108,2025-07-25 19:16:00,4,Completed,25364.6
O1008780,C100137,P1012,W106,2025-08-29 14:24:00,2,Completed,31348.98
O1008781,C100353,P1049,W104,2025-05-08 12:10:00,4,Shipped,55953.04
O1008782,C100645,P1066,W106,2025-07-12 10:46:00,4,Shipped,78567.56
O1008783,C100203,P1029,W103,2025-06-23 19:56:00,2,Completed,11849.7
O1008784,C100515,P1014,W102,2025-04-09 18:02:00,4,Shipped,56675.12
O1008785,C100999,P1058,W102,2025-09-10 19:02:00,3,Completed,38344.38
O1008786,C100265,P1009,W101,2025-07-22 17:51:00,4,Completed,49527.28
O1008787,C100880,P1074,W106,2025-01-25 11:34:00,2,Processing,16749.88
O1008788,C100305,P1039,W101,2025-06-29 10:40:00,1,Completed,18584.0
O1008789,C100615,P1041,W102,2025-05-23 17:04:00,3,Completed,38688.24
O1008790,C100158,P1025,W101,2025-10-18 11:32:00,4,Completed,42503.24
O1008791,C100269,P1029,W101,2025-04-22 17:04:00,1,Processing,5924.85
O1008792,C100868,P1015,W108,2025-12-15 20:36:00,1,Completed,6542.29
O1008793,C100590,P1056,W101,2025-08-13 18:29:00,4,Completed,86182.48
O1008794,C100570,P1015,W105,2025-02-17 14:36:00,3,Completed,19626.87
O1008795,C100511,P1069,W103,2025-05-28 20:43:00,3,Completed,40825.92
O1008796,C100245,P1026,W102,2025-11-19 15:42:00,3,Completed,29169.84
O1008797,C100930,P1057,W103,2025-04-03 14:34:00,3,Shipped,28417.56
O1008798,C100394,P1054,W101,2025-09-15 21:25:00,2,Completed,26651.08
O1008799,C100012,P1064,W103,2025-10-13 12:41:00,3,Completed,14772.99
O1008800,C100907,P1076,W107,2025-09-10 10:53:00,2,Completed,20082.06
O1008801,C100047,P1057,W105,2025-02-02 09:56:00,1,Completed,9472.52
O1008802,C100887,P1086,W107,2025-05-17 16:46:00,3,Completed,49876.23
O1008803,C100267,P1026,W106,2025-05-08 15:08:00,2,Completed,19446.56
O1008804,C100070,P1076,W108,2025-05-06 18:50:00,4,Completed,40164.12
O1008805,C100221,P1035,W101,2025-11-17 10:03:00,2,Cancelled,20222.8
O1008806,C100655,P1063,W102,2025-01-03 12:28:00,1,Completed,7167.78
O1008807,C100546,P1050,W104,2025-07-16 09:41:00,4,Completed,59305.6
O1008808,C100153,P1091,W105,2025-12-25 12:19:00,1,Shipped,22319.24
O1008809,C100301,P1028,W107,2025-11-16 21:26:00,4,Completed,25364.6
O1008810,C100211,P1052,W101,2025-08-10 20:33:00,3,Shipped,28851.03
O1008811,C100654,P1017,W101,2025-12-31 14:56:00,2,Completed,8528.62
O1008812,C100865,P1064,W107,2025-05-27 09:23:00,1,Completed,4924.33
O1008813,C100256,P1004,W105,2025-08-12 21:55:00,1,Cancelled,17625.81
O1008814,C100896,P1042,W104,2025-07-18 10:12:00,1,Completed,17960.52
O1008815,C100409,P1001,W102,2025-01-18 09:24:00,4,Shipped,37221.52
O1008816,C100083,P1033,W106,2025-01-15 13:45:00,1,Completed,19025.5
O1008817,C100323,P1049,W107,2025-11-24 21:10:00,1,Completed,13988.26
O1008818,C100874,P1034,W101,2025-03-05 19:10:00,1,Completed,12497.8
O1008819,C100809,P1039,W101,2025-05-10 13:02:00,3,Completed,55752.0
O1008820,C100729,P1015,W107,2025-08-16 14:22:00,2,Shipped,13084.58
O1008821,C100399,P1072,W108,2025-07-30 08:50:00,2,Completed,20966.38
O1008822,C100776,P1080,W102,2025-07-07 11:47:00,4,Completed,25260.76
O1008823,C100711,P1046,W106,2025-12-24 17:22:00,2,Completed,40803.74
O1008824,C100792,P1006,W107,2025-10-15 13:53:00,4,Completed,12446.4
O1008825,C100558,P1007,W101,2025-12-10 21:42:00,1,Completed,14767.73
O1008826,C100508,P1068,W102,2025-08-29 14:14:00,3,Completed,5108.85
O1008827,C100967,P1093,W102,2025-12-24 19:51:00,1,Completed,19984.61
O1008828,C100947,P1087,W107,2025-08-08 18:10:00,1,Shipped,5462.8
O1008829,C100537,P1041,W107,2025-07-17 15:06:00,3,Processing,38688.24
O1008830,C100201,P1050,W102,2025-10-25 20:09:00,3,Completed,44479.2
O1008831,C100409,P1017,W102,2025-11-14 20:11:00,3,Completed,12792.93
O1008832,C100505,P1008,W106,2025-01-25 12:29:00,2,Completed,9019.34
O1008833,C100678,P1077,W108,2025-11-29 11:53:00,2,Completed,21038.1
O1008834,C100319,P1043,W107,2025-09-10 17:55:00,4,Completed,42894.08
O1008835,C100046,P1050,W102,2025-11-24 08:22:00,1,Completed,14826.4
O1008836,C100823,P1035,W104,2025-09-19 17:49:00,2,Completed,20222.8
O1008837,C100950,P1032,W101,2025-12-05 14:05:00,4,Completed,38975.24
O1008838,C100083,P1099,W102,2025-04-11 18:44:00,3,Completed,26637.48
O1008839,C100319,P1082,W105,2025-03-10 09:49:00,4,Processing,61618.28
O1008840,C100434,P1070,W103,2025-03-13 16:03:00,1,Shipped,11621.13
O1008841,C100761,P1039,W105,2025-04-03 15:30:00,1,Completed,18584.0
O1008842,C100774,P1073,W103,2025-03-20 08:12:00,4,Completed,38502.84
O1008843,C100344,P1034,W105,2025-06-11 15:20:00,3,Completed,37493.4
O1008844,C100313,P1052,W106,2025-03-14 17:10:00,4,Completed,38468.04
O1008845,C100406,P1015,W102,2025-02-27 13:40:00,4,Shipped,26169.16
O1008846,C100241,P1071,W101,2025-07-11 16:34:00,2,Shipped,22778.38
O1008847,C100437,P1007,W103,2025-10-17 12:34:00,1,Completed,14767.73
O1008848,C100263,P1073,W101,2025-02-19 16:33:00,4,Completed,38502.84
O1008849,C100061,P1061,W102,2025-07-06 11:24:00,2,Completed,37282.98
O1008850,C100714,P1007,W103,2025-08-29 11:56:00,1,Shipped,14767.73
O1008851,C100788,P1051,W103,2025-09-15 08:59:00,3,Completed,56429.67
O1008852,C100287,P1023,W103,2025-02-08 09:22:00,1,Completed,4649.68
O1008853,C100401,P1048,W101,2025-09-25 09:52:00,1,Completed,14921.68
O1008854,C100403,P1002,W102,2025-01-10 10:39:00,4,Completed,56905.28
O1008855,C100023,P1073,W108,2025-03-28 18:03:00,1,Processing,9625.71
O1008856,C100546,P1051,W106,2025-04-27 11:01:00,3,Shipped,56429.67
O1008857,C100459,P1037,W104,2025-11-08 12:58:00,2,Completed,17419.24
O1008858,C100941,P1088,W101,2025-03-12 10:25:00,1,Completed,14343.35
O1008859,C100372,P1065,W103,2025-10-13 13:56:00,4,Completed,35230.92
O1008860,C100795,P1061,W108,2025-12-27 11:25:00,1,Completed,18641.49
O1008861,C100391,P1015,W107,2025-12-17 12:36:00,3,Completed,19626.87
O1008862,C100186,P1051,W107,2025-04-21 08:57:00,1,Completed,18809.89
O1008863,C100349,P1071,W102,2025-02-04 15:04:00,3,Shipped,34167.57
O1008864,C100884,P1093,W104,2025-03-23 11:46:00,1,Completed,19984.61
O1008865,C100257,P1061,W101,2025-10-08 17:07:00,4,Completed,74565.96
O1008866,C100845,P1018,W107,2025-03-13 21:58:00,2,Processing,42541.76
O1008867,C100666,P1068,W101,2025-08-24 14:47:00,1,Completed,1702.95
O1008868,C100746,P1008,W105,2025-05-17 15:09:00,1,Completed,4509.67
O1008869,C100753,P1032,W103,2025-10-07 19:37:00,3,Cancelled,29231.43
O1008870,C100517,P1092,W105,2025-08-10 12:49:00,3,Completed,20597.73
O1008871,C100602,P1081,W107,2025-08-02 09:58:00,2,Completed,29072.5
O1008872,C100070,P1091,W103,2025-10-13 18:05:00,3,Completed,66957.72
O1008873,C100700,P1036,W101,2025-12-15 17:05:00,4,Completed,35803.36
O1008874,C100712,P1069,W106,2025-05-14 14:34:00,3,Shipped,40825.92
O1008875,C100104,P1071,W105,2025-07-13 13:24:00,3,Completed,34167.57
O1008876,C100519,P1025,W102,2025-08-17 08:24:00,4,Completed,42503.24
O1008877,C100509,P1095,W101,2025-10-28 15:47:00,1,Processing,20665.72
O1008878,C100310,P1097,W105,2025-06-25 15:39:00,1,Completed,18018.5
O1008879,C100067,P1012,W105,2025-05-17 15:13:00,1,Shipped,15674.49
O1008880,C100010,P1077,W101,2025-11-05 12:15:00,1,Completed,10519.05
O1008881,C100209,P1045,W105,2025-12-14 10:07:00,2,Completed,11804.0
O1008882,C100232,P1068,W104,2025-07-27 15:59:00,1,Processing,1702.95
O1008883,C100212,P1056,W102,2025-02-07 16:40:00,4,Completed,86182.48
O1008884,C100606,P1023,W105,2025-04-16 10:25:00,2,Completed,9299.36
O1008885,C100422,P1010,W106,2025-06-18 09:41:00,1,Completed,7847.31
O1008886,C100113,P1052,W102,2025-09-14 14:45:00,3,Completed,28851.03
O1008887,C100084,P1084,W106,2025-09-02 08:40:00,2,Completed,23284.62
O1008888,C100656,P1083,W102,2025-10-27 10:42:00,1,Completed,3506.3
O1008889,C100935,P1028,W105,2025-01-11 16:54:00,4,Completed,25364.6
O1008890,C100820,P1087,W107,2025-06-19 12:11:00,3,Completed,16388.4
O1008891,C100758,P1036,W108,2025-09-13 14:26:00,4,Completed,35803.36
O1008892,C100319,P1057,W103,2025-12-27 17:37:00,4,Shipped,37890.08
O1008893,C100704,P1033,W103,2025-02-21 10:28:00,4,Completed,76102.0
O1008894,C100082,P1053,W101,2025-11-17 11:11:00,1,Completed,19180.93
O1008895,C100172,P1053,W108,2025-01-03 12:09:00,4,Completed,76723.72
O1008896,C100140,P1070,W103,2025-03-13 13:50:00,1,Cancelled,11621.13
O1008897,C100184,P1048,W107,2025-11-06 15:50:00,2,Shipped,29843.36
O1008898,C100358,P1053,W108,2025-10-15 09:01:00,4,Processing,76723.72
O1008899,C100044,P1066,W104,2025-12-22 14:38:00,3,Shipped,58925.67
O1008900,C100814,P1042,W106,2025-08-08 17:37:00,4,Completed,71842.08
O1008901,C100716,P1053,W104,2025-08-13 19:55:00,4,Completed,76723.72
O1008902,C100635,P1009,W105,2025-07-15 15:32:00,1,Shipped,12381.82
O1008903,C100176,P1087,W102,2025-07-06 16:45:00,3,Shipped,16388.4
O1008904,C100868,P1013,W107,2025-07-07 19:23:00,3,Completed,28466.88
O1008905,C100007,P1088,W101,2025-04-17 18:10:00,1,Completed,14343.35
O1008906,C100995,P1077,W106,2025-11-08 15:29:00,1,Completed,10519.05
O1008907,C100727,P1095,W108,2025-05-11 15:55:00,2,Completed,41331.44
O1008908,C100203,P1003,W107,2025-08-11 21:55:00,3,Cancelled,27841.62
O1008909,C100197,P1022,W107,2025-09-02 18:35:00,4,Completed,89481.92
O1008910,C100695,P1006,W106,2025-07-16 11:22:00,3,Completed,9334.8
O1008911,C100809,P1042,W108,2025-08-12 14:21:00,4,Completed,71842.08
O1008912,C100467,P1091,W107,2025-01-18 18:23:00,1,Completed,22319.24
O1008913,C100061,P1077,W103,2025-04-26 15:18:00,2,Shipped,21038.1
O1008914,C100494,P1071,W105,2025-06-13 14:03:00,2,Completed,22778.38
O1008915,C100480,P1085,W104,2025-05-24 16:31:00,4,Completed,21900.48
O1008916,C100326,P1001,W103,2025-11-28 13:15:00,3,Processing,27916.14
O1008917,C100903,P1079,W107,2025-11-24 17:29:00,3,Completed,43042.68
O1008918,C100343,P1032,W101,2025-09-17 18:14:00,3,Completed,29231.43
O1008919,C100244,P1070,W102,2025-05-09 20:34:00,2,Completed,23242.26
O1008920,C100677,P1077,W101,2025-01-19 21:22:00,4,Completed,42076.2
O1008921,C100619,P1069,W102,2025-10-03 17:57:00,3,Completed,40825.92
O1008922,C100621,P1042,W105,2025-11-19 18:34:00,3,Completed,53881.56
O1008923,C100505,P1062,W108,2025-06-28 18:48:00,3,Completed,29013.72
O1008924,C100319,P1047,W108,2025-10-29 12:37:00,4,Shipped,54978.72
O1008925,C100258,P1063,W108,2025-12-06 20:49:00,2,Completed,14335.56
O1008926,C100119,P1046,W107,2025-07-19 15:08:00,3,Completed,61205.61
O1008927,C100186,P1040,W104,2025-03-18 20:08:00,4,Completed,17573.28
O1008928,C100579,P1021,W107,2025-01-09 11:02:00,3,Completed,55575.36
O1008929,C100407,P1039,W103,2025-10-04 12:20:00,1,Cancelled,18584.0
O1008930,C100740,P1073,W106,2025-07-25 16:41:00,1,Completed,9625.71
O1008931,C100805,P1088,W101,2025-02-26 16:06:00,1,Completed,14343.35
O1008932,C100559,P1011,W108,2025-01-20 13:38:00,2,Cancelled,43553.58
O1008933,C100105,P1019,W108,2025-12-20 11:05:00,1,Completed,14293.32
O1008934,C100004,P1051,W106,2025-04-27 11:11:00,3,Completed,56429.67
O1008935,C100229,P1071,W102,2025-04-30 18:10:00,4,Completed,45556.76
O1008936,C100283,P1017,W103,2025-08-18 08:17:00,1,Completed,4264.31
O1008937,C100074,P1033,W106,2025-05-14 09:40:00,2,Cancelled,38051.0
O1008938,C100779,P1005,W104,2025-11-30 20:57:00,1,Cancelled,858.57
O1008939,C100368,P1006,W105,2025-09-06 21:42:00,1,Cancelled,3111.6
O1008940,C100743,P1015,W104,2025-05-11 09:06:00,1,Shipped,6542.29
O1008941,C100209,P1073,W107,2025-04-08 09:59:00,3,Completed,28877.13
O1008942,C100011,P1087,W102,2025-11-10 12:36:00,4,Completed,21851.2
O1008943,C100137,P1050,W104,2025-08-04 16:12:00,3,Completed,44479.2
O1008944,C100471,P1018,W102,2025-12-02 10:39:00,3,Shipped,63812.64
O1008945,C100480,P1093,W106,2025-05-06 21:45:00,1,Shipped,19984.61
O1008946,C100438,P1028,W103,2025-01-08 14:55:00,4,Completed,25364.6
O1008947,C100960,P1016,W103,2025-11-25 15:31:00,3,Completed,28287.33
O1008948,C100653,P1014,W102,2025-03-29 10:43:00,4,Completed,56675.12
O1008949,C100732,P1036,W107,2025-11-05 12:18:00,2,Shipped,17901.68
O1008950,C100125,P1074,W102,2025-09-17 18:18:00,3,Cancelled,25124.82
O1008951,C100466,P1040,W107,2025-03-26 16:51:00,2,Completed,8786.64
O1008952,C100622,P1045,W108,2025-10-04 11:08:00,3,Completed,17706.0
O1008953,C100585,P1035,W108,2025-01-30 14:10:00,1,Processing,10111.4
O1008954,C100947,P1095,W103,2025-05-24 10:35:00,2,Completed,41331.44
O1008955,C100476,P1069,W106,2025-05-11 13:42:00,1,Completed,13608.64
O1008956,C100372,P1067,W107,2025-08-28 11:02:00,3,Processing,55336.11
O1008957,C100945,P1044,W101,2025-07-15 21:42:00,3,Completed,59568.9
O1008958,C100338,P1054,W101,2025-08-12 12:09:00,4,Completed,53302.16
O1008959,C100571,P1089,W102,2025-06-23 14:37:00,2,Completed,12620.74
O1008960,C100029,P1066,W108,2025-09-28 16:59:00,4,Completed,78567.56
O1008961,C100166,P1082,W101,2025-02-28 08:34:00,4,Completed,61618.28
O1008962,C100058,P1005,W107,2025-09-20 10:56:00,2,Completed,1717.14
O1008963,C100418,P1086,W107,2025-01-19 21:50:00,4,Shipped,66501.64
O1008964,C100932,P1096,W108,2025-02-01 17:45:00,4,Completed,14809.52
O1008965,C100072,P1067,W105,2025-09-22 11:23:00,2,Processing,36890.74
O1008966,C100976,P1096,W105,2025-02-27 14:01:00,2,Completed,7404.76
O1008967,C100869,P1057,W106,2025-10-09 20:00:00,1,Completed,9472.52
O1008968,C100006,P1028,W106,2025-02-18 10:45:00,2,Completed,12682.3
O1008969,C100016,P1061,W107,2025-02-23 12:11:00,2,Completed,37282.98
O1008970,C100901,P1063,W103,2025-12-07 11:21:00,2,Completed,14335.56
O1008971,C100586,P1015,W108,2025-03-06 17:18:00,2,Shipped,13084.58
O1008972,C100174,P1021,W104,2025-11-30 15:22:00,1,Completed,18525.12
O1008973,C100954,P1030,W102,2025-05-08 15:00:00,2,Completed,11799.64
O1008974,C100562,P1055,W107,2025-10-19 13:18:00,1,Shipped,10895.07
O1008975,C100636,P1015,W105,2025-12-09 12:35:00,1,Completed,6542.29
O1008976,C100679,P1078,W101,2025-02-12 15:11:00,3,Shipped,51859.05
O1008977,C100202,P1011,W102,2025-05-01 19:11:00,4,Shipped,87107.16
O1008978,C100360,P1094,W101,2025-07-29 19:22:00,1,Completed,24343.5
O1008979,C100129,P1068,W105,2025-11-12 18:59:00,3,Completed,5108.85
O1008980,C100529,P1034,W107,2025-03-10 08:38:00,4,Completed,49991.2
O1008981,C100988,P1038,W103,2025-03-10 14:51:00,3,Completed,13659.57
O1008982,C100628,P1070,W101,2025-05-15 13:30:00,1,Completed,11621.13
O1008983,C100692,P1009,W107,2025-03-16 21:05:00,4,Completed,49527.28
O1008984,C100194,P1072,W106,2025-04-08 13:48:00,1,Processing,10483.19
O1008985,C100542,P1056,W105,2025-02-17 11:27:00,3,Completed,64636.86
O1008986,C100995,P1023,W102,2025-10-30 11:30:00,2,Completed,9299.36
O1008987,C100089,P1090,W106,2025-10-18 10:43:00,3,Shipped,31081.14
O1008988,C100204,P1063,W103,2025-02-22 14:11:00,1,Completed,7167.78
O1008989,C100720,P1017,W102,2025-07-15 11:41:00,4,Completed,17057.24
O1008990,C100011,P1066,W103,2025-08-24 15:55:00,1,Completed,19641.89
O1008991,C100207,P1042,W101,2025-08-18 11:13:00,4,Shipped,71842.08
O1008992,C100945,P1077,W104,2025-12-26 16:11:00,1,Completed,10519.05
O1008993,C100020,P1050,W107,2025-08-23 16:37:00,2,Completed,29652.8
O1008994,C100430,P1100,W107,2025-09-08 17:22:00,3,Shipped,60213.21
O1008995,C100330,P1093,W106,2025-01-12 20:21:00,3,Completed,59953.83
O1008996,C100399,P1005,W108,2025-01-29 09:04:00,2,Completed,1717.14
O1008997,C100259,P1042,W108,2025-08-14 08:44:00,2,Completed,35921.04
O1008998,C100276,P1021,W102,2025-11-28 14:26:00,3,Completed,55575.36
O1008999,C100761,P1046,W104,2025-05-26 15:13:00,1,Completed,20401.87
O1009000,C100026,P1015,W103,2025-08-23 18:36:00,1,Completed,6542.29
O1009001,C100130,P1054,W106,2025-03-18 11:10:00,2,Completed,26651.08
O1009002,C100265,P1016,W107,2025-06-16 14:22:00,1,Shipped,9429.11
O1009003,C100827,P1063,W108,2025-10-02 16:33:00,1,Completed,7167.78
O1009004,C100394,P1046,W101,2025-08-29 17:11:00,1,Completed,20401.87
O1009005,C100035,P1100,W105,2025-02-11 15:36:00,4,Completed,80284.28
O1009006,C100521,P1088,W101,2025-11-17 16:15:00,1,Completed,14343.35
O1009007,C100628,P1061,W103,2025-12-05 10:17:00,1,Completed,18641.49
O1009008,C100458,P1045,W104,2025-06-24 14:30:00,4,Shipped,23608.0
O1009009,C100089,P1072,W105,2025-05-05 15:34:00,2,Completed,20966.38
O1009010,C100880,P1067,W107,2025-07-13 09:06:00,2,Completed,36890.74
O1009011,C100859,P1014,W108,2025-10-20 21:33:00,3,Completed,42506.34
O1009012,C100912,P1038,W103,2025-06-15 16:51:00,3,Processing,13659.57
O1009013,C100964,P1100,W105,2025-01-11 18:02:00,2,Completed,40142.14
O1009014,C100318,P1032,W101,2025-01-27 15:28:00,4,Completed,38975.24
O1009015,C100422,P1002,W101,2025-10-24 21:01:00,1,Completed,14226.32
O1009016,C100960,P1084,W108,2025-10-15 08:04:00,1,Completed,11642.31
O1009017,C100450,P1094,W108,2025-10-09 21:24:00,3,Completed,73030.5
O1009018,C100865,P1066,W108,2025-02-16 10:53:00,4,Completed,78567.56
O1009019,C100648,P1064,W103,2025-03-04 20:23:00,4,Shipped,19697.32
O1009020,C100928,P1036,W106,2025-05-25 08:51:00,3,Processing,26852.52
O1009021,C100011,P1036,W102,2025-03-26 12:22:00,1,Completed,8950.84
O1009022,C100707,P1092,W106,2025-05-22 15:58:00,3,Completed,20597.73
O1009023,C100801,P1086,W104,2025-07-23 17:12:00,1,Completed,16625.41
O1009024,C100199,P1050,W108,2025-04-13 08:12:00,4,Processing,59305.6
O1009025,C100736,P1032,W103,2025-02-15 13:01:00,1,Completed,9743.81
O1009026,C100196,P1019,W106,2025-05-27 19:47:00,1,Completed,14293.32
O1009027,C100905,P1002,W106,2025-09-21 10:33:00,3,Completed,42678.96
O1009028,C100909,P1049,W107,2025-08-14 21:15:00,3,Completed,41964.78
O1009029,C100004,P1056,W101,2025-04-28 17:56:00,2,Completed,43091.24
O1009030,C100508,P1068,W104,2025-04-24 21:39:00,2,Cancelled,3405.9
O1009031,C100383,P1081,W104,2025-08-02 20:38:00,3,Completed,43608.75
O1009032,C100891,P1037,W102,2025-03-04 11:10:00,3,Completed,26128.86
O1009033,C100321,P1017,W107,2025-11-01 21:10:00,3,Completed,12792.93
O1009034,C100721,P1085,W107,2025-11-14 14:55:00,1,Completed,5475.12
O1009035,C100117,P1077,W101,2025-01-10 11:37:00,3,Completed,31557.15
O1009036,C100213,P1054,W106,2025-12-21 20:28:00,1,Completed,13325.54
O1009037,C100986,P1004,W107,2025-01-09 14:35:00,1,Shipped,17625.81
O1009038,C100385,P1047,W103,2025-06-17 17:37:00,4,Shipped,54978.72
O1009039,C100766,P1062,W106,2025-09-01 16:32:00,1,Completed,9671.24
O1009040,C100968,P1086,W105,2025-04-30 12:10:00,2,Completed,33250.82
O1009041,C100966,P1051,W101,2025-03-16 21:45:00,2,Processing,37619.78
O1009042,C100020,P1047,W107,2025-01-18 19:40:00,1,Completed,13744.68
O1009043,C100233,P1038,W107,2025-09-23 15:24:00,1,Completed,4553.19
O1009044,C100715,P1042,W103,2025-01-14 16:02:00,1,Shipped,17960.52
O1009045,C100927,P1002,W103,2025-06-26 08:58:00,3,Completed,42678.96
O1009046,C100979,P1011,W107,2025-05-24 18:13:00,3,Processing,65330.37
O1009047,C100721,P1076,W107,2025-12-20 20:44:00,3,Completed,30123.09
O1009048,C100105,P1037,W101,2025-12-06 21:34:00,1,Shipped,8709.62
O1009049,C100743,P1086,W103,2025-10-26 15:50:00,3,Completed,49876.23
O1009050,C100272,P1040,W105,2025-09-24 21:57:00,1,Shipped,4393.32
O1009051,C100809,P1100,W102,2025-07-18 19:10:00,2,Completed,40142.14
O1009052,C100548,P1019,W108,2025-05-08 15:04:00,4,Completed,57173.28
O1009053,C100184,P1019,W102,2025-03-02 19:12:00,2,Completed,28586.64
O1009054,C100844,P1059,W107,2025-12-20 10:11:00,1,Processing,2496.12
O1009055,C100989,P1081,W101,2025-05-21 17:27:00,3,Completed,43608.75
O1009056,C100507,P1015,W108,2025-06-06 16:40:00,1,Completed,6542.29
O1009057,C100813,P1051,W101,2025-02-21 14:54:00,1,Completed,18809.89
O1009058,C100060,P1023,W106,2025-04-12 17:00:00,3,Completed,13949.04
O1009059,C100272,P1074,W103,2025-08-20 19:55:00,3,Completed,25124.82
O1009060,C100128,P1057,W104,2025-06-05 16:00:00,1,Completed,9472.52
O1009061,C100284,P1066,W101,2025-08-02 13:18:00,3,Shipped,58925.67
O1009062,C100376,P1027,W106,2025-03-19 13:54:00,1,Completed,13032.23
O1009063,C100432,P1029,W105,2025-01-30 15:57:00,3,Completed,17774.55
O1009064,C100323,P1064,W103,2025-11-20 16:08:00,3,Completed,14772.99
O1009065,C100545,P1036,W104,2025-06-07 12:23:00,1,Completed,8950.84
O1009066,C100220,P1070,W105,2025-05-12 15:28:00,3,Completed,34863.39
O1009067,C100348,P1016,W106,2025-04-15 12:01:00,3,Shipped,28287.33
O1009068,C100841,P1031,W105,2025-08-29 21:13:00,2,Completed,3058.4
O1009069,C100563,P1011,W101,2025-07-25 15:29:00,3,Completed,65330.37
O1009070,C100027,P1009,W105,2025-05-23 19:43:00,4,Completed,49527.28
O1009071,C100329,P1027,W103,2025-12-06 13:18:00,2,Completed,26064.46
O1009072,C100830,P1049,W104,2025-11-26 13:30:00,4,Shipped,55953.04
O1009073,C100181,P1015,W103,2025-03-14 12:02:00,1,Shipped,6542.29
O1009074,C100922,P1010,W103,2025-08-23 15:59:00,3,Completed,23541.93
O1009075,C100296,P1088,W102,2025-12-20 16:37:00,2,Completed,28686.7
O1009076,C100631,P1052,W103,2025-06-28 15:55:00,3,Completed,28851.03
O1009077,C100476,P1072,W106,2025-01-12 19:43:00,3,Completed,31449.57
O1009078,C100626,P1073,W102,2025-02-18 15:09:00,4,Completed,38502.84
O1009079,C100798,P1011,W107,2025-09-01 19:29:00,3,Completed,65330.37
O1009080,C100150,P1063,W104,2025-11-26 08:48:00,1,Shipped,7167.78
O1009081,C100353,P1087,W105,2025-02-16 13:02:00,4,Cancelled,21851.2
O1009082,C100569,P1045,W101,2025-07-19 17:58:00,3,Shipped,17706.0
O1009083,C100261,P1087,W102,2025-07-01 13:22:00,1,Completed,5462.8
O1009084,C100376,P1095,W108,2025-04-15 18:14:00,1,Shipped,20665.72
O1009085,C100886,P1055,W107,2025-08-19 16:17:00,1,Completed,10895.07
O1009086,C100230,P1011,W101,2025-11-17 14:46:00,1,Processing,21776.79
O1009087,C100190,P1062,W108,2025-03-29 15:48:00,2,Completed,19342.48
O1009088,C100584,P1089,W107,2025-01-20 20:37:00,4,Completed,25241.48
O1009089,C100100,P1058,W102,2025-05-12 17:30:00,4,Completed,51125.84
O1009090,C100002,P1081,W102,2025-04-25 21:46:00,1,Completed,14536.25
O1009091,C100870,P1054,W102,2025-09-23 09:20:00,2,Completed,26651.08
O1009092,C100277,P1042,W107,2025-07-15 19:22:00,2,Completed,35921.04
O1009093,C100121,P1095,W107,2025-01-07 20:28:00,2,Completed,41331.44
O1009094,C100657,P1016,W106,2025-05-05 20:59:00,1,Completed,9429.11
O1009095,C100481,P1045,W103,2025-09-26 15:32:00,2,Completed,11804.0
O1009096,C100456,P1016,W108,2025-06-24 14:49:00,3,Processing,28287.33
O1009097,C100439,P1066,W107,2025-07-25 16:10:00,3,Completed,58925.67
O1009098,C100146,P1093,W107,2025-04-07 20:47:00,4,Completed,79938.44
O1009099,C100859,P1100,W103,2025-04-27 20:08:00,4,Completed,80284.28
O1009100,C100002,P1024,W106,2025-02-17 21:05:00,2,Completed,37901.9
O1009101,C100484,P1073,W106,2025-01-30 21:34:00,4,Cancelled,38502.84
O1009102,C100271,P1088,W102,2025-01-14 16:43:00,4,Completed,57373.4
O1009103,C100642,P1084,W105,2025-08-16 11:37:00,2,Cancelled,23284.62
O1009104,C100550,P1051,W105,2025-02-27 10:06:00,2,Completed,37619.78
O1009105,C100385,P1018,W105,2025-07-29 20:34:00,3,Completed,63812.64
O1009106,C100535,P1047,W103,2025-12-14 10:07:00,4,Completed,54978.72
O1009107,C100227,P1078,W106,2025-09-12 08:59:00,4,Processing,69145.4
O1009108,C100132,P1062,W108,2025-07-30 14:36:00,4,Shipped,38684.96
O1009109,C100906,P1039,W105,2025-02-12 18:24:00,4,Completed,74336.0
O1009110,C100614,P1022,W107,2025-06-28 18:17:00,1,Completed,22370.48
O1009111,C100654,P1066,W107,2025-11-22 11:33:00,1,Completed,19641.89
O1009112,C100999,P1043,W103,2025-05-21 15:01:00,4,Completed,42894.08
O1009113,C100905,P1048,W106,2025-10-29 20:31:00,2,Completed,29843.36
O1009114,C100585,P1094,W106,2025-09-16 19:11:00,1,Processing,24343.5
O1009115,C100793,P1001,W108,2025-04-08 20:50:00,2,Shipped,18610.76
O1009116,C100528,P1024,W103,2025-02-21 18:46:00,2,Completed,37901.9
O1009117,C100238,P1092,W102,2025-01-07 09:16:00,3,Completed,20597.73
O1009118,C100623,P1093,W106,2025-04-11 10:51:00,1,Completed,19984.61
O1009119,C100914,P1031,W106,2025-05-02 10:21:00,2,Processing,3058.4
O1009120,C100880,P1100,W105,2025-08-28 09:51:00,2,Shipped,40142.14
O1009121,C100506,P1022,W106,2025-07-28 20:01:00,1,Shipped,22370.48
O1009122,C100946,P1006,W105,2025-06-24 17:52:00,4,Shipped,12446.4
O1009123,C100198,P1031,W101,2025-09-21 20:47:00,1,Completed,1529.2
O1009124,C100042,P1054,W108,2025-10-09 12:29:00,4,Completed,53302.16
O1009125,C100404,P1001,W103,2025-09-18 21:43:00,2,Shipped,18610.76
O1009126,C100205,P1018,W102,2025-11-24 21:02:00,3,Completed,63812.64
O1009127,C100958,P1080,W107,2025-05-12 09:29:00,2,Shipped,12630.38
O1009128,C100116,P1063,W107,2025-10-28 20:09:00,4,Shipped,28671.12
O1009129,C100535,P1061,W105,2025-06-03 09:33:00,4,Completed,74565.96
O1009130,C100773,P1099,W106,2025-03-09 14:19:00,2,Completed,17758.32
O1009131,C100111,P1023,W101,2025-02-23 10:31:00,1,Shipped,4649.68
O1009132,C100046,P1090,W103,2025-02-03 16:07:00,1,Completed,10360.38
O1009133,C100554,P1036,W102,2025-12-15 08:14:00,3,Completed,26852.52
O1009134,C100903,P1093,W104,2025-03-03 19:51:00,4,Completed,79938.44
O1009135,C100017,P1079,W103,2025-11-01 14:40:00,1,Completed,14347.56
O1009136,C100021,P1022,W101,2025-10-13 20:11:00,1,Completed,22370.48
O1009137,C100926,P1021,W106,2025-06-10 14:04:00,2,Completed,37050.24
O1009138,C100603,P1055,W105,2025-11-30 15:47:00,4,Completed,43580.28
O1009139,C100702,P1051,W104,2025-11-28 18:19:00,4,Cancelled,75239.56
O1009140,C100276,P1024,W108,2025-12-04 21:36:00,1,Completed,18950.95
O1009141,C100313,P1027,W103,2025-07-01 13:14:00,4,Cancelled,52128.92
O1009142,C100471,P1090,W101,2025-04-19 15:17:00,2,Shipped,20720.76
O1009143,C100215,P1076,W107,2025-01-16 12:32:00,1,Shipped,10041.03
O1009144,C100442,P1020,W102,2025-11-03 08:34:00,2,Shipped,38682.62
O1009145,C100954,P1073,W101,2025-11-15 20:13:00,4,Completed,38502.84
O1009146,C100749,P1016,W104,2025-07-15 15:52:00,2,Completed,18858.22
O1009147,C100870,P1045,W105,2025-01-26 13:12:00,3,Completed,17706.0
O1009148,C100497,P1002,W103,2025-10-28 18:52:00,1,Completed,14226.32
O1009149,C100788,P1065,W107,2025-04-19 19:27:00,1,Completed,8807.73
O1009150,C100422,P1019,W103,2025-07-20 21:47:00,1,Completed,14293.32
O1009151,C100618,P1024,W108,2025-08-29 14:06:00,2,Processing,37901.9
O1009152,C100731,P1019,W106,2025-02-23 09:28:00,1,Processing,14293.32
O1009153,C100825,P1019,W102,2025-01-23 14:47:00,3,Completed,42879.96
O1009154,C100926,P1008,W104,2025-01-29 14:10:00,4,Completed,18038.68
O1009155,C100106,P1056,W101,2025-12-17 10:54:00,3,Shipped,64636.86
O1009156,C100794,P1087,W107,2025-12-16 16:12:00,2,Cancelled,10925.6
O1009157,C100710,P1031,W106,2025-06-05 13:47:00,1,Completed,1529.2
O1009158,C100737,P1078,W104,2025-06-05 20:20:00,1,Completed,17286.35
O1009159,C100015,P1055,W106,2025-05-29 08:40:00,1,Processing,10895.07
O1009160,C100488,P1026,W105,2025-05-08 18:01:00,1,Completed,9723.28
O1009161,C100961,P1007,W105,2025-07-18 16:25:00,3,Completed,44303.19
O1009162,C100901,P1079,W104,2025-05-11 11:14:00,2,Completed,28695.12
O1009163,C100231,P1003,W103,2025-08-13 12:56:00,3,Completed,27841.62
O1009164,C100487,P1043,W103,2025-05-19 20:01:00,2,Completed,21447.04
O1009165,C100864,P1004,W107,2025-08-18 13:05:00,2,Shipped,35251.62
O1009166,C100931,P1078,W104,2025-12-11 17:17:00,2,Completed,34572.7
O1009167,C100332,P1099,W104,2025-03-17 15:10:00,2,Processing,17758.32
O1009168,C100803,P1033,W106,2025-01-23 20:31:00,1,Completed,19025.5
O1009169,C100835,P1032,W105,2025-07-12 17:14:00,1,Processing,9743.81
O1009170,C100151,P1057,W108,2025-02-13 19:40:00,4,Completed,37890.08
O1009171,C100032,P1051,W102,2025-03-26 20:39:00,1,Completed,18809.89
O1009172,C100047,P1039,W101,2025-10-16 09:48:00,2,Processing,37168.0
O1009173,C100146,P1037,W104,2025-06-02 19:40:00,2,Completed,17419.24
O1009174,C100741,P1019,W105,2025-07-20 21:26:00,2,Completed,28586.64
O1009175,C100390,P1026,W107,2025-10-11 08:30:00,3,Completed,29169.84
O1009176,C100686,P1059,W106,2025-02-16 14:21:00,3,Completed,7488.36
O1009177,C100090,P1074,W108,2025-06-24 11:34:00,3,Shipped,25124.82
O1009178,C100603,P1076,W101,2025-01-13 21:45:00,2,Processing,20082.06
O1009179,C100746,P1052,W105,2025-07-02 12:55:00,4,Completed,38468.04
O1009180,C100977,P1076,W107,2025-03-23 10:37:00,1,Completed,10041.03
O1009181,C100320,P1060,W105,2025-11-29 09:20:00,2,Completed,9786.26
O1009182,C100546,P1036,W103,2025-04-06 19:06:00,2,Cancelled,17901.68
O1009183,C100484,P1036,W107,2025-03-15 08:49:00,2,Completed,17901.68
O1009184,C100348,P1052,W107,2025-01-06 12:16:00,3,Completed,28851.03
O1009185,C100640,P1031,W103,2025-02-18 15:45:00,1,Completed,1529.2
O1009186,C100565,P1077,W105,2025-03-20 08:37:00,4,Completed,42076.2
O1009187,C100833,P1019,W107,2025-03-25 10:26:00,1,Completed,14293.32
O1009188,C100029,P1006,W102,2025-09-27 21:54:00,2,Completed,6223.2
O1009189,C100222,P1050,W101,2025-11-20 14:24:00,3,Completed,44479.2
O1009190,C100580,P1008,W106,2025-11-09 12:14:00,4,Completed,18038.68
O1009191,C100574,P1020,W107,2025-12-16 20:10:00,3,Completed,58023.93
O1009192,C100903,P1038,W102,2025-11-24 09:07:00,3,Completed,13659.57
O1009193,C100675,P1001,W105,2025-06-16 11:41:00,1,Shipped,9305.38
O1009194,C100005,P1023,W106,2025-05-23 20:02:00,3,Completed,13949.04
O1009195,C100490,P1055,W108,2025-08-25 18:32:00,3,Completed,32685.21
O1009196,C100846,P1038,W107,2025-04-27 14:02:00,1,Shipped,4553.19
O1009197,C100874,P1090,W102,2025-08-09 21:43:00,2,Completed,20720.76
O1009198,C100802,P1010,W105,2025-12-31 16:04:00,4,Completed,31389.24
O1009199,C100478,P1072,W106,2025-03-14 18:26:00,4,Completed,41932.76
O1009200,C100107,P1060,W103,2025-10-08 21:47:00,1,Completed,4893.13
O1009201,C100214,P1065,W102,2025-12-08 15:03:00,3,Completed,26423.19
O1009202,C100847,P1068,W104,2025-07-16 14:43:00,2,Completed,3405.9
O1009203,C100341,P1006,W106,2025-05-10 17:17:00,4,Completed,12446.4
O1009204,C100764,P1080,W105,2025-04-03 08:56:00,3,Completed,18945.57
O1009205,C100037,P1034,W105,2025-03-03 14:00:00,2,Completed,24995.6
O1009206,C100492,P1066,W106,2025-04-28 17:40:00,4,Completed,78567.56
O1009207,C100951,P1030,W108,2025-09-30 13:18:00,1,Processing,5899.82
O1009208,C100246,P1040,W106,2025-07-08 17:56:00,2,Processing,8786.64
O1009209,C100031,P1071,W102,2025-03-22 13:38:00,4,Completed,45556.76
O1009210,C100289,P1094,W104,2025-07-17 10:43:00,1,Completed,24343.5
O1009211,C100064,P1088,W102,2025-10-23 10:02:00,1,Completed,14343.35
O1009212,C100613,P1073,W107,2025-01-05 15:38:00,4,Cancelled,38502.84
O1009213,C100192,P1054,W108,2025-01-08 10:42:00,2,Completed,26651.08
O1009214,C100247,P1053,W107,2025-12-17 13:10:00,4,Completed,76723.72
O1009215,C100588,P1097,W102,2025-10-01 15:16:00,1,Cancelled,18018.5
O1009216,C100326,P1021,W106,2025-07-30 08:41:00,3,Completed,55575.36
O1009217,C100651,P1096,W101,2025-11-27 13:53:00,1,Shipped,3702.38
O1009218,C100931,P1065,W103,2025-08-04 12:21:00,2,Completed,17615.46
O1009219,C100932,P1062,W103,2025-07-10 12:23:00,1,Completed,9671.24
O1009220,C100730,P1060,W104,2025-03-19 20:44:00,2,Completed,9786.26
O1009221,C100969,P1082,W103,2025-10-23 20:56:00,2,Processing,30809.14
O1009222,C100737,P1069,W104,2025-10-07 12:12:00,4,Completed,54434.56
O1009223,C100068,P1010,W101,2025-04-18 20:19:00,3,Completed,23541.93
O1009224,C100956,P1079,W107,2025-09-27 11:07:00,1,Shipped,14347.56
O1009225,C100567,P1073,W104,2025-09-23 12:51:00,2,Completed,19251.42
O1009226,C100006,P1092,W107,2025-02-04 21:10:00,4,Completed,27463.64
O1009227,C100621,P1094,W101,2025-02-28 09:25:00,2,Completed,48687.0
O1009228,C100245,P1095,W107,2025-08-06 13:21:00,3,Completed,61997.16
O1009229,C100535,P1005,W106,2025-08-16 19:16:00,3,Completed,2575.71
O1009230,C100658,P1064,W102,2025-08-29 21:10:00,4,Shipped,19697.32
O1009231,C100028,P1094,W107,2025-05-17 21:16:00,3,Completed,73030.5
O1009232,C100439,P1097,W106,2025-11-01 20:19:00,3,Completed,54055.5
O1009233,C100056,P1055,W106,2025-06-12 21:30:00,4,Shipped,43580.28
O1009234,C100113,P1092,W107,2025-03-17 14:35:00,2,Completed,13731.82
O1009235,C100212,P1089,W108,2025-02-12 12:31:00,4,Completed,25241.48
O1009236,C100782,P1001,W102,2025-11-17 13:23:00,4,Completed,37221.52
O1009237,C100414,P1089,W103,2025-09-16 09:41:00,2,Processing,12620.74
O1009238,C100048,P1064,W101,2025-06-18 09:55:00,4,Shipped,19697.32
O1009239,C100748,P1058,W101,2025-03-18 21:37:00,2,Completed,25562.92
O1009240,C100544,P1018,W101,2025-02-05 10:40:00,4,Completed,85083.52
O1009241,C100142,P1092,W106,2025-02-25 16:37:00,1,Completed,6865.91
O1009242,C100563,P1030,W105,2025-02-08 11:15:00,2,Completed,11799.64
O1009243,C100249,P1042,W101,2025-07-13 17:17:00,2,Completed,35921.04
O1009244,C100636,P1030,W104,2025-03-14 14:35:00,2,Shipped,11799.64
O1009245,C100948,P1097,W101,2025-02-16 09:28:00,2,Shipped,36037.0
O1009246,C100316,P1049,W102,2025-04-14 13:12:00,4,Completed,55953.04
O1009247,C100746,P1012,W101,2025-09-13 18:13:00,2,Completed,31348.98
O1009248,C100024,P1002,W105,2025-07-01 19:12:00,3,Completed,42678.96
O1009249,C100408,P1099,W101,2025-02-26 12:03:00,1,Completed,8879.16
O1009250,C100889,P1024,W107,2025-10-01 12:09:00,1,Completed,18950.95
O1009251,C100075,P1078,W108,2025-06-28 18:12:00,2,Processing,34572.7
O1009252,C100930,P1003,W107,2025-03-10 13:56:00,1,Cancelled,9280.54
O1009253,C100094,P1090,W107,2025-09-10 08:58:00,1,Processing,10360.38
O1009254,C100482,P1066,W107,2025-12-29 09:43:00,1,Shipped,19641.89
O1009255,C100182,P1023,W108,2025-07-17 13:13:00,2,Completed,9299.36
O1009256,C100021,P1089,W108,2025-02-28 11:47:00,1,Completed,6310.37
O1009257,C100350,P1030,W102,2025-04-23 09:39:00,1,Processing,5899.82
O1009258,C100581,P1100,W105,2025-08-07 18:57:00,2,Completed,40142.14
O1009259,C100723,P1060,W103,2025-12-31 14:25:00,2,Completed,9786.26
O1009260,C100316,P1045,W107,2025-12-06 17:53:00,4,Completed,23608.0
O1009261,C100493,P1006,W101,2025-12-07 08:01:00,3,Shipped,9334.8
O1009262,C100183,P1027,W104,2025-10-31 13:37:00,3,Completed,39096.69
O1009263,C100730,P1006,W104,2025-07-29 14:41:00,3,Shipped,9334.8
O1009264,C100169,P1086,W107,2025-08-25 16:05:00,1,Completed,16625.41
O1009265,C100862,P1011,W103,2025-09-25 21:33:00,2,Completed,43553.58
O1009266,C100180,P1012,W108,2025-09-19 14:25:00,3,Shipped,47023.47
O1009267,C100665,P1013,W104,2025-08-22 14:51:00,4,Shipped,37955.84
O1009268,C100331,P1098,W106,2025-02-18 20:31:00,2,Completed,1536.34
O1009269,C100997,P1098,W105,2025-11-18 13:34:00,2,Completed,1536.34
O1009270,C100281,P1072,W104,2025-01-04 13:31:00,4,Completed,41932.76
O1009271,C100949,P1008,W103,2025-06-05 10:14:00,1,Completed,4509.67
O1009272,C100837,P1051,W103,2025-06-08 18:06:00,4,Completed,75239.56
O1009273,C100468,P1095,W106,2025-12-30 08:16:00,2,Processing,41331.44
O1009274,C100496,P1010,W103,2025-02-02 11:03:00,1,Completed,7847.31
O1009275,C100354,P1080,W107,2025-06-23 13:51:00,2,Completed,12630.38
O1009276,C100428,P1002,W102,2025-05-11 14:04:00,4,Completed,56905.28
O1009277,C100466,P1081,W102,2025-02-05 08:32:00,2,Completed,29072.5
O1009278,C100146,P1055,W101,2025-03-23 15:24:00,1,Completed,10895.07
O1009279,C100323,P1089,W107,2025-06-04 21:36:00,2,Completed,12620.74
O1009280,C100876,P1042,W104,2025-12-01 09:27:00,3,Shipped,53881.56
O1009281,C100979,P1079,W101,2025-05-22 14:54:00,1,Shipped,14347.56
O1009282,C100055,P1085,W101,2025-11-18 16:13:00,4,Completed,21900.48
O1009283,C100733,P1033,W108,2025-09-25 12:32:00,4,Processing,76102.0
O1009284,C100240,P1065,W108,2025-10-26 16:02:00,4,Completed,35230.92
O1009285,C100654,P1047,W103,2025-11-08 12:46:00,4,Completed,54978.72
O1009286,C100622,P1044,W106,2025-09-18 10:13:00,1,Shipped,19856.3
O1009287,C100879,P1080,W103,2025-09-25 19:45:00,4,Completed,25260.76
O1009288,C100703,P1023,W107,2025-02-26 21:58:00,1,Cancelled,4649.68
O1009289,C100824,P1012,W106,2025-09-19 13:24:00,1,Completed,15674.49
O1009290,C100802,P1049,W104,2025-01-18 09:17:00,1,Cancelled,13988.26
O1009291,C100648,P1083,W108,2025-09-27 10:17:00,1,Completed,3506.3
O1009292,C100411,P1017,W102,2025-08-27 20:32:00,1,Completed,4264.31
O1009293,C100338,P1035,W108,2025-10-04 20:19:00,4,Completed,40445.6
O1009294,C100347,P1067,W103,2025-08-23 14:52:00,1,Shipped,18445.37
O1009295,C100359,P1048,W108,2025-05-15 20:11:00,3,Completed,44765.04
O1009296,C100289,P1061,W107,2025-05-15 11:07:00,1,Completed,18641.49
O1009297,C100311,P1053,W105,2025-08-06 13:36:00,4,Cancelled,76723.72
O1009298,C100569,P1082,W101,2025-06-22 09:34:00,3,Completed,46213.71
O1009299,C100271,P1088,W107,2025-05-05 15:37:00,3,Completed,43030.05
O1009300,C100349,P1045,W106,2025-06-28 17:47:00,1,Completed,5902.0
O1009301,C100710,P1044,W107,2025-07-15 21:27:00,4,Shipped,79425.2
O1009302,C100329,P1028,W102,2025-03-29 18:33:00,2,Processing,12682.3
O1009303,C100107,P1045,W102,2025-08-21 17:18:00,1,Shipped,5902.0
O1009304,C100017,P1084,W103,2025-04-25 17:25:00,3,Completed,34926.93
O1009305,C100766,P1051,W103,2025-04-08 16:48:00,4,Completed,75239.56
O1009306,C100949,P1070,W101,2025-06-02 13:52:00,1,Completed,11621.13
O1009307,C100683,P1042,W102,2025-02-07 15:00:00,1,Processing,17960.52
O1009308,C100061,P1071,W104,2025-08-09 10:24:00,3,Shipped,34167.57
O1009309,C100564,P1072,W108,2025-09-25 08:16:00,1,Shipped,10483.19
O1009310,C100271,P1053,W102,2025-12-15 19:03:00,4,Completed,76723.72
O1009311,C100321,P1094,W102,2025-04-14 14:56:00,3,Completed,73030.5
O1009312,C100922,P1088,W107,2025-07-16 20:11:00,3,Shipped,43030.05
O1009313,C100825,P1016,W101,2025-07-03 09:42:00,2,Completed,18858.22
O1009314,C100736,P1023,W101,2025-09-24 13:29:00,2,Completed,9299.36
O1009315,C100501,P1096,W108,2025-08-17 11:36:00,1,Shipped,3702.38
O1009316,C100579,P1041,W103,2025-10-22 19:46:00,3,Completed,38688.24
O1009317,C100916,P1032,W103,2025-11-07 13:16:00,3,Shipped,29231.43
O1009318,C100661,P1080,W101,2025-02-11 16:53:00,3,Completed,18945.57
O1009319,C100579,P1061,W104,2025-05-10 09:10:00,4,Completed,74565.96
O1009320,C100098,P1014,W108,2025-08-27 15:22:00,3,Shipped,42506.34
O1009321,C100997,P1010,W108,2025-07-18 14:10:00,2,Completed,15694.62
O1009322,C100809,P1081,W106,2025-06-25 16:32:00,4,Completed,58145.0
O1009323,C100365,P1077,W106,2025-03-05 16:11:00,4,Cancelled,42076.2
O1009324,C100251,P1036,W106,2025-07-28 09:30:00,4,Processing,35803.36
O1009325,C100968,P1087,W106,2025-09-28 08:42:00,3,Completed,16388.4
O1009326,C100957,P1013,W105,2025-01-15 09:45:00,2,Completed,18977.92
O1009327,C100421,P1087,W102,2025-08-04 11:02:00,1,Completed,5462.8
O1009328,C100232,P1008,W107,2025-11-27 18:10:00,2,Shipped,9019.34
O1009329,C100798,P1064,W108,2025-07-29 11:46:00,4,Completed,19697.32
O1009330,C100626,P1085,W102,2025-12-14 21:34:00,4,Completed,21900.48
O1009331,C100901,P1062,W101,2025-05-09 09:12:00,1,Completed,9671.24
O1009332,C100546,P1078,W107,2025-01-02 15:06:00,3,Processing,51859.05
O1009333,C100552,P1035,W101,2025-09-06 18:01:00,3,Processing,30334.2
O1009334,C100144,P1029,W107,2025-03-19 08:45:00,3,Completed,17774.55
O1009335,C100604,P1027,W108,2025-01-04 15:11:00,4,Completed,52128.92
O1009336,C100363,P1012,W101,2025-03-07 08:57:00,1,Completed,15674.49
O1009337,C100206,P1028,W107,2025-12-07 19:03:00,2,Completed,12682.3
O1009338,C100782,P1025,W102,2025-10-13 14:32:00,1,Completed,10625.81
O1009339,C100346,P1076,W103,2025-04-11 20:06:00,3,Shipped,30123.09
O1009340,C100213,P1022,W105,2025-08-07 17:12:00,3,Completed,67111.44
O1009341,C100961,P1017,W106,2025-05-04 12:26:00,2,Completed,8528.62
O1009342,C100963,P1074,W101,2025-03-06 10:10:00,4,Processing,33499.76
O1009343,C100495,P1054,W101,2025-12-27 10:12:00,4,Completed,53302.16
O1009344,C100296,P1022,W103,2025-10-25 08:27:00,2,Completed,44740.96
O1009345,C100162,P1071,W106,2025-05-13 12:12:00,4,Processing,45556.76
O1009346,C100627,P1022,W104,2025-05-10 18:12:00,4,Shipped,89481.92
O1009347,C100611,P1079,W103,2025-10-25 12:57:00,1,Completed,14347.56
O1009348,C100619,P1004,W102,2025-06-18 10:02:00,4,Completed,70503.24
O1009349,C100768,P1060,W108,2025-05-18 09:07:00,1,Shipped,4893.13
O1009350,C100471,P1060,W106,2025-05-22 14:08:00,4,Completed,19572.52
O1009351,C100684,P1038,W108,2025-06-13 10:56:00,3,Completed,13659.57
O1009352,C100656,P1069,W104,2025-07-10 18:16:00,4,Completed,54434.56
O1009353,C100796,P1038,W107,2025-01-15 12:42:00,3,Shipped,13659.57
O1009354,C100744,P1066,W106,2025-06-25 09:45:00,2,Completed,39283.78
O1009355,C100036,P1023,W105,2025-06-10 11:49:00,3,Completed,13949.04
O1009356,C100620,P1057,W104,2025-04-11 14:11:00,2,Shipped,18945.04
O1009357,C100976,P1076,W105,2025-05-10 08:31:00,1,Completed,10041.03
O1009358,C100560,P1097,W104,2025-06-04 09:33:00,1,Completed,18018.5
O1009359,C100530,P1037,W106,2025-05-14 21:27:00,4,Cancelled,34838.48
O1009360,C100607,P1048,W104,2025-11-28 12:51:00,2,Completed,29843.36
O1009361,C100560,P1048,W108,2025-07-12 18:28:00,1,Completed,14921.68
O1009362,C100402,P1087,W108,2025-07-03 20:46:00,1,Processing,5462.8
O1009363,C100994,P1097,W104,2025-04-06 09:35:00,1,Completed,18018.5
O1009364,C100071,P1065,W104,2025-12-01 17:36:00,4,Completed,35230.92
O1009365,C100815,P1083,W107,2025-01-09 19:39:00,1,Completed,3506.3
O1009366,C100160,P1009,W106,2025-07-20 08:19:00,4,Shipped,49527.28
O1009367,C100207,P1076,W102,2025-03-03 12:21:00,3,Completed,30123.09
O1009368,C100607,P1082,W107,2025-10-08 09:52:00,1,Completed,15404.57
O1009369,C100638,P1072,W106,2025-05-19 08:26:00,4,Completed,41932.76
O1009370,C100928,P1059,W105,2025-04-18 12:06:00,2,Completed,4992.24
O1009371,C100295,P1090,W107,2025-01-22 10:33:00,2,Shipped,20720.76
O1009372,C100026,P1066,W102,2025-10-16 20:32:00,3,Completed,58925.67
O1009373,C100256,P1085,W107,2025-05-25 11:19:00,3,Completed,16425.36
O1009374,C100545,P1019,W101,2025-04-07 18:27:00,3,Completed,42879.96
O1009375,C100358,P1067,W107,2025-11-05 08:43:00,3,Processing,55336.11
O1009376,C100253,P1044,W105,2025-01-08 16:38:00,4,Completed,79425.2
O1009377,C100915,P1087,W105,2025-06-21 17:43:00,2,Completed,10925.6
O1009378,C100562,P1089,W106,2025-02-28 10:08:00,1,Completed,6310.37
O1009379,C100673,P1085,W103,2025-02-16 14:02:00,1,Cancelled,5475.12
O1009380,C100750,P1022,W107,2025-01-08 21:00:00,1,Completed,22370.48
O1009381,C100410,P1050,W101,2025-03-10 16:35:00,4,Completed,59305.6
O1009382,C100736,P1001,W106,2025-12-12 19:18:00,4,Completed,37221.52
O1009383,C100964,P1098,W107,2025-06-12 13:56:00,2,Completed,1536.34
O1009384,C100725,P1026,W101,2025-12-31 11:21:00,1,Completed,9723.28
O1009385,C100297,P1063,W106,2025-04-08 14:34:00,3,Completed,21503.34
O1009386,C100779,P1049,W107,2025-10-06 13:39:00,4,Completed,55953.04
O1009387,C100237,P1091,W105,2025-02-02 21:45:00,1,Completed,22319.24
O1009388,C100073,P1083,W105,2025-02-09 13:59:00,1,Shipped,3506.3
O1009389,C100445,P1078,W101,2025-01-06 16:46:00,2,Completed,34572.7
O1009390,C100510,P1065,W108,2025-11-25 16:13:00,2,Completed,17615.46
O1009391,C100470,P1012,W108,2025-09-03 13:12:00,1,Completed,15674.49
O1009392,C100262,P1092,W107,2025-09-29 13:14:00,3,Processing,20597.73
O1009393,C100273,P1007,W101,2025-12-05 19:49:00,2,Shipped,29535.46
O1009394,C100922,P1046,W104,2025-05-02 10:56:00,4,Shipped,81607.48
O1009395,C100292,P1038,W107,2025-09-21 13:49:00,4,Shipped,18212.76
O1009396,C100783,P1040,W106,2025-07-03 17:20:00,1,Completed,4393.32
O1009397,C100258,P1098,W108,2025-07-18 08:47:00,2,Completed,1536.34
O1009398,C100108,P1024,W105,2025-08-30 17:29:00,4,Completed,75803.8
O1009399,C100064,P1058,W106,2025-06-21 19:39:00,1,Completed,12781.46
O1009400,C100244,P1022,W103,2025-01-09 14:11:00,4,Shipped,89481.92
O1009401,C100842,P1092,W107,2025-01-28 16:09:00,2,Completed,13731.82
O1009402,C100456,P1074,W105,2025-07-03 14:48:00,4,Completed,33499.76
O1009403,C100696,P1042,W107,2025-07-28 17:19:00,3,Completed,53881.56
O1009404,C100963,P1009,W102,2025-09-25 08:42:00,4,Shipped,49527.28
O1009405,C100049,P1016,W103,2025-07-28 16:38:00,1,Shipped,9429.11
O1009406,C100110,P1025,W101,2025-03-10 14:23:00,4,Shipped,42503.24
O1009407,C100921,P1041,W106,2025-05-14 08:29:00,3,Completed,38688.24
O1009408,C100568,P1089,W106,2025-06-11 19:12:00,4,Processing,25241.48
O1009409,C100618,P1012,W103,2025-12-26 10:07:00,4,Processing,62697.96
O1009410,C100342,P1058,W104,2025-07-14 16:16:00,3,Completed,38344.38
O1009411,C100827,P1035,W105,2025-08-20 19:54:00,2,Completed,20222.8
O1009412,C100647,P1005,W107,2025-09-26 20:53:00,4,Completed,3434.28
O1009413,C100258,P1062,W103,2025-05-13 16:47:00,3,Shipped,29013.72
O1009414,C100649,P1071,W104,2025-12-19 18:01:00,4,Processing,45556.76
O1009415,C100004,P1096,W102,2025-09-04 16:11:00,3,Completed,11107.14
O1009416,C100241,P1051,W107,2025-11-06 18:53:00,3,Completed,56429.67
O1009417,C100204,P1033,W107,2025-10-01 21:39:00,3,Completed,57076.5
O1009418,C100786,P1086,W106,2025-08-15 14:25:00,1,Cancelled,16625.41
O1009419,C100736,P1025,W107,2025-01-12 13:46:00,3,Completed,31877.43
O1009420,C100092,P1069,W107,2025-08-02 10:25:00,1,Cancelled,13608.64
O1009421,C100907,P1095,W107,2025-02-17 21:42:00,3,Completed,61997.16
O1009422,C100819,P1001,W104,2025-08-09 20:46:00,4,Completed,37221.52
O1009423,C100435,P1093,W102,2025-09-14 17:53:00,2,Completed,39969.22
O1009424,C100212,P1021,W108,2025-07-18 17:13:00,4,Completed,74100.48
O1009425,C100421,P1049,W101,2025-04-23 10:51:00,1,Completed,13988.26
O1009426,C100590,P1026,W104,2025-01-22 20:43:00,1,Completed,9723.28
O1009427,C100631,P1015,W106,2025-09-02 08:48:00,2,Completed,13084.58
O1009428,C100348,P1071,W107,2025-09-12 16:38:00,4,Completed,45556.76
O1009429,C100102,P1049,W106,2025-06-24 11:32:00,3,Completed,41964.78
O1009430,C100610,P1051,W104,2025-09-19 14:21:00,2,Shipped,37619.78
O1009431,C100706,P1049,W108,2025-10-12 09:19:00,4,Completed,55953.04
O1009432,C100268,P1075,W102,2025-07-07 09:53:00,2,Processing,26789.84
O1009433,C100640,P1097,W102,2025-01-18 13:16:00,2,Completed,36037.0
O1009434,C100569,P1052,W106,2025-11-14 13:34:00,4,Completed,38468.04
O1009435,C100502,P1016,W103,2025-06-20 20:20:00,1,Completed,9429.11
O1009436,C100009,P1033,W104,2025-09-03 16:21:00,4,Completed,76102.0
O1009437,C100308,P1050,W104,2025-11-29 08:26:00,1,Shipped,14826.4
O1009438,C100375,P1011,W103,2025-05-13 21:01:00,3,Processing,65330.37
O1009439,C100834,P1023,W108,2025-08-16 16:32:00,3,Completed,13949.04
O1009440,C100827,P1021,W104,2025-01-08 19:36:00,4,Completed,74100.48
O1009441,C100874,P1098,W106,2025-11-20 20:56:00,4,Shipped,3072.68
O1009442,C100464,P1041,W102,2025-01-22 15:11:00,4,Processing,51584.32
O1009443,C100327,P1088,W108,2025-07-17 10:30:00,4,Completed,57373.4
O1009444,C100500,P1056,W108,2025-05-09 14:16:00,4,Completed,86182.48
O1009445,C100792,P1051,W101,2025-01-14 17:36:00,3,Completed,56429.67
O1009446,C100622,P1094,W106,2025-06-18 08:27:00,4,Processing,97374.0
O1009447,C100602,P1070,W105,2025-12-08 21:14:00,4,Completed,46484.52
O1009448,C100435,P1024,W102,2025-03-02 12:54:00,2,Completed,37901.9
O1009449,C100697,P1029,W107,2025-04-17 17:14:00,4,Completed,23699.4
O1009450,C100868,P1067,W107,2025-03-11 21:44:00,1,Completed,18445.37
O1009451,C100668,P1001,W107,2025-02-15 20:06:00,1,Completed,9305.38
O1009452,C100404,P1016,W105,2025-03-26 18:22:00,1,Completed,9429.11
O1009453,C100840,P1008,W106,2025-07-28 12:10:00,3,Processing,13529.01
O1009454,C100943,P1072,W106,2025-10-12 15:20:00,1,Shipped,10483.19
O1009455,C100797,P1045,W107,2025-09-09 15:01:00,1,Completed,5902.0
O1009456,C100877,P1002,W105,2025-10-09 20:04:00,1,Shipped,14226.32
O1009457,C100266,P1075,W106,2025-09-19 08:33:00,1,Completed,13394.92
O1009458,C100422,P1066,W101,2025-05-20 08:19:00,1,Completed,19641.89
O1009459,C100250,P1072,W105,2025-11-25 09:39:00,1,Completed,10483.19
O1009460,C100366,P1017,W102,2025-03-04 21:24:00,2,Cancelled,8528.62
O1009461,C100734,P1088,W104,2025-09-13 15:34:00,4,Completed,57373.4
O1009462,C100677,P1019,W107,2025-02-10 17:47:00,3,Completed,42879.96
O1009463,C100004,P1058,W101,2025-10-07 09:19:00,2,Completed,25562.92
O1009464,C100756,P1056,W107,2025-02-01 08:11:00,1,Shipped,21545.62
O1009465,C100193,P1022,W103,2025-03-20 17:06:00,3,Completed,67111.44
O1009466,C100186,P1038,W107,2025-05-23 17:52:00,2,Shipped,9106.38
O1009467,C100544,P1006,W107,2025-09-11 13:58:00,3,Shipped,9334.8
O1009468,C100242,P1048,W101,2025-01-17 09:09:00,1,Shipped,14921.68
O1009469,C100963,P1068,W102,2025-04-04 14:51:00,4,Shipped,6811.8
O1009470,C100147,P1031,W107,2025-05-02 16:57:00,1,Completed,1529.2
O1009471,C100152,P1054,W103,2025-09-24 10:59:00,4,Processing,53302.16
O1009472,C100761,P1096,W104,2025-12-17 12:12:00,3,Completed,11107.14
O1009473,C100287,P1024,W101,2025-08-13 18:27:00,3,Completed,56852.85
O1009474,C100715,P1030,W106,2025-07-05 10:58:00,4,Completed,23599.28
O1009475,C100682,P1012,W101,2025-05-03 09:23:00,2,Completed,31348.98
O1009476,C100190,P1055,W103,2025-10-28 16:47:00,3,Completed,32685.21
O1009477,C100580,P1021,W104,2025-02-09 08:19:00,3,Completed,55575.36
O1009478,C100537,P1086,W107,2025-02-17 14:04:00,3,Completed,49876.23
O1009479,C100095,P1030,W104,2025-03-15 15:58:00,3,Completed,17699.46
O1009480,C100765,P1067,W108,2025-04-08 08:54:00,4,Completed,73781.48
O1009481,C100858,P1019,W105,2025-06-18 17:08:00,2,Completed,28586.64
O1009482,C100948,P1033,W103,2025-12-12 19:30:00,3,Completed,57076.5
O1009483,C100088,P1018,W102,2025-08-26 21:37:00,1,Completed,21270.88
O1009484,C100179,P1056,W107,2025-05-20 11:43:00,1,Processing,21545.62
O1009485,C100826,P1003,W104,2025-03-19 12:34:00,3,Completed,27841.62
O1009486,C100305,P1009,W105,2025-08-25 16:39:00,1,Shipped,12381.82
O1009487,C100626,P1051,W103,2025-04-03 16:23:00,1,Completed,18809.89
O1009488,C100349,P1055,W103,2025-12-23 16:31:00,3,Shipped,32685.21
O1009489,C100218,P1033,W105,2025-06-24 12:24:00,3,Processing,57076.5
O1009490,C100625,P1044,W103,2025-07-21 08:47:00,3,Completed,59568.9
O1009491,C100206,P1042,W108,2025-11-26 08:20:00,2,Cancelled,35921.04
O1009492,C100137,P1076,W106,2025-04-22 21:57:00,4,Completed,40164.12
O1009493,C100531,P1045,W107,2025-06-22 13:41:00,1,Shipped,5902.0
O1009494,C100194,P1085,W103,2025-07-14 14:16:00,1,Completed,5475.12
O1009495,C100193,P1022,W101,2025-04-09 16:45:00,2,Completed,44740.96
O1009496,C100781,P1020,W101,2025-01-20 10:52:00,4,Completed,77365.24
O1009497,C100529,P1041,W107,2025-04-14 13:20:00,3,Completed,38688.24
O1009498,C100543,P1009,W107,2025-02-11 14:06:00,3,Processing,37145.46
O1009499,C100144,P1068,W106,2025-09-04 09:19:00,4,Shipped,6811.8
O1009500,C100161,P1040,W105,2025-01-03 16:26:00,4,Completed,17573.28
O1009501,C100391,P1037,W102,2025-04-26 10:42:00,1,Completed,8709.62
O1009502,C100389,P1054,W107,2025-11-19 08:02:00,3,Cancelled,39976.62
O1009503,C100452,P1009,W105,2025-07-27 16:41:00,4,Shipped,49527.28
O1009504,C100135,P1038,W105,2025-09-03 12:12:00,1,Completed,4553.19
O1009505,C100899,P1098,W101,2025-09-02 18:02:00,1,Completed,768.17
O1009506,C100363,P1063,W105,2025-04-19 15:30:00,2,Completed,14335.56
O1009507,C100817,P1058,W106,2025-08-19 08:24:00,4,Completed,51125.84
O1009508,C100401,P1051,W107,2025-03-22 17:43:00,1,Shipped,18809.89
O1009509,C100473,P1047,W102,2025-08-20 08:34:00,3,Completed,41234.04
O1009510,C100113,P1094,W101,2025-09-07 12:23:00,2,Completed,48687.0
O1009511,C100677,P1094,W107,2025-11-16 17:36:00,3,Completed,73030.5
O1009512,C100060,P1041,W103,2025-12-02 13:39:00,4,Completed,51584.32
O1009513,C100748,P1093,W104,2025-01-09 13:23:00,1,Completed,19984.61
O1009514,C100882,P1009,W106,2025-04-20 11:05:00,2,Shipped,24763.64
O1009515,C100362,P1032,W104,2025-07-19 14:12:00,3,Processing,29231.43
O1009516,C100888,P1031,W108,2025-04-28 12:06:00,1,Completed,1529.2
O1009517,C100699,P1070,W107,2025-08-14 21:14:00,3,Completed,34863.39
O1009518,C100003,P1061,W104,2025-11-08 17:37:00,2,Completed,37282.98
O1009519,C100203,P1048,W102,2025-04-05 20:43:00,1,Shipped,14921.68
O1009520,C100642,P1026,W108,2025-11-23 12:43:00,3,Processing,29169.84
O1009521,C100702,P1051,W106,2025-11-18 21:18:00,1,Completed,18809.89
O1009522,C100094,P1027,W107,2025-11-30 11:54:00,1,Completed,13032.23
O1009523,C100685,P1050,W104,2025-01-27 12:19:00,1,Processing,14826.4
O1009524,C100811,P1034,W104,2025-04-18 12:10:00,1,Completed,12497.8
O1009525,C100092,P1089,W102,2025-02-15 16:15:00,2,Completed,12620.74
O1009526,C100880,P1075,W104,2025-02-13 16:34:00,4,Completed,53579.68
O1009527,C100534,P1018,W105,2025-01-20 08:54:00,2,Completed,42541.76
O1009528,C100617,P1095,W102,2025-06-10 15:51:00,1,Completed,20665.72
O1009529,C100051,P1066,W106,2025-02-01 21:20:00,4,Completed,78567.56
O1009530,C100614,P1036,W105,2025-04-18 13:41:00,4,Shipped,35803.36
O1009531,C100455,P1054,W107,2025-12-25 17:47:00,2,Completed,26651.08
O1009532,C100372,P1020,W101,2025-11-19 16:51:00,1,Completed,19341.31
O1009533,C100781,P1005,W102,2025-12-09 21:43:00,4,Completed,3434.28
O1009534,C100250,P1043,W104,2025-01-14 16:59:00,3,Completed,32170.56
O1009535,C100060,P1079,W108,2025-08-30 14:35:00,4,Completed,57390.24
O1009536,C100500,P1036,W102,2025-08-20 08:11:00,3,Completed,26852.52
O1009537,C100744,P1039,W108,2025-02-18 19:15:00,4,Cancelled,74336.0
O1009538,C100134,P1100,W108,2025-11-27 12:44:00,1,Completed,20071.07
O1009539,C100985,P1099,W101,2025-05-28 20:56:00,1,Completed,8879.16
O1009540,C100673,P1047,W103,2025-12-23 11:25:00,3,Shipped,41234.04
O1009541,C100935,P1005,W103,2025-02-11 14:07:00,3,Completed,2575.71
O1009542,C100471,P1068,W104,2025-08-26 19:36:00,2,Completed,3405.9
O1009543,C100124,P1072,W108,2025-02-17 10:07:00,2,Completed,20966.38
O1009544,C100178,P1092,W104,2025-12-13 11:51:00,2,Completed,13731.82
O1009545,C100501,P1095,W106,2025-08-10 19:05:00,1,Completed,20665.72
O1009546,C100589,P1063,W102,2025-01-28 12:26:00,4,Completed,28671.12
O1009547,C100735,P1011,W105,2025-03-20 21:24:00,4,Completed,87107.16
O1009548,C100796,P1025,W103,2025-05-12 15:31:00,4,Completed,42503.24
O1009549,C100763,P1072,W108,2025-01-05 19:33:00,3,Shipped,31449.57
O1009550,C100589,P1061,W107,2025-01-04 15:39:00,1,Completed,18641.49
O1009551,C100019,P1044,W102,2025-12-04 08:37:00,2,Completed,39712.6
O1009552,C100530,P1041,W105,2025-12-25 19:21:00,3,Completed,38688.24
O1009553,C100820,P1071,W103,2025-07-15 13:52:00,1,Completed,11389.19
O1009554,C100848,P1043,W104,2025-11-26 13:25:00,1,Completed,10723.52
O1009555,C100835,P1016,W104,2025-08-28 18:18:00,4,Completed,37716.44
O1009556,C100011,P1098,W107,2025-01-11 11:56:00,1,Completed,768.17
O1009557,C100436,P1035,W103,2025-09-18 13:59:00,3,Completed,30334.2
O1009558,C100617,P1028,W101,2025-01-07 16:30:00,1,Shipped,6341.15
O1009559,C100248,P1007,W102,2025-10-26 16:18:00,1,Completed,14767.73
O1009560,C100410,P1047,W107,2025-05-14 18:11:00,3,Completed,41234.04
O1009561,C100098,P1099,W103,2025-02-21 09:09:00,1,Completed,8879.16
O1009562,C100194,P1016,W101,2025-04-05 21:53:00,3,Completed,28287.33
O1009563,C100006,P1025,W104,2025-09-07 16:30:00,4,Completed,42503.24
O1009564,C100980,P1018,W107,2025-11-06 16:39:00,3,Completed,63812.64
O1009565,C100860,P1010,W107,2025-07-28 20:21:00,1,Completed,7847.31
O1009566,C100404,P1061,W108,2025-02-28 14:52:00,4,Processing,74565.96
O1009567,C100005,P1030,W106,2025-11-25 08:25:00,2,Shipped,11799.64
O1009568,C100336,P1076,W107,2025-10-16 09:51:00,4,Completed,40164.12
O1009569,C100435,P1041,W107,2025-05-30 21:15:00,1,Shipped,12896.08
O1009570,C100170,P1064,W101,2025-07-22 21:49:00,1,Completed,4924.33
O1009571,C100662,P1009,W104,2025-12-18 09:10:00,3,Shipped,37145.46
O1009572,C100998,P1033,W105,2025-05-18 17:35:00,1,Completed,19025.5
O1009573,C100844,P1042,W104,2025-01-10 17:14:00,3,Completed,53881.56
O1009574,C100857,P1006,W107,2025-02-23 10:18:00,3,Completed,9334.8
O1009575,C100831,P1042,W108,2025-08-08 19:01:00,1,Completed,17960.52
O1009576,C100070,P1048,W105,2025-12-31 14:26:00,2,Completed,29843.36
O1009577,C100552,P1041,W101,2025-09-28 11:13:00,1,Completed,12896.08
O1009578,C100566,P1051,W103,2025-08-14 15:50:00,1,Completed,18809.89
O1009579,C100101,P1080,W102,2025-04-28 20:40:00,4,Completed,25260.76
O1009580,C100148,P1078,W104,2025-06-10 11:02:00,1,Completed,17286.35
O1009581,C100566,P1002,W102,2025-01-15 16:39:00,4,Completed,56905.28
O1009582,C100716,P1065,W101,2025-05-16 18:15:00,2,Completed,17615.46
O1009583,C100210,P1091,W102,2025-08-16 16:45:00,2,Completed,44638.48
O1009584,C100485,P1088,W104,2025-11-27 17:06:00,3,Completed,43030.05
O1009585,C100076,P1033,W102,2025-12-03 18:09:00,4,Completed,76102.0
O1009586,C100111,P1079,W101,2025-10-27 11:16:00,3,Completed,43042.68
O1009587,C100581,P1081,W103,2025-01-08 09:25:00,1,Completed,14536.25
O1009588,C100558,P1037,W106,2025-10-24 21:51:00,4,Cancelled,34838.48
O1009589,C100751,P1087,W106,2025-03-21 12:28:00,4,Completed,21851.2
O1009590,C100911,P1064,W104,2025-08-13 21:16:00,4,Shipped,19697.32
O1009591,C100190,P1076,W106,2025-12-12 11:45:00,1,Completed,10041.03
O1009592,C100342,P1075,W102,2025-11-21 11:43:00,4,Completed,53579.68
O1009593,C100856,P1079,W106,2025-08-31 08:20:00,2,Completed,28695.12
O1009594,C100051,P1096,W101,2025-04-20 14:11:00,2,Completed,7404.76
O1009595,C100829,P1086,W102,2025-07-10 21:13:00,3,Processing,49876.23
O1009596,C100946,P1043,W108,2025-09-14 20:31:00,3,Completed,32170.56
O1009597,C100100,P1057,W104,2025-07-07 12:15:00,1,Completed,9472.52
O1009598,C100142,P1065,W105,2025-05-28 13:41:00,1,Completed,8807.73
O1009599,C100685,P1086,W104,2025-05-28 17:22:00,3,Shipped,49876.23
O1009600,C100476,P1040,W106,2025-08-07 21:22:00,4,Completed,17573.28
O1009601,C100988,P1032,W106,2025-01-14 16:27:00,1,Completed,9743.81
O1009602,C100545,P1074,W107,2025-12-31 10:48:00,3,Processing,25124.82
O1009603,C100656,P1096,W102,2025-02-07 12:59:00,2,Completed,7404.76
O1009604,C100238,P1092,W106,2025-12-26 18:08:00,1,Completed,6865.91
O1009605,C100325,P1015,W107,2025-01-13 08:19:00,4,Shipped,26169.16
O1009606,C100178,P1092,W104,2025-07-07 16:23:00,3,Processing,20597.73
O1009607,C100147,P1079,W104,2025-06-02 18:46:00,2,Processing,28695.12
O1009608,C100114,P1016,W106,2025-07-29 12:50:00,2,Completed,18858.22
O1009609,C100893,P1001,W105,2025-06-08 15:32:00,2,Shipped,18610.76
O1009610,C100070,P1021,W103,2025-11-24 18:02:00,4,Completed,74100.48
O1009611,C100517,P1093,W108,2025-01-07 16:19:00,4,Processing,79938.44
O1009612,C100509,P1076,W105,2025-12-26 08:20:00,1,Shipped,10041.03
O1009613,C100056,P1058,W105,2025-09-09 16:11:00,4,Completed,51125.84
O1009614,C100843,P1064,W102,2025-10-12 11:13:00,2,Completed,9848.66
O1009615,C100501,P1042,W106,2025-02-21 18:21:00,3,Shipped,53881.56
O1009616,C100127,P1091,W108,2025-01-24 11:39:00,4,Completed,89276.96
O1009617,C100129,P1016,W106,2025-05-25 21:41:00,2,Cancelled,18858.22
O1009618,C100701,P1032,W105,2025-04-28 09:38:00,2,Shipped,19487.62
O1009619,C100620,P1021,W106,2025-10-13 20:28:00,3,Shipped,55575.36
O1009620,C100413,P1085,W102,2025-11-24 08:28:00,2,Completed,10950.24
O1009621,C100406,P1055,W101,2025-06-06 17:33:00,2,Completed,21790.14
O1009622,C100036,P1069,W106,2025-10-08 12:56:00,3,Shipped,40825.92
O1009623,C100032,P1092,W102,2025-01-22 10:44:00,1,Completed,6865.91
O1009624,C100536,P1020,W101,2025-09-28 11:03:00,3,Completed,58023.93
O1009625,C100364,P1097,W107,2025-02-06 08:32:00,1,Shipped,18018.5
O1009626,C100253,P1013,W104,2025-09-01 09:51:00,1,Completed,9488.96
O1009627,C100380,P1076,W107,2025-05-20 13:29:00,1,Completed,10041.03
O1009628,C100606,P1071,W107,2025-06-01 10:12:00,2,Completed,22778.38
O1009629,C100294,P1083,W101,2025-04-11 21:33:00,1,Completed,3506.3
O1009630,C100350,P1016,W107,2025-05-28 19:34:00,2,Completed,18858.22
O1009631,C100283,P1096,W103,2025-11-16 14:36:00,2,Completed,7404.76
O1009632,C100667,P1080,W106,2025-10-23 09:19:00,1,Completed,6315.19
O1009633,C100055,P1012,W101,2025-05-05 21:48:00,3,Processing,47023.47
O1009634,C100919,P1056,W104,2025-04-18 18:08:00,2,Completed,43091.24
O1009635,C100555,P1082,W106,2025-07-05 10:33:00,1,Completed,15404.57
O1009636,C100245,P1048,W104,2025-09-07 08:45:00,2,Completed,29843.36
O1009637,C100760,P1039,W105,2025-03-08 16:40:00,1,Completed,18584.0
O1009638,C100940,P1028,W101,2025-09-23 08:34:00,3,Completed,19023.45
O1009639,C100059,P1052,W101,2025-12-13 16:36:00,2,Shipped,19234.02
O1009640,C100205,P1099,W105,2025-11-05 14:11:00,3,Processing,26637.48
O1009641,C100144,P1061,W104,2025-07-20 20:19:00,1,Completed,18641.49
O1009642,C100071,P1073,W105,2025-04-27 13:20:00,2,Completed,19251.42
O1009643,C100739,P1078,W103,2025-04-29 14:16:00,4,Completed,69145.4
O1009644,C100193,P1078,W101,2025-09-28 15:38:00,1,Processing,17286.35
O1009645,C100384,P1041,W106,2025-06-16 21:45:00,4,Processing,51584.32
O1009646,C100815,P1077,W102,2025-02-08 17:50:00,2,Cancelled,21038.1
O1009647,C100612,P1033,W107,2025-09-05 17:22:00,1,Completed,19025.5
O1009648,C100678,P1059,W101,2025-02-20 12:20:00,1,Shipped,2496.12
O1009649,C100098,P1031,W108,2025-12-27 14:45:00,2,Completed,3058.4
O1009650,C100971,P1094,W103,2025-06-02 10:43:00,4,Completed,97374.0
O1009651,C100083,P1074,W108,2025-05-05 13:28:00,2,Completed,16749.88
O1009652,C100710,P1059,W101,2025-01-21 19:30:00,1,Completed,2496.12
O1009653,C100640,P1046,W104,2025-03-03 09:23:00,2,Completed,40803.74
O1009654,C100413,P1053,W104,2025-12-12 10:18:00,4,Completed,76723.72
O1009655,C100839,P1078,W102,2025-07-16 16:12:00,4,Completed,69145.4
O1009656,C100893,P1028,W104,2025-11-26 19:10:00,3,Completed,19023.45
O1009657,C100071,P1083,W102,2025-12-15 21:39:00,4,Completed,14025.2
O1009658,C100959,P1029,W104,2025-01-18 16:13:00,4,Completed,23699.4
O1009659,C100242,P1015,W103,2025-05-19 17:11:00,2,Completed,13084.58
O1009660,C100792,P1074,W102,2025-11-02 12:03:00,4,Completed,33499.76
O1009661,C100821,P1071,W107,2025-06-30 13:44:00,1,Completed,11389.19
O1009662,C100557,P1034,W105,2025-07-05 12:23:00,4,Shipped,49991.2
O1009663,C100864,P1065,W107,2025-07-28 09:31:00,3,Completed,26423.19
O1009664,C100826,P1073,W107,2025-09-14 13:11:00,3,Shipped,28877.13
O1009665,C100523,P1079,W103,2025-12-09 11:02:00,4,Cancelled,57390.24
O1009666,C100180,P1096,W103,2025-11-20 16:16:00,2,Processing,7404.76
O1009667,C100435,P1086,W108,2025-08-17 18:33:00,1,Completed,16625.41
O1009668,C100901,P1044,W103,2025-07-30 21:42:00,3,Shipped,59568.9
O1009669,C100203,P1024,W101,2025-05-12 20:19:00,3,Completed,56852.85
O1009670,C101000,P1010,W105,2025-02-12 12:27:00,1,Processing,7847.31
O1009671,C100182,P1058,W108,2025-09-16 21:08:00,2,Completed,25562.92
O1009672,C100666,P1067,W102,2025-01-01 21:11:00,2,Completed,36890.74
O1009673,C100641,P1070,W106,2025-09-12 15:02:00,4,Completed,46484.52
O1009674,C100196,P1001,W103,2025-07-01 10:52:00,4,Shipped,37221.52
O1009675,C100473,P1071,W104,2025-10-15 18:53:00,1,Shipped,11389.19
O1009676,C100145,P1079,W104,2025-12-13 09:34:00,3,Completed,43042.68
O1009677,C100365,P1073,W102,2025-07-21 13:03:00,3,Completed,28877.13
O1009678,C100960,P1053,W104,2025-07-29 15:26:00,2,Shipped,38361.86
O1009679,C100055,P1002,W103,2025-06-27 20:05:00,4,Cancelled,56905.28
O1009680,C100872,P1049,W107,2025-05-17 21:40:00,4,Completed,55953.04
O1009681,C100678,P1065,W102,2025-02-02 19:27:00,1,Shipped,8807.73
O1009682,C100749,P1057,W107,2025-01-12 14:47:00,1,Completed,9472.52
O1009683,C100283,P1058,W101,2025-09-21 09:11:00,3,Completed,38344.38
O1009684,C100950,P1052,W104,2025-11-30 19:11:00,4,Completed,38468.04
O1009685,C100254,P1056,W103,2025-01-20 19:59:00,3,Shipped,64636.86
O1009686,C100504,P1033,W104,2025-04-30 14:36:00,4,Completed,76102.0
O1009687,C100037,P1061,W107,2025-08-10 15:45:00,3,Shipped,55924.47
O1009688,C100888,P1029,W108,2025-09-15 19:54:00,1,Completed,5924.85
O1009689,C100705,P1050,W106,2025-09-26 09:51:00,1,Completed,14826.4
O1009690,C100163,P1042,W105,2025-09-11 19:22:00,1,Completed,17960.52
O1009691,C100663,P1072,W105,2025-01-31 15:10:00,4,Completed,41932.76
O1009692,C100183,P1090,W108,2025-04-03 17:36:00,4,Completed,41441.52
O1009693,C100445,P1064,W108,2025-06-21 10:40:00,4,Completed,19697.32
O1009694,C100513,P1014,W107,2025-01-24 16:36:00,1,Completed,14168.78
O1009695,C100932,P1067,W102,2025-05-06 11:45:00,4,Completed,73781.48
O1009696,C100333,P1033,W103,2025-05-21 15:15:00,4,Completed,76102.0
O1009697,C100013,P1005,W103,2025-12-24 15:20:00,4,Completed,3434.28
O1009698,C100433,P1020,W102,2025-04-26 21:23:00,2,Completed,38682.62
O1009699,C100927,P1100,W108,2025-12-21 17:22:00,1,Completed,20071.07
O1009700,C100799,P1043,W102,2025-09-13 15:48:00,2,Completed,21447.04
O1009701,C100060,P1021,W107,2025-09-10 13:37:00,1,Completed,18525.12
O1009702,C100054,P1014,W107,2025-10-27 12:43:00,3,Completed,42506.34
O1009703,C100757,P1066,W105,2025-11-04 17:07:00,4,Completed,78567.56
O1009704,C100721,P1077,W103,2025-03-23 20:21:00,2,Completed,21038.1
O1009705,C100558,P1036,W103,2025-06-03 16:00:00,1,Completed,8950.84
O1009706,C100089,P1011,W106,2025-07-12 17:14:00,2,Shipped,43553.58
O1009707,C100281,P1036,W106,2025-12-23 12:35:00,4,Shipped,35803.36
O1009708,C100848,P1067,W105,2025-01-15 15:48:00,3,Completed,55336.11
O1009709,C100140,P1012,W105,2025-06-24 16:00:00,1,Completed,15674.49
O1009710,C100202,P1027,W107,2025-03-20 17:33:00,2,Completed,26064.46
O1009711,C100453,P1001,W107,2025-03-17 12:25:00,2,Completed,18610.76
O1009712,C100735,P1048,W107,2025-10-06 12:53:00,1,Completed,14921.68
O1009713,C100829,P1018,W103,2025-03-15 13:01:00,2,Processing,42541.76
O1009714,C100592,P1020,W101,2025-10-17 13:53:00,4,Completed,77365.24
O1009715,C100493,P1012,W104,2025-12-29 12:05:00,1,Processing,15674.49
O1009716,C100386,P1074,W103,2025-10-11 10:44:00,3,Completed,25124.82
O1009717,C100044,P1049,W103,2025-03-04 15:00:00,3,Completed,41964.78
O1009718,C100268,P1095,W105,2025-02-21 19:58:00,3,Completed,61997.16
O1009719,C100215,P1040,W108,2025-06-09 08:26:00,2,Completed,8786.64
O1009720,C100058,P1023,W107,2025-07-21 17:19:00,3,Completed,13949.04
O1009721,C100746,P1021,W106,2025-10-12 19:25:00,3,Processing,55575.36
O1009722,C100354,P1096,W106,2025-06-04 19:32:00,3,Completed,11107.14
O1009723,C100510,P1059,W104,2025-03-02 19:56:00,4,Processing,9984.48
O1009724,C100201,P1033,W105,2025-12-28 12:26:00,1,Shipped,19025.5
O1009725,C100592,P1066,W104,2025-11-27 09:24:00,1,Shipped,19641.89
O1009726,C100136,P1056,W107,2025-08-27 21:56:00,4,Processing,86182.48
O1009727,C100678,P1012,W108,2025-09-11 17:47:00,3,Completed,47023.47
O1009728,C100739,P1071,W104,2025-12-08 13:00:00,2,Shipped,22778.38
O1009729,C100312,P1012,W106,2025-06-23 19:55:00,3,Completed,47023.47
O1009730,C100213,P1020,W101,2025-02-23 12:57:00,4,Completed,77365.24
O1009731,C100781,P1072,W104,2025-08-10 18:29:00,4,Completed,41932.76
O1009732,C100224,P1045,W107,2025-06-14 21:26:00,4,Processing,23608.0
O1009733,C100179,P1023,W106,2025-10-19 18:45:00,3,Processing,13949.04
O1009734,C100341,P1007,W105,2025-10-09 17:10:00,3,Completed,44303.19
O1009735,C100967,P1060,W102,2025-06-22 10:40:00,3,Completed,14679.39
O1009736,C100463,P1070,W107,2025-05-15 21:04:00,2,Completed,23242.26
O1009737,C100263,P1021,W108,2025-06-04 13:57:00,3,Shipped,55575.36
O1009738,C100514,P1042,W104,2025-08-19 16:43:00,1,Completed,17960.52
O1009739,C100349,P1035,W107,2025-08-21 16:33:00,4,Completed,40445.6
O1009740,C100665,P1090,W105,2025-07-06 11:27:00,2,Completed,20720.76
O1009741,C100439,P1080,W104,2025-07-14 16:26:00,3,Processing,18945.57
O1009742,C100589,P1028,W103,2025-12-29 13:28:00,3,Shipped,19023.45
O1009743,C100437,P1052,W105,2025-04-03 12:53:00,2,Completed,19234.02
O1009744,C100482,P1093,W104,2025-03-05 20:01:00,2,Completed,39969.22
O1009745,C100448,P1035,W105,2025-10-19 18:06:00,1,Shipped,10111.4
O1009746,C100394,P1015,W102,2025-12-08 14:51:00,1,Completed,6542.29
O1009747,C100964,P1030,W104,2025-08-11 08:16:00,4,Completed,23599.28
O1009748,C100266,P1061,W106,2025-05-27 17:55:00,3,Processing,55924.47
O1009749,C100806,P1100,W107,2025-05-08 18:20:00,3,Completed,60213.21
O1009750,C100710,P1031,W103,2025-06-20 10:19:00,1,Processing,1529.2
O1009751,C100528,P1006,W105,2025-01-20 18:35:00,4,Completed,12446.4
O1009752,C100318,P1019,W103,2025-07-12 13:35:00,2,Completed,28586.64
O1009753,C100484,P1042,W107,2025-04-09 18:15:00,2,Processing,35921.04
O1009754,C100850,P1010,W103,2025-04-07 19:45:00,3,Shipped,23541.93
O1009755,C100182,P1004,W106,2025-07-24 17:48:00,3,Processing,52877.43
O1009756,C100587,P1066,W104,2025-12-18 21:10:00,1,Shipped,19641.89
O1009757,C100765,P1083,W103,2025-03-17 09:04:00,4,Completed,14025.2
O1009758,C100634,P1024,W105,2025-11-29 12:32:00,1,Completed,18950.95
O1009759,C100145,P1053,W105,2025-07-09 08:49:00,3,Shipped,57542.79
O1009760,C100509,P1058,W106,2025-12-22 10:24:00,1,Processing,12781.46
O1009761,C100184,P1067,W107,2025-05-20 13:13:00,4,Shipped,73781.48
O1009762,C100929,P1098,W106,2025-12-30 08:19:00,3,Completed,2304.51
O1009763,C100352,P1089,W107,2025-08-29 13:32:00,4,Completed,25241.48
O1009764,C100422,P1032,W104,2025-09-02 09:47:00,4,Completed,38975.24
O1009765,C100858,P1098,W105,2025-07-25 09:35:00,2,Completed,1536.34
O1009766,C100427,P1004,W104,2025-06-14 19:41:00,1,Completed,17625.81
O1009767,C100194,P1097,W105,2025-07-11 18:25:00,1,Cancelled,18018.5
O1009768,C100894,P1015,W102,2025-11-07 14:22:00,3,Completed,19626.87
O1009769,C100648,P1012,W107,2025-10-17 15:56:00,1,Completed,15674.49
O1009770,C100605,P1012,W105,2025-01-09 12:04:00,1,Completed,15674.49
O1009771,C100076,P1013,W105,2025-09-11 14:47:00,4,Completed,37955.84
O1009772,C100450,P1047,W108,2025-11-01 18:51:00,3,Completed,41234.04
O1009773,C100460,P1065,W104,2025-09-29 15:18:00,2,Processing,17615.46
O1009774,C100263,P1075,W104,2025-07-01 19:06:00,1,Completed,13394.92
O1009775,C100565,P1002,W105,2025-05-03 14:47:00,4,Shipped,56905.28
O1009776,C100246,P1030,W108,2025-09-03 13:04:00,4,Shipped,23599.28
O1009777,C100471,P1014,W103,2025-08-31 20:31:00,1,Completed,14168.78
O1009778,C100802,P1015,W102,2025-05-17 20:37:00,3,Completed,19626.87
O1009779,C100736,P1075,W101,2025-05-29 11:12:00,2,Completed,26789.84
O1009780,C100280,P1065,W106,2025-05-15 14:29:00,3,Completed,26423.19
O1009781,C100208,P1021,W101,2025-01-17 18:48:00,2,Completed,37050.24
O1009782,C100006,P1031,W106,2025-01-12 11:39:00,1,Completed,1529.2
O1009783,C100346,P1093,W108,2025-01-31 18:29:00,4,Completed,79938.44
O1009784,C100020,P1058,W106,2025-06-04 20:35:00,4,Completed,51125.84
O1009785,C100129,P1024,W102,2025-07-06 11:18:00,3,Completed,56852.85
O1009786,C100979,P1094,W106,2025-05-30 10:08:00,1,Cancelled,24343.5
O1009787,C100856,P1020,W104,2025-12-15 21:13:00,2,Completed,38682.62
O1009788,C100560,P1030,W101,2025-03-24 21:56:00,3,Shipped,17699.46
O1009789,C100775,P1070,W102,2025-05-24 20:01:00,4,Completed,46484.52
O1009790,C100490,P1052,W106,2025-04-01 16:35:00,4,Completed,38468.04
O1009791,C100602,P1007,W105,2025-04-20 09:11:00,4,Completed,59070.92
O1009792,C100918,P1081,W104,2025-08-02 20:48:00,3,Completed,43608.75
O1009793,C100079,P1023,W107,2025-04-24 10:47:00,4,Completed,18598.72
O1009794,C100352,P1070,W105,2025-04-26 10:30:00,4,Completed,46484.52
O1009795,C100120,P1034,W108,2025-09-02 18:02:00,1,Completed,12497.8
O1009796,C100795,P1076,W101,2025-10-31 13:26:00,3,Completed,30123.09
O1009797,C100823,P1090,W103,2025-03-19 20:08:00,1,Completed,10360.38
O1009798,C100722,P1078,W102,2025-02-10 20:13:00,4,Completed,69145.4
O1009799,C100609,P1093,W104,2025-03-29 19:16:00,1,Shipped,19984.61
O1009800,C100478,P1054,W108,2025-07-30 19:43:00,2,Completed,26651.08
O1009801,C100024,P1007,W104,2025-12-17 15:38:00,3,Completed,44303.19
O1009802,C100775,P1054,W103,2025-02-28 20:12:00,2,Completed,26651.08
O1009803,C100894,P1047,W101,2025-01-16 20:48:00,3,Completed,41234.04
O1009804,C100966,P1072,W104,2025-07-12 11:55:00,3,Completed,31449.57
O1009805,C100342,P1025,W102,2025-12-28 13:57:00,3,Completed,31877.43
O1009806,C100201,P1070,W102,2025-07-21 16:38:00,3,Processing,34863.39
O1009807,C100654,P1045,W102,2025-12-04 20:01:00,1,Processing,5902.0
O1009808,C100018,P1068,W106,2025-08-23 13:27:00,3,Completed,5108.85
O1009809,C100061,P1042,W106,2025-01-12 11:38:00,4,Completed,71842.08
O1009810,C100822,P1039,W106,2025-06-06 12:29:00,3,Completed,55752.0
O1009811,C100957,P1022,W101,2025-10-09 19:11:00,3,Completed,67111.44
O1009812,C100404,P1083,W108,2025-07-05 15:16:00,3,Cancelled,10518.9
O1009813,C100508,P1007,W105,2025-03-13 11:34:00,1,Completed,14767.73
O1009814,C100545,P1024,W105,2025-03-08 18:00:00,1,Completed,18950.95
O1009815,C100139,P1043,W108,2025-08-31 17:14:00,3,Completed,32170.56
O1009816,C100223,P1016,W103,2025-06-19 15:15:00,2,Shipped,18858.22
O1009817,C100299,P1092,W105,2025-07-29 16:40:00,3,Completed,20597.73
O1009818,C100842,P1035,W101,2025-05-17 11:13:00,4,Completed,40445.6
O1009819,C100439,P1025,W104,2025-05-04 10:33:00,4,Completed,42503.24
O1009820,C100722,P1026,W103,2025-09-01 19:18:00,1,Completed,9723.28
O1009821,C100195,P1020,W102,2025-01-03 17:31:00,2,Completed,38682.62
O1009822,C100954,P1067,W105,2025-06-08 21:41:00,1,Processing,18445.37
O1009823,C100884,P1049,W102,2025-05-16 21:08:00,1,Completed,13988.26
O1009824,C100476,P1024,W108,2025-10-12 13:04:00,3,Completed,56852.85
O1009825,C100226,P1088,W102,2025-09-23 14:28:00,3,Completed,43030.05
O1009826,C100977,P1066,W101,2025-06-05 19:53:00,1,Completed,19641.89
O1009827,C100809,P1041,W104,2025-04-06 08:02:00,3,Shipped,38688.24
O1009828,C100511,P1052,W104,2025-03-28 20:05:00,2,Completed,19234.02
O1009829,C100268,P1066,W106,2025-03-19 10:20:00,4,Completed,78567.56
O1009830,C100622,P1016,W106,2025-04-10 11:38:00,3,Completed,28287.33
O1009831,C100371,P1081,W105,2025-10-05 14:44:00,2,Completed,29072.5
O1009832,C100675,P1026,W105,2025-01-17 17:52:00,2,Completed,19446.56
O1009833,C100833,P1003,W107,2025-01-10 12:57:00,1,Shipped,9280.54
O1009834,C100490,P1053,W106,2025-07-17 21:08:00,4,Processing,76723.72
O1009835,C100049,P1088,W102,2025-03-23 18:57:00,3,Completed,43030.05
O1009836,C100563,P1074,W104,2025-10-31 18:21:00,4,Completed,33499.76
O1009837,C100859,P1031,W106,2025-10-02 18:48:00,3,Completed,4587.6
O1009838,C100224,P1040,W103,2025-10-08 08:25:00,3,Shipped,13179.96
O1009839,C100960,P1060,W107,2025-06-16 19:31:00,1,Completed,4893.13
O1009840,C100363,P1024,W104,2025-06-09 16:27:00,4,Processing,75803.8
O1009841,C100685,P1083,W103,2025-06-05 10:36:00,3,Shipped,10518.9
O1009842,C100702,P1030,W104,2025-03-13 18:53:00,2,Completed,11799.64
O1009843,C100183,P1022,W105,2025-07-27 09:28:00,4,Completed,89481.92
O1009844,C100039,P1010,W106,2025-11-12 16:39:00,1,Completed,7847.31
O1009845,C100949,P1070,W103,2025-04-04 15:58:00,1,Shipped,11621.13
O1009846,C100701,P1003,W102,2025-01-21 08:24:00,3,Completed,27841.62
O1009847,C100632,P1081,W101,2025-07-26 13:14:00,3,Processing,43608.75
O1009848,C100304,P1098,W104,2025-05-26 09:40:00,3,Shipped,2304.51
O1009849,C100109,P1012,W108,2025-10-19 21:15:00,3,Shipped,47023.47
O1009850,C100272,P1010,W108,2025-11-09 19:13:00,2,Completed,15694.62
O1009851,C100548,P1094,W105,2025-12-13 21:56:00,2,Completed,48687.0
O1009852,C100694,P1013,W105,2025-05-24 14:49:00,2,Processing,18977.92
O1009853,C100320,P1041,W105,2025-11-26 12:36:00,1,Completed,12896.08
O1009854,C100215,P1088,W102,2025-02-13 21:24:00,1,Cancelled,14343.35
O1009855,C100250,P1014,W104,2025-05-17 12:17:00,1,Completed,14168.78
O1009856,C100962,P1067,W108,2025-04-08 13:48:00,1,Completed,18445.37
O1009857,C100631,P1039,W105,2025-12-03 09:52:00,3,Completed,55752.0
O1009858,C100991,P1044,W102,2025-08-08 19:30:00,2,Completed,39712.6
O1009859,C100007,P1094,W101,2025-05-14 09:40:00,2,Completed,48687.0
O1009860,C100459,P1065,W107,2025-02-25 08:29:00,4,Processing,35230.92
O1009861,C100458,P1032,W108,2025-10-13 19:39:00,1,Completed,9743.81
O1009862,C100402,P1094,W101,2025-08-28 19:46:00,4,Completed,97374.0
O1009863,C100392,P1059,W104,2025-11-08 19:57:00,1,Completed,2496.12
O1009864,C100080,P1010,W107,2025-06-09 20:01:00,3,Shipped,23541.93
O1009865,C100033,P1040,W103,2025-02-24 09:59:00,1,Shipped,4393.32
O1009866,C100779,P1025,W102,2025-05-03 13:04:00,2,Completed,21251.62
O1009867,C100441,P1065,W104,2025-08-15 18:42:00,4,Completed,35230.92
O1009868,C100163,P1087,W104,2025-03-29 12:19:00,1,Completed,5462.8
O1009869,C100348,P1004,W104,2025-01-26 18:53:00,3,Cancelled,52877.43
O1009870,C100934,P1079,W108,2025-10-28 20:44:00,2,Processing,28695.12
O1009871,C100468,P1092,W108,2025-07-13 21:27:00,2,Completed,13731.82
O1009872,C100991,P1100,W105,2025-05-25 18:53:00,3,Completed,60213.21
O1009873,C100162,P1067,W101,2025-07-21 19:09:00,2,Processing,36890.74
O1009874,C100123,P1032,W103,2025-09-27 16:22:00,4,Completed,38975.24
O1009875,C100564,P1015,W102,2025-01-01 09:05:00,1,Completed,6542.29
O1009876,C100684,P1095,W101,2025-06-10 14:06:00,2,Completed,41331.44
O1009877,C100982,P1042,W104,2025-04-03 21:20:00,2,Completed,35921.04
O1009878,C100466,P1035,W101,2025-02-03 20:46:00,4,Completed,40445.6
O1009879,C100201,P1074,W105,2025-01-14 11:20:00,3,Completed,25124.82
O1009880,C100542,P1072,W103,2025-06-10 18:27:00,4,Shipped,41932.76
O1009881,C100307,P1081,W106,2025-07-18 12:17:00,1,Completed,14536.25
O1009882,C100180,P1089,W105,2025-07-05 13:50:00,1,Completed,6310.37
O1009883,C100089,P1088,W108,2025-10-13 17:05:00,3,Completed,43030.05
O1009884,C100724,P1018,W104,2025-06-17 14:57:00,4,Shipped,85083.52
O1009885,C100643,P1017,W102,2025-08-04 16:27:00,1,Completed,4264.31
O1009886,C100167,P1021,W108,2025-10-25 09:22:00,1,Completed,18525.12
O1009887,C100559,P1063,W103,2025-08-28 12:09:00,1,Cancelled,7167.78
O1009888,C100886,P1059,W107,2025-11-29 19:21:00,4,Completed,9984.48
O1009889,C100819,P1086,W107,2025-03-22 16:40:00,1,Completed,16625.41
O1009890,C100454,P1085,W108,2025-10-15 19:47:00,3,Completed,16425.36
O1009891,C100058,P1082,W106,2025-09-12 21:30:00,2,Completed,30809.14
O1009892,C100635,P1008,W105,2025-08-01 12:58:00,2,Completed,9019.34
O1009893,C100517,P1070,W104,2025-01-02 11:42:00,3,Completed,34863.39
O1009894,C100922,P1086,W104,2025-07-17 12:20:00,2,Completed,33250.82
O1009895,C100554,P1099,W107,2025-11-10 16:00:00,1,Completed,8879.16
O1009896,C100738,P1035,W105,2025-08-24 11:31:00,3,Completed,30334.2
O1009897,C100529,P1078,W101,2025-01-02 13:27:00,1,Completed,17286.35
O1009898,C100541,P1041,W103,2025-04-16 10:25:00,4,Shipped,51584.32
O1009899,C100318,P1017,W108,2025-07-27 13:23:00,4,Shipped,17057.24
O1009900,C100403,P1034,W102,2025-10-24 21:16:00,4,Shipped,49991.2
O1009901,C100296,P1026,W104,2025-06-12 13:56:00,2,Completed,19446.56
O1009902,C100463,P1092,W107,2025-11-09 18:37:00,2,Completed,13731.82
O1009903,C100952,P1018,W103,2025-10-18 14:01:00,3,Completed,63812.64
O1009904,C100342,P1014,W106,2025-04-08 14:04:00,4,Completed,56675.12
O1009905,C100464,P1058,W107,2025-03-13 17:13:00,4,Cancelled,51125.84
O1009906,C100947,P1058,W103,2025-11-26 09:32:00,2,Completed,25562.92
O1009907,C100152,P1057,W108,2025-08-04 12:58:00,4,Completed,37890.08
O1009908,C100253,P1015,W104,2025-11-06 09:57:00,2,Shipped,13084.58
O1009909,C100494,P1050,W103,2025-12-03 10:47:00,4,Shipped,59305.6
O1009910,C100410,P1093,W102,2025-06-04 17:56:00,1,Completed,19984.61
O1009911,C100342,P1009,W103,2025-01-17 10:26:00,2,Completed,24763.64
O1009912,C100779,P1080,W105,2025-11-28 10:50:00,4,Completed,25260.76
O1009913,C100499,P1013,W102,2025-08-02 16:01:00,1,Completed,9488.96
O1009914,C100365,P1024,W103,2025-02-13 12:52:00,3,Completed,56852.85
O1009915,C100479,P1090,W106,2025-07-13 09:42:00,2,Shipped,20720.76
O1009916,C100887,P1030,W108,2025-01-11 21:23:00,2,Completed,11799.64
O1009917,C100984,P1053,W106,2025-04-16 20:55:00,2,Completed,38361.86
O1009918,C100244,P1039,W105,2025-05-07 16:08:00,3,Completed,55752.0
O1009919,C100041,P1062,W106,2025-06-15 15:20:00,4,Shipped,38684.96
O1009920,C100032,P1041,W104,2025-07-26 19:19:00,4,Completed,51584.32
O1009921,C100446,P1045,W103,2025-11-03 21:38:00,2,Completed,11804.0
O1009922,C100629,P1082,W106,2025-05-09 09:27:00,1,Completed,15404.57
O1009923,C100052,P1056,W102,2025-09-26 09:21:00,4,Completed,86182.48
O1009924,C100509,P1057,W108,2025-12-10 12:37:00,2,Completed,18945.04
O1009925,C100400,P1081,W104,2025-10-01 12:15:00,3,Completed,43608.75
O1009926,C100934,P1043,W107,2025-04-03 20:32:00,2,Completed,21447.04
O1009927,C100604,P1083,W101,2025-09-05 15:06:00,4,Cancelled,14025.2
O1009928,C100424,P1072,W104,2025-04-13 19:20:00,1,Completed,10483.19
O1009929,C100587,P1089,W104,2025-06-24 17:20:00,1,Completed,6310.37
O1009930,C100136,P1046,W103,2025-08-20 18:07:00,2,Completed,40803.74
O1009931,C100476,P1056,W105,2025-04-18 21:23:00,2,Shipped,43091.24
O1009932,C100330,P1013,W106,2025-01-02 16:13:00,4,Completed,37955.84
O1009933,C100181,P1012,W108,2025-11-02 18:52:00,2,Completed,31348.98
O1009934,C100394,P1011,W107,2025-09-23 11:45:00,2,Shipped,43553.58
O1009935,C100639,P1064,W102,2025-02-14 11:38:00,1,Completed,4924.33
O1009936,C100584,P1033,W108,2025-05-18 16:11:00,4,Shipped,76102.0
O1009937,C100964,P1029,W104,2025-04-06 20:37:00,3,Completed,17774.55
O1009938,C100275,P1061,W104,2025-12-23 08:42:00,4,Completed,74565.96
O1009939,C100700,P1040,W101,2025-12-10 15:00:00,2,Completed,8786.64
O1009940,C100551,P1014,W106,2025-09-10 10:49:00,1,Completed,14168.78
O1009941,C100874,P1056,W108,2025-06-10 20:22:00,2,Completed,43091.24
O1009942,C100909,P1056,W103,2025-01-20 15:15:00,2,Completed,43091.24
O1009943,C100708,P1014,W107,2025-04-01 08:35:00,1,Completed,14168.78
O1009944,C100424,P1027,W101,2025-02-03 08:01:00,1,Processing,13032.23
O1009945,C100534,P1024,W108,2025-10-16 16:57:00,4,Processing,75803.8
O1009946,C100652,P1070,W103,2025-02-02 11:15:00,3,Completed,34863.39
O1009947,C100806,P1025,W104,2025-09-05 08:34:00,3,Completed,31877.43
O1009948,C100229,P1003,W101,2025-12-14 10:07:00,2,Processing,18561.08
O1009949,C100873,P1027,W108,2025-04-23 10:09:00,2,Completed,26064.46
O1009950,C100802,P1047,W105,2025-09-07 12:50:00,3,Completed,41234.04
O1009951,C100089,P1077,W108,2025-11-17 18:03:00,2,Shipped,21038.1
O1009952,C100270,P1006,W103,2025-06-06 20:01:00,4,Completed,12446.4
O1009953,C100236,P1089,W101,2025-06-13 15:27:00,1,Completed,6310.37
O1009954,C100580,P1034,W106,2025-03-15 21:15:00,4,Shipped,49991.2
O1009955,C100209,P1035,W102,2025-06-06 19:04:00,4,Completed,40445.6
O1009956,C100301,P1002,W105,2025-11-15 10:18:00,3,Shipped,42678.96
O1009957,C100190,P1028,W101,2025-08-31 18:17:00,2,Processing,12682.3
O1009958,C100068,P1047,W102,2025-03-15 11:14:00,4,Completed,54978.72
O1009959,C100460,P1063,W106,2025-07-12 21:29:00,4,Processing,28671.12
O1009960,C100320,P1077,W106,2025-09-15 19:51:00,4,Completed,42076.2
O1009961,C100505,P1053,W102,2025-01-29 08:54:00,1,Processing,19180.93
O1009962,C100213,P1011,W102,2025-10-06 10:25:00,3,Completed,65330.37
O1009963,C100287,P1040,W107,2025-03-15 14:10:00,1,Completed,4393.32
O1009964,C100893,P1074,W101,2025-04-18 18:22:00,1,Shipped,8374.94
O1009965,C100806,P1064,W102,2025-06-01 15:43:00,1,Processing,4924.33
O1009966,C100267,P1059,W108,2025-07-04 09:11:00,4,Shipped,9984.48
O1009967,C100162,P1051,W105,2025-12-01 16:47:00,3,Shipped,56429.67
O1009968,C100975,P1051,W101,2025-03-23 17:04:00,4,Cancelled,75239.56
O1009969,C100681,P1100,W108,2025-04-04 21:00:00,3,Completed,60213.21
O1009970,C100493,P1060,W103,2025-05-19 11:43:00,3,Processing,14679.39
O1009971,C100700,P1060,W106,2025-11-09 08:32:00,1,Completed,4893.13
O1009972,C100222,P1034,W106,2025-12-19 18:29:00,3,Completed,37493.4
O1009973,C100429,P1050,W103,2025-06-15 17:50:00,4,Completed,59305.6
O1009974,C100392,P1072,W103,2025-09-10 15:16:00,2,Processing,20966.38
O1009975,C100721,P1086,W105,2025-12-01 17:41:00,3,Completed,49876.23
O1009976,C100184,P1078,W104,2025-11-06 10:30:00,3,Completed,51859.05
O1009977,C100490,P1067,W102,2025-09-06 09:45:00,3,Completed,55336.11
O1009978,C100834,P1078,W106,2025-07-17 13:37:00,4,Completed,69145.4
O1009979,C100197,P1004,W106,2025-12-26 20:31:00,2,Completed,35251.62
O1009980,C100120,P1027,W105,2025-03-29 15:12:00,4,Completed,52128.92
O1009981,C100822,P1025,W106,2025-05-13 16:56:00,4,Processing,42503.24
O1009982,C100874,P1066,W105,2025-09-18 21:56:00,1,Processing,19641.89
O1009983,C100431,P1076,W108,2025-01-08 12:14:00,3,Completed,30123.09
O1009984,C100046,P1015,W108,2025-07-02 14:43:00,1,Completed,6542.29
O1009985,C100541,P1020,W108,2025-11-08 17:36:00,2,Processing,38682.62
O1009986,C100300,P1050,W101,2025-03-06 10:07:00,2,Completed,29652.8
O1009987,C100588,P1097,W101,2025-10-21 13:37:00,3,Completed,54055.5
O1009988,C100140,P1001,W104,2025-05-31 15:46:00,2,Completed,18610.76
O1009989,C100806,P1088,W106,2025-11-11 12:15:00,2,Completed,28686.7
O1009990,C100686,P1020,W102,2025-08-20 11:04:00,4,Completed,77365.24
O1009991,C100646,P1027,W101,2025-02-27 14:07:00,4,Completed,52128.92
O1009992,C100513,P1064,W101,2025-09-26 20:18:00,1,Shipped,4924.33
O1009993,C100221,P1073,W105,2025-01-21 13:49:00,2,Completed,19251.42
O1009994,C100940,P1088,W108,2025-03-30 19:40:00,4,Completed,57373.4
O1009995,C100266,P1001,W104,2025-11-21 17:28:00,1,Completed,9305.38
O1009996,C100367,P1005,W106,2025-11-16 09:48:00,3,Shipped,2575.71
O1009997,C100927,P1048,W101,2025-01-17 20:47:00,2,Completed,29843.36
O1009998,C100041,P1056,W102,2025-05-19 16:14:00,3,Completed,64636.86
O1009999,C100126,P1027,W106,2025-02-04 15:57:00,3,Completed,39096.69
O1010000,C100762,P1064,W104,2025-04-09 17:45:00,3,Completed,14772.99
